id,date,amount,status,category,region,quantity,rating
1,2024-01-01,3872.04,pending,Home,North,5,4
2,2024-01-01,2200.0,pending,Sports,Central,18,1
3,2024-01-01,4294.4,completed,Clothing,East,36,2
4,2024-01-01,3489.87,completed,Home,Central,21,1
5,2024-01-01,479.94,completed,Home,East,9,3
6,2024-01-01,4878.36,completed,Electronics,Central,49,2
7,2024-01-01,3808.09,completed,Electronics,South,10,5
8,2024-01-01,3932.46,refunded,Clothing,East,5,4
9,2024-01-01,649.29,completed,Sports,South,19,5
10,2024-01-01,2257.43,completed,Books,East,6,3
11,2024-01-01,1860.28,pending,Books,South,30,3
12,2024-01-01,4634.56,completed,Food,East,22,5
13,2024-01-01,3222.89,completed,Food,Central,46,4
14,2024-01-01,4115.58,completed,Books,North,9,5
15,2024-01-01,2222.64,failed,Electronics,West,14,5
16,2024-01-01,1143.92,completed,Books,Central,34,1
17,2024-01-01,2777.38,completed,Clothing,North,35,2
18,2024-01-01,328.45,pending,Sports,West,18,4
19,2024-01-01,4139.88,completed,Clothing,East,46,1
20,2024-01-01,3162.01,pending,Electronics,West,42,1
21,2024-01-01,3792.86,completed,Food,South,30,1
22,2024-01-01,1779.08,completed,Food,South,37,1
23,2024-01-01,4853.78,completed,Books,South,27,4
24,2024-01-01,4466.67,refunded,Home,North,24,2
25,2024-01-01,3894.13,completed,Sports,East,27,5
26,2024-01-01,981.25,completed,Food,Central,42,1
27,2024-01-01,2338.94,failed,Sports,West,1,3
28,2024-01-01,228.58,completed,Books,North,5,4
29,2024-01-02,779.9,failed,Clothing,East,24,2
30,2024-01-02,3418.41,completed,Electronics,North,29,4
31,2024-01-02,3726.36,completed,Electronics,North,9,5
32,2024-01-02,4837.87,pending,Clothing,West,30,4
33,2024-01-02,1635.87,pending,Sports,South,2,4
34,2024-01-02,1858.59,completed,Food,West,13,3
35,2024-01-02,2353.08,refunded,Food,North,23,5
36,2024-01-02,955.46,failed,Food,North,3,4
37,2024-01-02,658.31,failed,Clothing,West,32,1
38,2024-01-02,2383.77,completed,Sports,South,27,4
39,2024-01-02,1142.28,completed,Electronics,North,28,1
40,2024-01-02,3352.37,completed,Books,West,26,5
41,2024-01-02,2191.39,completed,Home,West,34,2
42,2024-01-02,4165.06,completed,Home,Central,33,4
43,2024-01-02,3504.32,completed,Food,East,33,4
44,2024-01-02,1568.71,completed,Home,East,11,2
45,2024-01-02,4162.98,completed,Clothing,West,34,5
46,2024-01-02,4025.77,completed,Clothing,West,9,3
47,2024-01-02,1943.52,completed,Food,West,2,3
48,2024-01-02,1448.76,completed,Electronics,South,48,3
49,2024-01-02,3415.65,refunded,Clothing,Central,9,2
50,2024-01-02,707.36,pending,Home,West,6,1
51,2024-01-02,1007.54,completed,Sports,Central,15,5
52,2024-01-02,46.74,completed,Clothing,East,49,5
53,2024-01-02,3936.75,completed,Clothing,East,43,5
54,2024-01-02,3327.61,completed,Food,Central,36,5
55,2024-01-02,3528.78,pending,Electronics,West,10,4
56,2024-01-03,3905.84,completed,Electronics,West,31,5
57,2024-01-03,2299.99,completed,Home,Central,41,5
58,2024-01-03,2848.02,completed,Sports,South,17,2
59,2024-01-03,707.59,pending,Sports,North,13,3
60,2024-01-03,581.51,refunded,Clothing,North,43,1
61,2024-01-03,3345.33,failed,Home,East,7,4
62,2024-01-03,2360.77,completed,Clothing,Central,45,1
63,2024-01-03,2830.53,pending,Home,Central,24,4
64,2024-01-03,3827.34,completed,Books,North,36,5
65,2024-01-03,3177.24,completed,Clothing,North,19,3
66,2024-01-03,2772.36,failed,Sports,West,35,4
67,2024-01-03,2800.44,completed,Food,South,46,5
68,2024-01-03,1526.71,refunded,Clothing,East,25,4
69,2024-01-03,163.78,completed,Sports,North,11,3
70,2024-01-03,2189.22,completed,Sports,North,4,5
71,2024-01-03,1080.78,completed,Books,East,46,1
72,2024-01-03,2048.56,failed,Food,West,49,2
73,2024-01-03,4268.48,completed,Clothing,Central,32,2
74,2024-01-03,1177.36,pending,Food,East,1,2
75,2024-01-03,300.93,completed,Home,West,44,4
76,2024-01-03,1414.11,pending,Food,Central,25,4
77,2024-01-03,1475.03,completed,Home,East,12,1
78,2024-01-03,3312.96,completed,Electronics,South,18,2
79,2024-01-03,2789.59,pending,Electronics,Central,47,5
80,2024-01-03,3921.65,pending,Clothing,North,39,3
81,2024-01-03,3324.92,completed,Electronics,South,30,2
82,2024-01-03,2037.87,completed,Home,North,37,3
83,2024-01-03,4071.96,completed,Food,West,42,4
84,2024-01-04,843.19,refunded,Electronics,South,31,3
85,2024-01-04,123.33,completed,Books,South,16,5
86,2024-01-04,459.34,pending,Home,West,4,5
87,2024-01-04,3614.57,completed,Home,South,7,5
88,2024-01-04,2314.77,pending,Electronics,South,12,1
89,2024-01-04,814.75,completed,Sports,East,38,3
90,2024-01-04,2510.21,completed,Food,North,5,3
91,2024-01-04,770.04,completed,Home,Central,7,4
92,2024-01-04,3484.64,completed,Books,Central,48,5
93,2024-01-04,2236.32,completed,Sports,West,20,3
94,2024-01-04,1911.3,completed,Home,North,7,2
95,2024-01-04,1514.55,failed,Home,East,43,5
96,2024-01-04,3155.11,completed,Electronics,South,48,4
97,2024-01-04,1815.44,completed,Sports,North,25,3
98,2024-01-04,447.37,refunded,Electronics,Central,6,5
99,2024-01-04,598.85,completed,Home,East,31,2
100,2024-01-04,4809.87,completed,Books,West,43,2
101,2024-01-04,4543.82,refunded,Clothing,West,48,1
102,2024-01-04,3501.54,pending,Clothing,South,29,1
103,2024-01-04,1336.69,failed,Home,South,47,5
104,2024-01-04,4846.19,pending,Books,Central,41,1
105,2024-01-04,3895.97,completed,Clothing,Central,8,4
106,2024-01-04,3587.28,completed,Sports,East,32,1
107,2024-01-04,2252.31,completed,Sports,East,33,2
108,2024-01-04,1368.49,failed,Electronics,North,38,2
109,2024-01-04,490.99,failed,Clothing,South,27,2
110,2024-01-04,4513.99,completed,Home,North,36,1
111,2024-01-05,2284.32,completed,Food,Central,29,5
112,2024-01-05,1019.79,completed,Electronics,Central,13,3
113,2024-01-05,1536.72,completed,Books,North,24,3
114,2024-01-05,2900.31,failed,Home,South,46,4
115,2024-01-05,892.1,completed,Books,South,42,5
116,2024-01-05,4284.51,completed,Home,Central,32,2
117,2024-01-05,3795.01,failed,Electronics,East,16,3
118,2024-01-05,3600.12,completed,Sports,North,10,3
119,2024-01-05,2166.14,completed,Books,East,14,2
120,2024-01-05,3140.27,completed,Home,North,15,1
121,2024-01-05,2924.65,completed,Books,West,48,5
122,2024-01-05,3252.73,completed,Sports,Central,27,4
123,2024-01-05,431.38,completed,Electronics,North,20,4
124,2024-01-05,2084.88,completed,Electronics,Central,44,2
125,2024-01-05,217.65,completed,Sports,West,19,4
126,2024-01-05,2475.01,completed,Electronics,North,40,1
127,2024-01-05,1656.01,completed,Home,South,32,1
128,2024-01-05,731.18,refunded,Electronics,North,15,5
129,2024-01-05,525.98,completed,Sports,Central,48,2
130,2024-01-05,2942.35,completed,Food,West,34,4
131,2024-01-05,861.26,failed,Books,South,49,2
132,2024-01-05,4626.35,completed,Books,East,1,4
133,2024-01-05,2909.5,completed,Food,South,14,4
134,2024-01-05,1740.88,pending,Food,East,17,4
135,2024-01-05,2958.67,completed,Books,West,34,5
136,2024-01-05,123.79,completed,Sports,North,42,3
137,2024-01-05,4793.21,pending,Sports,West,6,5
138,2024-01-06,2416.69,completed,Food,Central,8,2
139,2024-01-06,3915.85,completed,Food,Central,34,5
140,2024-01-06,422.82,completed,Electronics,North,18,3
141,2024-01-06,2438.43,completed,Sports,East,35,5
142,2024-01-06,2458.63,pending,Clothing,South,1,5
143,2024-01-06,4689.75,completed,Food,West,26,4
144,2024-01-06,2862.92,completed,Home,South,2,5
145,2024-01-06,2372.71,completed,Sports,South,47,4
146,2024-01-06,1342.21,failed,Food,North,8,4
147,2024-01-06,1664.53,completed,Food,East,9,2
148,2024-01-06,2608.16,completed,Clothing,East,5,2
149,2024-01-06,2200.17,completed,Books,East,11,1
150,2024-01-06,117.84,completed,Electronics,South,24,4
151,2024-01-06,4133.2,completed,Home,West,31,4
152,2024-01-06,4481.84,failed,Home,West,45,4
153,2024-01-06,709.84,completed,Clothing,North,44,4
154,2024-01-06,2774.64,completed,Clothing,South,5,2
155,2024-01-06,551.79,completed,Books,West,21,5
156,2024-01-06,3364.48,completed,Books,North,43,3
157,2024-01-06,1413.36,completed,Books,South,9,4
158,2024-01-06,3300.52,pending,Electronics,Central,33,1
159,2024-01-06,3637.7,completed,Sports,East,21,3
160,2024-01-06,3845.55,pending,Electronics,East,9,3
161,2024-01-06,547.63,completed,Food,West,4,5
162,2024-01-06,4580.9,completed,Sports,South,15,4
163,2024-01-06,1158.77,completed,Home,Central,1,5
164,2024-01-06,196.69,completed,Books,North,10,2
165,2024-01-06,2778.71,completed,Electronics,East,27,4
166,2024-01-07,1860.9,refunded,Sports,East,39,4
167,2024-01-07,4150.65,failed,Electronics,South,25,2
168,2024-01-07,4043.17,pending,Clothing,West,36,2
169,2024-01-07,1592.52,failed,Electronics,North,4,4
170,2024-01-07,4764.97,completed,Home,West,15,1
171,2024-01-07,1461.68,completed,Food,West,33,3
172,2024-01-07,2580.14,completed,Books,West,3,4
173,2024-01-07,1287.27,failed,Sports,South,29,5
174,2024-01-07,4680.86,completed,Home,North,9,3
175,2024-01-07,831.39,completed,Home,East,21,4
176,2024-01-07,234.1,completed,Electronics,Central,31,5
177,2024-01-07,2181.13,completed,Food,West,49,2
178,2024-01-07,4961.95,pending,Food,South,5,4
179,2024-01-07,4459.47,completed,Sports,East,27,4
180,2024-01-07,3745.55,completed,Food,South,27,5
181,2024-01-07,4455.05,failed,Clothing,West,4,4
182,2024-01-07,4468.3,completed,Sports,East,31,1
183,2024-01-07,2599.1,completed,Food,East,4,1
184,2024-01-07,1586.49,completed,Sports,North,34,4
185,2024-01-07,3862.34,completed,Food,West,11,2
186,2024-01-07,3311.69,completed,Food,East,7,2
187,2024-01-07,1874.55,completed,Electronics,North,4,3
188,2024-01-07,481.39,completed,Electronics,North,23,4
189,2024-01-07,3736.48,completed,Electronics,West,12,2
190,2024-01-07,1319.68,completed,Clothing,West,23,3
191,2024-01-07,4684.7,failed,Food,East,44,3
192,2024-01-07,1212.44,completed,Electronics,West,41,1
193,2024-01-08,622.56,completed,Electronics,West,37,4
194,2024-01-08,4157.25,completed,Home,West,23,3
195,2024-01-08,774.89,completed,Home,South,6,2
196,2024-01-08,904.55,failed,Clothing,East,20,4
197,2024-01-08,3000.92,completed,Home,Central,2,1
198,2024-01-08,4374.06,completed,Electronics,South,7,2
199,2024-01-08,990.21,completed,Electronics,West,15,2
200,2024-01-08,1558.52,pending,Food,Central,35,4
201,2024-01-08,3889.25,completed,Clothing,East,39,5
202,2024-01-08,4859.41,pending,Electronics,East,31,5
203,2024-01-08,2508.7,completed,Home,North,13,1
204,2024-01-08,728.05,completed,Home,East,36,1
205,2024-01-08,79.54,pending,Clothing,North,49,4
206,2024-01-08,1155.98,completed,Clothing,North,33,3
207,2024-01-08,667.79,completed,Sports,East,38,2
208,2024-01-08,3391.52,completed,Home,South,43,5
209,2024-01-08,617.94,completed,Clothing,South,36,1
210,2024-01-08,2536.59,completed,Sports,South,43,1
211,2024-01-08,3474.37,completed,Electronics,East,15,3
212,2024-01-08,2909.77,completed,Books,West,16,2
213,2024-01-08,1006.88,completed,Home,East,9,2
214,2024-01-08,4022.58,completed,Food,Central,9,4
215,2024-01-08,3579.88,pending,Books,East,28,2
216,2024-01-08,3697.53,completed,Sports,Central,46,3
217,2024-01-08,663.98,completed,Books,Central,11,3
218,2024-01-08,627.53,completed,Sports,East,35,4
219,2024-01-08,4638.54,completed,Home,West,4,5
220,2024-01-08,1993.92,completed,Electronics,East,48,4
221,2024-01-09,1511.73,pending,Home,Central,26,2
222,2024-01-09,2448.03,pending,Home,West,25,3
223,2024-01-09,3317.69,completed,Home,South,18,3
224,2024-01-09,4778.56,pending,Food,South,48,3
225,2024-01-09,1439.37,pending,Books,Central,21,2
226,2024-01-09,4624.79,pending,Food,East,7,1
227,2024-01-09,134.05,pending,Home,West,28,2
228,2024-01-09,2780.44,completed,Food,West,29,3
229,2024-01-09,3173.54,completed,Clothing,North,37,1
230,2024-01-09,538.43,completed,Sports,South,25,1
231,2024-01-09,710.29,completed,Electronics,Central,14,3
232,2024-01-09,2101.38,pending,Food,South,1,5
233,2024-01-09,4831.5,completed,Clothing,Central,49,1
234,2024-01-09,2984.25,completed,Food,South,10,1
235,2024-01-09,4665.79,pending,Food,Central,18,2
236,2024-01-09,4023.76,completed,Electronics,East,8,1
237,2024-01-09,2342.23,pending,Home,North,12,5
238,2024-01-09,3925.97,completed,Food,South,3,4
239,2024-01-09,99.01,completed,Food,Central,17,1
240,2024-01-09,554.63,completed,Electronics,South,47,1
241,2024-01-09,4148.85,completed,Home,South,11,3
242,2024-01-09,3986.12,completed,Home,North,48,3
243,2024-01-09,1170.88,completed,Food,West,32,4
244,2024-01-09,2658.54,completed,Food,Central,44,5
245,2024-01-09,3034.02,completed,Food,Central,31,2
246,2024-01-09,4340.02,pending,Home,Central,49,4
247,2024-01-09,3019.5,completed,Clothing,Central,28,2
248,2024-01-10,2068.73,completed,Sports,Central,41,2
249,2024-01-10,1877.18,completed,Home,East,2,5
250,2024-01-10,2135.15,failed,Sports,Central,46,2
251,2024-01-10,3263.14,pending,Home,West,1,1
252,2024-01-10,4338.78,refunded,Home,North,10,3
253,2024-01-10,2274.95,failed,Electronics,North,37,3
254,2024-01-10,1246.72,completed,Clothing,North,13,3
255,2024-01-10,1190.95,completed,Electronics,South,3,1
256,2024-01-10,3732.61,completed,Books,East,43,1
257,2024-01-10,4084.68,failed,Food,West,26,4
258,2024-01-10,535.34,completed,Electronics,East,24,1
259,2024-01-10,342.13,completed,Books,South,16,2
260,2024-01-10,2976.22,failed,Electronics,West,36,5
261,2024-01-10,739.4,pending,Food,Central,16,2
262,2024-01-10,4125.07,refunded,Food,South,28,2
263,2024-01-10,1558.57,completed,Home,South,7,5
264,2024-01-10,727.92,completed,Sports,Central,15,4
265,2024-01-10,4605.64,completed,Books,Central,2,4
266,2024-01-10,836.0,completed,Sports,South,14,1
267,2024-01-10,1430.75,completed,Clothing,East,19,2
268,2024-01-10,776.53,completed,Clothing,East,37,3
269,2024-01-10,586.3,pending,Sports,West,41,5
270,2024-01-10,115.53,completed,Sports,Central,27,3
271,2024-01-10,286.42,completed,Electronics,North,46,4
272,2024-01-10,881.46,failed,Clothing,East,18,2
273,2024-01-10,276.38,completed,Clothing,South,25,2
274,2024-01-10,2959.81,completed,Electronics,West,31,4
275,2024-01-11,3406.77,completed,Books,East,9,3
276,2024-01-11,1974.22,completed,Electronics,West,21,1
277,2024-01-11,1596.78,pending,Home,Central,45,2
278,2024-01-11,2527.59,completed,Books,West,24,5
279,2024-01-11,4376.27,completed,Sports,Central,46,3
280,2024-01-11,4257.15,refunded,Food,Central,34,4
281,2024-01-11,226.94,completed,Home,West,9,5
282,2024-01-11,915.68,pending,Clothing,South,23,2
283,2024-01-11,1191.36,completed,Books,South,18,2
284,2024-01-11,1254.44,refunded,Electronics,South,47,3
285,2024-01-11,2860.45,completed,Sports,West,17,3
286,2024-01-11,2087.15,completed,Books,Central,24,5
287,2024-01-11,255.78,failed,Clothing,South,34,1
288,2024-01-11,1874.33,failed,Sports,East,48,3
289,2024-01-11,2623.53,completed,Home,East,27,1
290,2024-01-11,517.34,completed,Electronics,West,42,2
291,2024-01-11,4168.96,completed,Home,Central,6,3
292,2024-01-11,269.29,pending,Sports,East,44,4
293,2024-01-11,4624.96,pending,Food,South,11,5
294,2024-01-11,504.57,completed,Books,South,38,1
295,2024-01-11,4219.44,completed,Sports,East,27,5
296,2024-01-11,4514.24,completed,Food,East,30,4
297,2024-01-11,4898.06,pending,Books,North,5,2
298,2024-01-11,4012.11,completed,Electronics,Central,27,2
299,2024-01-11,3899.59,completed,Home,Central,5,4
300,2024-01-11,3215.99,refunded,Home,South,28,4
301,2024-01-11,3897.19,completed,Clothing,Central,20,2
302,2024-01-11,681.42,completed,Food,South,10,3
303,2024-01-12,2684.98,completed,Clothing,East,25,5
304,2024-01-12,2575.97,completed,Food,North,11,1
305,2024-01-12,4289.28,failed,Clothing,West,5,3
306,2024-01-12,2319.37,completed,Home,East,2,5
307,2024-01-12,1931.6,completed,Sports,South,17,1
308,2024-01-12,3201.42,completed,Home,South,37,3
309,2024-01-12,1339.65,pending,Sports,Central,29,3
310,2024-01-12,707.44,completed,Sports,West,7,2
311,2024-01-12,2394.61,completed,Electronics,North,22,3
312,2024-01-12,2090.28,completed,Sports,North,29,4
313,2024-01-12,1170.52,completed,Sports,North,12,2
314,2024-01-12,1843.88,refunded,Electronics,South,7,3
315,2024-01-12,1838.3,pending,Electronics,West,13,3
316,2024-01-12,1644.2,pending,Sports,North,4,1
317,2024-01-12,1903.53,completed,Food,South,12,2
318,2024-01-12,3431.86,completed,Clothing,North,27,4
319,2024-01-12,1491.41,refunded,Food,West,40,3
320,2024-01-12,4744.8,completed,Home,Central,43,5
321,2024-01-12,4582.58,pending,Food,East,33,5
322,2024-01-12,2409.74,completed,Food,Central,18,2
323,2024-01-12,1648.52,completed,Food,West,46,5
324,2024-01-12,2681.82,completed,Electronics,West,46,5
325,2024-01-12,4244.32,completed,Electronics,South,18,3
326,2024-01-12,3266.41,completed,Food,Central,1,4
327,2024-01-12,4023.92,completed,Electronics,West,22,2
328,2024-01-12,2668.28,completed,Sports,North,23,1
329,2024-01-12,3168.26,completed,Food,North,34,2
330,2024-01-13,1447.9,failed,Books,Central,8,4
331,2024-01-13,3677.12,completed,Food,South,27,3
332,2024-01-13,1020.0,pending,Sports,East,16,3
333,2024-01-13,3477.04,completed,Food,West,25,3
334,2024-01-13,4304.99,completed,Electronics,West,2,4
335,2024-01-13,669.19,completed,Food,North,26,4
336,2024-01-13,3075.75,failed,Clothing,West,2,4
337,2024-01-13,484.53,completed,Books,Central,42,3
338,2024-01-13,3631.32,failed,Books,South,35,1
339,2024-01-13,431.62,completed,Food,East,46,2
340,2024-01-13,4680.34,pending,Food,South,33,1
341,2024-01-13,695.67,pending,Books,West,48,4
342,2024-01-13,4794.81,refunded,Sports,North,11,2
343,2024-01-13,4006.41,completed,Home,East,1,2
344,2024-01-13,2972.47,refunded,Home,East,45,3
345,2024-01-13,3915.29,completed,Electronics,West,33,3
346,2024-01-13,3977.62,pending,Books,East,34,5
347,2024-01-13,4730.68,completed,Electronics,Central,15,1
348,2024-01-13,1274.38,completed,Food,Central,17,5
349,2024-01-13,2954.48,completed,Sports,South,34,2
350,2024-01-13,484.3,pending,Books,North,20,5
351,2024-01-13,3084.67,completed,Sports,East,4,3
352,2024-01-13,864.74,completed,Home,East,15,3
353,2024-01-13,2829.1,completed,Home,West,19,4
354,2024-01-13,2866.43,pending,Sports,East,41,1
355,2024-01-13,2335.27,completed,Sports,East,17,4
356,2024-01-13,2617.93,completed,Sports,North,25,4
357,2024-01-13,3821.98,completed,Clothing,West,30,1
358,2024-01-14,3998.23,completed,Clothing,South,7,1
359,2024-01-14,2465.84,completed,Food,South,29,4
360,2024-01-14,3001.97,pending,Sports,East,10,1
361,2024-01-14,4656.87,pending,Food,North,44,3
362,2024-01-14,607.47,completed,Electronics,East,15,2
363,2024-01-14,594.35,completed,Sports,South,15,4
364,2024-01-14,447.67,completed,Sports,South,20,5
365,2024-01-14,3292.74,completed,Books,South,18,5
366,2024-01-14,2098.86,completed,Home,North,30,4
367,2024-01-14,3873.86,pending,Sports,Central,36,4
368,2024-01-14,3359.44,completed,Home,South,48,1
369,2024-01-14,1674.85,completed,Clothing,Central,44,5
370,2024-01-14,4492.85,refunded,Electronics,Central,13,5
371,2024-01-14,3815.04,completed,Food,East,30,1
372,2024-01-14,1359.97,completed,Sports,Central,17,4
373,2024-01-14,1827.32,completed,Home,South,40,1
374,2024-01-14,1579.06,completed,Electronics,North,2,4
375,2024-01-14,796.48,pending,Home,Central,49,2
376,2024-01-14,747.44,pending,Food,West,19,1
377,2024-01-14,4681.28,completed,Sports,West,37,2
378,2024-01-14,2195.14,completed,Sports,Central,34,2
379,2024-01-14,1922.77,completed,Electronics,North,18,2
380,2024-01-14,3651.13,completed,Food,North,48,2
381,2024-01-14,2769.44,completed,Electronics,Central,14,3
382,2024-01-14,4681.34,completed,Food,North,37,4
383,2024-01-14,3903.7,completed,Sports,East,46,3
384,2024-01-14,2402.05,pending,Sports,North,6,3
385,2024-01-15,1888.03,pending,Sports,South,45,2
386,2024-01-15,4933.29,completed,Books,North,44,2
387,2024-01-15,3591.62,completed,Electronics,South,19,1
388,2024-01-15,4756.46,completed,Books,Central,42,2
389,2024-01-15,601.21,completed,Food,South,1,1
390,2024-01-15,4254.16,completed,Books,Central,10,3
391,2024-01-15,3189.0,completed,Clothing,Central,37,4
392,2024-01-15,618.39,failed,Sports,East,46,5
393,2024-01-15,2945.41,completed,Books,East,7,2
394,2024-01-15,3433.62,completed,Food,South,35,1
395,2024-01-15,71.39,completed,Electronics,West,6,5
396,2024-01-15,2277.05,completed,Electronics,Central,39,4
397,2024-01-15,4128.74,completed,Food,Central,44,2
398,2024-01-15,1483.84,completed,Books,North,23,5
399,2024-01-15,2298.15,failed,Home,West,5,4
400,2024-01-15,2217.15,pending,Sports,North,10,4
401,2024-01-15,1516.62,failed,Food,East,25,2
402,2024-01-15,4593.03,completed,Clothing,North,40,3
403,2024-01-15,3908.66,completed,Clothing,East,26,2
404,2024-01-15,561.84,completed,Electronics,Central,24,4
405,2024-01-15,4985.2,completed,Electronics,Central,30,5
406,2024-01-15,4397.21,completed,Home,West,48,5
407,2024-01-15,1426.7,pending,Electronics,East,39,2
408,2024-01-15,4186.11,completed,Home,West,8,4
409,2024-01-15,541.03,completed,Books,North,10,4
410,2024-01-15,4995.53,completed,Books,West,18,1
411,2024-01-15,3331.77,completed,Home,West,14,4
412,2024-01-16,3254.12,completed,Sports,North,37,1
413,2024-01-16,461.3,completed,Electronics,West,49,1
414,2024-01-16,4486.2,completed,Home,South,29,1
415,2024-01-16,154.71,completed,Clothing,East,44,3
416,2024-01-16,1211.73,refunded,Books,Central,22,1
417,2024-01-16,723.68,completed,Books,South,34,3
418,2024-01-16,3886.07,completed,Clothing,Central,35,4
419,2024-01-16,999.04,completed,Books,East,15,3
420,2024-01-16,4554.08,pending,Books,East,36,2
421,2024-01-16,3284.78,completed,Home,North,27,2
422,2024-01-16,190.45,completed,Home,North,29,4
423,2024-01-16,37.09,completed,Food,South,13,2
424,2024-01-16,267.77,completed,Sports,Central,16,4
425,2024-01-16,3033.57,completed,Sports,South,43,4
426,2024-01-16,4009.39,completed,Electronics,South,31,3
427,2024-01-16,1200.38,completed,Sports,Central,7,2
428,2024-01-16,4248.55,pending,Home,South,27,1
429,2024-01-16,295.59,completed,Electronics,Central,31,4
430,2024-01-16,4006.81,completed,Sports,North,40,2
431,2024-01-16,4639.7,completed,Electronics,North,42,3
432,2024-01-16,3862.82,completed,Food,North,33,1
433,2024-01-16,3493.62,completed,Sports,North,1,4
434,2024-01-16,4191.52,completed,Home,West,25,5
435,2024-01-16,210.35,completed,Sports,North,11,5
436,2024-01-16,1016.89,refunded,Sports,West,1,2
437,2024-01-16,633.37,completed,Clothing,East,46,1
438,2024-01-16,2527.61,failed,Sports,South,9,1
439,2024-01-16,3728.49,failed,Books,North,13,2
440,2024-01-17,3153.76,completed,Home,North,17,1
441,2024-01-17,4257.14,completed,Books,North,23,1
442,2024-01-17,784.51,completed,Electronics,East,30,4
443,2024-01-17,3675.76,refunded,Books,Central,16,1
444,2024-01-17,973.28,completed,Sports,East,39,4
445,2024-01-17,1361.09,completed,Sports,West,8,5
446,2024-01-17,3552.42,completed,Food,South,48,5
447,2024-01-17,4901.22,pending,Clothing,North,42,5
448,2024-01-17,3061.6,completed,Home,South,30,2
449,2024-01-17,281.96,completed,Sports,East,3,4
450,2024-01-17,3085.38,completed,Home,Central,36,1
451,2024-01-17,221.33,completed,Sports,South,35,2
452,2024-01-17,4421.89,failed,Sports,Central,31,4
453,2024-01-17,3550.8,pending,Food,West,14,2
454,2024-01-17,873.91,completed,Sports,South,22,2
455,2024-01-17,467.69,completed,Food,West,21,3
456,2024-01-17,925.83,pending,Sports,West,30,2
457,2024-01-17,4900.34,completed,Electronics,West,17,4
458,2024-01-17,2298.22,completed,Clothing,Central,20,5
459,2024-01-17,3922.56,completed,Clothing,West,45,3
460,2024-01-17,3185.68,completed,Food,North,23,3
461,2024-01-17,2866.34,refunded,Sports,South,30,4
462,2024-01-17,734.2,completed,Electronics,Central,45,3
463,2024-01-17,4730.66,completed,Sports,South,47,3
464,2024-01-17,1513.7,pending,Sports,East,28,5
465,2024-01-17,2894.31,completed,Sports,East,13,2
466,2024-01-17,3501.88,failed,Books,East,5,2
467,2024-01-18,3249.67,completed,Electronics,Central,43,1
468,2024-01-18,4703.57,completed,Books,East,26,1
469,2024-01-18,750.71,completed,Clothing,North,28,4
470,2024-01-18,2546.68,completed,Clothing,South,47,2
471,2024-01-18,2026.13,completed,Home,West,19,4
472,2024-01-18,2376.1,completed,Books,West,5,1
473,2024-01-18,604.9,pending,Home,West,33,4
474,2024-01-18,679.13,pending,Food,West,48,3
475,2024-01-18,1397.6,completed,Food,South,9,5
476,2024-01-18,1530.48,completed,Home,North,49,5
477,2024-01-18,2145.24,completed,Books,Central,27,3
478,2024-01-18,3058.83,completed,Home,East,28,5
479,2024-01-18,3176.8,completed,Electronics,West,48,5
480,2024-01-18,2064.94,failed,Books,Central,17,4
481,2024-01-18,2049.83,refunded,Sports,North,37,3
482,2024-01-18,1095.97,completed,Sports,Central,1,5
483,2024-01-18,2945.65,pending,Sports,South,33,5
484,2024-01-18,1592.03,completed,Electronics,West,1,3
485,2024-01-18,189.94,completed,Books,South,1,2
486,2024-01-18,2097.82,completed,Electronics,North,20,2
487,2024-01-18,2375.92,completed,Sports,Central,19,5
488,2024-01-18,1135.71,completed,Books,South,39,1
489,2024-01-18,2866.57,refunded,Clothing,North,44,1
490,2024-01-18,2833.2,completed,Sports,North,47,3
491,2024-01-18,3512.99,completed,Sports,Central,31,5
492,2024-01-18,3243.26,completed,Electronics,Central,8,2
493,2024-01-18,3265.64,refunded,Electronics,West,33,3
494,2024-01-18,1587.91,completed,Clothing,West,24,1
495,2024-01-19,3939.29,failed,Electronics,West,26,5
496,2024-01-19,2750.23,failed,Books,Central,25,5
497,2024-01-19,2162.78,completed,Home,North,44,4
498,2024-01-19,3133.8,completed,Electronics,North,19,1
499,2024-01-19,1809.68,completed,Books,West,48,1
500,2024-01-19,2568.57,pending,Food,Central,27,4
501,2024-01-19,3686.16,completed,Home,East,34,1
502,2024-01-19,4433.15,completed,Food,Central,46,1
503,2024-01-19,4606.08,completed,Sports,East,40,5
504,2024-01-19,2523.13,completed,Home,West,22,3
505,2024-01-19,2606.17,pending,Electronics,East,11,3
506,2024-01-19,4001.35,pending,Clothing,Central,7,4
507,2024-01-19,1579.11,completed,Clothing,West,18,2
508,2024-01-19,4188.54,completed,Clothing,East,33,2
509,2024-01-19,2475.77,completed,Books,South,40,3
510,2024-01-19,588.13,pending,Electronics,South,2,1
511,2024-01-19,369.58,completed,Food,North,23,2
512,2024-01-19,4211.55,pending,Electronics,North,47,3
513,2024-01-19,287.28,completed,Books,East,41,5
514,2024-01-19,1410.25,completed,Sports,North,47,4
515,2024-01-19,1677.31,failed,Food,East,47,4
516,2024-01-19,873.24,completed,Food,North,5,2
517,2024-01-19,1576.33,completed,Food,North,34,1
518,2024-01-19,3716.04,completed,Clothing,West,27,2
519,2024-01-19,83.27,completed,Food,North,24,4
520,2024-01-19,4137.6,refunded,Home,South,40,1
521,2024-01-19,4284.17,failed,Electronics,North,46,5
522,2024-01-20,1867.59,pending,Sports,North,23,2
523,2024-01-20,776.53,completed,Electronics,South,32,4
524,2024-01-20,3008.19,completed,Electronics,North,24,5
525,2024-01-20,607.17,failed,Clothing,North,32,4
526,2024-01-20,1830.95,completed,Clothing,West,48,1
527,2024-01-20,4792.56,refunded,Clothing,North,40,2
528,2024-01-20,4977.37,completed,Home,Central,12,3
529,2024-01-20,3862.8,completed,Home,East,43,5
530,2024-01-20,1561.7,completed,Sports,East,26,4
531,2024-01-20,3441.45,completed,Electronics,Central,29,4
532,2024-01-20,3529.98,completed,Home,West,6,5
533,2024-01-20,1945.33,completed,Home,East,22,1
534,2024-01-20,3208.03,pending,Electronics,Central,15,1
535,2024-01-20,63.53,completed,Food,East,5,3
536,2024-01-20,1053.2,completed,Sports,West,42,3
537,2024-01-20,2630.19,completed,Electronics,Central,7,2
538,2024-01-20,827.12,pending,Electronics,West,36,4
539,2024-01-20,837.88,completed,Books,East,37,1
540,2024-01-20,4183.16,refunded,Food,West,30,1
541,2024-01-20,4945.77,failed,Food,West,42,5
542,2024-01-20,2784.29,completed,Sports,Central,6,1
543,2024-01-20,4196.96,completed,Books,West,1,3
544,2024-01-20,4951.71,pending,Sports,South,42,5
545,2024-01-20,716.56,completed,Electronics,North,9,4
546,2024-01-20,2246.75,pending,Electronics,West,15,3
547,2024-01-20,1968.94,completed,Clothing,East,34,2
548,2024-01-20,409.45,completed,Clothing,East,27,1
549,2024-01-21,3779.1,completed,Clothing,Central,10,1
550,2024-01-21,2174.56,completed,Sports,North,12,3
551,2024-01-21,2351.94,failed,Electronics,North,41,3
552,2024-01-21,761.86,completed,Electronics,West,26,2
553,2024-01-21,912.82,failed,Clothing,Central,46,2
554,2024-01-21,4536.45,completed,Clothing,Central,28,1
555,2024-01-21,232.8,pending,Clothing,Central,33,1
556,2024-01-21,1171.93,failed,Clothing,Central,17,2
557,2024-01-21,1467.38,completed,Books,West,2,5
558,2024-01-21,2456.09,completed,Electronics,Central,25,2
559,2024-01-21,2936.36,pending,Electronics,South,36,1
560,2024-01-21,2471.52,pending,Home,West,20,3
561,2024-01-21,429.74,completed,Electronics,North,43,1
562,2024-01-21,1225.9,completed,Electronics,East,35,3
563,2024-01-21,4219.51,pending,Electronics,South,25,4
564,2024-01-21,3191.57,completed,Books,Central,27,1
565,2024-01-21,3249.25,completed,Sports,East,12,5
566,2024-01-21,3354.31,completed,Sports,South,44,4
567,2024-01-21,3816.89,completed,Sports,East,3,5
568,2024-01-21,299.96,pending,Electronics,North,3,4
569,2024-01-21,1839.38,completed,Food,North,39,5
570,2024-01-21,2702.24,failed,Books,East,2,3
571,2024-01-21,1698.9,completed,Sports,West,25,1
572,2024-01-21,4223.95,completed,Food,East,10,1
573,2024-01-21,2418.04,completed,Home,North,34,1
574,2024-01-21,3845.45,completed,Home,West,6,1
575,2024-01-21,4261.56,pending,Sports,North,13,5
576,2024-01-21,2528.91,completed,Sports,Central,26,5
577,2024-01-22,4548.67,pending,Home,North,19,4
578,2024-01-22,2939.75,completed,Sports,North,10,1
579,2024-01-22,4252.87,completed,Books,East,4,5
580,2024-01-22,1709.55,completed,Food,Central,1,2
581,2024-01-22,2499.1,pending,Food,West,10,5
582,2024-01-22,2661.74,completed,Sports,West,14,4
583,2024-01-22,533.85,completed,Clothing,North,6,3
584,2024-01-22,1998.78,completed,Books,Central,25,4
585,2024-01-22,4587.51,completed,Books,North,44,4
586,2024-01-22,3157.85,completed,Food,South,35,5
587,2024-01-22,895.76,completed,Food,West,16,4
588,2024-01-22,1700.89,refunded,Electronics,West,22,2
589,2024-01-22,966.1,completed,Sports,West,38,1
590,2024-01-22,133.87,completed,Electronics,West,48,5
591,2024-01-22,4638.03,completed,Electronics,Central,28,4
592,2024-01-22,2246.55,pending,Clothing,East,10,1
593,2024-01-22,1544.6,completed,Books,Central,43,4
594,2024-01-22,2996.4,completed,Clothing,North,26,5
595,2024-01-22,46.5,pending,Home,North,2,4
596,2024-01-22,1397.33,completed,Home,North,13,2
597,2024-01-22,3518.14,completed,Food,South,27,1
598,2024-01-22,3172.51,completed,Home,North,40,5
599,2024-01-22,4909.21,completed,Electronics,Central,42,2
600,2024-01-22,3105.58,failed,Electronics,East,10,5
601,2024-01-22,2392.75,pending,Food,East,36,3
602,2024-01-22,3809.55,pending,Home,West,48,4
603,2024-01-22,4517.61,failed,Books,South,40,2
604,2024-01-23,3606.27,pending,Sports,East,36,4
605,2024-01-23,4816.42,completed,Books,North,40,3
606,2024-01-23,3912.21,completed,Food,West,28,2
607,2024-01-23,4335.34,completed,Home,Central,30,4
608,2024-01-23,579.38,failed,Home,North,27,3
609,2024-01-23,3664.74,failed,Food,North,47,4
610,2024-01-23,2206.04,pending,Sports,North,18,1
611,2024-01-23,2769.99,completed,Books,West,39,1
612,2024-01-23,3273.97,completed,Books,West,2,4
613,2024-01-23,4849.38,failed,Electronics,Central,21,5
614,2024-01-23,4923.04,completed,Clothing,West,45,1
615,2024-01-23,1448.26,completed,Home,East,12,1
616,2024-01-23,3671.43,completed,Clothing,West,39,2
617,2024-01-23,3752.42,completed,Books,South,25,1
618,2024-01-23,1739.0,completed,Home,West,7,2
619,2024-01-23,628.11,refunded,Books,North,6,4
620,2024-01-23,214.33,pending,Clothing,Central,6,4
621,2024-01-23,3888.94,completed,Home,North,23,4
622,2024-01-23,2453.6,completed,Electronics,Central,16,3
623,2024-01-23,4927.85,failed,Sports,East,44,1
624,2024-01-23,2330.22,completed,Clothing,West,38,3
625,2024-01-23,4889.81,completed,Books,North,8,5
626,2024-01-23,2063.76,completed,Food,South,25,2
627,2024-01-23,3970.47,completed,Books,Central,38,3
628,2024-01-23,433.25,completed,Food,North,33,2
629,2024-01-23,2781.75,failed,Books,North,1,2
630,2024-01-23,4012.28,completed,Home,West,1,3
631,2024-01-23,4624.26,completed,Sports,Central,29,1
632,2024-01-24,4114.69,completed,Food,East,46,1
633,2024-01-24,194.48,refunded,Home,North,3,1
634,2024-01-24,1869.78,completed,Home,North,9,4
635,2024-01-24,253.01,completed,Books,Central,10,5
636,2024-01-24,555.32,completed,Books,South,16,3
637,2024-01-24,3379.78,refunded,Electronics,East,44,4
638,2024-01-24,3569.16,failed,Books,Central,47,5
639,2024-01-24,3870.87,completed,Clothing,South,16,4
640,2024-01-24,4328.63,completed,Electronics,North,36,2
641,2024-01-24,3699.76,completed,Home,Central,1,4
642,2024-01-24,4006.35,pending,Clothing,West,26,2
643,2024-01-24,254.33,pending,Books,West,31,5
644,2024-01-24,1180.33,refunded,Home,Central,43,5
645,2024-01-24,3113.27,completed,Books,West,41,1
646,2024-01-24,4292.05,completed,Sports,West,4,5
647,2024-01-24,32.46,completed,Sports,South,21,2
648,2024-01-24,2578.0,pending,Food,North,4,3
649,2024-01-24,3389.66,completed,Home,West,1,4
650,2024-01-24,157.74,completed,Home,Central,8,1
651,2024-01-24,2012.76,pending,Food,West,46,1
652,2024-01-24,4479.22,completed,Sports,West,13,3
653,2024-01-24,3361.35,pending,Clothing,West,37,3
654,2024-01-24,1195.92,completed,Electronics,South,35,3
655,2024-01-24,4265.38,completed,Books,North,43,5
656,2024-01-24,1746.68,completed,Books,West,27,2
657,2024-01-24,4268.19,completed,Books,Central,48,4
658,2024-01-24,1501.73,pending,Sports,North,21,1
659,2024-01-25,2955.7,completed,Food,North,39,3
660,2024-01-25,1990.73,completed,Sports,West,39,3
661,2024-01-25,1381.38,completed,Home,East,27,3
662,2024-01-25,4433.92,pending,Electronics,Central,16,1
663,2024-01-25,946.09,refunded,Food,East,8,1
664,2024-01-25,433.21,pending,Clothing,East,5,5
665,2024-01-25,1716.22,completed,Books,North,25,5
666,2024-01-25,3591.02,completed,Food,Central,20,1
667,2024-01-25,4039.08,completed,Clothing,South,11,2
668,2024-01-25,4993.73,completed,Clothing,East,38,5
669,2024-01-25,1488.85,completed,Food,West,8,1
670,2024-01-25,2045.63,completed,Electronics,Central,24,3
671,2024-01-25,692.74,completed,Electronics,West,22,2
672,2024-01-25,2878.61,pending,Books,West,48,5
673,2024-01-25,4987.92,completed,Home,North,6,4
674,2024-01-25,3507.4,pending,Books,North,42,4
675,2024-01-25,2980.11,failed,Home,Central,34,1
676,2024-01-25,1967.92,completed,Electronics,Central,39,1
677,2024-01-25,4577.34,completed,Home,West,39,4
678,2024-01-25,2489.61,pending,Books,Central,38,2
679,2024-01-25,680.49,completed,Sports,South,22,3
680,2024-01-25,1833.24,completed,Electronics,South,29,1
681,2024-01-25,345.16,completed,Books,North,18,1
682,2024-01-25,1017.88,pending,Food,West,45,4
683,2024-01-25,98.17,pending,Home,West,12,1
684,2024-01-25,2271.87,pending,Sports,South,29,1
685,2024-01-25,3176.36,completed,Home,Central,11,5
686,2024-01-26,1723.03,completed,Home,North,19,4
687,2024-01-26,2107.71,pending,Sports,West,48,2
688,2024-01-26,4796.45,failed,Clothing,South,10,5
689,2024-01-26,3762.3,completed,Clothing,West,44,5
690,2024-01-26,2708.87,refunded,Home,East,40,3
691,2024-01-26,1429.86,failed,Books,South,18,3
692,2024-01-26,4486.01,completed,Home,North,19,4
693,2024-01-26,1183.13,completed,Sports,West,1,1
694,2024-01-26,1633.46,completed,Books,North,39,5
695,2024-01-26,4546.23,pending,Electronics,East,33,1
696,2024-01-26,2652.41,completed,Home,Central,49,4
697,2024-01-26,3714.17,completed,Clothing,Central,15,3
698,2024-01-26,2957.82,completed,Clothing,East,20,1
699,2024-01-26,3270.66,failed,Electronics,West,34,3
700,2024-01-26,1503.92,pending,Electronics,Central,17,2
701,2024-01-26,1214.45,pending,Food,West,16,5
702,2024-01-26,1619.24,completed,Home,South,9,3
703,2024-01-26,785.65,completed,Home,Central,49,2
704,2024-01-26,4372.83,completed,Food,North,24,2
705,2024-01-26,1423.4,completed,Clothing,East,38,1
706,2024-01-26,2811.83,completed,Food,West,33,3
707,2024-01-26,3961.95,refunded,Home,East,30,3
708,2024-01-26,3921.28,completed,Electronics,South,16,5
709,2024-01-26,2197.55,completed,Electronics,East,16,4
710,2024-01-26,2386.52,completed,Electronics,East,24,3
711,2024-01-26,4973.56,pending,Home,West,7,2
712,2024-01-26,3376.24,completed,Electronics,Central,27,2
713,2024-01-26,4075.05,completed,Home,West,5,4
714,2024-01-27,4513.74,completed,Clothing,South,14,1
715,2024-01-27,3940.07,completed,Books,North,32,1
716,2024-01-27,934.04,completed,Home,East,2,5
717,2024-01-27,2815.23,completed,Electronics,Central,3,1
718,2024-01-27,518.45,pending,Clothing,West,11,2
719,2024-01-27,3268.08,completed,Sports,South,38,3
720,2024-01-27,4777.19,completed,Sports,North,40,1
721,2024-01-27,2568.53,completed,Home,South,1,4
722,2024-01-27,2170.53,completed,Electronics,West,14,3
723,2024-01-27,188.86,completed,Sports,West,3,1
724,2024-01-27,4799.27,completed,Clothing,East,1,3
725,2024-01-27,523.98,refunded,Books,South,47,5
726,2024-01-27,214.98,refunded,Home,North,21,2
727,2024-01-27,1237.87,pending,Home,Central,39,4
728,2024-01-27,337.0,completed,Clothing,East,34,3
729,2024-01-27,2281.04,pending,Food,West,23,3
730,2024-01-27,2585.28,failed,Clothing,East,37,3
731,2024-01-27,1569.72,completed,Books,East,13,3
732,2024-01-27,264.29,completed,Sports,West,21,1
733,2024-01-27,566.89,pending,Clothing,South,19,3
734,2024-01-27,1928.68,refunded,Electronics,Central,29,3
735,2024-01-27,312.04,completed,Electronics,East,11,4
736,2024-01-27,3493.97,completed,Electronics,West,37,4
737,2024-01-27,1043.03,completed,Food,Central,42,3
738,2024-01-27,1517.34,completed,Home,South,44,2
739,2024-01-27,1976.69,pending,Clothing,South,44,4
740,2024-01-27,2088.88,completed,Food,Central,32,5
741,2024-01-28,18.29,failed,Sports,West,40,5
742,2024-01-28,569.23,pending,Books,West,34,2
743,2024-01-28,4315.2,completed,Clothing,Central,47,2
744,2024-01-28,16.15,pending,Electronics,North,5,3
745,2024-01-28,2545.76,pending,Electronics,Central,10,4
746,2024-01-28,2452.62,completed,Clothing,North,21,4
747,2024-01-28,1672.14,completed,Electronics,North,31,4
748,2024-01-28,2162.32,pending,Food,South,44,3
749,2024-01-28,3905.1,completed,Books,North,5,5
750,2024-01-28,4207.61,completed,Sports,North,8,1
751,2024-01-28,1309.14,completed,Home,North,43,2
752,2024-01-28,1619.23,completed,Clothing,East,16,3
753,2024-01-28,1219.99,completed,Books,South,1,3
754,2024-01-28,2404.52,completed,Home,South,34,5
755,2024-01-28,3419.46,completed,Electronics,North,44,4
756,2024-01-28,1148.98,completed,Sports,Central,45,3
757,2024-01-28,1660.37,pending,Electronics,South,42,3
758,2024-01-28,4652.62,completed,Books,East,3,1
759,2024-01-28,252.36,failed,Sports,North,7,2
760,2024-01-28,2309.24,failed,Food,South,43,1
761,2024-01-28,3560.67,completed,Books,South,34,1
762,2024-01-28,760.77,completed,Books,Central,11,3
763,2024-01-28,246.4,completed,Books,North,19,1
764,2024-01-28,699.64,pending,Sports,East,43,1
765,2024-01-28,4594.93,completed,Home,East,46,5
766,2024-01-28,56.21,completed,Electronics,North,44,5
767,2024-01-28,949.73,completed,Food,South,23,3
768,2024-01-28,166.1,completed,Home,North,38,5
769,2024-01-29,562.04,pending,Food,North,3,1
770,2024-01-29,3104.54,pending,Food,West,46,5
771,2024-01-29,1215.78,completed,Sports,East,11,3
772,2024-01-29,2850.37,completed,Home,East,48,2
773,2024-01-29,2955.07,completed,Clothing,South,1,4
774,2024-01-29,4248.68,completed,Home,West,46,3
775,2024-01-29,33.66,completed,Sports,Central,26,4
776,2024-01-29,4268.31,completed,Electronics,Central,26,2
777,2024-01-29,3099.4,failed,Home,North,34,3
778,2024-01-29,822.09,completed,Food,West,23,1
779,2024-01-29,3866.96,pending,Clothing,South,47,2
780,2024-01-29,4278.9,completed,Books,Central,6,3
781,2024-01-29,1278.77,completed,Books,East,33,5
782,2024-01-29,4594.78,completed,Books,West,11,1
783,2024-01-29,2277.74,completed,Electronics,East,2,3
784,2024-01-29,3021.09,completed,Sports,West,32,1
785,2024-01-29,4923.4,refunded,Food,Central,34,3
786,2024-01-29,1814.07,failed,Electronics,North,7,5
787,2024-01-29,4067.67,pending,Books,Central,36,2
788,2024-01-29,1598.81,completed,Books,East,47,4
789,2024-01-29,3998.08,completed,Electronics,North,35,2
790,2024-01-29,3007.66,completed,Home,East,12,5
791,2024-01-29,1089.61,failed,Books,North,5,4
792,2024-01-29,2075.99,pending,Home,East,5,2
793,2024-01-29,1595.0,completed,Sports,East,31,2
794,2024-01-29,399.76,refunded,Electronics,South,12,5
795,2024-01-29,158.88,completed,Clothing,East,19,3
796,2024-01-30,1738.93,completed,Home,West,3,2
797,2024-01-30,104.98,completed,Books,Central,22,3
798,2024-01-30,835.78,completed,Electronics,South,9,1
799,2024-01-30,3628.66,failed,Electronics,North,21,1
800,2024-01-30,3543.38,failed,Books,East,29,3
801,2024-01-30,3695.52,completed,Books,Central,48,2
802,2024-01-30,1592.59,completed,Clothing,South,15,3
803,2024-01-30,4451.2,completed,Clothing,North,16,2
804,2024-01-30,2973.21,completed,Books,Central,40,3
805,2024-01-30,638.87,completed,Food,East,47,4
806,2024-01-30,727.16,completed,Electronics,South,20,4
807,2024-01-30,3468.55,completed,Electronics,South,17,2
808,2024-01-30,872.99,completed,Clothing,West,35,2
809,2024-01-30,2541.39,completed,Books,North,37,4
810,2024-01-30,4958.95,failed,Clothing,West,35,5
811,2024-01-30,30.0,completed,Electronics,South,32,3
812,2024-01-30,92.73,completed,Home,South,7,1
813,2024-01-30,4965.49,completed,Sports,South,13,3
814,2024-01-30,2927.35,pending,Books,Central,3,4
815,2024-01-30,643.28,completed,Clothing,East,20,5
816,2024-01-30,4487.54,completed,Sports,Central,42,5
817,2024-01-30,4403.1,pending,Home,Central,11,4
818,2024-01-30,2685.64,pending,Sports,West,35,3
819,2024-01-30,3112.74,completed,Clothing,East,21,1
820,2024-01-30,1373.2,completed,Food,Central,9,5
821,2024-01-30,262.09,refunded,Home,East,11,3
822,2024-01-30,2976.89,completed,Electronics,East,34,4
823,2024-01-31,1480.83,completed,Clothing,South,39,4
824,2024-01-31,3321.47,completed,Electronics,Central,17,1
825,2024-01-31,4182.86,completed,Books,South,45,2
826,2024-01-31,100.62,completed,Food,Central,3,4
827,2024-01-31,2982.61,completed,Electronics,South,29,3
828,2024-01-31,1164.09,completed,Home,West,12,4
829,2024-01-31,4370.7,completed,Books,South,44,3
830,2024-01-31,1275.79,completed,Clothing,Central,38,1
831,2024-01-31,3057.74,pending,Home,Central,3,2
832,2024-01-31,2772.17,completed,Sports,West,20,3
833,2024-01-31,1986.87,completed,Electronics,Central,37,2
834,2024-01-31,3391.33,completed,Sports,East,27,1
835,2024-01-31,3631.59,completed,Electronics,Central,24,1
836,2024-01-31,2839.02,completed,Home,East,7,2
837,2024-01-31,3794.53,completed,Food,North,28,5
838,2024-01-31,4917.25,pending,Clothing,East,5,5
839,2024-01-31,2102.17,completed,Electronics,North,16,5
840,2024-01-31,2577.77,pending,Home,West,12,5
841,2024-01-31,72.22,pending,Books,North,33,5
842,2024-01-31,3982.18,completed,Books,South,24,4
843,2024-01-31,2605.95,completed,Home,Central,21,1
844,2024-01-31,2045.73,pending,Books,West,42,2
845,2024-01-31,479.42,completed,Clothing,South,20,4
846,2024-01-31,4449.39,failed,Sports,East,38,2
847,2024-01-31,1981.09,pending,Books,East,44,2
848,2024-01-31,3416.08,completed,Clothing,South,8,1
849,2024-01-31,755.38,pending,Home,West,37,2
850,2024-01-31,4808.13,completed,Sports,North,4,2
851,2024-02-01,900.42,completed,Clothing,East,32,5
852,2024-02-01,1005.71,completed,Books,South,12,4
853,2024-02-01,4296.32,completed,Home,West,13,1
854,2024-02-01,4563.79,pending,Sports,West,42,3
855,2024-02-01,1068.62,failed,Clothing,Central,10,5
856,2024-02-01,2354.31,completed,Home,South,26,3
857,2024-02-01,3670.14,completed,Electronics,South,39,5
858,2024-02-01,4393.05,completed,Books,North,40,1
859,2024-02-01,1901.47,completed,Books,Central,11,2
860,2024-02-01,2589.93,completed,Electronics,South,19,5
861,2024-02-01,3711.16,completed,Sports,West,28,4
862,2024-02-01,3658.37,pending,Clothing,South,29,2
863,2024-02-01,3916.97,completed,Home,South,9,5
864,2024-02-01,2853.97,completed,Home,South,30,2
865,2024-02-01,532.03,completed,Books,West,1,4
866,2024-02-01,4520.83,completed,Books,South,31,2
867,2024-02-01,4329.21,completed,Electronics,South,37,2
868,2024-02-01,3992.51,completed,Home,West,24,2
869,2024-02-01,508.31,completed,Sports,East,13,2
870,2024-02-01,1029.94,refunded,Food,West,12,3
871,2024-02-01,3720.57,completed,Electronics,North,34,5
872,2024-02-01,125.47,completed,Books,Central,21,4
873,2024-02-01,4896.33,pending,Home,South,46,1
874,2024-02-01,1891.95,completed,Home,North,48,3
875,2024-02-01,3599.37,refunded,Electronics,North,22,3
876,2024-02-01,4438.98,completed,Sports,South,14,1
877,2024-02-01,1979.2,completed,Electronics,East,40,2
878,2024-02-02,1602.47,completed,Food,North,36,5
879,2024-02-02,3047.62,completed,Food,West,9,2
880,2024-02-02,2909.14,pending,Electronics,West,47,4
881,2024-02-02,2051.61,completed,Electronics,West,10,1
882,2024-02-02,3012.86,failed,Home,North,28,5
883,2024-02-02,4677.55,pending,Books,North,10,5
884,2024-02-02,2343.52,failed,Sports,South,24,1
885,2024-02-02,991.74,failed,Books,East,31,4
886,2024-02-02,1892.26,completed,Food,East,6,5
887,2024-02-02,1976.59,completed,Electronics,South,13,5
888,2024-02-02,664.23,pending,Books,South,37,4
889,2024-02-02,822.73,completed,Sports,East,47,4
890,2024-02-02,3425.96,completed,Clothing,East,45,3
891,2024-02-02,1703.99,completed,Food,East,37,1
892,2024-02-02,4774.94,completed,Food,West,49,1
893,2024-02-02,1225.55,failed,Home,West,9,2
894,2024-02-02,503.63,completed,Electronics,Central,10,2
895,2024-02-02,3769.99,completed,Electronics,Central,20,5
896,2024-02-02,4406.37,refunded,Clothing,South,46,5
897,2024-02-02,1397.79,completed,Electronics,South,40,2
898,2024-02-02,1018.42,pending,Home,South,19,2
899,2024-02-02,936.97,completed,Clothing,South,1,4
900,2024-02-02,2614.84,completed,Food,East,31,4
901,2024-02-02,2347.4,completed,Clothing,West,16,5
902,2024-02-02,1304.6,completed,Sports,North,11,4
903,2024-02-02,235.41,completed,Books,Central,11,4
904,2024-02-02,2412.64,completed,Food,North,13,4
905,2024-02-02,4797.07,completed,Sports,East,16,5
906,2024-02-03,3266.07,completed,Electronics,East,31,2
907,2024-02-03,2482.58,completed,Sports,South,9,2
908,2024-02-03,562.35,completed,Food,South,24,5
909,2024-02-03,1269.66,pending,Food,East,46,1
910,2024-02-03,1480.92,failed,Electronics,North,48,2
911,2024-02-03,3826.37,pending,Electronics,West,41,1
912,2024-02-03,4384.79,completed,Sports,West,13,5
913,2024-02-03,4509.19,completed,Home,West,8,5
914,2024-02-03,4923.0,completed,Home,Central,44,3
915,2024-02-03,4912.01,failed,Clothing,Central,20,1
916,2024-02-03,4765.47,refunded,Sports,North,23,2
917,2024-02-03,368.39,completed,Electronics,Central,21,3
918,2024-02-03,697.59,completed,Sports,East,7,2
919,2024-02-03,1529.29,pending,Books,North,36,4
920,2024-02-03,2768.96,completed,Home,Central,12,4
921,2024-02-03,493.92,completed,Electronics,Central,12,3
922,2024-02-03,4230.53,completed,Sports,South,38,4
923,2024-02-03,3087.61,pending,Food,Central,35,1
924,2024-02-03,2716.4,completed,Books,West,41,1
925,2024-02-03,834.9,completed,Books,East,35,2
926,2024-02-03,1273.74,completed,Sports,North,2,1
927,2024-02-03,809.96,completed,Books,West,21,1
928,2024-02-03,4261.15,failed,Food,Central,21,4
929,2024-02-03,2925.3,failed,Food,North,16,1
930,2024-02-03,3678.3,completed,Electronics,North,25,2
931,2024-02-03,1487.2,completed,Sports,South,25,4
932,2024-02-03,1862.55,pending,Sports,South,31,2
933,2024-02-04,2030.23,pending,Books,South,48,2
934,2024-02-04,3802.47,completed,Sports,Central,32,4
935,2024-02-04,3864.04,completed,Clothing,Central,46,1
936,2024-02-04,1042.0,completed,Clothing,West,41,2
937,2024-02-04,4708.28,pending,Home,South,36,3
938,2024-02-04,612.07,completed,Home,South,14,1
939,2024-02-04,4481.65,completed,Home,North,29,4
940,2024-02-04,510.97,failed,Electronics,West,6,3
941,2024-02-04,1330.05,completed,Books,South,46,2
942,2024-02-04,4233.93,failed,Sports,Central,10,3
943,2024-02-04,905.67,completed,Electronics,West,12,1
944,2024-02-04,2073.7,completed,Home,East,46,4
945,2024-02-04,2254.8,failed,Sports,Central,6,3
946,2024-02-04,1233.84,refunded,Clothing,North,27,1
947,2024-02-04,3554.12,refunded,Books,East,29,4
948,2024-02-04,4258.16,pending,Home,South,11,3
949,2024-02-04,4374.13,completed,Home,North,20,1
950,2024-02-04,1703.22,completed,Sports,Central,39,2
951,2024-02-04,2658.94,completed,Home,West,35,4
952,2024-02-04,1249.55,failed,Sports,North,29,3
953,2024-02-04,1231.53,completed,Home,North,27,2
954,2024-02-04,814.66,pending,Home,South,18,1
955,2024-02-04,4700.69,failed,Electronics,Central,31,1
956,2024-02-04,4441.06,refunded,Books,North,1,2
957,2024-02-04,3889.02,failed,Food,West,4,2
958,2024-02-04,2593.13,completed,Food,North,39,4
959,2024-02-04,2458.13,completed,Clothing,South,9,3
960,2024-02-05,2653.43,refunded,Sports,East,36,1
961,2024-02-05,2687.47,completed,Home,North,1,4
962,2024-02-05,2178.47,completed,Food,South,13,5
963,2024-02-05,667.46,refunded,Sports,South,46,5
964,2024-02-05,637.06,completed,Clothing,North,14,5
965,2024-02-05,4761.73,completed,Sports,North,49,3
966,2024-02-05,2415.33,completed,Electronics,North,14,2
967,2024-02-05,4766.5,completed,Home,West,32,1
968,2024-02-05,826.25,failed,Food,North,33,4
969,2024-02-05,2776.54,completed,Books,East,32,3
970,2024-02-05,1046.51,completed,Sports,North,15,4
971,2024-02-05,1273.39,completed,Electronics,South,38,2
972,2024-02-05,159.97,failed,Home,North,16,1
973,2024-02-05,603.58,failed,Books,South,40,4
974,2024-02-05,4585.07,completed,Home,West,19,2
975,2024-02-05,1614.45,completed,Books,East,42,3
976,2024-02-05,3044.56,completed,Clothing,North,49,5
977,2024-02-05,2330.42,completed,Books,North,37,2
978,2024-02-05,2008.25,completed,Books,South,23,1
979,2024-02-05,2664.11,completed,Home,South,21,4
980,2024-02-05,944.32,completed,Books,East,19,3
981,2024-02-05,4943.13,completed,Food,South,18,2
982,2024-02-05,4093.36,completed,Clothing,West,24,3
983,2024-02-05,3710.66,completed,Clothing,South,24,5
984,2024-02-05,2349.11,completed,Books,West,36,1
985,2024-02-05,772.86,pending,Food,North,44,4
986,2024-02-05,4604.12,completed,Food,Central,44,3
987,2024-02-05,1713.52,completed,Electronics,Central,30,5
988,2024-02-06,260.03,refunded,Home,South,49,5
989,2024-02-06,1718.59,completed,Home,South,44,1
990,2024-02-06,3974.34,failed,Clothing,North,24,1
991,2024-02-06,3117.32,completed,Electronics,Central,21,1
992,2024-02-06,3756.68,pending,Home,North,23,1
993,2024-02-06,3970.24,completed,Home,North,2,2
994,2024-02-06,1067.65,completed,Home,North,17,2
995,2024-02-06,4619.68,pending,Books,South,19,5
996,2024-02-06,2195.57,pending,Sports,Central,39,4
997,2024-02-06,3198.68,completed,Sports,North,13,2
998,2024-02-06,21.52,pending,Clothing,East,33,3
999,2024-02-06,4966.91,completed,Books,West,16,2
1000,2024-02-06,1411.67,failed,Clothing,West,18,3
1001,2024-02-06,319.69,pending,Sports,West,4,2
1002,2024-02-06,2296.73,completed,Home,Central,26,4
1003,2024-02-06,653.86,failed,Electronics,West,5,2
1004,2024-02-06,770.11,refunded,Electronics,Central,11,5
1005,2024-02-06,3165.09,pending,Clothing,South,25,5
1006,2024-02-06,1970.71,completed,Electronics,East,35,1
1007,2024-02-06,4610.04,pending,Electronics,West,20,3
1008,2024-02-06,1602.59,completed,Home,Central,13,5
1009,2024-02-06,3633.64,completed,Books,North,44,5
1010,2024-02-06,2310.89,failed,Sports,East,18,2
1011,2024-02-06,3303.16,completed,Books,Central,16,3
1012,2024-02-06,3002.48,failed,Sports,North,4,1
1013,2024-02-06,2369.19,completed,Sports,South,18,2
1014,2024-02-06,4750.8,completed,Electronics,East,11,2
1015,2024-02-07,1720.14,refunded,Electronics,North,18,2
1016,2024-02-07,894.41,completed,Food,Central,10,2
1017,2024-02-07,3393.69,completed,Food,South,10,4
1018,2024-02-07,4231.58,completed,Home,West,37,5
1019,2024-02-07,210.87,completed,Clothing,East,24,3
1020,2024-02-07,2253.67,completed,Clothing,East,35,3
1021,2024-02-07,4463.51,completed,Books,Central,29,4
1022,2024-02-07,3750.6,failed,Clothing,Central,27,4
1023,2024-02-07,4959.12,refunded,Home,East,23,3
1024,2024-02-07,2661.75,pending,Electronics,East,19,1
1025,2024-02-07,3303.38,completed,Home,West,13,3
1026,2024-02-07,1519.38,pending,Books,West,44,1
1027,2024-02-07,4738.2,completed,Home,Central,21,4
1028,2024-02-07,1838.01,pending,Clothing,South,44,5
1029,2024-02-07,3695.17,completed,Home,North,38,4
1030,2024-02-07,2021.67,failed,Home,North,30,5
1031,2024-02-07,2813.48,completed,Food,East,42,3
1032,2024-02-07,3601.71,completed,Clothing,South,33,3
1033,2024-02-07,2549.58,refunded,Clothing,Central,40,3
1034,2024-02-07,4536.36,completed,Electronics,Central,40,2
1035,2024-02-07,2102.31,failed,Books,North,32,5
1036,2024-02-07,3238.89,failed,Home,Central,36,1
1037,2024-02-07,1718.39,completed,Books,West,41,5
1038,2024-02-07,2046.7,completed,Home,South,12,5
1039,2024-02-07,2205.85,completed,Sports,South,43,5
1040,2024-02-07,637.78,pending,Sports,North,25,1
1041,2024-02-07,467.7,refunded,Sports,East,6,5
1042,2024-02-08,3340.77,completed,Home,North,8,2
1043,2024-02-08,3281.03,pending,Home,North,37,2
1044,2024-02-08,3317.92,completed,Electronics,West,40,4
1045,2024-02-08,108.63,completed,Books,East,33,2
1046,2024-02-08,1639.47,pending,Food,East,33,5
1047,2024-02-08,997.07,failed,Home,South,43,3
1048,2024-02-08,3892.98,completed,Clothing,East,48,1
1049,2024-02-08,4304.55,completed,Sports,South,41,2
1050,2024-02-08,1240.94,completed,Food,North,7,4
1051,2024-02-08,3342.57,completed,Home,East,40,3
1052,2024-02-08,655.52,completed,Sports,North,25,2
1053,2024-02-08,1383.01,failed,Food,West,40,2
1054,2024-02-08,701.89,completed,Home,Central,36,4
1055,2024-02-08,1424.77,completed,Clothing,West,34,2
1056,2024-02-08,3376.94,pending,Electronics,East,43,1
1057,2024-02-08,4552.53,completed,Books,Central,8,3
1058,2024-02-08,1020.59,completed,Food,South,42,5
1059,2024-02-08,2714.97,failed,Electronics,West,18,2
1060,2024-02-08,3509.94,completed,Home,South,10,4
1061,2024-02-08,4765.08,completed,Electronics,North,36,3
1062,2024-02-08,3054.2,completed,Books,South,49,5
1063,2024-02-08,1282.98,completed,Clothing,East,5,4
1064,2024-02-08,3131.14,completed,Clothing,North,49,3
1065,2024-02-08,1609.25,completed,Clothing,South,17,2
1066,2024-02-08,4880.88,completed,Food,North,48,5
1067,2024-02-08,2004.38,failed,Sports,South,3,1
1068,2024-02-08,3430.28,completed,Clothing,West,31,3
1069,2024-02-08,125.91,completed,Sports,North,27,2
1070,2024-02-09,2006.31,completed,Food,South,41,3
1071,2024-02-09,4376.79,refunded,Sports,North,24,5
1072,2024-02-09,3055.03,completed,Food,South,4,1
1073,2024-02-09,2225.28,failed,Food,West,10,1
1074,2024-02-09,4680.33,completed,Books,East,13,5
1075,2024-02-09,4271.38,refunded,Sports,South,43,4
1076,2024-02-09,1617.86,completed,Food,South,5,3
1077,2024-02-09,2727.3,completed,Home,West,42,2
1078,2024-02-09,2454.22,completed,Books,East,25,4
1079,2024-02-09,3164.69,completed,Clothing,East,28,2
1080,2024-02-09,1677.22,pending,Electronics,Central,48,4
1081,2024-02-09,1228.58,completed,Food,Central,38,3
1082,2024-02-09,4564.23,completed,Electronics,South,32,4
1083,2024-02-09,4620.13,completed,Electronics,West,41,4
1084,2024-02-09,4218.18,pending,Food,West,23,3
1085,2024-02-09,4891.24,completed,Clothing,Central,46,1
1086,2024-02-09,3727.51,refunded,Home,South,39,4
1087,2024-02-09,3825.69,pending,Sports,West,48,4
1088,2024-02-09,3815.32,completed,Sports,North,27,3
1089,2024-02-09,2408.23,failed,Books,East,32,3
1090,2024-02-09,2287.7,completed,Electronics,North,23,4
1091,2024-02-09,1208.73,completed,Home,West,46,2
1092,2024-02-09,3227.65,completed,Food,West,31,3
1093,2024-02-09,1453.71,completed,Food,East,8,1
1094,2024-02-09,1296.46,completed,Books,East,26,4
1095,2024-02-09,2933.95,completed,Electronics,South,7,1
1096,2024-02-09,2055.81,pending,Food,West,32,5
1097,2024-02-10,1102.09,completed,Books,Central,35,4
1098,2024-02-10,4082.12,completed,Sports,North,40,3
1099,2024-02-10,4304.24,completed,Books,South,8,3
1100,2024-02-10,846.82,completed,Home,West,23,1
1101,2024-02-10,47.46,failed,Home,South,18,4
1102,2024-02-10,1687.29,completed,Electronics,North,21,2
1103,2024-02-10,3989.58,completed,Electronics,North,47,4
1104,2024-02-10,4197.48,completed,Books,South,28,5
1105,2024-02-10,700.26,failed,Sports,Central,22,5
1106,2024-02-10,3873.94,completed,Books,West,45,5
1107,2024-02-10,587.36,pending,Clothing,South,27,4
1108,2024-02-10,1956.41,completed,Books,North,21,2
1109,2024-02-10,4993.06,completed,Home,West,27,2
1110,2024-02-10,971.03,completed,Clothing,South,42,5
1111,2024-02-10,778.28,completed,Food,South,23,5
1112,2024-02-10,2119.77,completed,Books,East,31,2
1113,2024-02-10,3102.15,completed,Food,South,9,4
1114,2024-02-10,4665.17,completed,Electronics,West,1,5
1115,2024-02-10,4904.3,completed,Sports,South,4,5
1116,2024-02-10,357.51,completed,Sports,West,24,5
1117,2024-02-10,698.61,completed,Books,East,36,2
1118,2024-02-10,3955.78,completed,Books,North,11,3
1119,2024-02-10,1360.45,completed,Books,West,47,3
1120,2024-02-10,4425.4,completed,Clothing,North,8,5
1121,2024-02-10,3320.63,failed,Electronics,West,35,5
1122,2024-02-10,568.11,completed,Home,South,12,3
1123,2024-02-10,4164.32,completed,Clothing,West,3,5
1124,2024-02-10,890.02,completed,Sports,South,35,2
1125,2024-02-11,2123.24,refunded,Books,East,26,4
1126,2024-02-11,2765.4,completed,Books,South,31,5
1127,2024-02-11,2508.82,completed,Electronics,South,47,5
1128,2024-02-11,3433.95,completed,Home,South,27,1
1129,2024-02-11,3266.91,completed,Books,North,42,1
1130,2024-02-11,4960.29,pending,Sports,South,25,2
1131,2024-02-11,4997.12,completed,Sports,North,18,1
1132,2024-02-11,2587.13,completed,Electronics,East,20,2
1133,2024-02-11,485.04,completed,Home,North,17,5
1134,2024-02-11,3641.94,refunded,Books,North,44,4
1135,2024-02-11,4883.55,pending,Clothing,East,26,1
1136,2024-02-11,1598.45,failed,Books,South,46,4
1137,2024-02-11,2311.43,failed,Books,Central,13,5
1138,2024-02-11,2129.64,failed,Books,South,38,5
1139,2024-02-11,266.58,completed,Clothing,South,6,5
1140,2024-02-11,3364.6,completed,Home,South,15,5
1141,2024-02-11,1773.16,completed,Clothing,Central,2,4
1142,2024-02-11,3939.44,completed,Food,West,45,5
1143,2024-02-11,4162.28,pending,Home,North,15,4
1144,2024-02-11,4107.94,completed,Electronics,South,41,4
1145,2024-02-11,2089.16,completed,Food,North,21,1
1146,2024-02-11,1614.51,completed,Food,North,7,5
1147,2024-02-11,3746.62,completed,Sports,South,17,1
1148,2024-02-11,4008.93,completed,Sports,Central,17,2
1149,2024-02-11,2461.37,completed,Sports,East,25,4
1150,2024-02-11,4466.22,completed,Food,South,17,4
1151,2024-02-11,728.1,completed,Food,North,34,5
1152,2024-02-12,4396.55,completed,Electronics,North,36,1
1153,2024-02-12,489.52,completed,Sports,East,8,4
1154,2024-02-12,776.09,pending,Clothing,West,26,1
1155,2024-02-12,2673.86,completed,Food,East,29,4
1156,2024-02-12,346.92,completed,Sports,West,14,2
1157,2024-02-12,273.51,failed,Sports,South,38,3
1158,2024-02-12,12.59,failed,Electronics,Central,12,1
1159,2024-02-12,2187.22,completed,Sports,Central,43,1
1160,2024-02-12,3875.37,completed,Food,Central,23,5
1161,2024-02-12,183.84,completed,Food,West,18,3
1162,2024-02-12,3264.77,pending,Electronics,West,33,3
1163,2024-02-12,4117.41,completed,Sports,North,31,2
1164,2024-02-12,848.32,failed,Food,North,25,5
1165,2024-02-12,742.85,pending,Electronics,North,34,4
1166,2024-02-12,4305.4,completed,Electronics,East,13,3
1167,2024-02-12,4117.39,completed,Sports,East,40,1
1168,2024-02-12,2699.32,failed,Electronics,North,31,4
1169,2024-02-12,4097.81,pending,Books,West,11,2
1170,2024-02-12,472.85,pending,Sports,East,49,2
1171,2024-02-12,1978.46,completed,Home,East,43,4
1172,2024-02-12,3691.61,pending,Electronics,Central,9,5
1173,2024-02-12,1294.69,pending,Clothing,East,39,2
1174,2024-02-12,3764.12,refunded,Electronics,North,26,1
1175,2024-02-12,2525.85,completed,Home,West,38,3
1176,2024-02-12,3753.83,completed,Books,Central,19,4
1177,2024-02-12,2328.75,completed,Home,North,12,4
1178,2024-02-12,1845.84,pending,Electronics,East,11,5
1179,2024-02-13,1103.75,failed,Sports,East,4,2
1180,2024-02-13,1049.81,completed,Electronics,North,43,4
1181,2024-02-13,3759.94,completed,Electronics,South,16,4
1182,2024-02-13,603.36,completed,Food,Central,47,5
1183,2024-02-13,439.05,completed,Food,South,12,5
1184,2024-02-13,889.69,failed,Food,East,18,2
1185,2024-02-13,884.98,completed,Electronics,West,44,2
1186,2024-02-13,4117.31,completed,Books,East,18,3
1187,2024-02-13,1998.55,failed,Food,Central,38,2
1188,2024-02-13,4952.04,completed,Home,East,5,1
1189,2024-02-13,694.68,completed,Sports,Central,47,2
1190,2024-02-13,3271.16,completed,Food,North,31,2
1191,2024-02-13,2249.16,completed,Sports,Central,37,4
1192,2024-02-13,1970.66,completed,Books,North,2,1
1193,2024-02-13,4376.67,completed,Food,Central,48,4
1194,2024-02-13,4878.22,completed,Home,West,25,4
1195,2024-02-13,4365.57,completed,Books,East,11,1
1196,2024-02-13,969.58,completed,Food,Central,8,5
1197,2024-02-13,1111.78,completed,Books,West,5,4
1198,2024-02-13,3283.81,completed,Sports,West,33,4
1199,2024-02-13,1452.53,completed,Sports,West,11,4
1200,2024-02-13,3676.28,completed,Books,Central,46,5
1201,2024-02-13,2836.44,pending,Clothing,South,12,3
1202,2024-02-13,2759.03,completed,Books,Central,5,3
1203,2024-02-13,4144.45,completed,Food,East,42,4
1204,2024-02-13,3555.56,completed,Home,North,39,1
1205,2024-02-13,142.62,completed,Home,Central,26,1
1206,2024-02-13,256.8,completed,Electronics,West,41,4
1207,2024-02-14,3011.78,completed,Home,Central,36,2
1208,2024-02-14,2436.1,completed,Home,West,9,2
1209,2024-02-14,1308.32,pending,Home,South,21,1
1210,2024-02-14,2099.09,completed,Food,South,46,3
1211,2024-02-14,3791.97,completed,Clothing,South,34,3
1212,2024-02-14,4134.79,pending,Books,East,31,5
1213,2024-02-14,2810.5,completed,Home,North,9,3
1214,2024-02-14,1932.99,completed,Food,West,27,2
1215,2024-02-14,1360.78,completed,Home,West,9,4
1216,2024-02-14,2614.37,completed,Clothing,Central,33,2
1217,2024-02-14,1580.6,failed,Home,East,11,1
1218,2024-02-14,2824.83,completed,Electronics,Central,15,1
1219,2024-02-14,3386.5,completed,Home,South,29,5
1220,2024-02-14,339.74,pending,Home,East,2,4
1221,2024-02-14,15.33,completed,Sports,West,35,1
1222,2024-02-14,1069.26,completed,Books,West,22,2
1223,2024-02-14,4473.61,completed,Food,West,26,5
1224,2024-02-14,3234.99,completed,Home,East,37,4
1225,2024-02-14,868.08,completed,Electronics,North,38,3
1226,2024-02-14,4452.42,completed,Clothing,Central,46,2
1227,2024-02-14,2355.08,completed,Electronics,South,9,2
1228,2024-02-14,2385.7,pending,Clothing,West,22,4
1229,2024-02-14,4678.35,completed,Books,North,5,1
1230,2024-02-14,306.84,pending,Food,Central,13,5
1231,2024-02-14,1083.74,completed,Food,South,28,2
1232,2024-02-14,2933.0,refunded,Clothing,Central,7,2
1233,2024-02-14,985.48,completed,Food,West,22,2
1234,2024-02-15,3400.84,pending,Food,South,46,4
1235,2024-02-15,1078.32,pending,Clothing,South,4,1
1236,2024-02-15,504.79,completed,Home,Central,12,1
1237,2024-02-15,1042.86,completed,Home,East,14,2
1238,2024-02-15,2119.44,pending,Home,West,45,1
1239,2024-02-15,888.93,pending,Electronics,West,36,2
1240,2024-02-15,682.11,completed,Food,South,10,3
1241,2024-02-15,4302.81,pending,Sports,North,35,4
1242,2024-02-15,1608.78,completed,Food,North,1,2
1243,2024-02-15,1810.19,completed,Clothing,East,40,3
1244,2024-02-15,285.8,completed,Books,West,11,5
1245,2024-02-15,1793.27,pending,Electronics,South,35,3
1246,2024-02-15,1331.39,completed,Books,South,25,5
1247,2024-02-15,3056.32,completed,Food,South,36,2
1248,2024-02-15,1034.9,completed,Sports,South,18,5
1249,2024-02-15,4442.94,completed,Sports,East,27,3
1250,2024-02-15,4649.04,completed,Books,East,45,1
1251,2024-02-15,508.16,completed,Books,South,40,5
1252,2024-02-15,545.94,pending,Electronics,North,27,4
1253,2024-02-15,585.48,completed,Home,North,46,2
1254,2024-02-15,3101.65,completed,Electronics,East,6,4
1255,2024-02-15,618.63,completed,Home,North,35,5
1256,2024-02-15,4263.39,completed,Home,West,31,1
1257,2024-02-15,3773.81,completed,Sports,North,13,1
1258,2024-02-15,4100.85,completed,Sports,North,20,4
1259,2024-02-15,2635.04,completed,Electronics,West,20,2
1260,2024-02-15,4983.42,completed,Home,West,34,5
1261,2024-02-15,230.43,completed,Books,West,31,4
1262,2024-02-16,2012.31,failed,Food,North,39,5
1263,2024-02-16,1626.44,completed,Sports,West,33,4
1264,2024-02-16,4743.74,completed,Books,Central,49,5
1265,2024-02-16,2888.54,completed,Food,West,41,4
1266,2024-02-16,4032.89,completed,Clothing,South,29,1
1267,2024-02-16,860.0,completed,Electronics,East,1,2
1268,2024-02-16,4893.38,completed,Home,Central,18,5
1269,2024-02-16,2498.21,completed,Books,North,7,2
1270,2024-02-16,2473.42,completed,Clothing,West,22,5
1271,2024-02-16,4854.71,completed,Sports,South,49,5
1272,2024-02-16,1909.85,completed,Sports,Central,20,4
1273,2024-02-16,1993.65,refunded,Electronics,North,41,1
1274,2024-02-16,2927.92,completed,Clothing,East,23,1
1275,2024-02-16,648.98,completed,Clothing,East,29,4
1276,2024-02-16,1612.22,completed,Electronics,East,2,3
1277,2024-02-16,974.11,completed,Sports,South,34,3
1278,2024-02-16,525.38,completed,Electronics,North,13,1
1279,2024-02-16,4332.06,completed,Sports,Central,23,3
1280,2024-02-16,2950.76,completed,Books,East,49,1
1281,2024-02-16,1799.78,completed,Electronics,West,11,1
1282,2024-02-16,2049.26,completed,Home,East,46,5
1283,2024-02-16,2163.28,completed,Clothing,East,41,4
1284,2024-02-16,3169.41,completed,Home,West,3,5
1285,2024-02-16,4634.58,failed,Electronics,East,19,5
1286,2024-02-16,4664.57,completed,Books,North,48,5
1287,2024-02-16,1963.54,refunded,Clothing,North,23,3
1288,2024-02-16,1653.02,failed,Books,East,39,2
1289,2024-02-17,2260.72,completed,Home,North,46,4
1290,2024-02-17,2843.99,completed,Sports,East,1,4
1291,2024-02-17,2314.47,pending,Clothing,West,36,3
1292,2024-02-17,3297.18,completed,Electronics,East,45,3
1293,2024-02-17,2776.45,completed,Clothing,North,29,2
1294,2024-02-17,1610.37,completed,Sports,West,48,3
1295,2024-02-17,1735.2,completed,Books,Central,35,5
1296,2024-02-17,1899.18,failed,Sports,South,31,3
1297,2024-02-17,482.25,pending,Food,North,7,3
1298,2024-02-17,838.65,failed,Books,East,39,5
1299,2024-02-17,3618.34,pending,Electronics,West,42,5
1300,2024-02-17,1951.59,completed,Electronics,South,17,4
1301,2024-02-17,1080.55,completed,Sports,East,8,1
1302,2024-02-17,2817.74,refunded,Clothing,West,29,5
1303,2024-02-17,3780.14,refunded,Food,East,46,1
1304,2024-02-17,1294.54,pending,Food,West,36,1
1305,2024-02-17,4135.68,pending,Books,North,40,2
1306,2024-02-17,4638.25,completed,Home,South,28,3
1307,2024-02-17,2991.0,completed,Sports,East,21,1
1308,2024-02-17,3348.05,failed,Books,South,15,3
1309,2024-02-17,272.35,completed,Home,Central,40,5
1310,2024-02-17,4728.14,completed,Books,West,32,4
1311,2024-02-17,1968.5,completed,Electronics,East,37,5
1312,2024-02-17,4620.26,completed,Food,West,42,5
1313,2024-02-17,2899.1,completed,Home,Central,48,5
1314,2024-02-17,33.05,completed,Sports,North,41,1
1315,2024-02-17,202.32,completed,Food,East,22,4
1316,2024-02-18,3405.29,completed,Clothing,East,7,1
1317,2024-02-18,2817.71,completed,Home,West,28,4
1318,2024-02-18,142.4,completed,Electronics,South,22,5
1319,2024-02-18,3719.87,completed,Home,South,46,1
1320,2024-02-18,4262.21,completed,Sports,West,2,3
1321,2024-02-18,2487.12,completed,Sports,Central,42,1
1322,2024-02-18,2334.13,completed,Clothing,North,32,3
1323,2024-02-18,37.31,completed,Books,West,4,3
1324,2024-02-18,3935.38,failed,Clothing,West,12,5
1325,2024-02-18,1660.27,completed,Electronics,North,4,2
1326,2024-02-18,4395.03,completed,Food,West,46,4
1327,2024-02-18,1871.57,completed,Home,Central,32,4
1328,2024-02-18,2829.74,completed,Clothing,Central,31,4
1329,2024-02-18,1359.01,pending,Electronics,North,26,5
1330,2024-02-18,811.34,refunded,Home,Central,20,1
1331,2024-02-18,3876.79,completed,Home,South,9,1
1332,2024-02-18,2487.99,refunded,Home,East,36,4
1333,2024-02-18,2687.07,completed,Home,South,7,1
1334,2024-02-18,4827.43,completed,Home,West,11,3
1335,2024-02-18,4818.26,completed,Home,North,48,3
1336,2024-02-18,4279.65,completed,Home,West,5,4
1337,2024-02-18,946.17,completed,Sports,North,47,1
1338,2024-02-18,2975.42,completed,Clothing,Central,5,3
1339,2024-02-18,4391.96,completed,Food,South,24,4
1340,2024-02-18,1878.58,completed,Food,East,29,1
1341,2024-02-18,514.52,completed,Books,South,6,2
1342,2024-02-18,4056.7,completed,Sports,North,44,2
1343,2024-02-18,2414.0,completed,Clothing,North,47,2
1344,2024-02-19,2826.32,completed,Electronics,Central,11,3
1345,2024-02-19,4910.9,completed,Books,North,11,1
1346,2024-02-19,3039.99,completed,Home,North,38,3
1347,2024-02-19,2130.65,pending,Home,East,19,1
1348,2024-02-19,1856.22,completed,Electronics,Central,2,1
1349,2024-02-19,2093.92,completed,Books,North,37,3
1350,2024-02-19,600.81,refunded,Books,South,18,5
1351,2024-02-19,3975.81,completed,Food,East,20,4
1352,2024-02-19,4190.21,completed,Sports,East,33,2
1353,2024-02-19,1429.14,completed,Food,North,29,2
1354,2024-02-19,1525.95,completed,Home,Central,41,3
1355,2024-02-19,4372.93,completed,Home,South,40,1
1356,2024-02-19,129.61,completed,Books,West,47,4
1357,2024-02-19,2607.08,completed,Food,East,45,1
1358,2024-02-19,2323.74,failed,Books,East,31,4
1359,2024-02-19,3453.73,completed,Home,Central,28,2
1360,2024-02-19,825.32,completed,Clothing,South,23,2
1361,2024-02-19,3344.97,pending,Home,Central,33,3
1362,2024-02-19,1889.9,completed,Books,South,3,1
1363,2024-02-19,3097.39,failed,Electronics,South,20,2
1364,2024-02-19,210.07,completed,Sports,North,14,2
1365,2024-02-19,2314.02,completed,Clothing,South,28,5
1366,2024-02-19,2616.03,failed,Books,East,46,1
1367,2024-02-19,1079.49,completed,Home,West,24,1
1368,2024-02-19,706.72,pending,Sports,East,29,2
1369,2024-02-19,950.49,completed,Sports,South,20,3
1370,2024-02-19,1727.26,pending,Electronics,South,17,4
1371,2024-02-20,493.08,completed,Home,Central,34,3
1372,2024-02-20,4737.13,completed,Food,South,13,3
1373,2024-02-20,2030.92,completed,Electronics,South,44,3
1374,2024-02-20,4046.76,refunded,Home,Central,6,1
1375,2024-02-20,4872.34,completed,Clothing,West,11,1
1376,2024-02-20,412.87,completed,Clothing,Central,37,4
1377,2024-02-20,3261.83,failed,Electronics,South,5,5
1378,2024-02-20,4358.33,completed,Books,East,21,1
1379,2024-02-20,3174.83,completed,Home,West,19,5
1380,2024-02-20,2150.84,completed,Books,Central,46,5
1381,2024-02-20,2161.07,completed,Home,West,8,4
1382,2024-02-20,189.14,completed,Home,East,23,3
1383,2024-02-20,2677.66,completed,Home,East,23,2
1384,2024-02-20,4967.78,completed,Electronics,South,41,3
1385,2024-02-20,4793.95,completed,Clothing,East,27,1
1386,2024-02-20,211.59,completed,Clothing,South,7,2
1387,2024-02-20,3531.93,completed,Books,North,43,2
1388,2024-02-20,1515.81,pending,Home,Central,8,3
1389,2024-02-20,4515.92,completed,Clothing,North,35,2
1390,2024-02-20,235.12,completed,Books,South,14,3
1391,2024-02-20,4680.01,completed,Clothing,South,6,4
1392,2024-02-20,4189.0,completed,Books,South,10,5
1393,2024-02-20,596.35,pending,Sports,East,47,5
1394,2024-02-20,308.52,completed,Food,Central,48,1
1395,2024-02-20,4175.19,failed,Electronics,South,30,3
1396,2024-02-20,787.23,completed,Food,West,40,3
1397,2024-02-20,2679.14,pending,Sports,West,45,3
1398,2024-02-20,4579.57,pending,Home,West,18,4
1399,2024-02-21,2841.57,completed,Books,West,38,2
1400,2024-02-21,1992.19,refunded,Sports,West,26,3
1401,2024-02-21,2230.63,pending,Food,West,9,5
1402,2024-02-21,324.95,completed,Home,West,27,3
1403,2024-02-21,4844.07,completed,Home,East,3,3
1404,2024-02-21,1560.16,completed,Home,North,30,5
1405,2024-02-21,954.92,completed,Home,East,13,1
1406,2024-02-21,1437.38,completed,Books,West,6,2
1407,2024-02-21,4822.22,completed,Home,South,35,3
1408,2024-02-21,480.49,completed,Books,South,18,1
1409,2024-02-21,4337.84,completed,Books,East,22,3
1410,2024-02-21,3542.14,completed,Books,North,5,5
1411,2024-02-21,4151.8,completed,Clothing,West,4,4
1412,2024-02-21,4879.73,completed,Home,Central,46,1
1413,2024-02-21,4212.35,pending,Food,East,30,5
1414,2024-02-21,4717.48,completed,Books,North,20,4
1415,2024-02-21,643.41,failed,Home,South,33,5
1416,2024-02-21,3980.98,pending,Electronics,North,36,1
1417,2024-02-21,2732.92,pending,Clothing,East,6,5
1418,2024-02-21,2722.04,completed,Home,South,46,1
1419,2024-02-21,4495.62,pending,Food,West,33,1
1420,2024-02-21,4859.3,failed,Books,Central,16,2
1421,2024-02-21,3527.14,pending,Books,East,14,5
1422,2024-02-21,2419.86,completed,Home,Central,5,5
1423,2024-02-21,2287.46,completed,Books,East,13,4
1424,2024-02-21,1937.84,completed,Food,North,17,1
1425,2024-02-21,1814.38,completed,Electronics,Central,11,5
1426,2024-02-22,1963.62,completed,Food,South,33,2
1427,2024-02-22,457.87,pending,Books,Central,13,4
1428,2024-02-22,396.41,completed,Sports,West,25,2
1429,2024-02-22,3901.55,completed,Sports,Central,28,3
1430,2024-02-22,2235.9,failed,Sports,West,4,1
1431,2024-02-22,4654.12,completed,Food,East,9,5
1432,2024-02-22,3064.98,completed,Electronics,South,4,1
1433,2024-02-22,185.53,pending,Clothing,South,34,5
1434,2024-02-22,796.04,pending,Food,South,35,5
1435,2024-02-22,1037.04,completed,Home,South,7,1
1436,2024-02-22,4878.92,completed,Sports,East,37,4
1437,2024-02-22,1101.33,completed,Home,Central,40,2
1438,2024-02-22,2583.62,completed,Home,North,6,2
1439,2024-02-22,4681.52,pending,Electronics,West,6,2
1440,2024-02-22,4886.19,pending,Electronics,West,39,2
1441,2024-02-22,1189.44,completed,Books,East,16,5
1442,2024-02-22,255.1,completed,Clothing,South,17,1
1443,2024-02-22,776.47,completed,Home,East,29,2
1444,2024-02-22,326.01,completed,Food,Central,4,2
1445,2024-02-22,983.67,completed,Electronics,Central,22,3
1446,2024-02-22,2847.16,completed,Clothing,West,17,2
1447,2024-02-22,4563.12,pending,Food,East,41,4
1448,2024-02-22,2690.72,completed,Electronics,West,36,5
1449,2024-02-22,3133.69,completed,Clothing,West,15,4
1450,2024-02-22,1017.32,completed,Books,West,33,2
1451,2024-02-22,4004.91,pending,Home,North,20,5
1452,2024-02-22,3092.77,refunded,Books,North,24,3
1453,2024-02-23,4322.04,completed,Electronics,South,37,2
1454,2024-02-23,4744.73,completed,Food,South,14,4
1455,2024-02-23,1746.02,pending,Sports,West,29,5
1456,2024-02-23,461.99,completed,Food,East,21,2
1457,2024-02-23,1137.39,completed,Books,Central,32,2
1458,2024-02-23,2194.83,completed,Home,West,19,4
1459,2024-02-23,4729.01,failed,Electronics,North,46,3
1460,2024-02-23,1897.77,completed,Food,Central,20,4
1461,2024-02-23,3856.16,completed,Books,West,6,3
1462,2024-02-23,2706.98,completed,Sports,South,24,1
1463,2024-02-23,922.22,completed,Home,North,12,2
1464,2024-02-23,1610.46,completed,Clothing,West,23,5
1465,2024-02-23,3269.43,failed,Food,North,46,5
1466,2024-02-23,3367.54,pending,Sports,South,6,2
1467,2024-02-23,2179.45,completed,Home,East,3,4
1468,2024-02-23,1150.94,completed,Sports,North,15,1
1469,2024-02-23,3612.31,pending,Sports,South,22,2
1470,2024-02-23,852.68,pending,Clothing,South,7,4
1471,2024-02-23,4683.98,completed,Food,North,35,1
1472,2024-02-23,947.64,completed,Books,Central,30,4
1473,2024-02-23,545.49,completed,Clothing,South,35,5
1474,2024-02-23,2493.26,completed,Sports,East,21,1
1475,2024-02-23,2602.55,completed,Books,Central,46,3
1476,2024-02-23,2545.88,completed,Food,East,33,2
1477,2024-02-23,2188.97,completed,Food,South,46,4
1478,2024-02-23,4974.13,failed,Sports,West,5,5
1479,2024-02-23,2436.54,pending,Food,West,33,1
1480,2024-02-23,2394.95,pending,Clothing,North,17,4
1481,2024-02-24,2114.61,completed,Food,Central,10,1
1482,2024-02-24,343.46,completed,Food,North,9,3
1483,2024-02-24,2968.85,completed,Books,West,10,3
1484,2024-02-24,1147.56,completed,Home,North,5,3
1485,2024-02-24,3191.67,completed,Food,North,23,4
1486,2024-02-24,263.66,completed,Clothing,North,38,4
1487,2024-02-24,4907.12,refunded,Home,West,23,2
1488,2024-02-24,2350.34,failed,Electronics,East,7,4
1489,2024-02-24,4484.81,completed,Home,West,35,3
1490,2024-02-24,2383.05,pending,Electronics,South,9,1
1491,2024-02-24,311.05,completed,Food,North,43,4
1492,2024-02-24,4112.85,completed,Home,West,18,2
1493,2024-02-24,3244.44,completed,Electronics,Central,1,1
1494,2024-02-24,3910.97,completed,Electronics,Central,15,3
1495,2024-02-24,2146.57,completed,Books,North,41,3
1496,2024-02-24,3193.3,completed,Clothing,Central,46,4
1497,2024-02-24,4282.58,completed,Electronics,East,21,3
1498,2024-02-24,3159.02,refunded,Sports,North,49,4
1499,2024-02-24,1744.89,completed,Home,North,12,2
1500,2024-02-24,3316.02,completed,Sports,East,21,4
1501,2024-02-24,3362.55,completed,Home,West,23,5
1502,2024-02-24,4803.33,completed,Books,North,10,3
1503,2024-02-24,1860.85,completed,Books,East,19,4
1504,2024-02-24,2131.16,completed,Home,South,25,2
1505,2024-02-24,4062.49,failed,Books,Central,35,4
1506,2024-02-24,2533.75,completed,Electronics,West,25,5
1507,2024-02-24,3685.5,completed,Clothing,South,6,5
1508,2024-02-25,2303.95,completed,Books,East,23,5
1509,2024-02-25,1085.32,failed,Home,Central,42,2
1510,2024-02-25,3728.57,completed,Books,West,1,5
1511,2024-02-25,664.46,completed,Food,South,49,2
1512,2024-02-25,1000.93,refunded,Clothing,Central,7,5
1513,2024-02-25,3137.86,completed,Sports,West,1,1
1514,2024-02-25,3738.88,completed,Home,North,7,5
1515,2024-02-25,4474.49,completed,Clothing,West,13,2
1516,2024-02-25,1370.21,completed,Books,Central,18,2
1517,2024-02-25,562.51,refunded,Food,Central,41,3
1518,2024-02-25,4780.67,completed,Clothing,North,29,3
1519,2024-02-25,780.57,completed,Food,Central,32,1
1520,2024-02-25,996.36,completed,Electronics,Central,44,3
1521,2024-02-25,1463.73,completed,Books,North,7,5
1522,2024-02-25,2651.66,completed,Electronics,West,11,3
1523,2024-02-25,4415.3,failed,Food,West,48,3
1524,2024-02-25,3805.12,completed,Home,North,38,5
1525,2024-02-25,3543.71,failed,Electronics,Central,3,1
1526,2024-02-25,884.15,pending,Clothing,South,12,2
1527,2024-02-25,1794.84,completed,Sports,South,19,5
1528,2024-02-25,2397.24,pending,Home,South,2,1
1529,2024-02-25,745.66,pending,Home,East,29,2
1530,2024-02-25,1374.41,completed,Electronics,West,32,2
1531,2024-02-25,1548.58,completed,Clothing,Central,17,5
1532,2024-02-25,645.11,completed,Home,South,11,1
1533,2024-02-25,2755.7,completed,Books,Central,21,2
1534,2024-02-25,3528.09,pending,Home,Central,46,3
1535,2024-02-25,358.96,completed,Electronics,North,36,1
1536,2024-02-26,2410.8,completed,Electronics,South,46,1
1537,2024-02-26,3913.23,completed,Clothing,North,28,2
1538,2024-02-26,3742.47,completed,Electronics,Central,6,1
1539,2024-02-26,4077.21,pending,Home,East,3,5
1540,2024-02-26,2246.72,pending,Sports,South,10,3
1541,2024-02-26,4104.58,pending,Food,Central,26,1
1542,2024-02-26,1211.36,completed,Electronics,West,11,4
1543,2024-02-26,1810.44,completed,Electronics,Central,16,4
1544,2024-02-26,890.01,pending,Clothing,Central,45,4
1545,2024-02-26,2342.75,completed,Sports,Central,3,3
1546,2024-02-26,1966.38,completed,Sports,South,4,1
1547,2024-02-26,1212.23,completed,Books,South,20,4
1548,2024-02-26,3761.39,completed,Home,North,37,5
1549,2024-02-26,1576.1,completed,Home,South,41,2
1550,2024-02-26,1371.29,completed,Sports,East,15,1
1551,2024-02-26,663.14,completed,Electronics,East,15,2
1552,2024-02-26,2199.72,failed,Home,West,29,4
1553,2024-02-26,1521.79,completed,Home,West,43,4
1554,2024-02-26,1852.67,completed,Books,Central,9,5
1555,2024-02-26,1187.63,pending,Books,East,44,3
1556,2024-02-26,3818.15,completed,Sports,South,40,5
1557,2024-02-26,4650.72,completed,Books,East,14,2
1558,2024-02-26,2494.68,refunded,Food,Central,33,3
1559,2024-02-26,3218.56,pending,Sports,Central,31,4
1560,2024-02-26,4337.19,completed,Sports,Central,2,2
1561,2024-02-26,4994.16,pending,Electronics,East,20,2
1562,2024-02-26,3071.45,completed,Sports,West,12,5
1563,2024-02-27,4450.0,completed,Clothing,East,4,3
1564,2024-02-27,4543.96,completed,Books,North,23,4
1565,2024-02-27,3959.34,completed,Electronics,West,35,4
1566,2024-02-27,2310.05,completed,Home,North,27,4
1567,2024-02-27,414.96,completed,Sports,West,5,5
1568,2024-02-27,88.87,pending,Food,Central,41,2
1569,2024-02-27,2391.23,completed,Books,North,4,2
1570,2024-02-27,2476.63,completed,Books,West,19,5
1571,2024-02-27,2042.74,pending,Electronics,Central,28,3
1572,2024-02-27,2845.16,refunded,Books,West,46,5
1573,2024-02-27,2765.29,completed,Sports,West,37,5
1574,2024-02-27,4184.7,failed,Clothing,Central,10,4
1575,2024-02-27,552.2,pending,Food,West,21,4
1576,2024-02-27,1133.64,completed,Clothing,North,43,5
1577,2024-02-27,3967.09,completed,Electronics,West,13,2
1578,2024-02-27,4240.71,completed,Home,West,45,3
1579,2024-02-27,4974.17,completed,Books,South,27,3
1580,2024-02-27,4365.83,completed,Food,West,31,1
1581,2024-02-27,4450.6,completed,Food,Central,33,3
1582,2024-02-27,1578.6,pending,Sports,Central,48,4
1583,2024-02-27,2014.29,completed,Electronics,Central,34,3
1584,2024-02-27,1347.74,completed,Books,West,21,4
1585,2024-02-27,3035.43,failed,Clothing,North,29,1
1586,2024-02-27,4694.64,refunded,Home,East,35,3
1587,2024-02-27,1729.76,pending,Sports,South,30,5
1588,2024-02-27,2789.44,completed,Sports,North,1,2
1589,2024-02-27,1488.54,completed,Electronics,South,45,3
1590,2024-02-28,857.3,completed,Electronics,Central,14,4
1591,2024-02-28,983.98,completed,Food,East,32,4
1592,2024-02-28,299.15,completed,Food,West,28,1
1593,2024-02-28,4746.97,failed,Sports,East,6,1
1594,2024-02-28,2020.37,completed,Sports,South,43,4
1595,2024-02-28,4172.26,completed,Food,East,5,3
1596,2024-02-28,3409.83,completed,Electronics,Central,47,5
1597,2024-02-28,967.69,completed,Clothing,South,46,5
1598,2024-02-28,885.56,completed,Books,South,29,1
1599,2024-02-28,4061.82,pending,Clothing,Central,47,2
1600,2024-02-28,1330.91,completed,Clothing,South,42,5
1601,2024-02-28,4567.29,pending,Clothing,Central,45,2
1602,2024-02-28,708.88,completed,Electronics,Central,40,1
1603,2024-02-28,3391.77,completed,Books,North,46,1
1604,2024-02-28,4074.22,refunded,Home,West,38,3
1605,2024-02-28,1183.93,completed,Home,North,44,2
1606,2024-02-28,1388.27,completed,Home,Central,6,5
1607,2024-02-28,4822.95,completed,Books,North,21,5
1608,2024-02-28,1330.34,completed,Sports,Central,24,1
1609,2024-02-28,2155.49,completed,Electronics,West,45,5
1610,2024-02-28,2168.25,completed,Clothing,East,24,1
1611,2024-02-28,1272.64,completed,Sports,South,22,4
1612,2024-02-28,3881.2,completed,Home,South,39,5
1613,2024-02-28,3861.53,completed,Home,East,32,2
1614,2024-02-28,1897.81,pending,Books,Central,29,1
1615,2024-02-28,4177.28,failed,Electronics,Central,45,1
1616,2024-02-28,1073.24,completed,Home,East,41,2
1617,2024-02-28,31.49,completed,Clothing,South,35,5
1618,2024-02-29,2860.13,completed,Electronics,East,47,3
1619,2024-02-29,4970.45,completed,Sports,Central,3,3
1620,2024-02-29,202.84,completed,Clothing,East,28,1
1621,2024-02-29,1047.91,pending,Clothing,Central,2,4
1622,2024-02-29,2599.38,completed,Sports,North,39,1
1623,2024-02-29,4051.6,completed,Home,East,7,4
1624,2024-02-29,454.32,completed,Home,North,28,5
1625,2024-02-29,1982.22,pending,Electronics,West,39,4
1626,2024-02-29,3737.91,completed,Clothing,West,31,3
1627,2024-02-29,1864.0,completed,Sports,South,3,4
1628,2024-02-29,952.29,refunded,Clothing,West,24,2
1629,2024-02-29,985.52,completed,Electronics,Central,39,4
1630,2024-02-29,2056.14,completed,Books,East,48,4
1631,2024-02-29,2402.29,completed,Books,East,45,1
1632,2024-02-29,4310.45,completed,Home,North,41,2
1633,2024-02-29,3214.84,completed,Food,North,16,4
1634,2024-02-29,3455.11,completed,Sports,East,37,3
1635,2024-02-29,4915.11,completed,Books,East,9,2
1636,2024-02-29,2065.1,completed,Home,West,17,5
1637,2024-02-29,2022.74,pending,Food,Central,14,5
1638,2024-02-29,4617.5,pending,Sports,North,24,4
1639,2024-02-29,1236.92,failed,Home,North,43,3
1640,2024-02-29,3651.78,refunded,Home,East,43,3
1641,2024-02-29,3775.32,pending,Food,South,44,5
1642,2024-02-29,497.96,completed,Books,West,46,3
1643,2024-02-29,2346.47,completed,Books,South,2,5
1644,2024-02-29,1010.81,completed,Electronics,East,49,5
1645,2024-03-01,935.02,completed,Clothing,East,44,5
1646,2024-03-01,2324.5,completed,Sports,West,36,4
1647,2024-03-01,1454.25,completed,Electronics,North,4,2
1648,2024-03-01,3982.34,completed,Books,Central,36,2
1649,2024-03-01,4538.95,completed,Food,South,34,5
1650,2024-03-01,4015.58,pending,Food,South,5,3
1651,2024-03-01,1337.49,completed,Home,West,10,2
1652,2024-03-01,1377.93,completed,Clothing,North,37,1
1653,2024-03-01,1281.09,completed,Sports,East,9,4
1654,2024-03-01,683.84,completed,Sports,North,17,5
1655,2024-03-01,4719.55,completed,Home,South,30,2
1656,2024-03-01,2016.22,completed,Sports,West,43,4
1657,2024-03-01,1131.2,completed,Books,South,14,2
1658,2024-03-01,4234.89,completed,Food,Central,1,2
1659,2024-03-01,2001.98,completed,Sports,South,42,3
1660,2024-03-01,185.23,refunded,Home,West,46,2
1661,2024-03-01,818.09,pending,Clothing,North,42,5
1662,2024-03-01,3199.86,completed,Food,Central,24,5
1663,2024-03-01,3916.7,completed,Food,West,36,2
1664,2024-03-01,1062.56,completed,Electronics,West,7,2
1665,2024-03-01,4587.8,pending,Clothing,South,32,1
1666,2024-03-01,4256.48,completed,Electronics,South,30,4
1667,2024-03-01,4243.42,pending,Sports,East,32,4
1668,2024-03-01,1146.03,failed,Food,South,34,5
1669,2024-03-01,262.17,completed,Books,North,44,3
1670,2024-03-01,4338.44,completed,Electronics,West,39,5
1671,2024-03-01,1535.94,completed,Books,West,2,1
1672,2024-03-01,3098.39,completed,Sports,West,35,2
1673,2024-03-02,3802.23,completed,Sports,East,36,3
1674,2024-03-02,650.18,pending,Sports,East,28,4
1675,2024-03-02,3906.38,completed,Electronics,Central,31,2
1676,2024-03-02,4693.17,completed,Books,East,5,2
1677,2024-03-02,3644.59,completed,Food,West,13,1
1678,2024-03-02,2211.7,failed,Home,East,43,5
1679,2024-03-02,4384.62,completed,Sports,North,1,3
1680,2024-03-02,2642.01,completed,Home,South,49,1
1681,2024-03-02,3726.41,completed,Electronics,West,11,2
1682,2024-03-02,4104.32,completed,Food,West,39,3
1683,2024-03-02,3749.27,failed,Sports,West,11,3
1684,2024-03-02,1446.4,refunded,Electronics,West,2,3
1685,2024-03-02,598.04,pending,Books,South,30,1
1686,2024-03-02,1199.31,pending,Clothing,Central,38,5
1687,2024-03-02,2519.35,completed,Electronics,West,5,5
1688,2024-03-02,2531.33,completed,Books,South,14,2
1689,2024-03-02,2917.4,completed,Food,East,15,2
1690,2024-03-02,1981.56,completed,Food,Central,48,1
1691,2024-03-02,3936.59,completed,Clothing,North,16,1
1692,2024-03-02,4566.64,pending,Sports,South,4,5
1693,2024-03-02,1241.16,completed,Books,North,49,1
1694,2024-03-02,3685.25,completed,Sports,South,5,2
1695,2024-03-02,3393.08,completed,Sports,South,24,5
1696,2024-03-02,2620.22,pending,Books,Central,9,2
1697,2024-03-02,950.77,pending,Electronics,Central,13,4
1698,2024-03-02,3978.21,completed,Electronics,Central,37,1
1699,2024-03-02,4803.53,pending,Home,South,7,5
1700,2024-03-03,3611.96,pending,Clothing,Central,32,5
1701,2024-03-03,4590.12,completed,Food,North,28,5
1702,2024-03-03,4921.08,pending,Food,North,36,4
1703,2024-03-03,1766.73,completed,Home,South,8,5
1704,2024-03-03,3194.74,completed,Sports,South,18,4
1705,2024-03-03,2374.92,completed,Food,Central,1,2
1706,2024-03-03,4933.28,completed,Sports,West,44,5
1707,2024-03-03,478.1,completed,Books,West,49,2
1708,2024-03-03,2067.75,completed,Books,Central,22,5
1709,2024-03-03,4378.94,completed,Home,West,26,5
1710,2024-03-03,1427.42,completed,Sports,East,7,3
1711,2024-03-03,3941.09,completed,Electronics,North,43,2
1712,2024-03-03,1920.09,completed,Books,North,38,1
1713,2024-03-03,4900.09,completed,Sports,Central,6,3
1714,2024-03-03,4418.81,completed,Electronics,East,26,4
1715,2024-03-03,1513.59,pending,Food,Central,9,3
1716,2024-03-03,3853.26,failed,Clothing,North,30,4
1717,2024-03-03,1690.91,completed,Sports,West,33,1
1718,2024-03-03,3035.75,pending,Electronics,South,19,1
1719,2024-03-03,3295.82,completed,Books,South,22,2
1720,2024-03-03,4149.68,refunded,Electronics,West,35,5
1721,2024-03-03,132.01,completed,Home,East,8,3
1722,2024-03-03,1108.59,completed,Clothing,North,2,2
1723,2024-03-03,3562.47,completed,Food,Central,21,4
1724,2024-03-03,2821.98,completed,Sports,West,25,3
1725,2024-03-03,2483.07,completed,Food,South,15,1
1726,2024-03-03,285.5,completed,Electronics,West,21,3
1727,2024-03-04,1747.9,completed,Home,North,6,4
1728,2024-03-04,4326.85,completed,Electronics,East,37,5
1729,2024-03-04,164.16,pending,Food,East,38,2
1730,2024-03-04,1988.22,completed,Electronics,South,14,1
1731,2024-03-04,4726.29,failed,Sports,East,32,5
1732,2024-03-04,263.89,completed,Clothing,Central,12,2
1733,2024-03-04,3751.03,refunded,Home,North,20,1
1734,2024-03-04,1295.49,completed,Clothing,East,16,3
1735,2024-03-04,4334.38,pending,Sports,Central,48,1
1736,2024-03-04,3732.88,failed,Electronics,Central,24,5
1737,2024-03-04,4429.67,pending,Electronics,Central,32,4
1738,2024-03-04,1087.46,pending,Clothing,East,11,3
1739,2024-03-04,2661.15,completed,Home,East,46,3
1740,2024-03-04,3898.56,pending,Home,East,34,2
1741,2024-03-04,1236.04,completed,Books,Central,6,3
1742,2024-03-04,1161.42,completed,Food,Central,17,5
1743,2024-03-04,145.64,refunded,Clothing,South,25,4
1744,2024-03-04,4792.99,completed,Clothing,North,21,4
1745,2024-03-04,3552.98,completed,Food,South,40,5
1746,2024-03-04,3181.45,failed,Food,South,28,1
1747,2024-03-04,3722.53,completed,Sports,South,28,5
1748,2024-03-04,2662.75,completed,Clothing,Central,19,1
1749,2024-03-04,2385.91,completed,Electronics,South,42,2
1750,2024-03-04,2253.17,pending,Books,East,35,4
1751,2024-03-04,3205.79,failed,Clothing,South,35,1
1752,2024-03-04,1015.66,completed,Food,South,33,3
1753,2024-03-04,4441.41,completed,Sports,North,33,2
1754,2024-03-04,4060.64,completed,Home,Central,38,1
1755,2024-03-05,1754.32,completed,Books,West,12,1
1756,2024-03-05,2897.26,completed,Home,North,26,3
1757,2024-03-05,713.73,refunded,Clothing,West,7,1
1758,2024-03-05,4862.01,completed,Sports,West,19,5
1759,2024-03-05,4515.43,completed,Home,South,15,3
1760,2024-03-05,4610.27,completed,Clothing,West,10,4
1761,2024-03-05,1667.49,completed,Sports,Central,27,2
1762,2024-03-05,853.98,completed,Food,West,22,3
1763,2024-03-05,1066.74,completed,Home,West,23,1
1764,2024-03-05,459.11,completed,Clothing,East,43,1
1765,2024-03-05,609.35,failed,Home,South,18,4
1766,2024-03-05,365.81,completed,Sports,North,6,2
1767,2024-03-05,4949.22,completed,Sports,Central,39,5
1768,2024-03-05,379.55,pending,Electronics,Central,11,5
1769,2024-03-05,671.38,completed,Electronics,South,48,1
1770,2024-03-05,4138.0,completed,Books,Central,33,4
1771,2024-03-05,2905.4,completed,Food,North,13,4
1772,2024-03-05,3874.34,completed,Clothing,South,29,2
1773,2024-03-05,3158.25,completed,Home,North,46,5
1774,2024-03-05,4412.05,completed,Food,South,45,4
1775,2024-03-05,3195.95,completed,Food,South,20,2
1776,2024-03-05,2615.4,completed,Clothing,East,2,1
1777,2024-03-05,3566.62,completed,Home,East,4,3
1778,2024-03-05,2242.49,completed,Food,North,44,2
1779,2024-03-05,1736.86,completed,Clothing,North,33,3
1780,2024-03-05,2343.59,failed,Sports,Central,36,2
1781,2024-03-05,856.87,completed,Electronics,East,36,2
1782,2024-03-06,3984.89,completed,Books,Central,39,5
1783,2024-03-06,1310.91,completed,Books,North,25,5
1784,2024-03-06,776.12,completed,Clothing,South,19,4
1785,2024-03-06,1239.3,completed,Sports,North,12,2
1786,2024-03-06,4211.93,completed,Electronics,Central,16,3
1787,2024-03-06,1657.7,completed,Home,North,37,2
1788,2024-03-06,3433.39,completed,Home,Central,1,3
1789,2024-03-06,4283.48,pending,Clothing,North,8,3
1790,2024-03-06,397.95,completed,Food,West,39,5
1791,2024-03-06,3827.47,pending,Clothing,East,32,4
1792,2024-03-06,1545.25,completed,Books,Central,8,1
1793,2024-03-06,1090.95,completed,Food,North,2,5
1794,2024-03-06,3447.62,completed,Food,South,12,1
1795,2024-03-06,4549.89,completed,Home,West,6,1
1796,2024-03-06,1482.15,pending,Books,Central,14,5
1797,2024-03-06,2848.48,completed,Home,East,41,2
1798,2024-03-06,1456.27,completed,Books,North,43,5
1799,2024-03-06,2775.89,completed,Food,West,15,1
1800,2024-03-06,3113.09,completed,Electronics,East,15,2
1801,2024-03-06,3055.57,pending,Electronics,West,41,5
1802,2024-03-06,3121.5,completed,Books,East,21,1
1803,2024-03-06,684.05,pending,Books,Central,11,3
1804,2024-03-06,3470.77,pending,Books,North,37,4
1805,2024-03-06,3377.0,completed,Home,West,25,2
1806,2024-03-06,3416.11,completed,Electronics,West,44,1
1807,2024-03-06,379.61,completed,Books,East,43,5
1808,2024-03-06,2239.73,completed,Sports,East,39,4
1809,2024-03-06,2051.09,completed,Books,West,48,5
1810,2024-03-07,442.69,pending,Clothing,East,27,4
1811,2024-03-07,1119.62,refunded,Food,South,27,4
1812,2024-03-07,2210.4,completed,Electronics,East,1,4
1813,2024-03-07,3717.1,failed,Clothing,Central,9,4
1814,2024-03-07,1192.94,refunded,Sports,North,8,3
1815,2024-03-07,4150.45,completed,Books,Central,46,5
1816,2024-03-07,2733.53,pending,Home,South,13,5
1817,2024-03-07,3804.5,completed,Sports,North,31,2
1818,2024-03-07,2368.05,completed,Clothing,North,21,5
1819,2024-03-07,2500.98,completed,Sports,North,38,2
1820,2024-03-07,3102.4,completed,Sports,Central,18,4
1821,2024-03-07,4640.57,pending,Clothing,South,46,5
1822,2024-03-07,2464.14,completed,Electronics,West,26,3
1823,2024-03-07,2648.0,pending,Sports,North,12,1
1824,2024-03-07,3013.96,completed,Sports,East,21,5
1825,2024-03-07,3690.2,completed,Electronics,East,18,4
1826,2024-03-07,368.53,completed,Food,West,36,3
1827,2024-03-07,2583.28,completed,Home,Central,16,5
1828,2024-03-07,2413.14,completed,Sports,West,3,1
1829,2024-03-07,4609.21,completed,Sports,West,39,3
1830,2024-03-07,2472.6,completed,Food,South,49,1
1831,2024-03-07,2346.92,completed,Electronics,North,13,1
1832,2024-03-07,4811.38,completed,Food,North,42,2
1833,2024-03-07,2258.38,completed,Sports,South,2,3
1834,2024-03-07,912.61,completed,Home,East,17,1
1835,2024-03-07,1092.41,completed,Books,North,1,3
1836,2024-03-07,484.99,failed,Electronics,South,20,4
1837,2024-03-08,12.83,completed,Books,West,30,1
1838,2024-03-08,2165.41,failed,Clothing,Central,48,1
1839,2024-03-08,3848.52,completed,Books,Central,42,4
1840,2024-03-08,3670.0,completed,Food,South,46,3
1841,2024-03-08,170.42,failed,Books,North,32,1
1842,2024-03-08,2854.21,failed,Books,East,20,5
1843,2024-03-08,779.87,completed,Books,Central,45,3
1844,2024-03-08,4705.97,completed,Electronics,East,3,1
1845,2024-03-08,845.15,completed,Home,Central,40,2
1846,2024-03-08,3136.93,completed,Books,West,49,3
1847,2024-03-08,1637.93,pending,Books,Central,2,2
1848,2024-03-08,3211.39,completed,Food,Central,33,5
1849,2024-03-08,2067.17,completed,Electronics,North,43,4
1850,2024-03-08,3800.62,completed,Books,East,34,1
1851,2024-03-08,1161.09,completed,Food,North,48,2
1852,2024-03-08,4529.9,completed,Home,North,14,2
1853,2024-03-08,2506.05,completed,Books,East,32,1
1854,2024-03-08,3782.9,failed,Food,West,41,1
1855,2024-03-08,4250.15,completed,Electronics,Central,4,1
1856,2024-03-08,4994.15,completed,Books,North,28,4
1857,2024-03-08,1127.49,completed,Home,North,48,2
1858,2024-03-08,1441.59,completed,Food,North,24,3
1859,2024-03-08,1259.66,completed,Books,Central,40,1
1860,2024-03-08,1321.73,completed,Electronics,West,37,5
1861,2024-03-08,2916.4,refunded,Food,East,14,5
1862,2024-03-08,4967.68,refunded,Sports,North,19,4
1863,2024-03-08,4951.49,pending,Food,South,25,2
1864,2024-03-09,2638.6,pending,Home,North,22,4
1865,2024-03-09,3198.75,completed,Food,North,30,2
1866,2024-03-09,4301.25,completed,Sports,East,32,5
1867,2024-03-09,4665.34,completed,Books,East,21,4
1868,2024-03-09,1027.26,pending,Home,East,32,1
1869,2024-03-09,2647.42,completed,Books,Central,33,1
1870,2024-03-09,4165.86,completed,Food,Central,48,4
1871,2024-03-09,1522.98,completed,Food,North,40,4
1872,2024-03-09,2204.65,completed,Books,South,28,4
1873,2024-03-09,4928.25,completed,Home,East,9,2
1874,2024-03-09,4925.38,completed,Clothing,East,16,4
1875,2024-03-09,4531.47,completed,Home,East,17,2
1876,2024-03-09,3994.26,completed,Home,West,15,4
1877,2024-03-09,1352.96,pending,Sports,North,47,2
1878,2024-03-09,1611.04,completed,Books,Central,27,1
1879,2024-03-09,2740.94,completed,Home,South,49,5
1880,2024-03-09,2808.28,completed,Clothing,South,6,5
1881,2024-03-09,2532.46,completed,Books,South,35,4
1882,2024-03-09,3186.98,pending,Sports,West,29,4
1883,2024-03-09,2047.53,completed,Sports,West,38,4
1884,2024-03-09,3748.38,failed,Books,West,20,4
1885,2024-03-09,1674.41,completed,Food,East,26,3
1886,2024-03-09,1660.08,completed,Home,South,18,5
1887,2024-03-09,644.86,refunded,Sports,West,35,4
1888,2024-03-09,951.67,completed,Sports,North,10,3
1889,2024-03-09,4254.1,pending,Books,South,33,3
1890,2024-03-09,2236.95,completed,Home,West,25,5
1891,2024-03-09,1147.06,completed,Food,West,40,3
1892,2024-03-10,3799.11,completed,Books,South,2,1
1893,2024-03-10,2774.37,completed,Sports,South,9,5
1894,2024-03-10,115.57,pending,Books,South,30,1
1895,2024-03-10,1588.64,completed,Clothing,Central,19,2
1896,2024-03-10,893.24,completed,Sports,East,14,2
1897,2024-03-10,3282.81,completed,Food,North,46,1
1898,2024-03-10,1382.4,completed,Electronics,North,45,2
1899,2024-03-10,334.08,completed,Food,North,5,1
1900,2024-03-10,284.13,refunded,Electronics,South,26,3
1901,2024-03-10,2912.82,completed,Home,South,33,5
1902,2024-03-10,118.4,completed,Home,East,39,2
1903,2024-03-10,4245.47,completed,Clothing,West,10,2
1904,2024-03-10,785.43,completed,Home,Central,42,4
1905,2024-03-10,3036.77,completed,Sports,East,33,4
1906,2024-03-10,2228.99,pending,Home,West,44,5
1907,2024-03-10,2219.83,completed,Electronics,West,34,3
1908,2024-03-10,368.27,pending,Electronics,South,43,4
1909,2024-03-10,4015.73,completed,Home,West,2,5
1910,2024-03-10,4466.33,completed,Clothing,South,12,3
1911,2024-03-10,64.97,failed,Books,South,27,5
1912,2024-03-10,901.23,failed,Home,Central,15,5
1913,2024-03-10,4520.48,failed,Food,Central,10,1
1914,2024-03-10,2751.97,completed,Electronics,West,35,4
1915,2024-03-10,758.7,refunded,Sports,East,49,4
1916,2024-03-10,1021.92,pending,Food,West,27,5
1917,2024-03-10,3303.33,pending,Electronics,West,30,3
1918,2024-03-10,3626.84,completed,Food,North,30,2
1919,2024-03-11,3001.14,refunded,Books,South,21,3
1920,2024-03-11,4766.21,completed,Home,North,34,4
1921,2024-03-11,2475.38,pending,Clothing,East,40,5
1922,2024-03-11,1508.36,completed,Books,South,6,1
1923,2024-03-11,2391.39,pending,Clothing,South,14,1
1924,2024-03-11,1804.73,pending,Clothing,Central,9,2
1925,2024-03-11,1129.84,completed,Clothing,South,39,3
1926,2024-03-11,239.36,completed,Books,Central,32,1
1927,2024-03-11,1767.54,completed,Books,East,33,5
1928,2024-03-11,3559.93,pending,Electronics,North,31,4
1929,2024-03-11,102.0,pending,Electronics,North,27,5
1930,2024-03-11,2201.5,pending,Sports,West,41,1
1931,2024-03-11,3223.61,pending,Clothing,Central,8,2
1932,2024-03-11,3055.92,completed,Books,Central,34,3
1933,2024-03-11,3885.48,completed,Electronics,North,41,4
1934,2024-03-11,4054.49,completed,Books,Central,11,4
1935,2024-03-11,3561.41,failed,Home,South,35,3
1936,2024-03-11,522.96,completed,Food,East,4,2
1937,2024-03-11,2380.36,failed,Books,North,9,2
1938,2024-03-11,3021.0,refunded,Clothing,South,20,2
1939,2024-03-11,1235.37,completed,Clothing,South,49,4
1940,2024-03-11,222.33,pending,Electronics,Central,19,5
1941,2024-03-11,1125.72,completed,Food,South,22,3
1942,2024-03-11,2279.92,completed,Home,South,38,5
1943,2024-03-11,2075.51,completed,Electronics,South,40,2
1944,2024-03-11,891.57,completed,Food,South,33,5
1945,2024-03-11,4123.83,completed,Home,East,2,1
1946,2024-03-11,4629.18,completed,Food,South,43,4
1947,2024-03-12,1014.73,completed,Sports,South,13,5
1948,2024-03-12,4648.57,completed,Food,East,25,2
1949,2024-03-12,99.13,completed,Books,West,36,4
1950,2024-03-12,4625.56,completed,Home,North,15,1
1951,2024-03-12,4760.12,failed,Books,South,34,5
1952,2024-03-12,70.14,completed,Sports,East,25,3
1953,2024-03-12,3817.47,completed,Sports,Central,8,3
1954,2024-03-12,4851.31,refunded,Electronics,Central,11,5
1955,2024-03-12,4530.45,pending,Electronics,Central,38,5
1956,2024-03-12,4853.84,completed,Books,East,3,2
1957,2024-03-12,2756.11,pending,Food,North,19,5
1958,2024-03-12,400.0,completed,Food,Central,25,2
1959,2024-03-12,4250.45,pending,Food,West,19,5
1960,2024-03-12,3073.0,completed,Sports,Central,21,4
1961,2024-03-12,3077.54,completed,Home,Central,48,3
1962,2024-03-12,2092.1,completed,Home,West,2,3
1963,2024-03-12,2863.49,pending,Electronics,East,49,2
1964,2024-03-12,776.36,completed,Sports,West,36,3
1965,2024-03-12,3701.45,completed,Sports,West,45,3
1966,2024-03-12,384.34,completed,Home,Central,32,5
1967,2024-03-12,3651.61,pending,Food,South,47,3
1968,2024-03-12,4246.4,completed,Books,East,4,3
1969,2024-03-12,2367.62,completed,Food,East,36,4
1970,2024-03-12,2554.05,completed,Food,South,35,5
1971,2024-03-12,1567.95,pending,Clothing,East,46,5
1972,2024-03-12,4847.6,completed,Books,Central,5,2
1973,2024-03-12,3668.29,failed,Electronics,North,25,5
1974,2024-03-13,1851.25,completed,Sports,East,26,3
1975,2024-03-13,882.29,completed,Home,West,5,1
1976,2024-03-13,1105.7,completed,Clothing,Central,31,1
1977,2024-03-13,2324.97,completed,Clothing,South,24,2
1978,2024-03-13,4713.42,completed,Books,South,25,2
1979,2024-03-13,3673.39,completed,Home,North,34,3
1980,2024-03-13,1084.07,failed,Electronics,South,37,1
1981,2024-03-13,4299.21,completed,Food,Central,33,1
1982,2024-03-13,1897.22,completed,Clothing,West,19,1
1983,2024-03-13,4260.09,completed,Home,East,48,5
1984,2024-03-13,1216.08,completed,Home,West,11,2
1985,2024-03-13,3097.12,completed,Electronics,Central,17,4
1986,2024-03-13,4634.09,completed,Electronics,East,24,3
1987,2024-03-13,1296.89,completed,Electronics,South,16,2
1988,2024-03-13,3467.7,completed,Sports,Central,17,2
1989,2024-03-13,4936.69,failed,Home,Central,46,1
1990,2024-03-13,761.49,completed,Food,East,8,1
1991,2024-03-13,451.13,failed,Electronics,North,26,4
1992,2024-03-13,3374.23,completed,Books,North,24,3
1993,2024-03-13,1705.28,failed,Home,North,5,5
1994,2024-03-13,365.51,completed,Home,West,10,1
1995,2024-03-13,2381.78,completed,Food,North,14,5
1996,2024-03-13,3771.32,pending,Sports,North,24,1
1997,2024-03-13,1432.76,completed,Home,West,21,4
1998,2024-03-13,1681.88,completed,Sports,East,30,5
1999,2024-03-13,4230.04,pending,Food,East,19,1
2000,2024-03-13,2605.16,completed,Clothing,North,39,3
2001,2024-03-14,4215.23,completed,Food,South,18,5
2002,2024-03-14,2237.48,completed,Food,South,42,5
2003,2024-03-14,4765.35,completed,Home,West,49,2
2004,2024-03-14,3257.47,refunded,Sports,Central,33,1
2005,2024-03-14,588.34,completed,Home,Central,5,2
2006,2024-03-14,4426.61,completed,Sports,North,44,3
2007,2024-03-14,2451.43,completed,Food,West,41,2
2008,2024-03-14,716.78,failed,Sports,West,28,1
2009,2024-03-14,771.92,pending,Books,North,17,3
2010,2024-03-14,3440.79,completed,Sports,West,35,3
2011,2024-03-14,246.39,refunded,Clothing,East,31,2
2012,2024-03-14,1440.1,completed,Clothing,North,38,5
2013,2024-03-14,707.54,failed,Clothing,West,32,2
2014,2024-03-14,2210.98,completed,Clothing,Central,41,5
2015,2024-03-14,2077.63,completed,Home,East,48,1
2016,2024-03-14,2614.16,completed,Home,South,37,3
2017,2024-03-14,1405.39,refunded,Electronics,East,16,5
2018,2024-03-14,169.9,failed,Books,East,45,2
2019,2024-03-14,3075.79,completed,Home,Central,41,4
2020,2024-03-14,1874.85,completed,Sports,West,24,4
2021,2024-03-14,3260.16,completed,Books,West,3,2
2022,2024-03-14,552.25,completed,Books,West,47,4
2023,2024-03-14,78.75,completed,Clothing,West,27,4
2024,2024-03-14,1248.99,completed,Home,South,20,3
2025,2024-03-14,2288.17,completed,Electronics,North,30,2
2026,2024-03-14,1976.42,completed,Home,Central,4,3
2027,2024-03-14,4053.41,failed,Home,East,41,1
2028,2024-03-14,1895.41,completed,Clothing,Central,9,3
2029,2024-03-15,2656.9,completed,Books,West,13,2
2030,2024-03-15,2971.64,completed,Home,East,28,2
2031,2024-03-15,118.94,completed,Food,West,33,2
2032,2024-03-15,2580.52,completed,Clothing,West,1,3
2033,2024-03-15,1730.71,pending,Electronics,Central,29,1
2034,2024-03-15,2112.19,completed,Food,South,8,1
2035,2024-03-15,510.43,completed,Clothing,South,47,2
2036,2024-03-15,3916.27,failed,Home,South,19,3
2037,2024-03-15,4712.6,completed,Home,North,25,2
2038,2024-03-15,121.12,completed,Clothing,East,31,3
2039,2024-03-15,3010.85,pending,Clothing,East,8,1
2040,2024-03-15,3821.58,completed,Clothing,North,9,3
2041,2024-03-15,1431.19,completed,Food,Central,47,3
2042,2024-03-15,3939.9,pending,Sports,West,29,2
2043,2024-03-15,3165.45,failed,Electronics,South,12,1
2044,2024-03-15,4646.52,completed,Home,North,33,4
2045,2024-03-15,4905.21,completed,Sports,West,44,2
2046,2024-03-15,221.31,pending,Electronics,North,38,3
2047,2024-03-15,2230.24,completed,Clothing,North,20,4
2048,2024-03-15,2739.47,completed,Sports,East,33,1
2049,2024-03-15,742.25,completed,Books,Central,44,4
2050,2024-03-15,1688.07,pending,Books,North,13,2
2051,2024-03-15,4938.36,completed,Electronics,East,39,3
2052,2024-03-15,90.99,completed,Food,East,49,1
2053,2024-03-15,2268.01,completed,Books,South,17,3
2054,2024-03-15,4214.85,completed,Sports,East,44,2
2055,2024-03-15,1626.27,failed,Food,West,2,1
2056,2024-03-16,2404.19,completed,Books,North,19,3
2057,2024-03-16,4890.45,completed,Clothing,Central,14,4
2058,2024-03-16,2379.64,failed,Sports,South,2,2
2059,2024-03-16,663.3,completed,Sports,South,30,4
2060,2024-03-16,268.09,completed,Sports,North,26,2
2061,2024-03-16,4727.63,completed,Sports,East,19,5
2062,2024-03-16,1336.39,pending,Home,East,43,2
2063,2024-03-16,2525.28,pending,Home,North,13,4
2064,2024-03-16,462.6,pending,Sports,South,41,2
2065,2024-03-16,2124.04,completed,Food,West,32,3
2066,2024-03-16,4651.23,completed,Electronics,West,44,1
2067,2024-03-16,2517.04,completed,Electronics,South,1,1
2068,2024-03-16,4855.96,refunded,Sports,West,48,5
2069,2024-03-16,1301.59,completed,Home,West,1,1
2070,2024-03-16,2527.68,completed,Books,South,35,3
2071,2024-03-16,4299.06,pending,Sports,North,37,3
2072,2024-03-16,2246.78,completed,Electronics,North,8,4
2073,2024-03-16,1404.64,completed,Books,Central,2,1
2074,2024-03-16,4278.82,completed,Books,South,2,1
2075,2024-03-16,1955.55,completed,Electronics,Central,7,2
2076,2024-03-16,2658.31,refunded,Sports,South,8,5
2077,2024-03-16,4882.87,completed,Food,West,48,2
2078,2024-03-16,940.55,refunded,Clothing,South,10,3
2079,2024-03-16,1513.99,completed,Sports,West,40,3
2080,2024-03-16,165.04,completed,Food,Central,4,3
2081,2024-03-16,1965.27,failed,Books,West,33,5
2082,2024-03-16,1008.92,failed,Books,North,23,4
2083,2024-03-17,3403.37,completed,Books,East,27,3
2084,2024-03-17,914.79,completed,Food,South,39,2
2085,2024-03-17,3377.32,failed,Sports,South,11,2
2086,2024-03-17,1324.74,pending,Home,Central,1,5
2087,2024-03-17,1782.54,completed,Food,Central,11,1
2088,2024-03-17,1750.81,completed,Clothing,Central,40,1
2089,2024-03-17,3586.59,completed,Clothing,Central,29,2
2090,2024-03-17,2337.88,completed,Sports,East,46,5
2091,2024-03-17,1812.88,completed,Clothing,East,41,4
2092,2024-03-17,4264.59,completed,Sports,East,8,5
2093,2024-03-17,2864.03,completed,Books,West,3,4
2094,2024-03-17,1077.02,completed,Food,North,2,3
2095,2024-03-17,4501.46,completed,Electronics,Central,10,1
2096,2024-03-17,1719.82,completed,Books,Central,24,5
2097,2024-03-17,204.51,completed,Sports,Central,1,4
2098,2024-03-17,2478.06,completed,Electronics,East,43,1
2099,2024-03-17,628.45,failed,Sports,East,24,5
2100,2024-03-17,1199.95,completed,Clothing,East,37,4
2101,2024-03-17,3738.08,completed,Food,West,43,4
2102,2024-03-17,662.45,completed,Books,South,2,2
2103,2024-03-17,4036.65,completed,Sports,West,22,2
2104,2024-03-17,4685.17,completed,Clothing,East,33,2
2105,2024-03-17,3036.6,completed,Food,South,49,1
2106,2024-03-17,3554.69,completed,Sports,West,41,3
2107,2024-03-17,3570.8,completed,Clothing,South,11,1
2108,2024-03-17,4964.11,completed,Books,North,14,3
2109,2024-03-17,1714.28,completed,Food,East,40,2
2110,2024-03-17,822.65,completed,Electronics,East,33,4
2111,2024-03-18,2600.64,completed,Books,South,13,2
2112,2024-03-18,2670.92,completed,Food,North,25,2
2113,2024-03-18,897.78,pending,Clothing,East,46,1
2114,2024-03-18,3069.42,completed,Home,West,11,2
2115,2024-03-18,80.48,completed,Sports,Central,17,1
2116,2024-03-18,4639.07,completed,Clothing,South,45,2
2117,2024-03-18,1330.23,completed,Books,East,33,3
2118,2024-03-18,207.41,pending,Sports,Central,11,4
2119,2024-03-18,550.16,completed,Electronics,South,15,3
2120,2024-03-18,1208.84,completed,Electronics,East,42,1
2121,2024-03-18,1376.79,completed,Books,West,14,4
2122,2024-03-18,173.72,pending,Home,East,35,3
2123,2024-03-18,1403.98,completed,Home,Central,25,4
2124,2024-03-18,972.78,failed,Food,South,11,5
2125,2024-03-18,1899.32,refunded,Sports,East,19,1
2126,2024-03-18,1931.99,pending,Food,East,35,5
2127,2024-03-18,1701.65,completed,Home,West,40,5
2128,2024-03-18,1646.34,completed,Books,South,2,3
2129,2024-03-18,457.76,completed,Home,South,45,1
2130,2024-03-18,135.77,failed,Food,South,12,2
2131,2024-03-18,1018.55,completed,Home,South,32,2
2132,2024-03-18,3785.68,completed,Sports,North,14,3
2133,2024-03-18,4954.14,completed,Sports,Central,14,4
2134,2024-03-18,4643.35,pending,Electronics,South,44,3
2135,2024-03-18,2526.05,failed,Sports,South,35,2
2136,2024-03-18,2663.8,completed,Electronics,Central,45,1
2137,2024-03-18,1579.76,completed,Home,West,2,5
2138,2024-03-19,3871.96,pending,Clothing,South,14,5
2139,2024-03-19,3826.14,pending,Sports,South,3,1
2140,2024-03-19,4222.92,pending,Books,Central,24,2
2141,2024-03-19,4478.57,completed,Food,South,23,5
2142,2024-03-19,2177.4,completed,Home,Central,49,2
2143,2024-03-19,3836.71,failed,Food,West,12,4
2144,2024-03-19,4033.93,completed,Electronics,West,33,3
2145,2024-03-19,1549.21,completed,Electronics,East,49,4
2146,2024-03-19,4646.92,completed,Home,North,4,5
2147,2024-03-19,480.76,completed,Food,Central,22,2
2148,2024-03-19,4971.4,pending,Sports,East,20,4
2149,2024-03-19,3852.75,completed,Electronics,North,2,3
2150,2024-03-19,475.42,completed,Electronics,Central,21,2
2151,2024-03-19,3284.59,completed,Home,South,13,1
2152,2024-03-19,180.56,failed,Electronics,South,16,4
2153,2024-03-19,3853.23,pending,Sports,West,11,4
2154,2024-03-19,3998.12,completed,Food,South,26,5
2155,2024-03-19,3016.03,pending,Books,North,20,2
2156,2024-03-19,4285.73,completed,Electronics,South,37,4
2157,2024-03-19,498.44,pending,Clothing,West,18,1
2158,2024-03-19,1386.86,pending,Sports,East,34,1
2159,2024-03-19,2076.75,completed,Books,West,26,3
2160,2024-03-19,221.87,refunded,Books,North,18,3
2161,2024-03-19,2246.6,completed,Home,South,41,3
2162,2024-03-19,1333.42,completed,Food,South,37,5
2163,2024-03-19,1969.75,completed,Sports,North,26,5
2164,2024-03-19,2131.26,pending,Sports,West,27,1
2165,2024-03-19,4398.26,completed,Food,South,38,2
2166,2024-03-20,1359.0,completed,Clothing,East,38,3
2167,2024-03-20,4469.78,completed,Food,Central,35,5
2168,2024-03-20,2135.6,refunded,Home,South,6,4
2169,2024-03-20,1645.76,completed,Clothing,North,12,1
2170,2024-03-20,2517.54,completed,Books,Central,20,4
2171,2024-03-20,2094.54,completed,Electronics,South,29,2
2172,2024-03-20,1294.29,pending,Food,South,20,1
2173,2024-03-20,2518.37,completed,Home,West,41,4
2174,2024-03-20,767.49,completed,Books,North,18,2
2175,2024-03-20,1766.13,refunded,Sports,South,27,4
2176,2024-03-20,2833.29,completed,Clothing,North,35,3
2177,2024-03-20,2072.91,completed,Sports,Central,19,3
2178,2024-03-20,4121.32,failed,Home,South,28,2
2179,2024-03-20,1291.04,completed,Home,East,36,2
2180,2024-03-20,4849.16,completed,Food,East,19,2
2181,2024-03-20,3925.76,completed,Sports,East,48,4
2182,2024-03-20,4838.29,pending,Home,North,27,3
2183,2024-03-20,4192.3,failed,Sports,South,39,1
2184,2024-03-20,719.1,completed,Home,Central,35,1
2185,2024-03-20,2637.04,completed,Electronics,East,40,2
2186,2024-03-20,858.19,completed,Books,Central,34,3
2187,2024-03-20,4092.95,completed,Sports,East,27,2
2188,2024-03-20,2924.97,completed,Sports,South,38,5
2189,2024-03-20,1324.61,completed,Electronics,South,23,2
2190,2024-03-20,4648.7,completed,Books,West,42,3
2191,2024-03-20,584.78,completed,Electronics,South,25,2
2192,2024-03-20,2823.67,completed,Electronics,East,37,2
2193,2024-03-21,3607.99,completed,Electronics,Central,11,5
2194,2024-03-21,303.65,completed,Home,Central,9,2
2195,2024-03-21,2993.3,completed,Clothing,South,28,1
2196,2024-03-21,4081.35,completed,Food,South,42,3
2197,2024-03-21,346.96,completed,Clothing,West,36,4
2198,2024-03-21,2566.09,completed,Home,West,17,3
2199,2024-03-21,1300.2,completed,Home,West,42,3
2200,2024-03-21,3317.99,pending,Books,North,33,5
2201,2024-03-21,602.2,failed,Sports,East,28,2
2202,2024-03-21,4685.89,pending,Electronics,North,49,4
2203,2024-03-21,4474.7,completed,Home,Central,39,5
2204,2024-03-21,938.01,failed,Food,Central,15,2
2205,2024-03-21,1623.1,completed,Food,West,4,3
2206,2024-03-21,2942.3,completed,Clothing,South,14,2
2207,2024-03-21,3593.13,completed,Home,West,9,4
2208,2024-03-21,2218.85,completed,Clothing,East,9,3
2209,2024-03-21,789.89,completed,Home,West,26,5
2210,2024-03-21,529.72,completed,Sports,South,49,2
2211,2024-03-21,4998.83,pending,Sports,East,32,1
2212,2024-03-21,2282.21,completed,Electronics,Central,21,3
2213,2024-03-21,4363.93,completed,Sports,North,13,4
2214,2024-03-21,2417.06,failed,Home,South,39,2
2215,2024-03-21,4612.56,completed,Food,South,27,5
2216,2024-03-21,447.92,completed,Food,North,3,3
2217,2024-03-21,578.96,completed,Electronics,South,23,5
2218,2024-03-21,4648.86,completed,Food,West,9,3
2219,2024-03-21,4737.99,refunded,Sports,North,25,2
2220,2024-03-22,1580.44,completed,Clothing,South,4,5
2221,2024-03-22,1782.27,pending,Sports,Central,11,1
2222,2024-03-22,2267.73,completed,Electronics,South,40,2
2223,2024-03-22,2086.65,pending,Sports,South,9,4
2224,2024-03-22,958.33,pending,Books,West,6,5
2225,2024-03-22,4492.89,completed,Clothing,West,11,2
2226,2024-03-22,1274.0,completed,Food,Central,46,3
2227,2024-03-22,3529.31,completed,Clothing,North,47,3
2228,2024-03-22,345.11,completed,Books,West,33,4
2229,2024-03-22,203.37,failed,Books,West,39,3
2230,2024-03-22,3272.12,completed,Books,North,45,4
2231,2024-03-22,1701.69,completed,Clothing,Central,15,4
2232,2024-03-22,3280.74,failed,Clothing,South,21,5
2233,2024-03-22,479.17,completed,Sports,East,2,1
2234,2024-03-22,4749.76,completed,Food,West,26,4
2235,2024-03-22,3745.09,failed,Food,East,46,1
2236,2024-03-22,4382.57,failed,Clothing,South,2,1
2237,2024-03-22,690.99,completed,Home,South,35,4
2238,2024-03-22,1607.6,completed,Clothing,West,23,2
2239,2024-03-22,1848.04,refunded,Sports,North,48,4
2240,2024-03-22,2690.49,pending,Sports,East,29,5
2241,2024-03-22,1491.37,completed,Clothing,West,20,1
2242,2024-03-22,312.55,completed,Electronics,Central,5,3
2243,2024-03-22,1850.7,completed,Clothing,Central,28,1
2244,2024-03-22,1280.2,pending,Clothing,South,49,5
2245,2024-03-22,1935.75,failed,Sports,North,1,5
2246,2024-03-22,992.83,completed,Books,Central,1,5
2247,2024-03-22,1316.86,completed,Food,East,44,5
2248,2024-03-23,3138.49,completed,Food,East,14,2
2249,2024-03-23,1946.89,completed,Home,Central,30,2
2250,2024-03-23,1733.46,completed,Home,West,31,5
2251,2024-03-23,2674.19,completed,Electronics,East,24,4
2252,2024-03-23,3861.58,completed,Home,North,25,2
2253,2024-03-23,1900.55,pending,Food,North,34,2
2254,2024-03-23,2941.72,completed,Sports,East,12,1
2255,2024-03-23,4831.35,completed,Home,North,9,1
2256,2024-03-23,2614.68,failed,Books,South,49,4
2257,2024-03-23,4549.89,pending,Books,West,1,2
2258,2024-03-23,3970.43,completed,Food,North,10,5
2259,2024-03-23,303.01,completed,Electronics,Central,36,5
2260,2024-03-23,2151.2,pending,Electronics,East,28,3
2261,2024-03-23,3494.61,completed,Food,Central,16,2
2262,2024-03-23,4933.69,completed,Sports,North,6,1
2263,2024-03-23,2297.3,completed,Food,East,18,2
2264,2024-03-23,473.0,completed,Food,Central,3,4
2265,2024-03-23,2814.43,pending,Books,West,28,4
2266,2024-03-23,641.55,completed,Clothing,Central,24,4
2267,2024-03-23,3760.08,completed,Food,West,46,5
2268,2024-03-23,2543.31,completed,Books,West,40,4
2269,2024-03-23,3619.92,completed,Home,South,24,3
2270,2024-03-23,4348.12,completed,Sports,East,27,2
2271,2024-03-23,3148.45,failed,Sports,North,34,2
2272,2024-03-23,3066.07,completed,Books,South,15,2
2273,2024-03-23,3775.31,completed,Sports,North,30,5
2274,2024-03-23,4213.85,completed,Electronics,South,1,3
2275,2024-03-24,4346.58,pending,Electronics,West,46,2
2276,2024-03-24,191.79,completed,Home,South,47,1
2277,2024-03-24,2785.39,failed,Books,East,44,1
2278,2024-03-24,1089.18,completed,Electronics,East,11,5
2279,2024-03-24,4303.13,completed,Food,North,39,2
2280,2024-03-24,3245.5,completed,Home,Central,29,1
2281,2024-03-24,2106.91,completed,Electronics,West,49,2
2282,2024-03-24,948.64,refunded,Food,North,1,3
2283,2024-03-24,1701.73,refunded,Home,North,20,5
2284,2024-03-24,3521.85,completed,Home,North,5,5
2285,2024-03-24,1029.75,completed,Food,South,47,1
2286,2024-03-24,476.98,completed,Home,North,9,3
2287,2024-03-24,4441.26,completed,Sports,North,2,5
2288,2024-03-24,3823.41,pending,Food,East,6,4
2289,2024-03-24,1006.98,failed,Sports,East,48,3
2290,2024-03-24,1468.63,completed,Sports,North,27,2
2291,2024-03-24,4860.63,completed,Clothing,East,6,4
2292,2024-03-24,3543.84,pending,Electronics,East,20,3
2293,2024-03-24,3056.5,completed,Sports,South,21,2
2294,2024-03-24,1545.07,completed,Electronics,North,40,4
2295,2024-03-24,1502.63,completed,Sports,West,11,5
2296,2024-03-24,207.22,pending,Food,North,6,5
2297,2024-03-24,3645.12,refunded,Sports,South,37,5
2298,2024-03-24,225.44,completed,Books,West,22,4
2299,2024-03-24,34.24,completed,Electronics,West,7,4
2300,2024-03-24,3650.18,completed,Electronics,Central,21,2
2301,2024-03-24,4744.88,completed,Books,North,21,2
2302,2024-03-24,3784.95,completed,Books,North,12,1
2303,2024-03-25,2363.48,failed,Electronics,West,10,1
2304,2024-03-25,2435.37,completed,Home,South,5,5
2305,2024-03-25,2186.32,completed,Clothing,South,42,3
2306,2024-03-25,1629.97,completed,Home,South,1,3
2307,2024-03-25,2613.35,completed,Electronics,Central,25,1
2308,2024-03-25,2161.44,pending,Clothing,West,1,1
2309,2024-03-25,2994.86,completed,Books,Central,40,1
2310,2024-03-25,4491.62,completed,Books,East,20,3
2311,2024-03-25,4975.1,failed,Books,East,49,3
2312,2024-03-25,402.93,completed,Clothing,East,3,1
2313,2024-03-25,1929.57,completed,Clothing,North,17,4
2314,2024-03-25,911.72,completed,Clothing,East,20,1
2315,2024-03-25,1767.08,completed,Food,South,4,5
2316,2024-03-25,1444.49,completed,Home,Central,22,5
2317,2024-03-25,880.94,pending,Food,North,23,4
2318,2024-03-25,3822.74,completed,Home,North,22,3
2319,2024-03-25,2486.48,completed,Clothing,Central,27,4
2320,2024-03-25,4597.04,failed,Clothing,North,10,2
2321,2024-03-25,172.64,completed,Electronics,East,12,5
2322,2024-03-25,344.22,completed,Clothing,South,25,5
2323,2024-03-25,2022.34,completed,Clothing,South,32,4
2324,2024-03-25,410.58,completed,Food,East,20,5
2325,2024-03-25,1321.02,completed,Sports,West,23,2
2326,2024-03-25,4930.29,completed,Food,North,49,5
2327,2024-03-25,1052.71,completed,Sports,West,32,1
2328,2024-03-25,998.61,completed,Electronics,Central,3,4
2329,2024-03-25,2872.47,completed,Home,South,18,2
2330,2024-03-26,2495.01,completed,Electronics,West,3,5
2331,2024-03-26,2906.39,completed,Electronics,Central,43,3
2332,2024-03-26,1889.91,completed,Food,Central,41,1
2333,2024-03-26,4135.54,completed,Books,West,23,2
2334,2024-03-26,701.52,completed,Clothing,Central,14,5
2335,2024-03-26,2147.68,completed,Electronics,West,36,5
2336,2024-03-26,3451.91,completed,Home,East,10,2
2337,2024-03-26,4342.5,completed,Sports,North,38,2
2338,2024-03-26,1854.16,completed,Sports,Central,43,1
2339,2024-03-26,2843.05,pending,Clothing,South,9,1
2340,2024-03-26,355.01,completed,Books,West,27,1
2341,2024-03-26,859.89,completed,Sports,West,8,2
2342,2024-03-26,355.0,failed,Food,South,31,1
2343,2024-03-26,3642.13,completed,Clothing,West,34,1
2344,2024-03-26,1447.42,failed,Sports,West,1,4
2345,2024-03-26,3621.49,pending,Home,West,47,5
2346,2024-03-26,341.33,completed,Electronics,Central,13,5
2347,2024-03-26,4314.11,completed,Sports,South,23,5
2348,2024-03-26,4179.3,completed,Home,West,13,1
2349,2024-03-26,453.75,failed,Books,North,45,1
2350,2024-03-26,128.54,completed,Electronics,West,38,5
2351,2024-03-26,290.88,failed,Sports,North,49,1
2352,2024-03-26,4269.61,completed,Home,South,19,4
2353,2024-03-26,1181.17,completed,Clothing,North,28,1
2354,2024-03-26,2745.88,completed,Electronics,Central,29,1
2355,2024-03-26,2136.96,completed,Clothing,South,12,4
2356,2024-03-26,3979.67,completed,Sports,South,46,4
2357,2024-03-27,2449.6,failed,Books,South,43,1
2358,2024-03-27,2508.3,completed,Electronics,West,49,1
2359,2024-03-27,4945.57,failed,Books,Central,23,5
2360,2024-03-27,759.15,refunded,Sports,West,7,2
2361,2024-03-27,4155.21,completed,Clothing,North,8,5
2362,2024-03-27,268.23,completed,Books,East,28,3
2363,2024-03-27,2393.47,completed,Clothing,North,41,5
2364,2024-03-27,4432.81,completed,Electronics,North,35,5
2365,2024-03-27,3329.42,refunded,Food,North,36,4
2366,2024-03-27,3429.22,failed,Sports,West,39,1
2367,2024-03-27,1323.95,failed,Sports,Central,42,5
2368,2024-03-27,2098.69,completed,Electronics,South,46,2
2369,2024-03-27,1839.24,completed,Clothing,Central,18,2
2370,2024-03-27,2612.0,completed,Books,South,36,3
2371,2024-03-27,2316.52,failed,Clothing,South,14,2
2372,2024-03-27,1641.22,completed,Clothing,North,34,4
2373,2024-03-27,1534.35,completed,Food,North,3,2
2374,2024-03-27,1261.76,completed,Sports,West,3,5
2375,2024-03-27,1831.59,completed,Books,East,10,1
2376,2024-03-27,758.21,completed,Home,North,27,3
2377,2024-03-27,4361.8,completed,Electronics,East,45,5
2378,2024-03-27,3014.58,failed,Food,South,30,5
2379,2024-03-27,677.59,pending,Books,South,28,5
2380,2024-03-27,3472.36,completed,Sports,Central,35,4
2381,2024-03-27,4239.86,pending,Books,East,44,3
2382,2024-03-27,1195.3,completed,Home,East,29,2
2383,2024-03-27,761.5,pending,Home,West,37,2
2384,2024-03-27,53.0,completed,Sports,Central,21,3
2385,2024-03-28,245.78,completed,Food,West,49,2
2386,2024-03-28,3813.63,completed,Clothing,East,24,2
2387,2024-03-28,4936.06,completed,Books,South,44,4
2388,2024-03-28,233.95,completed,Food,North,48,4
2389,2024-03-28,3742.87,pending,Electronics,North,44,3
2390,2024-03-28,368.59,pending,Clothing,West,17,2
2391,2024-03-28,2964.74,completed,Home,West,19,1
2392,2024-03-28,3782.82,completed,Food,South,39,2
2393,2024-03-28,1802.43,pending,Home,Central,46,2
2394,2024-03-28,64.56,completed,Clothing,Central,30,5
2395,2024-03-28,2979.99,completed,Home,West,39,2
2396,2024-03-28,4956.31,completed,Sports,South,22,5
2397,2024-03-28,1295.51,completed,Food,East,42,3
2398,2024-03-28,955.56,completed,Books,Central,21,3
2399,2024-03-28,628.39,completed,Home,East,31,2
2400,2024-03-28,2780.73,completed,Books,East,27,4
2401,2024-03-28,2986.26,completed,Home,East,41,5
2402,2024-03-28,3963.43,pending,Electronics,Central,40,5
2403,2024-03-28,3767.84,completed,Electronics,East,42,5
2404,2024-03-28,4463.78,completed,Electronics,North,6,1
2405,2024-03-28,4030.81,failed,Clothing,East,13,5
2406,2024-03-28,1243.86,pending,Sports,West,45,4
2407,2024-03-28,2783.83,completed,Home,Central,7,3
2408,2024-03-28,1494.09,completed,Books,North,38,2
2409,2024-03-28,1655.63,completed,Food,Central,32,3
2410,2024-03-28,4660.4,completed,Home,Central,18,5
2411,2024-03-28,3412.66,completed,Books,West,2,3
2412,2024-03-29,4873.21,pending,Books,South,1,1
2413,2024-03-29,2090.39,failed,Electronics,South,44,4
2414,2024-03-29,2691.81,failed,Clothing,East,6,4
2415,2024-03-29,2440.71,completed,Sports,North,37,4
2416,2024-03-29,545.36,refunded,Sports,West,8,2
2417,2024-03-29,1191.14,failed,Food,West,20,2
2418,2024-03-29,2642.91,completed,Sports,East,6,3
2419,2024-03-29,346.2,completed,Sports,West,32,5
2420,2024-03-29,4658.0,completed,Electronics,West,6,5
2421,2024-03-29,627.98,completed,Home,Central,31,1
2422,2024-03-29,997.92,completed,Sports,West,48,1
2423,2024-03-29,3828.95,completed,Clothing,South,37,1
2424,2024-03-29,493.7,completed,Clothing,North,33,5
2425,2024-03-29,4502.39,completed,Home,Central,45,5
2426,2024-03-29,3631.25,completed,Clothing,West,41,2
2427,2024-03-29,352.42,completed,Electronics,Central,36,5
2428,2024-03-29,3462.32,failed,Electronics,East,28,3
2429,2024-03-29,3161.83,refunded,Clothing,North,20,2
2430,2024-03-29,3789.17,completed,Books,East,31,4
2431,2024-03-29,4142.71,completed,Food,West,6,1
2432,2024-03-29,3594.57,failed,Sports,South,44,1
2433,2024-03-29,2935.02,completed,Clothing,East,44,2
2434,2024-03-29,1619.09,refunded,Clothing,East,13,4
2435,2024-03-29,3489.4,pending,Food,South,38,5
2436,2024-03-29,4785.29,completed,Sports,Central,35,3
2437,2024-03-29,2941.73,completed,Books,East,42,3
2438,2024-03-29,3325.08,completed,Sports,Central,45,3
2439,2024-03-29,2191.27,completed,Electronics,North,37,1
2440,2024-03-30,3783.04,completed,Food,Central,46,4
2441,2024-03-30,4988.36,pending,Food,West,16,5
2442,2024-03-30,810.34,completed,Electronics,West,22,3
2443,2024-03-30,1020.0,completed,Clothing,South,8,4
2444,2024-03-30,2701.79,completed,Clothing,North,42,2
2445,2024-03-30,2412.06,completed,Food,South,14,5
2446,2024-03-30,2862.13,completed,Electronics,East,25,1
2447,2024-03-30,254.88,completed,Clothing,South,8,1
2448,2024-03-30,2027.34,completed,Home,North,13,5
2449,2024-03-30,2919.06,pending,Electronics,North,34,3
2450,2024-03-30,2930.1,completed,Sports,West,13,3
2451,2024-03-30,3290.1,completed,Books,West,26,5
2452,2024-03-30,3603.88,pending,Electronics,North,23,2
2453,2024-03-30,3211.32,completed,Food,West,31,2
2454,2024-03-30,3953.31,pending,Books,Central,13,1
2455,2024-03-30,3127.56,completed,Clothing,Central,24,3
2456,2024-03-30,2692.16,failed,Clothing,North,2,4
2457,2024-03-30,3034.92,completed,Sports,East,26,5
2458,2024-03-30,514.95,completed,Electronics,North,6,3
2459,2024-03-30,1373.05,pending,Home,North,36,1
2460,2024-03-30,2641.72,completed,Clothing,Central,42,1
2461,2024-03-30,4366.21,pending,Food,Central,20,2
2462,2024-03-30,3398.47,completed,Electronics,South,44,5
2463,2024-03-30,461.14,completed,Home,East,20,3
2464,2024-03-30,2965.45,completed,Clothing,North,43,5
2465,2024-03-30,1116.47,pending,Sports,Central,26,5
2466,2024-03-30,3672.74,pending,Clothing,East,28,5
2467,2024-03-31,4138.93,completed,Electronics,South,21,2
2468,2024-03-31,2971.35,completed,Food,Central,46,3
2469,2024-03-31,2960.9,completed,Books,North,35,1
2470,2024-03-31,1699.57,completed,Food,South,25,2
2471,2024-03-31,2236.79,pending,Home,West,39,2
2472,2024-03-31,4321.9,completed,Books,East,23,1
2473,2024-03-31,3619.37,completed,Sports,West,43,1
2474,2024-03-31,2603.57,completed,Food,South,24,2
2475,2024-03-31,1847.48,completed,Electronics,West,40,1
2476,2024-03-31,261.39,completed,Food,East,13,4
2477,2024-03-31,723.61,completed,Books,North,28,2
2478,2024-03-31,973.2,completed,Food,South,31,2
2479,2024-03-31,1873.18,refunded,Sports,South,26,1
2480,2024-03-31,4721.28,completed,Home,East,22,3
2481,2024-03-31,2530.72,failed,Electronics,East,1,1
2482,2024-03-31,1181.85,completed,Electronics,East,48,3
2483,2024-03-31,537.69,completed,Clothing,North,11,5
2484,2024-03-31,1698.14,pending,Books,Central,9,4
2485,2024-03-31,4080.5,completed,Electronics,West,40,1
2486,2024-03-31,1922.88,completed,Clothing,West,4,1
2487,2024-03-31,3864.8,completed,Food,South,38,5
2488,2024-03-31,4015.5,completed,Food,West,18,5
2489,2024-03-31,563.0,failed,Home,South,36,2
2490,2024-03-31,3047.21,completed,Books,East,11,3
2491,2024-03-31,4795.89,completed,Home,South,35,2
2492,2024-03-31,2016.67,completed,Sports,South,49,3
2493,2024-03-31,264.21,completed,Food,West,25,2
2494,2024-04-01,4617.28,pending,Home,South,28,5
2495,2024-04-01,4419.49,completed,Home,West,31,3
2496,2024-04-01,2615.49,failed,Food,East,18,1
2497,2024-04-01,2765.74,completed,Home,Central,27,2
2498,2024-04-01,1066.59,completed,Clothing,North,32,5
2499,2024-04-01,4099.06,completed,Clothing,Central,2,2
2500,2024-04-01,2498.01,completed,Sports,North,23,5
2501,2024-04-01,179.05,pending,Sports,East,26,4
2502,2024-04-01,3418.24,completed,Clothing,South,11,5
2503,2024-04-01,4752.98,completed,Sports,West,24,1
2504,2024-04-01,4147.46,failed,Books,North,20,2
2505,2024-04-01,1393.22,completed,Books,South,28,5
2506,2024-04-01,276.09,completed,Home,South,15,1
2507,2024-04-01,4702.35,pending,Electronics,Central,45,1
2508,2024-04-01,4685.94,completed,Food,East,32,1
2509,2024-04-01,2666.75,failed,Clothing,North,31,1
2510,2024-04-01,3215.16,completed,Books,West,41,4
2511,2024-04-01,2318.37,completed,Electronics,South,2,2
2512,2024-04-01,2104.63,completed,Electronics,South,13,1
2513,2024-04-01,606.05,completed,Sports,East,9,4
2514,2024-04-01,492.8,pending,Electronics,West,31,2
2515,2024-04-01,1171.33,completed,Food,Central,17,1
2516,2024-04-01,4184.84,pending,Home,North,35,5
2517,2024-04-01,737.7,completed,Home,Central,47,3
2518,2024-04-01,1141.23,completed,Clothing,Central,19,3
2519,2024-04-01,2747.58,completed,Home,South,17,5
2520,2024-04-01,1083.5,completed,Food,East,24,2
2521,2024-04-01,824.4,completed,Clothing,South,24,3
2522,2024-04-02,2820.95,completed,Books,East,18,4
2523,2024-04-02,1846.79,failed,Food,West,17,1
2524,2024-04-02,3134.53,completed,Food,West,19,2
2525,2024-04-02,4561.9,completed,Food,East,24,1
2526,2024-04-02,763.46,completed,Electronics,East,22,3
2527,2024-04-02,4568.03,pending,Clothing,East,23,4
2528,2024-04-02,4513.42,completed,Clothing,East,15,1
2529,2024-04-02,4147.15,completed,Home,North,32,1
2530,2024-04-02,3160.12,completed,Food,South,24,3
2531,2024-04-02,3104.53,completed,Books,West,12,2
2532,2024-04-02,3199.67,completed,Food,Central,37,1
2533,2024-04-02,3455.57,completed,Home,Central,44,4
2534,2024-04-02,92.25,completed,Sports,Central,20,4
2535,2024-04-02,4790.88,completed,Sports,West,26,3
2536,2024-04-02,2932.16,refunded,Clothing,East,47,2
2537,2024-04-02,3909.51,completed,Clothing,West,16,1
2538,2024-04-02,1892.64,completed,Home,Central,11,2
2539,2024-04-02,71.86,failed,Home,South,17,3
2540,2024-04-02,2553.58,completed,Clothing,North,23,5
2541,2024-04-02,2540.88,completed,Food,South,22,1
2542,2024-04-02,2190.58,completed,Clothing,East,30,5
2543,2024-04-02,1705.19,completed,Sports,West,14,3
2544,2024-04-02,1256.63,completed,Home,East,27,3
2545,2024-04-02,2642.45,completed,Home,Central,6,2
2546,2024-04-02,1882.64,pending,Home,South,47,5
2547,2024-04-02,4849.96,pending,Food,East,15,1
2548,2024-04-02,872.91,completed,Clothing,Central,16,2
2549,2024-04-03,1605.13,completed,Home,North,8,2
2550,2024-04-03,1476.86,completed,Food,Central,19,3
2551,2024-04-03,2721.11,completed,Clothing,North,48,3
2552,2024-04-03,2501.41,completed,Home,Central,30,5
2553,2024-04-03,3222.26,completed,Food,South,33,1
2554,2024-04-03,4750.51,completed,Electronics,West,30,3
2555,2024-04-03,1433.25,failed,Home,West,17,3
2556,2024-04-03,3466.93,completed,Clothing,South,39,2
2557,2024-04-03,134.95,completed,Clothing,East,17,1
2558,2024-04-03,1319.32,completed,Books,West,39,5
2559,2024-04-03,2323.96,completed,Clothing,Central,49,2
2560,2024-04-03,164.66,completed,Sports,North,1,1
2561,2024-04-03,3092.17,completed,Sports,East,9,3
2562,2024-04-03,3394.77,completed,Books,Central,38,1
2563,2024-04-03,3736.19,pending,Clothing,East,6,4
2564,2024-04-03,2587.71,failed,Food,North,36,4
2565,2024-04-03,3023.68,completed,Clothing,North,13,2
2566,2024-04-03,1986.37,completed,Home,Central,29,1
2567,2024-04-03,215.85,completed,Sports,East,32,1
2568,2024-04-03,508.76,completed,Electronics,West,16,1
2569,2024-04-03,3278.43,refunded,Books,Central,43,3
2570,2024-04-03,4977.82,completed,Sports,North,45,2
2571,2024-04-03,88.86,completed,Books,East,11,4
2572,2024-04-03,2792.34,failed,Electronics,North,37,2
2573,2024-04-03,3757.53,completed,Electronics,Central,33,4
2574,2024-04-03,4135.61,completed,Sports,East,13,3
2575,2024-04-03,2730.57,completed,Books,Central,40,3
2576,2024-04-03,3103.38,completed,Books,South,15,4
2577,2024-04-04,3486.66,completed,Clothing,North,13,3
2578,2024-04-04,4296.24,refunded,Clothing,Central,35,3
2579,2024-04-04,620.22,completed,Food,West,6,3
2580,2024-04-04,4631.65,completed,Books,North,45,4
2581,2024-04-04,139.83,completed,Food,West,19,2
2582,2024-04-04,4182.64,completed,Home,East,25,1
2583,2024-04-04,392.93,completed,Clothing,North,34,3
2584,2024-04-04,981.19,pending,Food,South,44,2
2585,2024-04-04,29.43,completed,Clothing,West,38,5
2586,2024-04-04,2231.83,completed,Electronics,North,19,5
2587,2024-04-04,1678.45,completed,Food,South,37,2
2588,2024-04-04,838.3,completed,Electronics,South,20,3
2589,2024-04-04,2260.94,completed,Food,West,26,3
2590,2024-04-04,2017.83,pending,Books,Central,34,2
2591,2024-04-04,3840.63,completed,Food,West,27,1
2592,2024-04-04,4466.72,failed,Sports,West,3,5
2593,2024-04-04,3266.31,pending,Clothing,North,3,4
2594,2024-04-04,630.81,completed,Food,Central,7,3
2595,2024-04-04,1484.0,completed,Home,North,5,1
2596,2024-04-04,4567.46,pending,Clothing,East,36,3
2597,2024-04-04,452.79,refunded,Books,Central,10,2
2598,2024-04-04,2040.21,completed,Sports,South,12,2
2599,2024-04-04,4713.1,completed,Food,South,16,5
2600,2024-04-04,4753.82,completed,Clothing,North,9,4
2601,2024-04-04,2061.9,pending,Sports,South,43,2
2602,2024-04-04,3340.31,failed,Electronics,East,5,2
2603,2024-04-04,2289.16,failed,Clothing,East,10,4
2604,2024-04-05,3769.77,completed,Food,North,12,4
2605,2024-04-05,167.59,completed,Clothing,South,5,5
2606,2024-04-05,729.34,pending,Books,North,13,4
2607,2024-04-05,3074.85,completed,Books,South,10,3
2608,2024-04-05,1170.44,failed,Home,West,17,4
2609,2024-04-05,3333.6,completed,Books,North,8,2
2610,2024-04-05,1762.6,pending,Books,North,46,1
2611,2024-04-05,4434.36,completed,Sports,East,39,1
2612,2024-04-05,4098.1,completed,Clothing,East,32,1
2613,2024-04-05,2469.26,completed,Food,Central,30,5
2614,2024-04-05,3866.75,pending,Sports,East,34,5
2615,2024-04-05,1362.98,completed,Clothing,Central,47,2
2616,2024-04-05,2476.36,pending,Clothing,West,7,5
2617,2024-04-05,995.44,completed,Clothing,East,27,4
2618,2024-04-05,4305.82,completed,Home,South,10,1
2619,2024-04-05,4117.11,completed,Food,North,23,2
2620,2024-04-05,4511.73,refunded,Clothing,West,45,2
2621,2024-04-05,4388.61,pending,Sports,Central,31,5
2622,2024-04-05,4798.39,pending,Home,South,32,4
2623,2024-04-05,1149.4,pending,Electronics,South,5,2
2624,2024-04-05,4659.8,completed,Home,North,40,5
2625,2024-04-05,2860.35,failed,Sports,East,36,2
2626,2024-04-05,2118.25,completed,Home,South,18,5
2627,2024-04-05,2806.27,completed,Electronics,North,17,4
2628,2024-04-05,1719.59,completed,Electronics,North,29,4
2629,2024-04-05,1449.88,completed,Food,South,38,1
2630,2024-04-05,1214.16,pending,Home,East,25,1
2631,2024-04-06,421.32,completed,Food,East,42,5
2632,2024-04-06,2487.86,pending,Sports,West,11,4
2633,2024-04-06,4439.93,refunded,Clothing,East,34,2
2634,2024-04-06,3154.46,completed,Food,West,41,5
2635,2024-04-06,2609.67,completed,Home,South,35,2
2636,2024-04-06,2148.68,completed,Food,South,17,2
2637,2024-04-06,2327.36,completed,Sports,East,23,2
2638,2024-04-06,1054.29,pending,Books,North,23,3
2639,2024-04-06,4116.45,completed,Clothing,West,16,4
2640,2024-04-06,999.93,completed,Home,North,7,1
2641,2024-04-06,3585.95,completed,Home,Central,10,5
2642,2024-04-06,3802.33,completed,Sports,Central,32,2
2643,2024-04-06,2878.6,completed,Food,East,12,5
2644,2024-04-06,4316.0,completed,Food,South,39,5
2645,2024-04-06,1462.34,completed,Clothing,South,39,3
2646,2024-04-06,4409.27,failed,Books,East,21,1
2647,2024-04-06,3649.76,completed,Clothing,East,18,3
2648,2024-04-06,3995.76,completed,Clothing,North,48,4
2649,2024-04-06,3326.25,completed,Electronics,North,1,5
2650,2024-04-06,4233.25,completed,Food,West,13,1
2651,2024-04-06,4965.56,completed,Sports,North,34,4
2652,2024-04-06,2106.61,pending,Sports,East,43,2
2653,2024-04-06,4071.44,completed,Home,Central,23,4
2654,2024-04-06,3725.45,completed,Books,North,36,3
2655,2024-04-06,2269.82,completed,Home,Central,11,5
2656,2024-04-06,4635.48,completed,Sports,East,46,1
2657,2024-04-06,1978.19,completed,Sports,East,29,3
2658,2024-04-06,2831.67,pending,Books,West,37,4
2659,2024-04-07,538.65,failed,Electronics,West,9,2
2660,2024-04-07,1136.62,completed,Food,East,25,2
2661,2024-04-07,4205.07,refunded,Home,North,36,2
2662,2024-04-07,1988.8,completed,Sports,Central,21,4
2663,2024-04-07,1976.48,completed,Electronics,North,48,2
2664,2024-04-07,1237.45,pending,Electronics,Central,41,5
2665,2024-04-07,2463.14,completed,Books,East,7,2
2666,2024-04-07,4031.03,completed,Home,East,42,3
2667,2024-04-07,4476.87,completed,Sports,West,19,5
2668,2024-04-07,359.87,completed,Home,Central,29,1
2669,2024-04-07,2878.36,completed,Electronics,North,21,2
2670,2024-04-07,2341.69,failed,Home,Central,35,5
2671,2024-04-07,3075.27,completed,Electronics,West,22,2
2672,2024-04-07,2241.91,failed,Home,South,23,2
2673,2024-04-07,1999.24,completed,Home,East,29,1
2674,2024-04-07,2364.68,completed,Books,West,11,1
2675,2024-04-07,2914.18,completed,Books,North,21,1
2676,2024-04-07,2509.91,completed,Food,East,3,5
2677,2024-04-07,2366.0,completed,Books,West,3,3
2678,2024-04-07,4091.0,completed,Sports,East,33,2
2679,2024-04-07,3730.78,completed,Clothing,East,14,5
2680,2024-04-07,1713.48,completed,Clothing,East,33,4
2681,2024-04-07,4004.88,refunded,Home,East,38,2
2682,2024-04-07,4269.72,completed,Home,Central,33,2
2683,2024-04-07,775.93,completed,Books,Central,21,2
2684,2024-04-07,2917.59,completed,Clothing,Central,28,4
2685,2024-04-07,1433.71,completed,Home,North,39,4
2686,2024-04-08,3698.47,completed,Home,South,17,4
2687,2024-04-08,1201.54,pending,Clothing,Central,21,3
2688,2024-04-08,3360.3,completed,Books,West,12,3
2689,2024-04-08,1283.07,completed,Food,South,10,5
2690,2024-04-08,2560.61,completed,Home,West,4,3
2691,2024-04-08,4743.75,completed,Sports,East,4,4
2692,2024-04-08,1912.72,completed,Food,Central,8,2
2693,2024-04-08,4379.94,failed,Home,East,38,3
2694,2024-04-08,4934.85,completed,Books,East,31,1
2695,2024-04-08,4375.51,completed,Food,West,5,3
2696,2024-04-08,837.67,pending,Home,North,38,5
2697,2024-04-08,4100.09,completed,Food,West,37,4
2698,2024-04-08,170.43,pending,Food,South,45,5
2699,2024-04-08,1972.58,pending,Food,North,48,2
2700,2024-04-08,4354.96,completed,Clothing,North,5,4
2701,2024-04-08,3446.87,completed,Clothing,North,26,4
2702,2024-04-08,2668.37,pending,Electronics,North,40,4
2703,2024-04-08,1945.44,completed,Sports,North,12,4
2704,2024-04-08,4063.36,completed,Books,South,30,3
2705,2024-04-08,3550.7,completed,Home,Central,5,2
2706,2024-04-08,2347.34,pending,Books,North,15,3
2707,2024-04-08,4463.5,completed,Electronics,West,49,2
2708,2024-04-08,1157.44,completed,Books,Central,36,4
2709,2024-04-08,860.25,completed,Clothing,Central,13,5
2710,2024-04-08,3217.59,completed,Electronics,South,49,1
2711,2024-04-08,4860.25,completed,Books,North,10,4
2712,2024-04-08,1243.81,completed,Electronics,South,19,3
2713,2024-04-08,1255.86,completed,Food,West,22,1
2714,2024-04-09,706.1,completed,Home,West,31,2
2715,2024-04-09,4304.21,completed,Clothing,North,13,5
2716,2024-04-09,1139.72,completed,Sports,South,13,2
2717,2024-04-09,2520.86,completed,Food,West,33,1
2718,2024-04-09,4954.45,pending,Electronics,West,11,4
2719,2024-04-09,70.58,completed,Clothing,South,7,2
2720,2024-04-09,2786.87,completed,Electronics,Central,8,2
2721,2024-04-09,2566.32,completed,Electronics,Central,17,1
2722,2024-04-09,4039.16,completed,Electronics,South,2,4
2723,2024-04-09,1782.85,completed,Home,East,2,5
2724,2024-04-09,2057.6,refunded,Sports,East,36,5
2725,2024-04-09,848.01,completed,Food,West,27,1
2726,2024-04-09,3706.67,completed,Sports,South,8,5
2727,2024-04-09,3925.7,failed,Clothing,South,13,4
2728,2024-04-09,691.95,completed,Books,East,34,5
2729,2024-04-09,1973.35,completed,Clothing,South,40,1
2730,2024-04-09,4465.6,completed,Books,East,43,5
2731,2024-04-09,23.51,failed,Food,Central,11,2
2732,2024-04-09,1500.81,completed,Home,South,42,2
2733,2024-04-09,2779.66,completed,Home,Central,21,5
2734,2024-04-09,1677.13,failed,Food,East,15,4
2735,2024-04-09,1367.51,pending,Electronics,North,29,3
2736,2024-04-09,2305.59,refunded,Clothing,East,7,4
2737,2024-04-09,915.8,completed,Clothing,East,23,2
2738,2024-04-09,2652.83,failed,Food,North,22,5
2739,2024-04-09,3536.41,completed,Books,East,30,1
2740,2024-04-09,2880.72,pending,Home,North,9,3
2741,2024-04-10,474.62,failed,Electronics,West,4,1
2742,2024-04-10,4223.6,completed,Books,East,19,3
2743,2024-04-10,883.14,completed,Clothing,South,49,3
2744,2024-04-10,3826.41,completed,Books,North,28,5
2745,2024-04-10,1809.22,pending,Books,East,27,5
2746,2024-04-10,3915.98,completed,Sports,West,32,4
2747,2024-04-10,1039.3,failed,Books,East,25,5
2748,2024-04-10,941.44,completed,Clothing,Central,11,1
2749,2024-04-10,2490.16,completed,Home,North,49,3
2750,2024-04-10,174.35,completed,Food,West,12,3
2751,2024-04-10,1134.23,failed,Food,East,32,1
2752,2024-04-10,3622.82,completed,Books,South,43,3
2753,2024-04-10,4188.54,completed,Clothing,South,33,1
2754,2024-04-10,413.12,completed,Home,East,47,4
2755,2024-04-10,4411.57,failed,Electronics,North,9,2
2756,2024-04-10,3989.61,pending,Electronics,West,32,5
2757,2024-04-10,4349.72,completed,Home,East,5,2
2758,2024-04-10,3495.16,completed,Food,West,28,4
2759,2024-04-10,3374.02,completed,Home,East,9,4
2760,2024-04-10,2630.22,completed,Home,Central,33,5
2761,2024-04-10,3267.41,pending,Home,North,16,2
2762,2024-04-10,4596.36,completed,Sports,East,7,2
2763,2024-04-10,511.6,completed,Sports,East,43,4
2764,2024-04-10,1585.66,pending,Books,South,44,1
2765,2024-04-10,371.55,completed,Sports,West,9,3
2766,2024-04-10,4724.58,completed,Clothing,South,11,2
2767,2024-04-10,2231.87,completed,Sports,West,2,5
2768,2024-04-11,3379.97,completed,Clothing,Central,33,3
2769,2024-04-11,4207.19,completed,Food,Central,44,4
2770,2024-04-11,4955.09,completed,Food,West,11,5
2771,2024-04-11,817.29,completed,Sports,West,23,1
2772,2024-04-11,3999.57,completed,Clothing,Central,35,4
2773,2024-04-11,4438.24,completed,Clothing,Central,22,4
2774,2024-04-11,253.89,completed,Sports,West,37,3
2775,2024-04-11,3772.91,completed,Food,Central,37,1
2776,2024-04-11,1780.08,completed,Sports,Central,37,3
2777,2024-04-11,3246.5,completed,Home,North,36,1
2778,2024-04-11,2575.1,completed,Home,East,22,5
2779,2024-04-11,1306.11,completed,Food,South,20,1
2780,2024-04-11,684.75,pending,Clothing,Central,30,1
2781,2024-04-11,593.57,completed,Home,West,6,1
2782,2024-04-11,525.58,pending,Clothing,Central,30,2
2783,2024-04-11,3192.57,completed,Sports,South,2,1
2784,2024-04-11,1763.54,completed,Sports,Central,36,4
2785,2024-04-11,1091.0,completed,Food,North,30,1
2786,2024-04-11,3462.51,completed,Electronics,Central,25,4
2787,2024-04-11,3437.38,pending,Food,South,15,3
2788,2024-04-11,2700.45,pending,Electronics,East,25,2
2789,2024-04-11,4675.44,pending,Food,West,32,3
2790,2024-04-11,1933.22,completed,Food,West,34,1
2791,2024-04-11,4180.96,completed,Books,South,46,3
2792,2024-04-11,384.95,completed,Clothing,East,9,3
2793,2024-04-11,3701.76,completed,Home,East,3,4
2794,2024-04-11,4942.35,completed,Electronics,West,32,1
2795,2024-04-11,4234.53,completed,Home,South,8,1
2796,2024-04-12,2902.53,completed,Clothing,West,8,1
2797,2024-04-12,3137.56,failed,Food,West,14,5
2798,2024-04-12,1772.91,completed,Home,West,36,2
2799,2024-04-12,3400.63,completed,Books,Central,4,2
2800,2024-04-12,3854.27,completed,Electronics,East,20,1
2801,2024-04-12,4991.16,failed,Books,East,6,2
2802,2024-04-12,2467.39,completed,Books,West,42,3
2803,2024-04-12,315.91,completed,Home,West,38,5
2804,2024-04-12,2983.33,completed,Books,Central,5,4
2805,2024-04-12,603.93,completed,Home,East,14,5
2806,2024-04-12,1231.38,completed,Books,West,23,1
2807,2024-04-12,1650.61,failed,Clothing,North,23,3
2808,2024-04-12,3657.84,failed,Books,East,9,3
2809,2024-04-12,927.2,failed,Home,South,23,1
2810,2024-04-12,837.11,completed,Electronics,Central,43,3
2811,2024-04-12,234.37,pending,Food,North,11,3
2812,2024-04-12,4367.47,completed,Electronics,West,7,1
2813,2024-04-12,3470.59,completed,Home,Central,19,5
2814,2024-04-12,209.33,completed,Books,East,24,4
2815,2024-04-12,151.18,completed,Sports,West,14,5
2816,2024-04-12,2797.78,completed,Home,East,6,1
2817,2024-04-12,1419.85,refunded,Sports,West,5,1
2818,2024-04-12,2987.66,pending,Food,West,40,5
2819,2024-04-12,2178.67,completed,Home,South,7,5
2820,2024-04-12,4617.33,completed,Food,West,14,4
2821,2024-04-12,1446.17,completed,Home,Central,38,2
2822,2024-04-12,3398.94,completed,Home,South,30,2
2823,2024-04-13,279.73,completed,Clothing,South,2,4
2824,2024-04-13,4779.74,completed,Sports,South,9,5
2825,2024-04-13,4903.98,completed,Sports,Central,24,4
2826,2024-04-13,3697.98,pending,Sports,Central,18,3
2827,2024-04-13,2331.41,failed,Clothing,South,49,5
2828,2024-04-13,1107.77,completed,Books,Central,6,2
2829,2024-04-13,4064.46,pending,Electronics,West,2,1
2830,2024-04-13,3684.41,completed,Home,East,27,2
2831,2024-04-13,1117.55,completed,Home,Central,47,3
2832,2024-04-13,2261.56,completed,Books,Central,1,4
2833,2024-04-13,2319.37,completed,Electronics,Central,41,4
2834,2024-04-13,4133.79,completed,Books,East,49,4
2835,2024-04-13,3422.38,completed,Food,South,21,2
2836,2024-04-13,3219.41,completed,Sports,North,21,4
2837,2024-04-13,3252.64,failed,Electronics,Central,49,1
2838,2024-04-13,1359.65,completed,Food,West,31,5
2839,2024-04-13,1864.84,completed,Food,West,27,3
2840,2024-04-13,237.85,refunded,Home,North,15,5
2841,2024-04-13,3936.84,completed,Clothing,Central,46,5
2842,2024-04-13,2170.66,completed,Home,North,13,1
2843,2024-04-13,2196.81,failed,Home,East,20,1
2844,2024-04-13,1234.33,completed,Books,Central,42,5
2845,2024-04-13,1055.04,completed,Clothing,South,26,3
2846,2024-04-13,2943.23,completed,Clothing,East,38,1
2847,2024-04-13,1170.44,completed,Electronics,Central,49,4
2848,2024-04-13,330.4,pending,Sports,South,32,5
2849,2024-04-13,3839.86,completed,Sports,North,8,4
2850,2024-04-13,1888.58,completed,Clothing,East,37,2
2851,2024-04-14,1907.38,pending,Sports,West,30,2
2852,2024-04-14,2162.28,refunded,Books,East,9,2
2853,2024-04-14,4077.07,completed,Sports,East,6,3
2854,2024-04-14,1610.98,completed,Electronics,West,46,3
2855,2024-04-14,3792.6,failed,Clothing,North,6,2
2856,2024-04-14,4698.33,completed,Sports,South,23,1
2857,2024-04-14,3307.73,completed,Food,Central,49,1
2858,2024-04-14,2164.09,completed,Home,South,43,5
2859,2024-04-14,3741.47,pending,Home,Central,42,5
2860,2024-04-14,2294.91,completed,Electronics,East,37,1
2861,2024-04-14,2077.99,completed,Food,Central,24,2
2862,2024-04-14,2631.16,failed,Sports,West,15,3
2863,2024-04-14,1595.43,completed,Electronics,East,44,3
2864,2024-04-14,530.21,completed,Home,Central,28,5
2865,2024-04-14,2080.11,completed,Electronics,South,20,4
2866,2024-04-14,628.05,failed,Electronics,South,48,4
2867,2024-04-14,2058.1,completed,Books,West,19,4
2868,2024-04-14,2789.1,completed,Clothing,Central,2,4
2869,2024-04-14,4654.25,completed,Books,North,30,5
2870,2024-04-14,190.75,completed,Food,Central,21,5
2871,2024-04-14,3111.08,failed,Clothing,East,31,3
2872,2024-04-14,2294.1,completed,Home,South,31,1
2873,2024-04-14,111.1,completed,Electronics,North,31,5
2874,2024-04-14,1255.25,pending,Food,North,17,2
2875,2024-04-14,601.24,completed,Clothing,East,13,2
2876,2024-04-14,1091.8,completed,Electronics,West,16,1
2877,2024-04-14,1380.11,pending,Clothing,North,48,4
2878,2024-04-15,2012.52,completed,Clothing,Central,37,1
2879,2024-04-15,2649.91,completed,Food,East,20,5
2880,2024-04-15,14.94,completed,Food,North,45,2
2881,2024-04-15,817.73,completed,Electronics,Central,38,1
2882,2024-04-15,476.9,completed,Electronics,North,27,4
2883,2024-04-15,2752.87,completed,Electronics,West,40,2
2884,2024-04-15,1652.08,failed,Books,West,47,2
2885,2024-04-15,2746.5,failed,Home,Central,28,1
2886,2024-04-15,1116.9,pending,Electronics,Central,5,4
2887,2024-04-15,130.9,completed,Electronics,Central,22,2
2888,2024-04-15,4707.42,completed,Sports,North,12,4
2889,2024-04-15,550.46,failed,Sports,South,35,2
2890,2024-04-15,643.03,completed,Sports,South,5,3
2891,2024-04-15,741.27,pending,Clothing,South,23,3
2892,2024-04-15,4906.57,pending,Home,South,22,3
2893,2024-04-15,3092.12,completed,Books,South,19,5
2894,2024-04-15,3055.35,completed,Electronics,Central,31,1
2895,2024-04-15,4933.62,completed,Electronics,Central,27,2
2896,2024-04-15,451.31,completed,Books,West,10,4
2897,2024-04-15,4872.76,completed,Sports,East,40,5
2898,2024-04-15,1028.03,completed,Sports,East,22,3
2899,2024-04-15,3119.13,pending,Books,West,8,1
2900,2024-04-15,2106.22,completed,Books,Central,34,5
2901,2024-04-15,1925.92,completed,Sports,East,20,4
2902,2024-04-15,4656.9,pending,Electronics,East,32,3
2903,2024-04-15,754.65,pending,Food,Central,37,2
2904,2024-04-15,4985.37,refunded,Electronics,Central,31,4
2905,2024-04-16,1901.83,completed,Home,South,47,2
2906,2024-04-16,3247.39,failed,Books,South,30,2
2907,2024-04-16,4839.85,pending,Sports,South,19,4
2908,2024-04-16,297.43,pending,Food,North,49,2
2909,2024-04-16,4615.09,completed,Home,West,26,5
2910,2024-04-16,2843.38,completed,Home,East,35,3
2911,2024-04-16,3524.94,completed,Books,North,17,3
2912,2024-04-16,754.43,completed,Home,South,45,4
2913,2024-04-16,2671.6,completed,Books,East,47,4
2914,2024-04-16,3370.83,failed,Sports,Central,47,3
2915,2024-04-16,2286.67,completed,Clothing,West,20,2
2916,2024-04-16,783.38,failed,Home,East,43,5
2917,2024-04-16,1228.15,completed,Clothing,North,33,4
2918,2024-04-16,4273.42,pending,Sports,South,5,1
2919,2024-04-16,182.01,completed,Books,West,45,4
2920,2024-04-16,3547.22,completed,Electronics,West,26,5
2921,2024-04-16,4996.96,completed,Sports,Central,27,3
2922,2024-04-16,47.34,failed,Electronics,East,19,5
2923,2024-04-16,813.62,completed,Books,South,42,2
2924,2024-04-16,3373.98,completed,Sports,East,5,2
2925,2024-04-16,309.35,failed,Electronics,Central,19,3
2926,2024-04-16,2953.05,completed,Food,North,28,1
2927,2024-04-16,3423.16,completed,Books,Central,10,1
2928,2024-04-16,2944.85,completed,Home,Central,11,3
2929,2024-04-16,1832.27,completed,Food,Central,31,1
2930,2024-04-16,3489.44,completed,Electronics,West,29,1
2931,2024-04-16,2975.53,completed,Electronics,East,41,3
2932,2024-04-16,1046.11,completed,Clothing,Central,41,2
2933,2024-04-17,2820.05,completed,Home,North,1,1
2934,2024-04-17,4410.72,pending,Sports,West,20,3
2935,2024-04-17,3337.5,refunded,Food,East,42,2
2936,2024-04-17,2364.24,completed,Home,East,47,4
2937,2024-04-17,1614.7,completed,Home,East,5,3
2938,2024-04-17,438.57,completed,Home,North,38,1
2939,2024-04-17,1230.69,pending,Electronics,Central,12,4
2940,2024-04-17,65.82,completed,Electronics,West,40,5
2941,2024-04-17,4933.26,completed,Sports,West,22,4
2942,2024-04-17,1120.19,completed,Food,North,6,1
2943,2024-04-17,4076.23,completed,Electronics,West,11,3
2944,2024-04-17,851.54,pending,Books,Central,47,1
2945,2024-04-17,1425.17,completed,Food,Central,38,1
2946,2024-04-17,2097.2,completed,Home,South,2,1
2947,2024-04-17,1628.78,completed,Books,North,47,5
2948,2024-04-17,3993.77,completed,Clothing,South,42,5
2949,2024-04-17,4788.89,completed,Home,North,27,3
2950,2024-04-17,4377.72,pending,Books,East,2,5
2951,2024-04-17,776.35,completed,Clothing,East,22,3
2952,2024-04-17,3885.68,completed,Electronics,East,8,1
2953,2024-04-17,748.26,completed,Books,Central,18,5
2954,2024-04-17,4567.77,completed,Sports,West,16,4
2955,2024-04-17,2594.21,failed,Home,East,35,4
2956,2024-04-17,1688.54,completed,Electronics,West,37,1
2957,2024-04-17,793.56,completed,Food,South,9,5
2958,2024-04-17,68.93,completed,Home,West,45,1
2959,2024-04-17,1247.26,refunded,Books,Central,33,1
2960,2024-04-18,4570.96,pending,Electronics,Central,33,1
2961,2024-04-18,3988.34,completed,Home,East,39,5
2962,2024-04-18,4849.27,completed,Sports,East,36,5
2963,2024-04-18,512.8,pending,Food,South,39,1
2964,2024-04-18,2964.97,pending,Sports,East,15,3
2965,2024-04-18,1293.18,completed,Books,Central,34,3
2966,2024-04-18,2719.28,pending,Clothing,Central,48,3
2967,2024-04-18,1609.07,completed,Sports,West,37,2
2968,2024-04-18,1424.49,completed,Clothing,South,20,1
2969,2024-04-18,2873.49,completed,Clothing,South,31,1
2970,2024-04-18,924.76,completed,Books,South,45,5
2971,2024-04-18,2350.98,completed,Electronics,North,33,4
2972,2024-04-18,3257.55,completed,Books,North,39,5
2973,2024-04-18,649.63,pending,Books,West,44,5
2974,2024-04-18,4653.67,pending,Sports,West,18,2
2975,2024-04-18,2533.57,completed,Electronics,North,17,1
2976,2024-04-18,4099.44,completed,Books,West,17,4
2977,2024-04-18,3272.99,completed,Food,North,19,2
2978,2024-04-18,3552.9,completed,Clothing,South,34,4
2979,2024-04-18,3583.49,completed,Food,South,24,5
2980,2024-04-18,4376.75,pending,Home,North,47,5
2981,2024-04-18,3071.89,completed,Sports,West,34,2
2982,2024-04-18,1398.3,completed,Electronics,North,33,3
2983,2024-04-18,506.55,pending,Home,East,47,4
2984,2024-04-18,3035.19,completed,Books,East,43,2
2985,2024-04-18,341.1,completed,Electronics,East,2,3
2986,2024-04-18,1214.05,completed,Home,North,48,2
2987,2024-04-18,312.93,failed,Books,East,44,3
2988,2024-04-19,2748.95,completed,Home,West,17,4
2989,2024-04-19,810.09,completed,Electronics,South,12,5
2990,2024-04-19,3055.93,completed,Clothing,Central,27,3
2991,2024-04-19,3956.42,completed,Home,East,49,2
2992,2024-04-19,4111.18,completed,Clothing,West,30,1
2993,2024-04-19,1554.62,completed,Books,North,29,4
2994,2024-04-19,2749.28,completed,Books,Central,11,5
2995,2024-04-19,2819.42,pending,Home,East,44,3
2996,2024-04-19,2369.71,completed,Food,Central,40,5
2997,2024-04-19,3279.02,failed,Sports,West,3,3
2998,2024-04-19,1058.33,completed,Sports,West,13,3
2999,2024-04-19,4896.42,pending,Sports,North,44,1
3000,2024-04-19,499.42,completed,Books,East,35,3
3001,2024-04-19,4147.81,completed,Electronics,West,20,3
3002,2024-04-19,2974.54,pending,Clothing,Central,26,3
3003,2024-04-19,1231.83,pending,Books,South,7,3
3004,2024-04-19,3730.92,completed,Food,East,41,3
3005,2024-04-19,431.56,completed,Clothing,North,31,4
3006,2024-04-19,3874.34,completed,Sports,East,26,1
3007,2024-04-19,2954.03,completed,Food,East,30,3
3008,2024-04-19,562.64,completed,Sports,North,29,3
3009,2024-04-19,406.73,pending,Books,Central,22,2
3010,2024-04-19,3756.67,completed,Food,West,9,3
3011,2024-04-19,1471.75,completed,Electronics,North,24,4
3012,2024-04-19,4447.62,completed,Electronics,Central,40,5
3013,2024-04-19,3812.74,refunded,Books,West,3,2
3014,2024-04-19,3493.97,completed,Food,West,20,1
3015,2024-04-20,1400.24,completed,Sports,Central,41,2
3016,2024-04-20,3547.63,completed,Books,East,29,2
3017,2024-04-20,4741.26,completed,Clothing,South,2,1
3018,2024-04-20,466.88,completed,Sports,West,42,3
3019,2024-04-20,1637.55,completed,Books,Central,3,3
3020,2024-04-20,1181.01,completed,Home,Central,24,5
3021,2024-04-20,1972.32,failed,Home,West,6,4
3022,2024-04-20,3714.24,completed,Home,West,14,3
3023,2024-04-20,2376.47,completed,Electronics,North,20,4
3024,2024-04-20,2857.95,completed,Books,East,14,2
3025,2024-04-20,1577.63,completed,Electronics,South,43,1
3026,2024-04-20,715.03,completed,Home,South,28,3
3027,2024-04-20,1342.0,completed,Sports,Central,18,3
3028,2024-04-20,4299.8,completed,Clothing,South,15,2
3029,2024-04-20,3016.06,completed,Books,Central,25,5
3030,2024-04-20,1896.16,completed,Books,Central,17,3
3031,2024-04-20,3951.63,completed,Books,East,40,3
3032,2024-04-20,331.64,completed,Books,North,12,4
3033,2024-04-20,1276.92,completed,Home,West,34,2
3034,2024-04-20,1158.21,completed,Sports,Central,22,3
3035,2024-04-20,4926.97,completed,Food,East,13,5
3036,2024-04-20,3533.43,completed,Sports,North,23,4
3037,2024-04-20,3092.75,failed,Electronics,East,6,5
3038,2024-04-20,34.87,completed,Clothing,Central,26,1
3039,2024-04-20,929.71,completed,Electronics,East,36,4
3040,2024-04-20,3181.35,refunded,Home,East,30,4
3041,2024-04-20,1904.8,refunded,Electronics,East,1,5
3042,2024-04-21,4622.16,completed,Home,West,29,5
3043,2024-04-21,3825.97,completed,Sports,South,2,1
3044,2024-04-21,2242.45,pending,Home,West,18,3
3045,2024-04-21,3750.08,refunded,Sports,Central,32,5
3046,2024-04-21,4877.27,pending,Food,West,45,5
3047,2024-04-21,2310.29,completed,Sports,Central,48,1
3048,2024-04-21,3216.2,completed,Home,West,26,3
3049,2024-04-21,4594.14,refunded,Home,Central,11,2
3050,2024-04-21,1250.89,completed,Sports,North,41,4
3051,2024-04-21,4433.92,completed,Sports,South,18,3
3052,2024-04-21,496.75,pending,Books,South,28,2
3053,2024-04-21,3245.76,completed,Home,Central,10,3
3054,2024-04-21,3916.36,completed,Food,South,19,5
3055,2024-04-21,3076.89,completed,Books,Central,24,2
3056,2024-04-21,2482.72,completed,Home,West,37,2
3057,2024-04-21,3090.56,completed,Clothing,North,45,1
3058,2024-04-21,766.8,completed,Sports,West,9,1
3059,2024-04-21,1085.7,completed,Electronics,South,28,1
3060,2024-04-21,1356.8,completed,Books,South,48,1
3061,2024-04-21,2992.92,completed,Electronics,Central,1,3
3062,2024-04-21,2215.09,failed,Home,West,29,3
3063,2024-04-21,1229.93,completed,Home,West,38,4
3064,2024-04-21,4415.22,refunded,Clothing,South,6,4
3065,2024-04-21,1875.87,completed,Electronics,West,33,1
3066,2024-04-21,2235.7,completed,Books,South,21,4
3067,2024-04-21,2054.41,pending,Home,West,30,3
3068,2024-04-21,917.9,pending,Clothing,South,35,1
3069,2024-04-21,3660.82,completed,Home,West,8,4
3070,2024-04-22,2247.81,completed,Food,West,4,4
3071,2024-04-22,91.12,completed,Food,South,16,3
3072,2024-04-22,4820.43,completed,Food,North,13,1
3073,2024-04-22,4080.66,completed,Clothing,North,15,1
3074,2024-04-22,3620.56,completed,Food,Central,46,4
3075,2024-04-22,4346.77,completed,Clothing,Central,34,1
3076,2024-04-22,4534.97,failed,Food,West,18,2
3077,2024-04-22,1694.07,completed,Clothing,North,30,4
3078,2024-04-22,3058.68,pending,Electronics,East,8,3
3079,2024-04-22,3047.95,pending,Food,East,9,5
3080,2024-04-22,1343.83,refunded,Electronics,South,5,2
3081,2024-04-22,1117.54,completed,Clothing,South,21,5
3082,2024-04-22,578.4,completed,Sports,West,31,2
3083,2024-04-22,3299.98,completed,Electronics,Central,25,1
3084,2024-04-22,3906.79,completed,Clothing,Central,28,4
3085,2024-04-22,3807.16,completed,Sports,South,8,4
3086,2024-04-22,1588.21,pending,Electronics,East,32,5
3087,2024-04-22,1034.25,completed,Sports,East,28,1
3088,2024-04-22,2273.53,completed,Electronics,South,47,3
3089,2024-04-22,2738.6,failed,Electronics,East,13,4
3090,2024-04-22,4596.24,pending,Clothing,South,3,3
3091,2024-04-22,4375.37,completed,Home,North,23,2
3092,2024-04-22,4581.13,completed,Electronics,East,10,2
3093,2024-04-22,4252.81,completed,Electronics,South,9,1
3094,2024-04-22,4823.26,pending,Home,South,12,4
3095,2024-04-22,2332.84,completed,Books,West,34,4
3096,2024-04-22,246.89,completed,Books,West,21,3
3097,2024-04-23,426.97,completed,Electronics,North,43,1
3098,2024-04-23,1957.48,completed,Food,South,6,4
3099,2024-04-23,1295.86,pending,Books,North,46,5
3100,2024-04-23,858.0,completed,Books,Central,21,4
3101,2024-04-23,4766.49,completed,Books,Central,27,1
3102,2024-04-23,985.14,completed,Electronics,East,40,3
3103,2024-04-23,4797.3,completed,Home,Central,25,3
3104,2024-04-23,3806.59,pending,Sports,West,9,5
3105,2024-04-23,3208.32,completed,Clothing,Central,12,3
3106,2024-04-23,3383.33,pending,Home,Central,45,1
3107,2024-04-23,1664.06,failed,Clothing,East,4,4
3108,2024-04-23,3235.67,completed,Electronics,East,45,4
3109,2024-04-23,941.59,pending,Home,West,34,2
3110,2024-04-23,4689.15,completed,Electronics,North,26,3
3111,2024-04-23,1515.95,completed,Electronics,South,16,1
3112,2024-04-23,1283.38,completed,Books,East,43,1
3113,2024-04-23,3558.7,completed,Clothing,South,2,2
3114,2024-04-23,3285.68,completed,Electronics,East,35,1
3115,2024-04-23,2261.98,completed,Electronics,Central,11,2
3116,2024-04-23,3165.91,pending,Electronics,West,18,4
3117,2024-04-23,805.87,completed,Home,Central,4,2
3118,2024-04-23,3369.91,failed,Sports,Central,28,1
3119,2024-04-23,1360.35,completed,Home,South,8,4
3120,2024-04-23,1371.45,completed,Books,West,6,5
3121,2024-04-23,819.28,completed,Books,South,17,3
3122,2024-04-23,1668.56,completed,Clothing,Central,25,2
3123,2024-04-23,1662.94,completed,Home,North,47,5
3124,2024-04-24,2276.35,failed,Sports,South,41,2
3125,2024-04-24,960.19,failed,Books,Central,20,1
3126,2024-04-24,973.11,completed,Electronics,South,29,4
3127,2024-04-24,2713.28,completed,Sports,West,38,4
3128,2024-04-24,653.1,completed,Clothing,South,19,2
3129,2024-04-24,3447.6,completed,Clothing,South,38,2
3130,2024-04-24,4720.3,completed,Sports,West,33,1
3131,2024-04-24,2139.71,completed,Home,West,35,3
3132,2024-04-24,4506.52,pending,Books,South,48,3
3133,2024-04-24,500.6,completed,Electronics,Central,19,2
3134,2024-04-24,224.36,completed,Books,North,4,3
3135,2024-04-24,3609.63,completed,Home,North,27,4
3136,2024-04-24,3807.5,failed,Sports,Central,17,3
3137,2024-04-24,4216.86,completed,Clothing,North,3,4
3138,2024-04-24,293.52,completed,Books,South,8,3
3139,2024-04-24,3886.77,completed,Clothing,North,27,3
3140,2024-04-24,1888.93,pending,Home,South,47,4
3141,2024-04-24,1523.65,pending,Home,North,17,1
3142,2024-04-24,873.39,completed,Books,South,27,5
3143,2024-04-24,4980.12,completed,Electronics,South,9,4
3144,2024-04-24,327.68,pending,Food,North,7,2
3145,2024-04-24,4136.77,completed,Electronics,West,39,2
3146,2024-04-24,3201.08,completed,Sports,North,30,4
3147,2024-04-24,3678.05,refunded,Sports,East,10,1
3148,2024-04-24,3561.47,completed,Clothing,South,25,1
3149,2024-04-24,4293.59,completed,Home,West,29,4
3150,2024-04-24,927.12,completed,Sports,South,3,3
3151,2024-04-24,14.11,pending,Home,East,15,1
3152,2024-04-25,2996.66,pending,Clothing,Central,43,2
3153,2024-04-25,1775.75,completed,Clothing,North,18,4
3154,2024-04-25,627.7,completed,Food,East,35,3
3155,2024-04-25,938.83,failed,Clothing,East,30,3
3156,2024-04-25,1665.43,pending,Sports,West,1,1
3157,2024-04-25,360.46,completed,Food,East,47,4
3158,2024-04-25,294.0,completed,Books,West,48,1
3159,2024-04-25,4580.97,failed,Clothing,West,33,2
3160,2024-04-25,1567.39,completed,Electronics,West,8,2
3161,2024-04-25,4911.33,completed,Home,West,42,3
3162,2024-04-25,4822.19,completed,Food,Central,1,2
3163,2024-04-25,721.43,pending,Electronics,North,25,5
3164,2024-04-25,3577.47,completed,Sports,East,21,2
3165,2024-04-25,3008.02,completed,Electronics,Central,35,1
3166,2024-04-25,3456.33,completed,Home,North,7,3
3167,2024-04-25,489.99,completed,Food,Central,43,1
3168,2024-04-25,950.91,completed,Food,North,28,2
3169,2024-04-25,392.43,completed,Clothing,West,13,3
3170,2024-04-25,3024.63,completed,Electronics,North,16,4
3171,2024-04-25,4933.09,refunded,Food,West,34,4
3172,2024-04-25,3363.2,completed,Food,Central,10,2
3173,2024-04-25,3556.7,pending,Food,Central,15,5
3174,2024-04-25,4923.08,completed,Food,East,49,1
3175,2024-04-25,3393.28,completed,Books,Central,44,2
3176,2024-04-25,210.51,completed,Electronics,North,17,2
3177,2024-04-25,4336.36,completed,Food,South,28,1
3178,2024-04-25,1829.74,completed,Home,North,21,3
3179,2024-04-26,31.77,completed,Home,West,10,1
3180,2024-04-26,2541.1,refunded,Books,Central,15,4
3181,2024-04-26,4685.7,completed,Food,Central,6,5
3182,2024-04-26,1294.08,failed,Food,East,42,4
3183,2024-04-26,2462.65,completed,Sports,North,13,4
3184,2024-04-26,877.15,completed,Food,North,10,2
3185,2024-04-26,297.89,completed,Home,West,32,4
3186,2024-04-26,411.92,completed,Electronics,Central,7,3
3187,2024-04-26,3637.78,completed,Books,Central,47,3
3188,2024-04-26,4321.73,completed,Books,West,44,3
3189,2024-04-26,725.06,completed,Food,Central,21,1
3190,2024-04-26,1448.71,pending,Food,East,9,5
3191,2024-04-26,983.2,completed,Electronics,North,7,5
3192,2024-04-26,144.01,refunded,Food,East,43,4
3193,2024-04-26,2771.62,completed,Food,North,22,3
3194,2024-04-26,3502.61,completed,Books,West,29,1
3195,2024-04-26,3242.91,completed,Books,South,7,4
3196,2024-04-26,1946.39,completed,Food,South,41,5
3197,2024-04-26,2779.5,failed,Books,North,26,1
3198,2024-04-26,479.56,pending,Books,Central,4,2
3199,2024-04-26,779.98,completed,Electronics,East,4,5
3200,2024-04-26,4659.66,completed,Home,West,48,5
3201,2024-04-26,3809.92,pending,Home,East,3,3
3202,2024-04-26,4614.47,completed,Food,West,15,2
3203,2024-04-26,4584.23,completed,Sports,East,1,2
3204,2024-04-26,3250.47,completed,Food,West,3,3
3205,2024-04-26,4641.91,completed,Electronics,North,40,2
3206,2024-04-26,2089.35,completed,Home,Central,38,3
3207,2024-04-27,28.05,completed,Clothing,East,17,1
3208,2024-04-27,322.23,failed,Food,North,9,1
3209,2024-04-27,556.34,completed,Books,Central,13,1
3210,2024-04-27,485.81,failed,Food,North,18,4
3211,2024-04-27,1764.99,pending,Clothing,East,39,5
3212,2024-04-27,3509.34,completed,Sports,West,30,1
3213,2024-04-27,3955.34,completed,Food,South,22,5
3214,2024-04-27,2955.16,completed,Books,South,4,1
3215,2024-04-27,740.72,pending,Books,South,6,1
3216,2024-04-27,3742.03,completed,Home,West,10,2
3217,2024-04-27,1780.46,failed,Food,East,11,2
3218,2024-04-27,74.84,completed,Food,East,24,5
3219,2024-04-27,1410.14,completed,Home,East,43,1
3220,2024-04-27,1659.7,completed,Food,South,21,5
3221,2024-04-27,1378.49,completed,Clothing,Central,17,5
3222,2024-04-27,4061.23,completed,Electronics,South,28,3
3223,2024-04-27,3802.03,completed,Clothing,Central,4,4
3224,2024-04-27,3480.8,completed,Clothing,West,36,3
3225,2024-04-27,703.64,completed,Clothing,North,3,5
3226,2024-04-27,4041.09,completed,Books,North,18,2
3227,2024-04-27,3389.11,completed,Books,East,47,5
3228,2024-04-27,982.24,completed,Clothing,North,20,3
3229,2024-04-27,3243.99,completed,Food,Central,37,5
3230,2024-04-27,2422.72,pending,Food,East,14,5
3231,2024-04-27,2202.36,completed,Electronics,Central,42,5
3232,2024-04-27,569.49,completed,Clothing,North,17,4
3233,2024-04-27,2596.34,completed,Sports,North,12,3
3234,2024-04-28,508.66,completed,Electronics,West,3,4
3235,2024-04-28,829.62,pending,Clothing,Central,16,2
3236,2024-04-28,671.41,completed,Food,Central,29,2
3237,2024-04-28,4771.0,completed,Electronics,West,4,4
3238,2024-04-28,1431.47,completed,Books,West,9,4
3239,2024-04-28,1782.47,completed,Sports,North,18,2
3240,2024-04-28,1617.18,completed,Food,West,36,5
3241,2024-04-28,4492.27,completed,Clothing,West,30,4
3242,2024-04-28,2819.2,completed,Sports,South,3,5
3243,2024-04-28,4596.61,refunded,Clothing,Central,2,3
3244,2024-04-28,1506.63,completed,Electronics,Central,3,3
3245,2024-04-28,583.03,completed,Electronics,Central,17,4
3246,2024-04-28,2785.53,failed,Electronics,Central,14,1
3247,2024-04-28,1734.23,refunded,Home,East,6,2
3248,2024-04-28,4011.52,completed,Home,Central,22,5
3249,2024-04-28,4398.32,failed,Books,North,29,4
3250,2024-04-28,2368.14,completed,Home,South,34,3
3251,2024-04-28,4857.08,pending,Sports,West,49,1
3252,2024-04-28,2769.53,completed,Food,North,34,1
3253,2024-04-28,1361.89,completed,Sports,Central,49,3
3254,2024-04-28,2449.99,completed,Food,North,48,1
3255,2024-04-28,196.18,pending,Home,South,42,1
3256,2024-04-28,4021.97,completed,Home,South,18,3
3257,2024-04-28,516.16,completed,Home,East,3,5
3258,2024-04-28,1550.65,completed,Books,North,3,5
3259,2024-04-28,2830.93,completed,Books,Central,43,3
3260,2024-04-28,224.45,failed,Electronics,Central,43,5
3261,2024-04-29,405.79,completed,Books,West,16,4
3262,2024-04-29,3483.62,completed,Electronics,North,36,5
3263,2024-04-29,368.17,completed,Books,South,23,2
3264,2024-04-29,2390.64,completed,Electronics,South,4,3
3265,2024-04-29,1700.09,completed,Food,West,33,5
3266,2024-04-29,1148.12,completed,Sports,Central,5,5
3267,2024-04-29,952.01,completed,Clothing,Central,7,5
3268,2024-04-29,3819.42,completed,Books,Central,24,1
3269,2024-04-29,4758.2,completed,Clothing,West,4,4
3270,2024-04-29,709.5,pending,Clothing,South,17,1
3271,2024-04-29,4798.81,completed,Clothing,South,37,2
3272,2024-04-29,2977.86,completed,Electronics,South,30,1
3273,2024-04-29,3211.89,failed,Food,North,3,4
3274,2024-04-29,3552.53,completed,Electronics,Central,11,4
3275,2024-04-29,3523.55,completed,Home,East,49,1
3276,2024-04-29,4100.86,failed,Sports,Central,48,5
3277,2024-04-29,2422.51,completed,Clothing,Central,46,5
3278,2024-04-29,2671.46,refunded,Home,West,26,5
3279,2024-04-29,1625.9,completed,Food,North,22,3
3280,2024-04-29,535.24,completed,Books,East,37,5
3281,2024-04-29,3326.55,completed,Sports,East,47,5
3282,2024-04-29,177.71,completed,Sports,West,7,3
3283,2024-04-29,1385.42,refunded,Electronics,East,44,2
3284,2024-04-29,480.21,completed,Clothing,West,31,4
3285,2024-04-29,961.73,refunded,Food,North,7,1
3286,2024-04-29,3197.27,completed,Books,North,43,2
3287,2024-04-29,3146.1,failed,Home,Central,2,1
3288,2024-04-29,2111.06,refunded,Food,East,2,4
3289,2024-04-30,459.96,completed,Food,Central,19,1
3290,2024-04-30,2172.54,refunded,Electronics,Central,27,4
3291,2024-04-30,1770.2,pending,Books,North,21,3
3292,2024-04-30,3605.09,completed,Food,West,13,3
3293,2024-04-30,2899.34,completed,Books,North,33,4
3294,2024-04-30,2462.91,completed,Home,North,24,1
3295,2024-04-30,2440.04,completed,Books,South,6,5
3296,2024-04-30,4831.82,completed,Electronics,West,40,2
3297,2024-04-30,3783.91,completed,Sports,North,16,5
3298,2024-04-30,2489.93,completed,Food,West,34,5
3299,2024-04-30,2401.32,completed,Food,South,18,3
3300,2024-04-30,142.13,completed,Home,South,37,3
3301,2024-04-30,4713.12,completed,Books,South,14,5
3302,2024-04-30,1602.68,failed,Sports,South,11,3
3303,2024-04-30,1287.14,refunded,Home,South,4,2
3304,2024-04-30,4997.05,failed,Food,South,41,5
3305,2024-04-30,3596.26,completed,Home,East,36,3
3306,2024-04-30,246.35,completed,Clothing,Central,31,2
3307,2024-04-30,318.81,failed,Home,East,30,1
3308,2024-04-30,137.25,completed,Home,North,4,2
3309,2024-04-30,3002.1,completed,Electronics,West,21,2
3310,2024-04-30,367.11,completed,Electronics,Central,43,4
3311,2024-04-30,4667.61,completed,Electronics,East,15,3
3312,2024-04-30,4685.16,completed,Clothing,East,3,2
3313,2024-04-30,2734.81,completed,Home,West,42,5
3314,2024-04-30,3087.03,pending,Electronics,Central,2,3
3315,2024-04-30,1466.55,completed,Electronics,North,34,3
3316,2024-05-01,329.22,completed,Food,Central,41,4
3317,2024-05-01,3689.93,completed,Food,Central,37,2
3318,2024-05-01,517.91,completed,Books,Central,1,3
3319,2024-05-01,436.93,pending,Books,East,44,4
3320,2024-05-01,1563.0,completed,Sports,Central,5,2
3321,2024-05-01,72.2,completed,Food,North,42,3
3322,2024-05-01,2175.84,completed,Food,East,1,1
3323,2024-05-01,3541.33,pending,Electronics,Central,25,4
3324,2024-05-01,4008.73,refunded,Home,South,44,5
3325,2024-05-01,3025.49,completed,Clothing,West,13,4
3326,2024-05-01,4235.9,completed,Books,South,3,3
3327,2024-05-01,2038.45,failed,Home,East,5,5
3328,2024-05-01,4245.37,completed,Books,West,19,5
3329,2024-05-01,2537.3,completed,Books,Central,18,3
3330,2024-05-01,1122.95,completed,Clothing,South,11,4
3331,2024-05-01,4721.29,completed,Sports,West,23,5
3332,2024-05-01,1382.1,completed,Clothing,East,17,2
3333,2024-05-01,140.75,completed,Sports,South,29,4
3334,2024-05-01,1220.94,completed,Books,North,15,2
3335,2024-05-01,1839.77,completed,Food,North,16,1
3336,2024-05-01,1763.23,completed,Sports,West,44,3
3337,2024-05-01,2628.09,completed,Sports,North,39,3
3338,2024-05-01,4416.8,failed,Clothing,North,38,4
3339,2024-05-01,1468.77,pending,Food,North,19,1
3340,2024-05-01,2608.65,completed,Food,South,44,3
3341,2024-05-01,1707.29,completed,Electronics,North,17,4
3342,2024-05-01,4110.65,completed,Food,East,36,4
3343,2024-05-01,796.43,completed,Electronics,Central,37,5
3344,2024-05-02,526.52,completed,Food,East,17,4
3345,2024-05-02,2519.95,completed,Clothing,West,31,3
3346,2024-05-02,3362.72,pending,Clothing,Central,10,2
3347,2024-05-02,3979.67,pending,Sports,Central,19,5
3348,2024-05-02,2952.23,pending,Electronics,West,26,5
3349,2024-05-02,3871.51,completed,Electronics,North,33,1
3350,2024-05-02,1969.62,pending,Clothing,West,18,3
3351,2024-05-02,174.01,pending,Electronics,West,35,4
3352,2024-05-02,589.34,failed,Home,South,32,4
3353,2024-05-02,203.23,pending,Home,North,43,5
3354,2024-05-02,1651.43,pending,Sports,North,2,2
3355,2024-05-02,2482.5,pending,Sports,South,26,5
3356,2024-05-02,1788.02,completed,Electronics,West,35,2
3357,2024-05-02,2807.39,completed,Books,Central,21,1
3358,2024-05-02,2408.24,completed,Electronics,North,15,4
3359,2024-05-02,3392.93,completed,Clothing,East,29,5
3360,2024-05-02,3338.14,completed,Food,Central,23,2
3361,2024-05-02,1597.14,completed,Sports,North,22,1
3362,2024-05-02,1737.61,completed,Clothing,Central,48,5
3363,2024-05-02,2929.89,completed,Clothing,North,21,1
3364,2024-05-02,2986.2,refunded,Sports,South,11,4
3365,2024-05-02,1580.35,completed,Clothing,North,1,1
3366,2024-05-02,1658.29,completed,Food,West,6,4
3367,2024-05-02,3473.28,completed,Clothing,East,27,1
3368,2024-05-02,3240.58,completed,Home,East,11,2
3369,2024-05-02,683.9,completed,Books,East,6,3
3370,2024-05-02,2210.8,completed,Electronics,South,18,5
3371,2024-05-03,4464.6,completed,Electronics,West,12,4
3372,2024-05-03,191.17,completed,Home,East,27,5
3373,2024-05-03,4277.27,completed,Home,West,3,3
3374,2024-05-03,824.26,completed,Sports,West,49,2
3375,2024-05-03,2541.17,failed,Electronics,West,45,3
3376,2024-05-03,2127.44,failed,Sports,Central,43,3
3377,2024-05-03,60.55,completed,Books,East,9,3
3378,2024-05-03,4577.83,pending,Home,South,36,5
3379,2024-05-03,2280.08,pending,Food,West,1,5
3380,2024-05-03,4771.8,failed,Food,West,36,1
3381,2024-05-03,1440.85,completed,Books,East,40,4
3382,2024-05-03,4332.72,completed,Electronics,South,14,2
3383,2024-05-03,4612.72,completed,Sports,Central,23,3
3384,2024-05-03,2788.59,completed,Food,South,46,5
3385,2024-05-03,1021.36,completed,Clothing,North,10,5
3386,2024-05-03,3429.38,completed,Sports,West,27,3
3387,2024-05-03,2749.4,completed,Clothing,North,15,1
3388,2024-05-03,4723.2,pending,Home,West,8,5
3389,2024-05-03,2201.97,completed,Clothing,Central,34,5
3390,2024-05-03,1349.88,refunded,Food,West,47,2
3391,2024-05-03,700.05,pending,Food,South,28,1
3392,2024-05-03,3496.18,failed,Sports,Central,25,3
3393,2024-05-03,4870.81,pending,Clothing,North,27,5
3394,2024-05-03,151.44,completed,Clothing,North,8,3
3395,2024-05-03,3704.82,completed,Clothing,South,10,1
3396,2024-05-03,4635.38,failed,Clothing,East,37,3
3397,2024-05-03,383.16,completed,Food,West,29,3
3398,2024-05-04,559.75,completed,Books,South,12,5
3399,2024-05-04,3462.87,completed,Home,Central,1,5
3400,2024-05-04,3243.34,completed,Food,Central,10,4
3401,2024-05-04,353.45,completed,Food,South,25,3
3402,2024-05-04,4173.77,completed,Electronics,North,14,5
3403,2024-05-04,2621.89,completed,Electronics,West,36,2
3404,2024-05-04,4536.91,completed,Sports,North,29,2
3405,2024-05-04,4391.17,completed,Books,South,8,5
3406,2024-05-04,4064.41,completed,Books,West,15,5
3407,2024-05-04,2584.34,completed,Food,North,2,5
3408,2024-05-04,1266.04,completed,Books,South,2,4
3409,2024-05-04,2534.82,completed,Home,Central,37,5
3410,2024-05-04,513.05,completed,Clothing,West,19,1
3411,2024-05-04,3297.64,pending,Food,West,44,4
3412,2024-05-04,678.55,completed,Clothing,Central,12,3
3413,2024-05-04,2560.75,pending,Electronics,West,16,3
3414,2024-05-04,281.37,completed,Sports,East,26,2
3415,2024-05-04,1504.57,completed,Sports,West,14,3
3416,2024-05-04,1168.08,completed,Home,East,23,2
3417,2024-05-04,3103.96,failed,Electronics,South,7,4
3418,2024-05-04,3936.07,completed,Clothing,Central,4,5
3419,2024-05-04,295.94,completed,Books,East,43,1
3420,2024-05-04,4252.92,completed,Sports,West,13,5
3421,2024-05-04,4305.23,completed,Home,East,6,4
3422,2024-05-04,1717.92,pending,Sports,North,14,1
3423,2024-05-04,3298.43,refunded,Home,North,21,3
3424,2024-05-04,2019.04,completed,Sports,Central,24,1
3425,2024-05-04,779.41,completed,Clothing,East,38,5
3426,2024-05-05,2648.03,completed,Books,East,41,2
3427,2024-05-05,440.93,refunded,Books,North,15,1
3428,2024-05-05,4393.58,completed,Food,West,11,5
3429,2024-05-05,4622.21,completed,Home,South,7,3
3430,2024-05-05,4109.85,refunded,Sports,East,8,4
3431,2024-05-05,2817.02,refunded,Books,South,2,5
3432,2024-05-05,2792.42,completed,Food,South,1,3
3433,2024-05-05,4923.19,completed,Sports,North,21,4
3434,2024-05-05,1247.03,completed,Clothing,Central,30,3
3435,2024-05-05,388.98,pending,Clothing,North,41,1
3436,2024-05-05,2814.09,completed,Food,North,16,5
3437,2024-05-05,1650.64,completed,Electronics,South,15,5
3438,2024-05-05,1618.47,completed,Food,Central,33,2
3439,2024-05-05,45.36,completed,Food,West,32,4
3440,2024-05-05,2985.23,completed,Books,Central,34,1
3441,2024-05-05,1327.53,pending,Food,South,9,2
3442,2024-05-05,947.41,completed,Home,Central,3,4
3443,2024-05-05,211.76,completed,Clothing,North,27,2
3444,2024-05-05,1828.16,pending,Food,North,21,5
3445,2024-05-05,4396.05,completed,Sports,East,13,1
3446,2024-05-05,1689.99,completed,Clothing,East,48,4
3447,2024-05-05,3398.58,failed,Books,South,8,4
3448,2024-05-05,3785.17,completed,Home,North,14,5
3449,2024-05-05,1647.22,failed,Food,South,37,5
3450,2024-05-05,4109.99,completed,Clothing,South,26,5
3451,2024-05-05,3462.48,completed,Clothing,West,12,4
3452,2024-05-05,2800.62,completed,Electronics,South,27,2
3453,2024-05-06,14.95,completed,Clothing,South,21,3
3454,2024-05-06,185.1,completed,Home,East,13,4
3455,2024-05-06,4954.42,completed,Clothing,East,33,5
3456,2024-05-06,3913.6,completed,Home,East,39,5
3457,2024-05-06,4688.45,completed,Home,North,4,4
3458,2024-05-06,4512.49,pending,Sports,Central,1,1
3459,2024-05-06,112.01,completed,Home,East,45,3
3460,2024-05-06,3961.32,completed,Food,South,12,4
3461,2024-05-06,2261.22,completed,Home,West,5,4
3462,2024-05-06,3949.9,completed,Books,East,30,2
3463,2024-05-06,43.51,completed,Electronics,North,16,3
3464,2024-05-06,1448.11,completed,Sports,West,45,5
3465,2024-05-06,3759.11,completed,Home,North,48,5
3466,2024-05-06,3967.17,completed,Home,South,1,2
3467,2024-05-06,3102.38,completed,Food,West,10,2
3468,2024-05-06,1513.27,pending,Electronics,West,30,2
3469,2024-05-06,1558.71,completed,Books,Central,17,4
3470,2024-05-06,4834.15,completed,Home,West,1,4
3471,2024-05-06,2201.67,completed,Home,South,23,4
3472,2024-05-06,2241.16,pending,Books,West,31,3
3473,2024-05-06,2766.14,completed,Sports,West,49,5
3474,2024-05-06,2053.42,completed,Electronics,West,21,1
3475,2024-05-06,2767.83,completed,Books,West,39,3
3476,2024-05-06,2167.35,completed,Electronics,Central,22,2
3477,2024-05-06,4135.31,completed,Sports,East,33,3
3478,2024-05-06,4546.16,completed,Electronics,Central,48,5
3479,2024-05-06,4661.23,pending,Books,West,40,5
3480,2024-05-06,2825.84,failed,Home,North,34,5
3481,2024-05-07,2216.32,completed,Electronics,North,41,3
3482,2024-05-07,3529.15,completed,Food,East,10,4
3483,2024-05-07,4193.23,completed,Electronics,East,40,3
3484,2024-05-07,2819.28,completed,Sports,Central,49,1
3485,2024-05-07,3502.91,completed,Home,West,48,2
3486,2024-05-07,3751.15,failed,Electronics,North,13,4
3487,2024-05-07,3385.2,completed,Books,East,21,1
3488,2024-05-07,3733.21,completed,Sports,East,34,4
3489,2024-05-07,1051.14,completed,Electronics,Central,4,3
3490,2024-05-07,2496.89,refunded,Food,West,34,3
3491,2024-05-07,2945.46,completed,Electronics,North,14,4
3492,2024-05-07,22.36,pending,Home,North,42,2
3493,2024-05-07,4281.25,pending,Books,South,31,2
3494,2024-05-07,3054.02,completed,Books,East,20,1
3495,2024-05-07,654.39,completed,Home,North,3,1
3496,2024-05-07,4083.62,completed,Sports,West,35,1
3497,2024-05-07,3588.11,completed,Clothing,North,27,1
3498,2024-05-07,3793.91,completed,Books,North,31,4
3499,2024-05-07,1966.29,completed,Clothing,North,1,2
3500,2024-05-07,4272.47,pending,Books,North,22,2
3501,2024-05-07,2076.0,pending,Sports,East,38,4
3502,2024-05-07,2856.84,completed,Home,Central,45,3
3503,2024-05-07,13.21,completed,Home,Central,18,1
3504,2024-05-07,3227.92,completed,Food,Central,13,3
3505,2024-05-07,3593.7,completed,Home,West,35,4
3506,2024-05-07,2839.88,completed,Home,East,11,4
3507,2024-05-07,2487.83,completed,Books,South,44,5
3508,2024-05-08,4051.58,pending,Electronics,East,31,3
3509,2024-05-08,3410.05,completed,Electronics,Central,46,5
3510,2024-05-08,1397.59,pending,Books,North,10,3
3511,2024-05-08,4795.78,completed,Sports,Central,5,4
3512,2024-05-08,3539.26,completed,Home,Central,41,1
3513,2024-05-08,4939.82,pending,Clothing,North,15,5
3514,2024-05-08,4856.59,completed,Home,South,17,1
3515,2024-05-08,4595.36,completed,Sports,South,14,5
3516,2024-05-08,3779.3,failed,Food,Central,21,3
3517,2024-05-08,3051.05,completed,Food,East,45,2
3518,2024-05-08,869.13,completed,Food,West,34,3
3519,2024-05-08,2721.32,completed,Sports,West,4,1
3520,2024-05-08,3829.23,completed,Sports,North,44,3
3521,2024-05-08,2609.08,completed,Clothing,West,22,1
3522,2024-05-08,4342.51,pending,Food,West,34,3
3523,2024-05-08,557.18,completed,Electronics,Central,18,1
3524,2024-05-08,1910.89,completed,Home,Central,5,1
3525,2024-05-08,2534.76,completed,Food,East,21,4
3526,2024-05-08,2167.3,completed,Clothing,Central,17,1
3527,2024-05-08,551.85,pending,Clothing,North,1,2
3528,2024-05-08,776.11,completed,Electronics,West,37,4
3529,2024-05-08,4189.71,completed,Food,East,43,3
3530,2024-05-08,2427.08,completed,Sports,North,45,3
3531,2024-05-08,253.12,pending,Clothing,East,12,3
3532,2024-05-08,92.29,completed,Food,West,32,4
3533,2024-05-08,2372.64,completed,Books,East,27,4
3534,2024-05-08,830.25,failed,Food,West,30,1
3535,2024-05-09,3528.58,completed,Sports,West,40,5
3536,2024-05-09,3978.66,completed,Clothing,East,19,5
3537,2024-05-09,1149.2,pending,Food,South,14,3
3538,2024-05-09,2964.96,failed,Home,South,24,2
3539,2024-05-09,780.68,completed,Home,West,33,4
3540,2024-05-09,1524.88,failed,Books,Central,22,4
3541,2024-05-09,4445.09,completed,Food,East,15,5
3542,2024-05-09,2725.05,refunded,Home,East,3,3
3543,2024-05-09,4430.58,completed,Food,Central,29,3
3544,2024-05-09,1133.99,completed,Food,South,2,3
3545,2024-05-09,1656.82,completed,Books,Central,24,2
3546,2024-05-09,2360.05,pending,Food,South,31,4
3547,2024-05-09,2405.6,refunded,Home,South,23,4
3548,2024-05-09,4988.26,completed,Clothing,South,25,1
3549,2024-05-09,581.08,completed,Electronics,North,14,1
3550,2024-05-09,4261.31,completed,Food,East,12,1
3551,2024-05-09,4319.77,completed,Home,South,42,2
3552,2024-05-09,2770.46,pending,Electronics,South,44,1
3553,2024-05-09,1726.75,completed,Sports,West,8,3
3554,2024-05-09,2600.94,refunded,Electronics,East,11,5
3555,2024-05-09,1469.41,failed,Books,North,18,4
3556,2024-05-09,3997.55,completed,Food,North,35,5
3557,2024-05-09,2496.41,completed,Electronics,Central,4,1
3558,2024-05-09,4629.95,refunded,Sports,South,39,4
3559,2024-05-09,3117.23,failed,Clothing,South,1,4
3560,2024-05-09,2576.45,pending,Food,North,42,3
3561,2024-05-09,3558.24,completed,Books,Central,3,4
3562,2024-05-09,2524.63,completed,Books,South,42,1
3563,2024-05-10,4523.49,pending,Electronics,West,47,4
3564,2024-05-10,930.39,completed,Food,East,39,5
3565,2024-05-10,4867.01,completed,Books,Central,49,2
3566,2024-05-10,4062.83,pending,Books,East,23,1
3567,2024-05-10,4305.06,completed,Sports,Central,32,1
3568,2024-05-10,2419.71,completed,Sports,West,31,2
3569,2024-05-10,4187.64,completed,Clothing,East,1,5
3570,2024-05-10,1540.8,failed,Sports,East,43,5
3571,2024-05-10,3812.12,completed,Home,West,35,4
3572,2024-05-10,710.85,completed,Home,West,21,2
3573,2024-05-10,1542.19,refunded,Home,West,11,2
3574,2024-05-10,2234.21,completed,Clothing,North,33,5
3575,2024-05-10,1618.38,completed,Books,South,49,3
3576,2024-05-10,1941.22,pending,Food,East,8,4
3577,2024-05-10,4102.32,completed,Home,East,46,2
3578,2024-05-10,1290.81,refunded,Sports,North,28,5
3579,2024-05-10,3728.95,failed,Electronics,North,39,3
3580,2024-05-10,377.82,completed,Home,East,7,4
3581,2024-05-10,3831.04,completed,Sports,East,6,5
3582,2024-05-10,3962.2,completed,Books,West,33,2
3583,2024-05-10,2014.48,completed,Food,North,14,4
3584,2024-05-10,3615.16,completed,Food,West,19,4
3585,2024-05-10,4576.54,completed,Sports,South,31,3
3586,2024-05-10,4005.56,refunded,Sports,East,12,5
3587,2024-05-10,1958.33,completed,Books,Central,17,3
3588,2024-05-10,2426.23,pending,Home,South,18,4
3589,2024-05-10,3898.99,completed,Clothing,South,18,1
3590,2024-05-11,1470.05,completed,Food,South,35,5
3591,2024-05-11,4021.37,completed,Books,West,8,5
3592,2024-05-11,1647.08,completed,Electronics,Central,45,5
3593,2024-05-11,4031.89,completed,Food,East,36,5
3594,2024-05-11,443.13,completed,Home,North,1,4
3595,2024-05-11,231.54,pending,Sports,Central,28,4
3596,2024-05-11,4988.4,completed,Sports,North,9,5
3597,2024-05-11,4348.59,completed,Electronics,East,8,4
3598,2024-05-11,4415.41,pending,Electronics,North,35,2
3599,2024-05-11,4756.89,completed,Food,North,13,1
3600,2024-05-11,2197.2,completed,Clothing,Central,28,5
3601,2024-05-11,1441.31,completed,Electronics,North,14,1
3602,2024-05-11,658.82,completed,Books,Central,16,5
3603,2024-05-11,2511.03,completed,Sports,East,33,5
3604,2024-05-11,1108.04,completed,Sports,South,32,1
3605,2024-05-11,4678.4,completed,Electronics,Central,2,5
3606,2024-05-11,29.98,completed,Sports,North,43,3
3607,2024-05-11,724.55,completed,Food,West,29,2
3608,2024-05-11,1239.91,refunded,Electronics,West,13,3
3609,2024-05-11,1002.79,completed,Food,South,6,3
3610,2024-05-11,1136.63,completed,Clothing,South,24,5
3611,2024-05-11,3283.68,failed,Sports,North,35,3
3612,2024-05-11,1644.29,completed,Sports,North,2,1
3613,2024-05-11,3078.97,completed,Sports,North,15,2
3614,2024-05-11,4452.39,completed,Electronics,East,47,3
3615,2024-05-11,3016.76,failed,Food,East,5,3
3616,2024-05-11,3475.72,completed,Food,East,40,3
3617,2024-05-11,1833.86,completed,Home,West,12,5
3618,2024-05-12,807.09,refunded,Books,South,25,2
3619,2024-05-12,1609.71,completed,Books,West,38,5
3620,2024-05-12,4821.77,pending,Food,West,49,5
3621,2024-05-12,3112.84,completed,Clothing,Central,30,5
3622,2024-05-12,1394.78,completed,Sports,West,11,3
3623,2024-05-12,2260.07,pending,Home,North,5,5
3624,2024-05-12,4179.21,refunded,Electronics,East,37,3
3625,2024-05-12,3345.53,completed,Books,West,29,2
3626,2024-05-12,2807.66,completed,Sports,North,38,5
3627,2024-05-12,4426.96,pending,Electronics,North,49,5
3628,2024-05-12,3365.47,completed,Books,North,41,1
3629,2024-05-12,3217.22,failed,Food,North,25,2
3630,2024-05-12,956.94,completed,Books,Central,34,2
3631,2024-05-12,540.88,completed,Books,South,31,5
3632,2024-05-12,4826.06,failed,Home,North,10,2
3633,2024-05-12,2998.3,failed,Electronics,East,16,4
3634,2024-05-12,2084.26,completed,Clothing,South,5,5
3635,2024-05-12,2949.21,pending,Food,Central,19,5
3636,2024-05-12,318.44,completed,Sports,North,9,5
3637,2024-05-12,4112.42,completed,Books,Central,44,3
3638,2024-05-12,1091.06,completed,Clothing,South,43,4
3639,2024-05-12,4024.68,failed,Electronics,South,36,4
3640,2024-05-12,2676.55,completed,Home,East,20,2
3641,2024-05-12,1390.09,completed,Electronics,Central,1,3
3642,2024-05-12,160.75,pending,Electronics,South,27,3
3643,2024-05-12,4081.01,completed,Food,South,2,5
3644,2024-05-12,890.54,completed,Books,West,2,3
3645,2024-05-13,268.51,completed,Clothing,West,8,3
3646,2024-05-13,3781.83,pending,Clothing,South,25,3
3647,2024-05-13,1756.72,completed,Electronics,North,37,1
3648,2024-05-13,1952.78,pending,Food,West,21,2
3649,2024-05-13,1242.87,completed,Home,Central,38,5
3650,2024-05-13,4297.3,completed,Electronics,West,27,1
3651,2024-05-13,1493.67,pending,Books,Central,44,4
3652,2024-05-13,1058.86,completed,Clothing,South,19,5
3653,2024-05-13,1553.16,completed,Sports,Central,15,4
3654,2024-05-13,1023.72,completed,Electronics,Central,4,4
3655,2024-05-13,1595.1,completed,Clothing,Central,11,4
3656,2024-05-13,423.85,completed,Electronics,Central,3,1
3657,2024-05-13,801.06,refunded,Books,South,9,1
3658,2024-05-13,2091.09,completed,Sports,North,47,5
3659,2024-05-13,4398.54,completed,Clothing,West,27,3
3660,2024-05-13,295.88,completed,Food,West,30,3
3661,2024-05-13,1071.25,completed,Clothing,West,19,1
3662,2024-05-13,4542.64,completed,Electronics,West,32,4
3663,2024-05-13,4451.17,failed,Electronics,North,28,1
3664,2024-05-13,3400.46,completed,Home,West,45,1
3665,2024-05-13,1209.96,pending,Books,East,39,2
3666,2024-05-13,2104.85,completed,Books,North,27,5
3667,2024-05-13,1063.99,completed,Clothing,Central,39,5
3668,2024-05-13,651.66,failed,Clothing,North,31,1
3669,2024-05-13,1906.19,completed,Sports,South,49,1
3670,2024-05-13,2883.35,pending,Food,South,26,5
3671,2024-05-13,1806.06,failed,Electronics,West,42,4
3672,2024-05-14,3058.01,failed,Food,North,9,4
3673,2024-05-14,1488.31,completed,Books,South,9,3
3674,2024-05-14,1735.79,completed,Books,South,16,2
3675,2024-05-14,3955.46,completed,Books,East,41,4
3676,2024-05-14,4392.79,refunded,Home,Central,44,1
3677,2024-05-14,1616.95,completed,Clothing,South,20,1
3678,2024-05-14,2861.86,completed,Books,South,22,5
3679,2024-05-14,1398.03,completed,Home,East,24,2
3680,2024-05-14,276.14,completed,Home,South,11,1
3681,2024-05-14,3691.91,completed,Home,Central,27,3
3682,2024-05-14,863.31,completed,Sports,South,41,1
3683,2024-05-14,2134.31,completed,Electronics,North,37,3
3684,2024-05-14,2440.36,pending,Home,East,5,4
3685,2024-05-14,930.51,completed,Electronics,North,18,2
3686,2024-05-14,481.83,completed,Books,West,32,1
3687,2024-05-14,1746.58,completed,Food,Central,30,5
3688,2024-05-14,4761.91,completed,Sports,Central,35,3
3689,2024-05-14,3079.53,completed,Sports,Central,37,1
3690,2024-05-14,1913.24,completed,Sports,East,15,3
3691,2024-05-14,204.16,completed,Clothing,West,24,5
3692,2024-05-14,3005.36,completed,Sports,South,9,1
3693,2024-05-14,470.37,completed,Sports,Central,36,4
3694,2024-05-14,2717.29,completed,Electronics,North,22,2
3695,2024-05-14,3762.23,completed,Books,North,18,4
3696,2024-05-14,2123.69,completed,Electronics,Central,37,1
3697,2024-05-14,1504.06,completed,Books,South,46,5
3698,2024-05-14,246.45,completed,Clothing,South,44,5
3699,2024-05-14,133.64,completed,Food,West,7,3
3700,2024-05-15,2155.83,completed,Clothing,South,40,2
3701,2024-05-15,4417.89,failed,Home,West,28,1
3702,2024-05-15,1227.87,completed,Home,East,6,4
3703,2024-05-15,2874.54,completed,Sports,West,20,4
3704,2024-05-15,3424.69,completed,Sports,North,11,4
3705,2024-05-15,313.54,completed,Food,West,13,3
3706,2024-05-15,773.97,pending,Electronics,South,31,4
3707,2024-05-15,1663.07,completed,Books,East,20,4
3708,2024-05-15,3353.76,completed,Food,Central,35,2
3709,2024-05-15,2200.79,failed,Clothing,East,40,4
3710,2024-05-15,3673.63,completed,Clothing,North,1,1
3711,2024-05-15,4339.31,completed,Electronics,East,41,5
3712,2024-05-15,3794.28,completed,Sports,South,7,3
3713,2024-05-15,4961.31,refunded,Clothing,East,1,4
3714,2024-05-15,3774.26,completed,Home,South,5,4
3715,2024-05-15,4262.37,completed,Sports,West,3,1
3716,2024-05-15,4163.51,completed,Electronics,South,17,4
3717,2024-05-15,3654.03,completed,Electronics,East,42,4
3718,2024-05-15,4010.99,completed,Food,Central,34,1
3719,2024-05-15,4674.07,completed,Electronics,West,22,2
3720,2024-05-15,2381.28,completed,Home,West,47,4
3721,2024-05-15,3195.05,completed,Home,West,24,2
3722,2024-05-15,2579.55,completed,Books,Central,5,1
3723,2024-05-15,4256.67,completed,Clothing,Central,1,5
3724,2024-05-15,2162.48,pending,Home,Central,25,3
3725,2024-05-15,4100.44,pending,Books,South,12,2
3726,2024-05-15,3998.78,refunded,Food,West,19,3
3727,2024-05-16,4809.81,completed,Home,Central,16,2
3728,2024-05-16,1252.11,completed,Clothing,East,20,1
3729,2024-05-16,3551.0,completed,Books,North,48,3
3730,2024-05-16,3787.03,failed,Sports,East,4,5
3731,2024-05-16,4682.03,completed,Home,South,6,5
3732,2024-05-16,4535.44,completed,Electronics,West,15,4
3733,2024-05-16,2871.89,completed,Clothing,Central,37,1
3734,2024-05-16,2899.97,pending,Home,West,13,2
3735,2024-05-16,844.78,pending,Food,East,13,2
3736,2024-05-16,4875.06,pending,Sports,East,36,1
3737,2024-05-16,1282.54,completed,Sports,East,30,1
3738,2024-05-16,3626.43,completed,Clothing,East,32,4
3739,2024-05-16,3981.02,failed,Clothing,South,33,3
3740,2024-05-16,2211.67,completed,Food,West,32,5
3741,2024-05-16,1063.86,completed,Electronics,South,28,1
3742,2024-05-16,952.91,completed,Sports,North,26,1
3743,2024-05-16,4283.92,completed,Electronics,Central,38,4
3744,2024-05-16,2558.67,pending,Home,East,17,2
3745,2024-05-16,459.78,completed,Sports,East,16,2
3746,2024-05-16,3587.93,failed,Food,East,12,4
3747,2024-05-16,1258.35,failed,Electronics,North,41,5
3748,2024-05-16,4383.21,completed,Sports,East,1,3
3749,2024-05-16,1554.76,completed,Food,East,11,4
3750,2024-05-16,1009.35,completed,Clothing,East,8,2
3751,2024-05-16,433.44,completed,Food,North,19,5
3752,2024-05-16,2562.54,completed,Home,West,11,3
3753,2024-05-16,2259.18,failed,Sports,West,25,1
3754,2024-05-16,3759.05,completed,Sports,West,48,3
3755,2024-05-17,2328.37,completed,Books,East,21,2
3756,2024-05-17,1725.64,failed,Electronics,South,48,1
3757,2024-05-17,1315.66,failed,Home,Central,16,1
3758,2024-05-17,1397.95,completed,Sports,South,38,2
3759,2024-05-17,4639.96,completed,Books,East,7,1
3760,2024-05-17,833.74,completed,Sports,North,30,1
3761,2024-05-17,4941.0,completed,Food,North,37,3
3762,2024-05-17,1641.33,completed,Sports,North,33,1
3763,2024-05-17,451.07,completed,Home,East,46,4
3764,2024-05-17,1250.97,completed,Food,South,30,5
3765,2024-05-17,301.49,completed,Electronics,South,29,1
3766,2024-05-17,3952.25,completed,Sports,West,32,1
3767,2024-05-17,2567.64,completed,Home,West,18,2
3768,2024-05-17,1691.56,completed,Sports,West,11,1
3769,2024-05-17,3313.63,completed,Home,Central,45,2
3770,2024-05-17,3156.93,completed,Food,South,48,5
3771,2024-05-17,4699.96,refunded,Home,West,46,5
3772,2024-05-17,4806.69,completed,Clothing,Central,38,5
3773,2024-05-17,3406.61,completed,Books,South,11,5
3774,2024-05-17,4090.9,completed,Home,South,12,5
3775,2024-05-17,3964.2,failed,Home,East,16,3
3776,2024-05-17,2461.6,completed,Books,West,26,1
3777,2024-05-17,3525.25,completed,Books,North,12,4
3778,2024-05-17,400.51,pending,Food,East,39,4
3779,2024-05-17,3792.53,completed,Home,South,5,5
3780,2024-05-17,4809.55,completed,Home,West,45,4
3781,2024-05-17,434.02,completed,Clothing,South,23,3
3782,2024-05-18,4182.22,refunded,Electronics,South,19,4
3783,2024-05-18,4665.57,pending,Sports,South,23,4
3784,2024-05-18,1138.68,completed,Sports,North,24,1
3785,2024-05-18,2628.81,pending,Electronics,West,28,4
3786,2024-05-18,4640.01,pending,Food,South,16,2
3787,2024-05-18,4801.53,completed,Books,East,15,1
3788,2024-05-18,648.13,completed,Electronics,West,19,2
3789,2024-05-18,1751.53,completed,Books,West,8,5
3790,2024-05-18,3493.74,completed,Home,Central,12,4
3791,2024-05-18,1115.58,completed,Clothing,North,21,1
3792,2024-05-18,1630.61,failed,Sports,West,2,2
3793,2024-05-18,126.22,completed,Electronics,South,21,4
3794,2024-05-18,776.07,completed,Clothing,West,21,3
3795,2024-05-18,2816.02,completed,Books,South,1,4
3796,2024-05-18,3268.92,completed,Home,North,24,4
3797,2024-05-18,3248.07,completed,Home,Central,33,1
3798,2024-05-18,3894.02,completed,Home,West,39,5
3799,2024-05-18,2082.25,completed,Home,South,19,3
3800,2024-05-18,1374.72,completed,Sports,Central,26,5
3801,2024-05-18,87.75,completed,Food,East,4,2
3802,2024-05-18,1041.08,pending,Electronics,East,16,4
3803,2024-05-18,1568.82,completed,Sports,South,33,1
3804,2024-05-18,899.25,completed,Clothing,East,23,1
3805,2024-05-18,110.52,completed,Books,Central,47,5
3806,2024-05-18,795.66,completed,Sports,North,40,5
3807,2024-05-18,3333.84,completed,Electronics,East,45,5
3808,2024-05-18,3151.63,completed,Home,North,24,2
3809,2024-05-19,4679.06,completed,Clothing,North,4,5
3810,2024-05-19,3992.86,refunded,Clothing,North,28,1
3811,2024-05-19,2843.1,completed,Food,South,47,3
3812,2024-05-19,696.41,pending,Food,West,9,3
3813,2024-05-19,2824.72,completed,Food,West,48,4
3814,2024-05-19,317.36,completed,Electronics,West,1,4
3815,2024-05-19,2160.12,completed,Clothing,North,31,2
3816,2024-05-19,1957.39,refunded,Food,North,46,1
3817,2024-05-19,2144.79,completed,Clothing,Central,11,2
3818,2024-05-19,1406.33,pending,Books,Central,14,2
3819,2024-05-19,3432.29,completed,Home,West,40,4
3820,2024-05-19,4206.31,pending,Electronics,Central,18,1
3821,2024-05-19,3844.9,refunded,Electronics,Central,33,3
3822,2024-05-19,3142.48,failed,Books,East,6,4
3823,2024-05-19,2696.34,completed,Electronics,East,33,4
3824,2024-05-19,165.11,pending,Books,Central,26,4
3825,2024-05-19,3617.44,completed,Food,West,25,2
3826,2024-05-19,2729.46,completed,Food,Central,37,3
3827,2024-05-19,1361.0,completed,Books,South,22,1
3828,2024-05-19,1645.93,completed,Home,South,34,3
3829,2024-05-19,4678.68,completed,Electronics,West,21,5
3830,2024-05-19,3125.57,completed,Electronics,Central,42,5
3831,2024-05-19,2384.8,completed,Sports,West,28,4
3832,2024-05-19,3108.4,completed,Electronics,East,15,3
3833,2024-05-19,2074.57,completed,Food,North,44,5
3834,2024-05-19,2356.21,pending,Food,North,16,3
3835,2024-05-19,1458.64,pending,Food,South,47,4
3836,2024-05-19,2204.87,pending,Books,South,48,3
3837,2024-05-20,3431.11,pending,Electronics,West,28,1
3838,2024-05-20,209.31,completed,Clothing,West,23,4
3839,2024-05-20,3977.19,completed,Electronics,South,14,5
3840,2024-05-20,1422.07,completed,Home,Central,41,4
3841,2024-05-20,3415.97,completed,Sports,South,14,4
3842,2024-05-20,3217.2,completed,Clothing,East,30,1
3843,2024-05-20,3266.61,pending,Electronics,East,40,1
3844,2024-05-20,3044.56,completed,Clothing,East,9,5
3845,2024-05-20,4795.92,pending,Home,North,9,3
3846,2024-05-20,2546.64,completed,Sports,South,47,3
3847,2024-05-20,3664.27,pending,Books,West,49,4
3848,2024-05-20,3530.19,completed,Home,Central,16,5
3849,2024-05-20,1188.98,failed,Clothing,East,12,3
3850,2024-05-20,1423.7,completed,Books,North,32,3
3851,2024-05-20,2125.85,completed,Sports,Central,29,3
3852,2024-05-20,1395.71,completed,Electronics,East,13,3
3853,2024-05-20,1840.05,completed,Food,East,11,4
3854,2024-05-20,1960.89,completed,Food,East,29,1
3855,2024-05-20,3023.28,completed,Clothing,Central,14,2
3856,2024-05-20,1107.25,completed,Clothing,North,27,3
3857,2024-05-20,4023.42,failed,Home,South,34,3
3858,2024-05-20,2193.31,completed,Books,Central,13,3
3859,2024-05-20,3534.16,completed,Electronics,South,29,3
3860,2024-05-20,416.4,failed,Sports,Central,49,5
3861,2024-05-20,2355.13,completed,Books,South,27,5
3862,2024-05-20,150.82,pending,Food,East,7,5
3863,2024-05-20,3382.79,completed,Food,North,37,3
3864,2024-05-21,1725.11,completed,Books,West,22,3
3865,2024-05-21,4746.77,completed,Home,South,36,3
3866,2024-05-21,1627.38,completed,Sports,Central,2,5
3867,2024-05-21,2823.39,completed,Food,North,35,4
3868,2024-05-21,1294.36,pending,Clothing,North,34,5
3869,2024-05-21,3104.36,completed,Electronics,East,1,5
3870,2024-05-21,2340.54,failed,Clothing,North,23,5
3871,2024-05-21,1859.44,completed,Electronics,South,24,3
3872,2024-05-21,1026.41,completed,Sports,West,28,2
3873,2024-05-21,566.49,failed,Books,East,31,5
3874,2024-05-21,608.2,failed,Electronics,East,35,2
3875,2024-05-21,4995.21,completed,Home,North,45,2
3876,2024-05-21,2067.43,completed,Electronics,West,38,5
3877,2024-05-21,19.63,completed,Books,North,16,4
3878,2024-05-21,4765.11,completed,Electronics,East,48,3
3879,2024-05-21,109.7,pending,Books,West,24,3
3880,2024-05-21,2098.74,completed,Books,West,43,3
3881,2024-05-21,3590.21,completed,Home,South,24,5
3882,2024-05-21,4573.85,completed,Books,North,16,3
3883,2024-05-21,3567.3,completed,Food,Central,36,3
3884,2024-05-21,2323.49,completed,Books,South,36,1
3885,2024-05-21,4872.47,completed,Books,East,6,1
3886,2024-05-21,206.2,completed,Food,South,4,2
3887,2024-05-21,4934.59,refunded,Sports,North,38,2
3888,2024-05-21,4248.46,failed,Books,East,7,2
3889,2024-05-21,4645.36,completed,Home,East,23,4
3890,2024-05-21,1281.31,completed,Clothing,West,23,3
3891,2024-05-21,720.87,failed,Sports,West,22,1
3892,2024-05-22,3319.94,failed,Sports,Central,23,3
3893,2024-05-22,2584.14,failed,Sports,Central,47,1
3894,2024-05-22,2620.61,completed,Home,East,25,3
3895,2024-05-22,4623.85,completed,Food,South,43,1
3896,2024-05-22,3104.2,pending,Books,West,24,1
3897,2024-05-22,1562.21,completed,Electronics,East,24,5
3898,2024-05-22,2006.33,completed,Food,South,32,1
3899,2024-05-22,676.14,completed,Electronics,North,12,5
3900,2024-05-22,969.65,completed,Sports,East,47,3
3901,2024-05-22,725.32,completed,Sports,East,46,5
3902,2024-05-22,4053.35,completed,Clothing,Central,9,1
3903,2024-05-22,3527.32,completed,Sports,Central,8,3
3904,2024-05-22,2656.42,completed,Clothing,South,18,5
3905,2024-05-22,1878.1,completed,Sports,North,10,1
3906,2024-05-22,3345.79,failed,Home,West,4,3
3907,2024-05-22,4066.4,completed,Sports,East,40,1
3908,2024-05-22,4407.35,completed,Clothing,North,10,2
3909,2024-05-22,2739.61,completed,Clothing,West,19,5
3910,2024-05-22,4101.23,completed,Electronics,South,49,3
3911,2024-05-22,2561.42,completed,Home,North,20,2
3912,2024-05-22,2377.91,completed,Books,West,2,4
3913,2024-05-22,4328.5,failed,Electronics,West,12,2
3914,2024-05-22,1938.01,completed,Books,West,11,1
3915,2024-05-22,1985.6,refunded,Books,South,28,3
3916,2024-05-22,1531.51,completed,Books,East,21,4
3917,2024-05-22,2598.32,completed,Books,East,4,1
3918,2024-05-22,2728.8,completed,Electronics,Central,15,1
3919,2024-05-23,3305.7,completed,Food,North,23,3
3920,2024-05-23,2158.21,refunded,Sports,Central,27,2
3921,2024-05-23,1097.01,pending,Home,South,21,5
3922,2024-05-23,4335.54,completed,Clothing,West,49,2
3923,2024-05-23,1736.54,completed,Books,East,25,2
3924,2024-05-23,4615.49,refunded,Home,South,35,3
3925,2024-05-23,1044.69,completed,Books,South,29,5
3926,2024-05-23,2804.69,completed,Clothing,South,20,4
3927,2024-05-23,2687.71,completed,Books,West,2,4
3928,2024-05-23,4144.95,completed,Electronics,West,34,5
3929,2024-05-23,702.87,pending,Food,West,43,5
3930,2024-05-23,4550.59,completed,Books,West,43,3
3931,2024-05-23,2661.83,pending,Electronics,North,39,2
3932,2024-05-23,2934.69,completed,Clothing,South,12,1
3933,2024-05-23,2555.73,completed,Home,South,23,3
3934,2024-05-23,189.76,completed,Books,South,36,4
3935,2024-05-23,2490.48,pending,Food,South,36,2
3936,2024-05-23,1325.11,completed,Clothing,North,31,3
3937,2024-05-23,1720.01,failed,Electronics,Central,3,3
3938,2024-05-23,3249.02,completed,Food,North,36,3
3939,2024-05-23,2493.51,completed,Books,East,28,5
3940,2024-05-23,475.16,failed,Clothing,East,5,3
3941,2024-05-23,374.48,pending,Sports,West,27,3
3942,2024-05-23,936.43,completed,Food,Central,36,3
3943,2024-05-23,962.52,pending,Electronics,West,46,2
3944,2024-05-23,3045.42,completed,Electronics,West,39,4
3945,2024-05-23,897.29,completed,Home,South,13,4
3946,2024-05-24,4409.78,pending,Food,Central,34,3
3947,2024-05-24,1056.71,pending,Food,North,34,2
3948,2024-05-24,464.75,completed,Clothing,West,10,5
3949,2024-05-24,4379.97,failed,Sports,North,41,5
3950,2024-05-24,1483.68,completed,Sports,South,8,4
3951,2024-05-24,2132.86,failed,Clothing,Central,37,5
3952,2024-05-24,4795.54,pending,Sports,West,37,3
3953,2024-05-24,4722.4,failed,Food,West,48,4
3954,2024-05-24,3577.44,pending,Clothing,Central,32,2
3955,2024-05-24,354.01,refunded,Sports,South,4,4
3956,2024-05-24,2970.77,completed,Electronics,West,49,1
3957,2024-05-24,4945.5,completed,Home,South,19,3
3958,2024-05-24,4735.11,completed,Electronics,East,23,2
3959,2024-05-24,538.95,pending,Clothing,East,43,3
3960,2024-05-24,1985.88,completed,Clothing,West,12,2
3961,2024-05-24,1584.53,failed,Clothing,North,33,5
3962,2024-05-24,657.34,completed,Food,North,38,1
3963,2024-05-24,3477.04,failed,Sports,North,26,5
3964,2024-05-24,1376.5,completed,Food,South,37,4
3965,2024-05-24,1730.88,pending,Books,East,35,5
3966,2024-05-24,460.89,refunded,Home,North,26,2
3967,2024-05-24,2494.86,completed,Food,Central,5,4
3968,2024-05-24,799.26,completed,Sports,East,37,1
3969,2024-05-24,2166.13,completed,Food,South,39,4
3970,2024-05-24,725.28,pending,Electronics,Central,16,3
3971,2024-05-24,4769.71,pending,Clothing,North,41,4
3972,2024-05-24,733.46,completed,Electronics,North,11,4
3973,2024-05-24,2614.22,completed,Home,South,9,3
3974,2024-05-25,992.93,completed,Electronics,North,7,2
3975,2024-05-25,391.05,completed,Sports,West,28,4
3976,2024-05-25,1019.52,pending,Electronics,West,15,5
3977,2024-05-25,283.32,completed,Electronics,South,35,2
3978,2024-05-25,705.59,failed,Books,Central,33,5
3979,2024-05-25,2472.49,refunded,Electronics,North,21,3
3980,2024-05-25,3262.56,failed,Electronics,East,13,5
3981,2024-05-25,445.83,completed,Sports,West,45,4
3982,2024-05-25,2210.68,completed,Electronics,South,44,4
3983,2024-05-25,2910.42,pending,Books,Central,18,4
3984,2024-05-25,1178.79,pending,Electronics,East,13,5
3985,2024-05-25,1866.67,refunded,Electronics,Central,40,5
3986,2024-05-25,368.46,completed,Sports,West,34,2
3987,2024-05-25,1108.45,completed,Food,South,23,4
3988,2024-05-25,2339.1,refunded,Electronics,Central,26,4
3989,2024-05-25,4952.31,pending,Sports,North,36,3
3990,2024-05-25,4981.36,completed,Home,North,11,2
3991,2024-05-25,4898.31,pending,Books,West,49,3
3992,2024-05-25,2121.2,completed,Food,Central,28,2
3993,2024-05-25,412.6,completed,Home,South,7,1
3994,2024-05-25,1624.63,completed,Food,West,47,5
3995,2024-05-25,1196.19,completed,Books,West,49,4
3996,2024-05-25,80.49,completed,Food,West,47,3
3997,2024-05-25,485.22,completed,Sports,Central,35,3
3998,2024-05-25,2271.43,completed,Books,North,15,1
3999,2024-05-25,1704.92,completed,Food,North,26,2
4000,2024-05-25,909.97,completed,Food,Central,27,1
4001,2024-05-26,3583.34,completed,Clothing,East,25,3
4002,2024-05-26,1792.01,pending,Food,East,8,3
4003,2024-05-26,4260.82,completed,Electronics,East,16,5
4004,2024-05-26,1212.48,completed,Food,South,23,5
4005,2024-05-26,2696.58,completed,Electronics,South,26,4
4006,2024-05-26,928.85,pending,Clothing,South,16,5
4007,2024-05-26,2481.55,failed,Food,North,36,2
4008,2024-05-26,770.81,refunded,Electronics,South,46,1
4009,2024-05-26,816.28,refunded,Clothing,Central,23,3
4010,2024-05-26,3064.99,completed,Sports,North,32,1
4011,2024-05-26,1326.29,failed,Home,West,10,5
4012,2024-05-26,870.11,completed,Books,North,10,1
4013,2024-05-26,4649.54,pending,Sports,West,4,5
4014,2024-05-26,224.59,refunded,Sports,South,49,4
4015,2024-05-26,2830.09,pending,Home,West,15,2
4016,2024-05-26,2745.84,completed,Home,East,35,3
4017,2024-05-26,1260.54,completed,Electronics,West,31,3
4018,2024-05-26,2269.33,completed,Food,West,7,4
4019,2024-05-26,447.81,completed,Home,East,9,3
4020,2024-05-26,3609.14,pending,Home,West,40,3
4021,2024-05-26,1116.27,pending,Books,Central,39,3
4022,2024-05-26,974.99,completed,Food,East,28,1
4023,2024-05-26,1581.24,pending,Electronics,North,17,4
4024,2024-05-26,4512.83,completed,Food,North,20,2
4025,2024-05-26,3984.37,completed,Books,East,39,2
4026,2024-05-26,4734.99,completed,Books,East,10,2
4027,2024-05-26,3263.29,completed,Books,West,5,3
4028,2024-05-27,3317.98,pending,Clothing,West,14,4
4029,2024-05-27,2405.35,pending,Home,North,10,5
4030,2024-05-27,4526.88,pending,Clothing,West,9,3
4031,2024-05-27,2559.28,completed,Food,Central,23,2
4032,2024-05-27,1781.75,completed,Books,South,40,5
4033,2024-05-27,3205.47,completed,Clothing,Central,34,3
4034,2024-05-27,2735.24,completed,Electronics,Central,14,1
4035,2024-05-27,628.86,completed,Books,East,21,5
4036,2024-05-27,1969.7,completed,Clothing,West,24,5
4037,2024-05-27,1573.49,failed,Home,Central,20,2
4038,2024-05-27,4235.7,completed,Sports,Central,48,2
4039,2024-05-27,1900.42,pending,Food,South,47,2
4040,2024-05-27,4109.56,completed,Food,West,49,2
4041,2024-05-27,2217.52,completed,Home,East,21,1
4042,2024-05-27,3769.97,pending,Electronics,East,39,1
4043,2024-05-27,685.06,pending,Food,West,37,1
4044,2024-05-27,4624.0,failed,Electronics,Central,40,2
4045,2024-05-27,2407.99,pending,Electronics,North,8,1
4046,2024-05-27,1306.39,completed,Home,Central,47,1
4047,2024-05-27,1215.03,refunded,Electronics,South,46,5
4048,2024-05-27,1332.74,failed,Home,Central,40,2
4049,2024-05-27,1839.95,completed,Sports,North,29,5
4050,2024-05-27,3590.42,completed,Books,Central,23,3
4051,2024-05-27,4748.52,completed,Sports,East,13,3
4052,2024-05-27,3348.5,pending,Clothing,Central,3,4
4053,2024-05-27,2740.36,refunded,Electronics,East,48,1
4054,2024-05-27,2248.5,pending,Food,West,11,4
4055,2024-05-27,4142.69,completed,Sports,East,17,3
4056,2024-05-28,4249.79,completed,Clothing,South,22,5
4057,2024-05-28,1472.26,completed,Clothing,South,34,5
4058,2024-05-28,4767.57,completed,Sports,East,14,4
4059,2024-05-28,1981.63,completed,Books,East,11,1
4060,2024-05-28,4002.39,completed,Books,West,17,5
4061,2024-05-28,4834.43,completed,Food,Central,17,4
4062,2024-05-28,3521.25,completed,Sports,West,3,1
4063,2024-05-28,816.14,pending,Sports,North,20,1
4064,2024-05-28,2934.82,completed,Food,East,28,5
4065,2024-05-28,602.7,completed,Electronics,North,22,5
4066,2024-05-28,3947.82,completed,Home,East,18,3
4067,2024-05-28,1413.76,refunded,Electronics,East,45,5
4068,2024-05-28,3479.12,pending,Food,Central,13,3
4069,2024-05-28,4551.35,completed,Home,South,42,5
4070,2024-05-28,913.24,pending,Food,East,30,3
4071,2024-05-28,1970.36,pending,Sports,East,32,4
4072,2024-05-28,3239.12,completed,Food,North,14,1
4073,2024-05-28,2104.1,completed,Sports,North,48,5
4074,2024-05-28,882.35,completed,Books,West,24,1
4075,2024-05-28,155.07,completed,Clothing,South,25,2
4076,2024-05-28,2038.92,completed,Home,South,13,3
4077,2024-05-28,3249.55,completed,Food,Central,24,4
4078,2024-05-28,2874.18,completed,Food,South,34,4
4079,2024-05-28,789.64,completed,Books,Central,46,4
4080,2024-05-28,2258.96,completed,Home,West,42,5
4081,2024-05-28,1853.66,completed,Home,South,8,4
4082,2024-05-28,1378.27,completed,Food,Central,5,1
4083,2024-05-29,3649.06,completed,Clothing,West,47,4
4084,2024-05-29,1555.16,completed,Clothing,South,41,2
4085,2024-05-29,2705.31,pending,Clothing,East,8,3
4086,2024-05-29,4616.89,completed,Clothing,South,42,4
4087,2024-05-29,2700.99,completed,Food,Central,38,2
4088,2024-05-29,3088.94,completed,Electronics,East,48,2
4089,2024-05-29,375.5,completed,Books,North,8,2
4090,2024-05-29,898.89,completed,Home,West,41,2
4091,2024-05-29,513.75,completed,Food,West,18,5
4092,2024-05-29,3826.42,completed,Electronics,South,28,2
4093,2024-05-29,4181.25,failed,Food,Central,13,3
4094,2024-05-29,940.41,completed,Food,East,4,4
4095,2024-05-29,1104.17,completed,Books,South,35,2
4096,2024-05-29,1622.8,completed,Clothing,West,4,1
4097,2024-05-29,2959.48,pending,Clothing,North,23,2
4098,2024-05-29,3112.76,completed,Sports,Central,10,1
4099,2024-05-29,3436.9,failed,Clothing,West,46,3
4100,2024-05-29,4526.91,completed,Home,South,22,1
4101,2024-05-29,1482.25,completed,Clothing,North,10,2
4102,2024-05-29,3297.21,completed,Sports,East,47,3
4103,2024-05-29,2803.02,failed,Electronics,East,34,2
4104,2024-05-29,1536.13,refunded,Clothing,West,9,2
4105,2024-05-29,4538.0,failed,Food,South,18,4
4106,2024-05-29,486.46,completed,Food,South,27,3
4107,2024-05-29,3562.89,pending,Electronics,East,39,4
4108,2024-05-29,3642.09,completed,Clothing,Central,49,5
4109,2024-05-29,4577.48,completed,Home,Central,42,2
4110,2024-05-29,2597.72,completed,Home,South,1,2
4111,2024-05-30,1614.9,refunded,Food,North,24,3
4112,2024-05-30,4140.43,completed,Electronics,North,3,1
4113,2024-05-30,3856.34,completed,Clothing,East,15,4
4114,2024-05-30,2506.57,completed,Home,North,14,1
4115,2024-05-30,3841.61,completed,Home,West,14,2
4116,2024-05-30,1346.7,completed,Sports,North,12,5
4117,2024-05-30,2951.64,failed,Home,East,20,4
4118,2024-05-30,4327.27,completed,Sports,West,25,3
4119,2024-05-30,1596.74,completed,Books,East,47,1
4120,2024-05-30,2422.91,completed,Sports,West,21,5
4121,2024-05-30,4755.71,completed,Books,South,2,3
4122,2024-05-30,3993.08,completed,Food,West,29,5
4123,2024-05-30,4436.32,completed,Books,East,15,4
4124,2024-05-30,1932.38,completed,Clothing,West,8,5
4125,2024-05-30,4982.56,completed,Books,Central,33,1
4126,2024-05-30,771.3,failed,Food,South,34,5
4127,2024-05-30,2598.67,completed,Food,South,18,4
4128,2024-05-30,2401.57,completed,Clothing,Central,11,2
4129,2024-05-30,3994.18,failed,Home,West,25,5
4130,2024-05-30,4544.0,completed,Sports,Central,23,3
4131,2024-05-30,3658.39,failed,Electronics,South,48,4
4132,2024-05-30,3137.81,refunded,Food,South,2,5
4133,2024-05-30,2142.87,pending,Food,North,9,3
4134,2024-05-30,2556.53,completed,Home,West,40,4
4135,2024-05-30,2551.41,pending,Sports,Central,47,5
4136,2024-05-30,111.64,completed,Home,Central,31,4
4137,2024-05-30,2520.2,completed,Food,South,16,4
4138,2024-05-31,4281.29,refunded,Electronics,East,11,5
4139,2024-05-31,3549.28,completed,Sports,East,42,5
4140,2024-05-31,3980.59,pending,Clothing,North,30,4
4141,2024-05-31,1958.52,completed,Books,North,20,1
4142,2024-05-31,2649.58,completed,Food,South,22,4
4143,2024-05-31,177.08,completed,Food,East,8,2
4144,2024-05-31,1921.16,pending,Electronics,Central,41,3
4145,2024-05-31,2377.34,completed,Sports,Central,3,2
4146,2024-05-31,1283.49,pending,Sports,West,49,2
4147,2024-05-31,165.89,completed,Food,Central,9,5
4148,2024-05-31,3455.14,failed,Sports,West,7,2
4149,2024-05-31,2181.09,completed,Home,East,4,1
4150,2024-05-31,2084.23,pending,Sports,Central,25,4
4151,2024-05-31,1257.43,completed,Home,Central,3,4
4152,2024-05-31,2693.77,completed,Food,South,13,5
4153,2024-05-31,2195.75,failed,Food,South,40,1
4154,2024-05-31,2375.18,completed,Home,Central,37,5
4155,2024-05-31,2908.55,completed,Books,North,17,5
4156,2024-05-31,41.56,pending,Books,East,2,2
4157,2024-05-31,4539.4,pending,Books,South,8,5
4158,2024-05-31,364.73,failed,Home,West,27,5
4159,2024-05-31,2260.11,pending,Sports,Central,23,1
4160,2024-05-31,1044.79,failed,Sports,South,42,1
4161,2024-05-31,2623.67,completed,Electronics,South,24,4
4162,2024-05-31,1408.35,completed,Sports,South,20,3
4163,2024-05-31,4301.43,pending,Clothing,West,31,5
4164,2024-05-31,1987.84,pending,Electronics,South,42,5
4165,2024-06-01,3197.39,completed,Clothing,West,41,1
4166,2024-06-01,1251.91,completed,Sports,South,8,5
4167,2024-06-01,106.84,completed,Sports,West,21,5
4168,2024-06-01,2026.73,pending,Clothing,North,45,4
4169,2024-06-01,2687.07,completed,Clothing,South,40,2
4170,2024-06-01,2303.14,pending,Food,South,39,4
4171,2024-06-01,4810.45,pending,Clothing,East,6,3
4172,2024-06-01,3537.13,completed,Food,West,20,2
4173,2024-06-01,4978.39,completed,Sports,West,41,1
4174,2024-06-01,1482.35,completed,Clothing,Central,7,4
4175,2024-06-01,3947.38,completed,Clothing,West,36,2
4176,2024-06-01,2782.24,completed,Electronics,North,26,2
4177,2024-06-01,3062.68,completed,Sports,West,36,2
4178,2024-06-01,4929.41,pending,Clothing,North,33,1
4179,2024-06-01,3273.4,completed,Clothing,East,5,2
4180,2024-06-01,4495.1,completed,Sports,East,7,5
4181,2024-06-01,3631.49,completed,Electronics,South,17,4
4182,2024-06-01,645.66,pending,Books,West,46,1
4183,2024-06-01,3500.12,completed,Electronics,West,46,2
4184,2024-06-01,2426.73,completed,Home,West,38,4
4185,2024-06-01,4594.8,failed,Sports,East,12,5
4186,2024-06-01,4036.1,completed,Sports,Central,47,3
4187,2024-06-01,529.63,completed,Books,West,36,5
4188,2024-06-01,678.24,completed,Food,South,15,1
4189,2024-06-01,357.36,pending,Home,West,35,5
4190,2024-06-01,2471.29,pending,Sports,East,22,1
4191,2024-06-01,413.05,completed,Electronics,North,24,4
4192,2024-06-01,3621.15,pending,Books,Central,12,1
4193,2024-06-02,2766.27,pending,Books,West,32,5
4194,2024-06-02,4181.07,failed,Clothing,West,14,2
4195,2024-06-02,1406.18,failed,Food,West,46,2
4196,2024-06-02,2600.51,pending,Home,East,8,4
4197,2024-06-02,596.22,completed,Electronics,South,13,1
4198,2024-06-02,4424.2,completed,Home,Central,7,3
4199,2024-06-02,883.27,failed,Sports,East,12,2
4200,2024-06-02,520.79,completed,Electronics,South,33,3
4201,2024-06-02,1033.2,completed,Clothing,West,47,2
4202,2024-06-02,4033.1,failed,Home,North,8,5
4203,2024-06-02,538.01,failed,Sports,South,11,3
4204,2024-06-02,3075.99,pending,Electronics,North,7,4
4205,2024-06-02,3733.44,failed,Electronics,North,40,1
4206,2024-06-02,3757.89,completed,Home,Central,27,4
4207,2024-06-02,958.4,pending,Electronics,East,18,2
4208,2024-06-02,317.5,refunded,Books,Central,35,3
4209,2024-06-02,2249.54,completed,Home,West,5,5
4210,2024-06-02,1020.4,completed,Electronics,South,39,4
4211,2024-06-02,3499.36,pending,Electronics,South,5,2
4212,2024-06-02,1789.9,completed,Sports,East,29,2
4213,2024-06-02,2252.28,completed,Home,North,2,5
4214,2024-06-02,576.29,completed,Books,East,10,2
4215,2024-06-02,2842.08,completed,Clothing,East,31,1
4216,2024-06-02,935.77,completed,Electronics,North,29,2
4217,2024-06-02,3398.14,failed,Home,East,22,1
4218,2024-06-02,365.13,completed,Sports,Central,31,4
4219,2024-06-02,4879.71,pending,Home,Central,41,5
4220,2024-06-03,3425.79,completed,Sports,East,13,3
4221,2024-06-03,916.83,completed,Food,North,48,4
4222,2024-06-03,80.33,completed,Food,Central,8,5
4223,2024-06-03,1678.97,failed,Food,East,48,5
4224,2024-06-03,772.54,refunded,Sports,West,46,1
4225,2024-06-03,1099.87,completed,Electronics,North,21,1
4226,2024-06-03,4365.02,refunded,Electronics,South,5,2
4227,2024-06-03,3019.99,completed,Home,South,20,2
4228,2024-06-03,890.52,completed,Clothing,West,14,1
4229,2024-06-03,2787.73,pending,Electronics,West,29,1
4230,2024-06-03,1286.35,completed,Sports,West,12,5
4231,2024-06-03,4881.24,failed,Food,South,4,1
4232,2024-06-03,173.46,completed,Clothing,South,44,3
4233,2024-06-03,3664.27,pending,Food,North,43,1
4234,2024-06-03,3867.26,completed,Food,South,25,4
4235,2024-06-03,345.14,completed,Books,North,42,4
4236,2024-06-03,867.63,completed,Home,Central,47,3
4237,2024-06-03,1927.69,failed,Home,West,46,2
4238,2024-06-03,4342.09,completed,Sports,West,41,1
4239,2024-06-03,2689.63,completed,Food,Central,3,3
4240,2024-06-03,3279.98,completed,Books,West,37,4
4241,2024-06-03,3917.23,completed,Electronics,South,46,1
4242,2024-06-03,4142.33,completed,Books,South,9,5
4243,2024-06-03,2386.66,pending,Sports,North,4,5
4244,2024-06-03,2548.88,completed,Home,West,17,4
4245,2024-06-03,3592.85,completed,Electronics,Central,41,5
4246,2024-06-03,1324.08,completed,Home,West,41,2
4247,2024-06-03,4273.9,completed,Books,East,29,4
4248,2024-06-04,113.73,completed,Electronics,South,49,4
4249,2024-06-04,986.9,completed,Home,East,9,4
4250,2024-06-04,4003.0,completed,Food,South,44,4
4251,2024-06-04,1707.89,pending,Food,North,43,1
4252,2024-06-04,757.67,completed,Clothing,East,47,5
4253,2024-06-04,941.91,pending,Electronics,South,15,4
4254,2024-06-04,2658.47,completed,Electronics,West,32,1
4255,2024-06-04,4232.45,failed,Clothing,Central,14,4
4256,2024-06-04,362.55,refunded,Clothing,North,24,5
4257,2024-06-04,162.1,completed,Food,North,48,1
4258,2024-06-04,2331.19,completed,Books,Central,26,5
4259,2024-06-04,4781.38,completed,Home,South,38,2
4260,2024-06-04,1402.26,pending,Sports,South,23,2
4261,2024-06-04,4796.26,completed,Food,Central,1,3
4262,2024-06-04,4439.53,completed,Home,Central,8,4
4263,2024-06-04,1422.84,completed,Books,East,33,1
4264,2024-06-04,4086.57,completed,Food,North,15,2
4265,2024-06-04,3432.48,completed,Clothing,West,16,5
4266,2024-06-04,2563.99,completed,Food,West,5,2
4267,2024-06-04,2120.35,pending,Electronics,East,41,2
4268,2024-06-04,4079.36,pending,Electronics,East,5,4
4269,2024-06-04,3967.47,completed,Home,East,27,2
4270,2024-06-04,3787.11,completed,Clothing,West,16,1
4271,2024-06-04,4991.3,failed,Books,East,45,3
4272,2024-06-04,2397.78,pending,Electronics,Central,33,1
4273,2024-06-04,4036.55,failed,Books,North,4,2
4274,2024-06-04,4313.77,refunded,Home,North,31,4
4275,2024-06-05,1065.9,completed,Food,North,9,4
4276,2024-06-05,219.91,pending,Electronics,North,28,5
4277,2024-06-05,2029.69,completed,Electronics,East,12,5
4278,2024-06-05,4285.12,completed,Sports,North,37,1
4279,2024-06-05,1452.63,completed,Electronics,North,24,3
4280,2024-06-05,3503.05,completed,Clothing,East,21,1
4281,2024-06-05,46.67,completed,Home,Central,44,5
4282,2024-06-05,1783.27,completed,Books,Central,22,1
4283,2024-06-05,3081.43,pending,Home,South,12,4
4284,2024-06-05,657.49,completed,Home,North,26,1
4285,2024-06-05,4484.07,completed,Books,West,40,1
4286,2024-06-05,789.81,completed,Home,West,4,5
4287,2024-06-05,4549.87,completed,Electronics,Central,14,1
4288,2024-06-05,1089.78,completed,Clothing,East,29,3
4289,2024-06-05,4971.45,completed,Clothing,North,12,3
4290,2024-06-05,3027.7,completed,Home,Central,37,4
4291,2024-06-05,430.88,failed,Books,South,3,5
4292,2024-06-05,335.73,completed,Clothing,South,13,3
4293,2024-06-05,383.86,completed,Clothing,East,29,4
4294,2024-06-05,2953.56,failed,Sports,Central,42,5
4295,2024-06-05,4049.8,completed,Home,South,18,1
4296,2024-06-05,2020.78,failed,Electronics,East,14,3
4297,2024-06-05,2229.73,completed,Food,East,46,2
4298,2024-06-05,2950.55,completed,Books,Central,26,5
4299,2024-06-05,2669.87,completed,Clothing,Central,10,4
4300,2024-06-05,3443.43,completed,Sports,West,43,4
4301,2024-06-05,2364.21,refunded,Sports,North,2,1
4302,2024-06-06,3572.16,completed,Home,South,37,5
4303,2024-06-06,4986.58,completed,Sports,West,45,1
4304,2024-06-06,1757.99,completed,Home,Central,29,3
4305,2024-06-06,70.96,failed,Food,West,45,4
4306,2024-06-06,636.87,completed,Clothing,East,31,5
4307,2024-06-06,2772.04,completed,Clothing,West,30,2
4308,2024-06-06,1727.85,refunded,Home,South,6,2
4309,2024-06-06,4700.51,completed,Books,West,9,1
4310,2024-06-06,3140.96,completed,Clothing,East,35,4
4311,2024-06-06,2606.57,completed,Sports,West,34,1
4312,2024-06-06,3992.22,completed,Clothing,Central,30,4
4313,2024-06-06,1300.36,pending,Clothing,Central,11,1
4314,2024-06-06,4100.5,completed,Electronics,West,5,3
4315,2024-06-06,25.27,refunded,Home,West,5,3
4316,2024-06-06,3102.19,completed,Clothing,North,7,3
4317,2024-06-06,4674.44,completed,Sports,North,11,2
4318,2024-06-06,3941.42,pending,Electronics,Central,48,1
4319,2024-06-06,4269.63,completed,Electronics,East,39,4
4320,2024-06-06,1990.8,completed,Sports,East,9,5
4321,2024-06-06,4122.95,completed,Electronics,West,16,2
4322,2024-06-06,2758.65,completed,Electronics,North,44,3
4323,2024-06-06,3096.52,failed,Clothing,North,23,1
4324,2024-06-06,303.99,completed,Books,North,14,1
4325,2024-06-06,1015.74,completed,Electronics,East,17,2
4326,2024-06-06,2759.31,completed,Electronics,North,20,4
4327,2024-06-06,303.42,completed,Food,North,27,4
4328,2024-06-06,3709.82,completed,Sports,West,28,4
4329,2024-06-06,4201.88,refunded,Electronics,West,27,1
4330,2024-06-07,4602.61,completed,Clothing,South,31,1
4331,2024-06-07,517.82,completed,Clothing,West,15,2
4332,2024-06-07,4699.2,completed,Clothing,North,25,2
4333,2024-06-07,347.42,completed,Clothing,East,41,3
4334,2024-06-07,2375.54,completed,Books,South,18,3
4335,2024-06-07,4202.85,completed,Electronics,South,49,1
4336,2024-06-07,360.85,completed,Home,Central,25,5
4337,2024-06-07,100.97,completed,Clothing,North,19,4
4338,2024-06-07,134.49,pending,Home,West,35,2
4339,2024-06-07,2561.24,completed,Sports,South,20,4
4340,2024-06-07,4059.87,completed,Food,East,20,2
4341,2024-06-07,645.86,completed,Clothing,South,19,1
4342,2024-06-07,631.81,completed,Home,West,27,4
4343,2024-06-07,2847.05,completed,Home,North,3,1
4344,2024-06-07,1179.14,completed,Books,North,19,2
4345,2024-06-07,3653.77,completed,Electronics,South,38,2
4346,2024-06-07,4748.68,completed,Home,Central,17,5
4347,2024-06-07,3832.51,completed,Food,North,27,3
4348,2024-06-07,4387.11,failed,Electronics,North,15,4
4349,2024-06-07,2602.73,refunded,Sports,East,47,5
4350,2024-06-07,4163.27,failed,Electronics,North,11,5
4351,2024-06-07,922.69,completed,Food,East,39,4
4352,2024-06-07,351.06,pending,Electronics,South,38,2
4353,2024-06-07,3283.21,completed,Food,West,20,3
4354,2024-06-07,269.24,completed,Sports,North,49,1
4355,2024-06-07,4463.48,failed,Electronics,North,49,3
4356,2024-06-07,3460.86,pending,Electronics,North,2,3
4357,2024-06-08,4761.48,completed,Home,West,28,5
4358,2024-06-08,1576.29,refunded,Clothing,West,10,1
4359,2024-06-08,2435.93,completed,Electronics,North,49,4
4360,2024-06-08,3711.03,completed,Books,East,48,2
4361,2024-06-08,1221.47,completed,Clothing,West,21,1
4362,2024-06-08,2713.83,completed,Home,North,17,3
4363,2024-06-08,3300.74,refunded,Electronics,North,41,5
4364,2024-06-08,4894.26,completed,Books,West,20,3
4365,2024-06-08,3726.07,completed,Home,East,36,1
4366,2024-06-08,599.47,pending,Sports,West,33,2
4367,2024-06-08,2381.91,failed,Electronics,East,14,4
4368,2024-06-08,2947.97,failed,Clothing,Central,18,2
4369,2024-06-08,741.65,failed,Electronics,North,46,2
4370,2024-06-08,2165.51,failed,Home,North,25,2
4371,2024-06-08,1427.19,completed,Clothing,West,21,1
4372,2024-06-08,602.95,completed,Electronics,Central,45,4
4373,2024-06-08,2565.09,failed,Food,North,29,2
4374,2024-06-08,836.51,completed,Clothing,West,28,2
4375,2024-06-08,2956.78,completed,Electronics,Central,20,2
4376,2024-06-08,856.79,completed,Food,East,33,4
4377,2024-06-08,3620.74,completed,Home,Central,3,5
4378,2024-06-08,984.26,completed,Clothing,South,11,4
4379,2024-06-08,4482.46,failed,Home,Central,41,3
4380,2024-06-08,140.78,completed,Books,East,13,4
4381,2024-06-08,2614.77,completed,Food,South,49,2
4382,2024-06-08,1607.32,completed,Sports,North,44,5
4383,2024-06-08,1133.13,pending,Food,Central,19,4
4384,2024-06-08,2363.3,completed,Clothing,West,45,5
4385,2024-06-09,4211.68,completed,Clothing,West,36,2
4386,2024-06-09,4577.23,completed,Electronics,West,40,1
4387,2024-06-09,1523.21,completed,Books,South,24,4
4388,2024-06-09,779.68,completed,Electronics,North,6,2
4389,2024-06-09,3603.5,completed,Clothing,West,27,2
4390,2024-06-09,2914.17,completed,Electronics,South,41,4
4391,2024-06-09,1013.07,completed,Electronics,West,5,3
4392,2024-06-09,3803.88,completed,Home,Central,1,4
4393,2024-06-09,2599.46,completed,Electronics,West,41,2
4394,2024-06-09,3270.44,failed,Books,East,30,1
4395,2024-06-09,1803.1,pending,Clothing,Central,26,3
4396,2024-06-09,2201.1,completed,Electronics,East,34,5
4397,2024-06-09,909.91,completed,Clothing,East,34,3
4398,2024-06-09,3785.01,completed,Electronics,Central,21,5
4399,2024-06-09,793.49,completed,Clothing,South,30,5
4400,2024-06-09,3893.73,pending,Sports,South,24,5
4401,2024-06-09,3992.06,completed,Books,North,11,3
4402,2024-06-09,3735.54,completed,Sports,West,37,2
4403,2024-06-09,106.92,failed,Sports,East,19,5
4404,2024-06-09,1372.93,pending,Home,West,44,3
4405,2024-06-09,2347.01,failed,Electronics,North,20,2
4406,2024-06-09,2981.77,failed,Electronics,South,10,3
4407,2024-06-09,4596.92,completed,Food,North,41,4
4408,2024-06-09,1884.27,completed,Books,South,7,2
4409,2024-06-09,4376.37,completed,Sports,Central,49,5
4410,2024-06-09,825.51,completed,Electronics,Central,31,2
4411,2024-06-09,1862.69,completed,Electronics,East,24,2
4412,2024-06-10,270.89,completed,Sports,North,12,1
4413,2024-06-10,3715.02,completed,Books,Central,10,5
4414,2024-06-10,761.76,pending,Food,North,10,5
4415,2024-06-10,1292.53,completed,Clothing,North,41,2
4416,2024-06-10,3878.41,completed,Sports,East,10,3
4417,2024-06-10,2678.24,failed,Sports,Central,2,4
4418,2024-06-10,79.72,pending,Electronics,West,10,4
4419,2024-06-10,21.15,completed,Electronics,South,30,4
4420,2024-06-10,2558.2,completed,Sports,East,24,2
4421,2024-06-10,1531.73,failed,Home,North,19,1
4422,2024-06-10,909.75,completed,Clothing,South,48,5
4423,2024-06-10,3071.83,completed,Sports,West,17,5
4424,2024-06-10,1149.9,failed,Home,East,41,5
4425,2024-06-10,2965.11,completed,Electronics,Central,7,1
4426,2024-06-10,1902.54,completed,Clothing,East,27,4
4427,2024-06-10,941.86,completed,Electronics,Central,7,2
4428,2024-06-10,699.14,completed,Sports,West,4,2
4429,2024-06-10,1191.93,completed,Sports,East,34,3
4430,2024-06-10,158.86,completed,Electronics,Central,33,2
4431,2024-06-10,1547.55,completed,Clothing,Central,29,3
4432,2024-06-10,4510.75,completed,Books,South,23,3
4433,2024-06-10,4158.5,pending,Home,South,14,5
4434,2024-06-10,1866.3,failed,Sports,West,39,5
4435,2024-06-10,2883.41,completed,Clothing,North,10,4
4436,2024-06-10,2841.13,pending,Food,West,25,5
4437,2024-06-10,4145.4,completed,Electronics,East,47,3
4438,2024-06-10,1189.09,completed,Clothing,West,33,1
4439,2024-06-11,1488.97,completed,Books,North,42,5
4440,2024-06-11,1515.91,pending,Food,East,10,2
4441,2024-06-11,213.94,completed,Books,East,2,3
4442,2024-06-11,1580.29,completed,Clothing,North,41,2
4443,2024-06-11,4390.79,completed,Books,East,28,5
4444,2024-06-11,4560.82,completed,Books,West,39,2
4445,2024-06-11,557.08,completed,Clothing,East,42,4
4446,2024-06-11,2295.71,completed,Electronics,West,19,4
4447,2024-06-11,1912.93,pending,Food,South,6,3
4448,2024-06-11,2451.9,completed,Electronics,West,48,3
4449,2024-06-11,2778.05,completed,Electronics,South,15,1
4450,2024-06-11,111.09,pending,Clothing,South,8,5
4451,2024-06-11,4212.79,pending,Food,North,28,2
4452,2024-06-11,4868.58,failed,Clothing,North,1,2
4453,2024-06-11,3270.49,completed,Electronics,North,3,2
4454,2024-06-11,3305.66,completed,Clothing,North,38,2
4455,2024-06-11,2644.62,pending,Home,West,5,4
4456,2024-06-11,1678.02,completed,Sports,South,30,3
4457,2024-06-11,753.4,completed,Food,South,23,5
4458,2024-06-11,2924.48,completed,Electronics,North,6,5
4459,2024-06-11,234.26,completed,Food,East,47,2
4460,2024-06-11,4124.27,completed,Home,South,8,5
4461,2024-06-11,2110.35,completed,Sports,South,32,4
4462,2024-06-11,2079.62,completed,Sports,North,7,5
4463,2024-06-11,1642.58,completed,Clothing,East,29,1
4464,2024-06-11,4847.08,completed,Food,South,9,3
4465,2024-06-11,882.84,pending,Electronics,West,44,4
4466,2024-06-11,765.03,completed,Home,Central,23,2
4467,2024-06-12,836.0,completed,Electronics,East,1,4
4468,2024-06-12,3296.05,completed,Books,East,3,4
4469,2024-06-12,4959.56,completed,Clothing,Central,27,1
4470,2024-06-12,1185.02,failed,Books,South,26,5
4471,2024-06-12,4529.03,completed,Sports,North,17,5
4472,2024-06-12,1400.3,completed,Clothing,West,30,2
4473,2024-06-12,3243.02,completed,Electronics,West,40,1
4474,2024-06-12,212.09,completed,Books,East,36,1
4475,2024-06-12,2483.31,completed,Books,South,37,1
4476,2024-06-12,3276.3,pending,Electronics,North,47,1
4477,2024-06-12,2686.24,completed,Electronics,East,11,2
4478,2024-06-12,1196.8,pending,Books,East,5,4
4479,2024-06-12,4144.2,completed,Books,East,6,4
4480,2024-06-12,4850.98,completed,Electronics,South,2,3
4481,2024-06-12,2301.39,pending,Books,North,15,4
4482,2024-06-12,3183.24,completed,Food,East,7,1
4483,2024-06-12,3954.16,failed,Electronics,West,46,5
4484,2024-06-12,1215.03,completed,Books,North,17,1
4485,2024-06-12,4323.61,completed,Books,North,11,2
4486,2024-06-12,1408.2,completed,Electronics,East,26,4
4487,2024-06-12,3881.4,completed,Sports,North,22,1
4488,2024-06-12,569.38,pending,Clothing,North,1,3
4489,2024-06-12,1449.05,completed,Books,West,48,5
4490,2024-06-12,2672.76,completed,Sports,South,34,2
4491,2024-06-12,2629.36,pending,Home,East,41,4
4492,2024-06-12,4253.65,pending,Clothing,West,47,4
4493,2024-06-12,4980.68,failed,Food,North,44,1
4494,2024-06-13,544.98,failed,Electronics,South,13,1
4495,2024-06-13,1364.23,completed,Home,South,38,1
4496,2024-06-13,1794.42,completed,Clothing,East,1,1
4497,2024-06-13,2399.8,refunded,Sports,East,18,3
4498,2024-06-13,2474.61,completed,Home,North,37,2
4499,2024-06-13,4282.41,completed,Food,East,35,3
4500,2024-06-13,3855.09,failed,Sports,West,38,2
4501,2024-06-13,104.07,completed,Food,Central,38,2
4502,2024-06-13,2280.56,failed,Books,East,3,1
4503,2024-06-13,3094.19,completed,Clothing,West,29,4
4504,2024-06-13,2307.37,failed,Home,Central,31,1
4505,2024-06-13,661.92,completed,Electronics,West,8,5
4506,2024-06-13,1993.4,completed,Books,East,12,1
4507,2024-06-13,2064.16,pending,Home,East,24,5
4508,2024-06-13,946.7,completed,Sports,Central,32,4
4509,2024-06-13,3783.97,completed,Sports,West,42,5
4510,2024-06-13,1613.79,failed,Books,South,36,5
4511,2024-06-13,2949.05,refunded,Home,East,48,3
4512,2024-06-13,2583.49,refunded,Home,West,11,1
4513,2024-06-13,4388.36,completed,Clothing,East,20,4
4514,2024-06-13,618.85,completed,Books,East,13,4
4515,2024-06-13,580.17,completed,Food,West,44,5
4516,2024-06-13,1508.6,completed,Clothing,South,30,2
4517,2024-06-13,2161.76,completed,Sports,West,25,5
4518,2024-06-13,1499.73,completed,Electronics,West,29,5
4519,2024-06-13,3818.3,completed,Electronics,Central,17,4
4520,2024-06-13,1233.88,completed,Electronics,Central,44,2
4521,2024-06-13,433.03,completed,Clothing,West,31,2
4522,2024-06-14,2074.86,completed,Books,West,26,1
4523,2024-06-14,3869.16,completed,Home,West,35,5
4524,2024-06-14,4254.3,pending,Home,South,40,3
4525,2024-06-14,3669.39,refunded,Home,Central,20,2
4526,2024-06-14,2793.85,completed,Sports,East,36,1
4527,2024-06-14,3623.72,failed,Food,Central,40,3
4528,2024-06-14,3410.13,failed,Sports,South,33,1
4529,2024-06-14,1179.49,completed,Clothing,South,6,5
4530,2024-06-14,2758.29,completed,Books,West,10,2
4531,2024-06-14,3855.34,completed,Electronics,East,2,3
4532,2024-06-14,1592.43,completed,Home,East,14,4
4533,2024-06-14,3273.33,completed,Home,South,9,4
4534,2024-06-14,2412.59,completed,Sports,South,28,1
4535,2024-06-14,2520.76,failed,Clothing,West,45,1
4536,2024-06-14,459.37,completed,Clothing,North,4,2
4537,2024-06-14,3334.42,completed,Sports,North,14,4
4538,2024-06-14,4329.78,refunded,Food,Central,3,5
4539,2024-06-14,715.74,refunded,Books,Central,5,5
4540,2024-06-14,1836.87,pending,Food,North,3,2
4541,2024-06-14,252.85,pending,Home,North,30,4
4542,2024-06-14,157.86,refunded,Electronics,South,46,1
4543,2024-06-14,4948.4,completed,Food,East,36,1
4544,2024-06-14,2472.42,failed,Clothing,North,34,3
4545,2024-06-14,1784.04,completed,Sports,Central,8,1
4546,2024-06-14,1381.64,completed,Clothing,East,42,1
4547,2024-06-14,4900.26,completed,Clothing,East,29,5
4548,2024-06-14,1268.73,completed,Clothing,North,48,5
4549,2024-06-15,3631.28,completed,Home,South,20,4
4550,2024-06-15,1425.95,completed,Clothing,West,35,2
4551,2024-06-15,361.74,completed,Home,West,24,1
4552,2024-06-15,3419.55,completed,Home,South,26,1
4553,2024-06-15,18.14,completed,Home,East,6,3
4554,2024-06-15,3381.99,pending,Food,North,24,5
4555,2024-06-15,1259.38,completed,Books,East,9,3
4556,2024-06-15,3733.06,completed,Sports,South,37,5
4557,2024-06-15,3851.05,completed,Electronics,Central,35,5
4558,2024-06-15,3623.3,pending,Electronics,South,43,4
4559,2024-06-15,132.17,completed,Clothing,East,23,1
4560,2024-06-15,3521.65,completed,Home,West,41,2
4561,2024-06-15,4950.83,completed,Electronics,North,44,2
4562,2024-06-15,1220.7,failed,Sports,South,25,3
4563,2024-06-15,1378.45,refunded,Home,Central,47,4
4564,2024-06-15,4069.5,pending,Home,West,38,5
4565,2024-06-15,810.38,pending,Books,South,15,5
4566,2024-06-15,3306.31,completed,Books,East,24,3
4567,2024-06-15,3777.58,completed,Sports,Central,5,5
4568,2024-06-15,195.43,completed,Books,North,19,5
4569,2024-06-15,2773.27,completed,Sports,South,18,1
4570,2024-06-15,2883.63,refunded,Food,South,15,4
4571,2024-06-15,1524.18,refunded,Home,West,18,3
4572,2024-06-15,4382.96,completed,Food,East,3,5
4573,2024-06-15,822.12,completed,Clothing,East,23,5
4574,2024-06-15,1827.33,completed,Sports,South,10,1
4575,2024-06-15,4244.86,completed,Books,South,12,4
4576,2024-06-16,961.31,completed,Electronics,East,36,5
4577,2024-06-16,4108.66,completed,Electronics,West,44,4
4578,2024-06-16,404.56,completed,Electronics,Central,9,5
4579,2024-06-16,2451.25,completed,Books,West,28,4
4580,2024-06-16,385.9,completed,Home,North,45,4
4581,2024-06-16,3392.74,pending,Clothing,East,30,5
4582,2024-06-16,3955.1,completed,Electronics,South,4,5
4583,2024-06-16,4250.79,completed,Home,Central,38,1
4584,2024-06-16,4906.5,completed,Sports,East,3,4
4585,2024-06-16,3363.36,pending,Books,South,31,2
4586,2024-06-16,3847.62,completed,Clothing,South,24,3
4587,2024-06-16,2533.73,pending,Sports,North,26,4
4588,2024-06-16,4564.56,completed,Food,East,11,4
4589,2024-06-16,3222.35,completed,Clothing,South,44,1
4590,2024-06-16,4418.92,completed,Clothing,East,6,5
4591,2024-06-16,1184.91,failed,Electronics,South,46,4
4592,2024-06-16,2488.72,refunded,Food,East,3,4
4593,2024-06-16,3651.8,pending,Sports,West,15,4
4594,2024-06-16,1021.58,failed,Sports,West,26,3
4595,2024-06-16,1064.59,completed,Sports,Central,26,2
4596,2024-06-16,4890.43,completed,Home,North,13,3
4597,2024-06-16,2178.71,completed,Home,North,15,2
4598,2024-06-16,917.26,completed,Clothing,East,28,5
4599,2024-06-16,1664.0,completed,Food,East,2,1
4600,2024-06-16,1992.91,pending,Food,West,8,1
4601,2024-06-16,3119.2,pending,Sports,South,20,4
4602,2024-06-16,4615.84,failed,Home,East,2,4
4603,2024-06-16,4933.08,completed,Home,West,5,3
4604,2024-06-17,3261.98,failed,Electronics,West,2,3
4605,2024-06-17,3502.61,failed,Books,East,41,1
4606,2024-06-17,1615.93,pending,Electronics,East,6,5
4607,2024-06-17,4287.22,completed,Clothing,North,10,5
4608,2024-06-17,1096.81,completed,Food,East,40,2
4609,2024-06-17,540.84,pending,Books,East,22,1
4610,2024-06-17,4866.55,refunded,Sports,North,22,3
4611,2024-06-17,4322.05,completed,Home,Central,33,2
4612,2024-06-17,1525.19,completed,Food,West,31,1
4613,2024-06-17,3379.1,completed,Books,West,21,1
4614,2024-06-17,2340.42,completed,Electronics,East,43,4
4615,2024-06-17,1622.41,pending,Electronics,Central,12,2
4616,2024-06-17,1441.0,completed,Home,North,11,4
4617,2024-06-17,688.78,completed,Home,Central,26,2
4618,2024-06-17,2751.1,pending,Home,South,43,4
4619,2024-06-17,2238.52,completed,Clothing,Central,44,2
4620,2024-06-17,2565.81,completed,Books,North,37,3
4621,2024-06-17,1084.63,completed,Clothing,South,1,4
4622,2024-06-17,4693.67,completed,Sports,East,36,2
4623,2024-06-17,3196.57,refunded,Food,West,9,5
4624,2024-06-17,4499.01,pending,Home,North,43,4
4625,2024-06-17,555.26,refunded,Food,South,6,2
4626,2024-06-17,3118.03,completed,Books,Central,7,5
4627,2024-06-17,4248.81,pending,Books,North,26,3
4628,2024-06-17,1661.29,completed,Sports,Central,27,4
4629,2024-06-17,983.76,pending,Electronics,West,17,2
4630,2024-06-17,1332.46,completed,Food,Central,24,1
4631,2024-06-18,1371.94,completed,Food,Central,36,3
4632,2024-06-18,2241.52,completed,Clothing,South,33,3
4633,2024-06-18,1636.56,pending,Sports,Central,35,4
4634,2024-06-18,1363.66,pending,Sports,East,12,4
4635,2024-06-18,3246.08,completed,Electronics,South,28,4
4636,2024-06-18,274.63,completed,Sports,Central,7,3
4637,2024-06-18,1708.42,pending,Home,East,12,1
4638,2024-06-18,3451.86,completed,Clothing,West,48,3
4639,2024-06-18,887.49,completed,Books,West,3,5
4640,2024-06-18,1112.43,failed,Books,South,23,5
4641,2024-06-18,1011.33,completed,Electronics,Central,25,1
4642,2024-06-18,14.62,pending,Sports,Central,12,5
4643,2024-06-18,2374.1,completed,Sports,East,3,1
4644,2024-06-18,204.4,pending,Clothing,East,7,1
4645,2024-06-18,1371.97,completed,Clothing,North,36,1
4646,2024-06-18,4974.07,failed,Sports,West,30,3
4647,2024-06-18,4592.8,completed,Sports,Central,28,1
4648,2024-06-18,1083.23,pending,Electronics,Central,8,4
4649,2024-06-18,1556.91,failed,Food,East,27,3
4650,2024-06-18,2323.89,completed,Books,Central,9,5
4651,2024-06-18,4223.62,completed,Electronics,West,16,2
4652,2024-06-18,4015.2,completed,Home,East,47,2
4653,2024-06-18,639.94,completed,Clothing,Central,22,3
4654,2024-06-18,631.0,completed,Home,North,2,1
4655,2024-06-18,2089.49,completed,Electronics,West,30,3
4656,2024-06-18,4351.78,completed,Home,West,10,3
4657,2024-06-18,4411.6,refunded,Electronics,East,1,4
4658,2024-06-18,545.76,completed,Sports,West,33,3
4659,2024-06-19,2875.74,completed,Food,Central,32,1
4660,2024-06-19,786.82,completed,Food,East,11,2
4661,2024-06-19,3433.79,completed,Electronics,South,37,1
4662,2024-06-19,4583.0,completed,Sports,East,9,5
4663,2024-06-19,2279.3,pending,Books,East,25,3
4664,2024-06-19,424.58,completed,Clothing,East,28,2
4665,2024-06-19,2900.48,completed,Food,South,6,2
4666,2024-06-19,2048.5,completed,Books,East,35,1
4667,2024-06-19,4056.38,completed,Sports,South,25,3
4668,2024-06-19,1708.32,pending,Books,Central,22,1
4669,2024-06-19,4375.74,completed,Electronics,East,37,4
4670,2024-06-19,1375.77,completed,Books,Central,39,2
4671,2024-06-19,796.01,completed,Food,South,25,1
4672,2024-06-19,1539.34,completed,Food,South,40,1
4673,2024-06-19,184.23,completed,Food,South,3,1
4674,2024-06-19,1413.42,completed,Food,East,31,2
4675,2024-06-19,3303.99,refunded,Clothing,West,14,1
4676,2024-06-19,719.99,completed,Clothing,East,29,1
4677,2024-06-19,565.71,completed,Sports,Central,31,2
4678,2024-06-19,670.6,pending,Clothing,East,40,3
4679,2024-06-19,396.98,completed,Sports,Central,28,2
4680,2024-06-19,4374.43,completed,Food,North,1,3
4681,2024-06-19,4721.13,failed,Books,South,48,3
4682,2024-06-19,242.34,pending,Electronics,West,26,3
4683,2024-06-19,3802.76,failed,Clothing,South,6,1
4684,2024-06-19,3688.39,pending,Home,West,7,5
4685,2024-06-19,4984.58,completed,Sports,East,2,1
4686,2024-06-20,1745.87,failed,Electronics,East,11,5
4687,2024-06-20,1434.69,completed,Home,East,14,2
4688,2024-06-20,2270.88,completed,Home,Central,47,3
4689,2024-06-20,4284.31,pending,Electronics,West,40,1
4690,2024-06-20,3645.68,failed,Clothing,Central,1,2
4691,2024-06-20,2363.4,failed,Clothing,North,17,5
4692,2024-06-20,1230.37,completed,Home,Central,16,4
4693,2024-06-20,3637.81,pending,Home,Central,23,4
4694,2024-06-20,4274.09,completed,Sports,Central,8,2
4695,2024-06-20,2005.76,pending,Clothing,East,14,5
4696,2024-06-20,3346.24,pending,Home,East,28,4
4697,2024-06-20,2007.06,completed,Home,East,26,2
4698,2024-06-20,2397.68,pending,Home,Central,42,4
4699,2024-06-20,2629.3,completed,Food,Central,46,2
4700,2024-06-20,3880.87,completed,Sports,Central,20,1
4701,2024-06-20,4887.75,refunded,Sports,Central,40,4
4702,2024-06-20,2227.39,completed,Electronics,West,42,3
4703,2024-06-20,1718.15,completed,Books,South,17,1
4704,2024-06-20,1874.22,completed,Books,North,22,5
4705,2024-06-20,678.11,completed,Books,Central,31,4
4706,2024-06-20,1491.72,completed,Food,North,45,3
4707,2024-06-20,441.37,completed,Sports,North,38,5
4708,2024-06-20,2145.19,completed,Home,East,42,4
4709,2024-06-20,845.11,completed,Books,West,39,5
4710,2024-06-20,1738.57,completed,Home,West,9,4
4711,2024-06-20,3969.95,completed,Sports,South,11,1
4712,2024-06-20,1237.18,completed,Clothing,East,44,3
4713,2024-06-21,3063.35,failed,Sports,Central,22,3
4714,2024-06-21,4506.9,completed,Sports,West,10,2
4715,2024-06-21,2838.98,completed,Home,Central,15,2
4716,2024-06-21,977.03,completed,Food,West,25,3
4717,2024-06-21,1730.38,completed,Electronics,North,28,3
4718,2024-06-21,2955.94,pending,Sports,South,10,1
4719,2024-06-21,2537.99,completed,Books,North,13,3
4720,2024-06-21,751.61,completed,Books,North,19,3
4721,2024-06-21,2239.51,failed,Sports,Central,11,5
4722,2024-06-21,2719.9,completed,Books,West,49,1
4723,2024-06-21,1343.99,pending,Electronics,Central,1,3
4724,2024-06-21,3066.1,completed,Home,South,38,5
4725,2024-06-21,360.1,completed,Clothing,Central,15,2
4726,2024-06-21,1689.67,pending,Clothing,Central,28,4
4727,2024-06-21,4023.34,completed,Sports,North,16,2
4728,2024-06-21,1303.83,completed,Sports,Central,46,1
4729,2024-06-21,3029.83,failed,Books,North,48,4
4730,2024-06-21,2056.05,completed,Sports,East,18,4
4731,2024-06-21,1589.14,pending,Electronics,North,2,5
4732,2024-06-21,4581.5,completed,Clothing,East,9,4
4733,2024-06-21,1722.88,completed,Clothing,North,36,2
4734,2024-06-21,1191.01,pending,Food,Central,41,4
4735,2024-06-21,4547.41,completed,Food,East,2,1
4736,2024-06-21,3732.26,completed,Electronics,Central,1,2
4737,2024-06-21,3412.18,pending,Sports,East,25,2
4738,2024-06-21,257.18,completed,Books,East,40,3
4739,2024-06-21,664.71,completed,Food,West,38,4
4740,2024-06-21,3195.32,pending,Home,Central,2,3
4741,2024-06-22,1055.07,completed,Food,South,49,1
4742,2024-06-22,1135.93,completed,Electronics,East,14,2
4743,2024-06-22,3897.9,pending,Home,South,12,1
4744,2024-06-22,1436.77,completed,Electronics,North,18,3
4745,2024-06-22,367.22,failed,Electronics,Central,38,4
4746,2024-06-22,191.8,pending,Food,East,16,2
4747,2024-06-22,2221.46,completed,Books,South,32,3
4748,2024-06-22,3089.47,completed,Clothing,West,12,5
4749,2024-06-22,4345.74,refunded,Home,Central,6,1
4750,2024-06-22,562.91,failed,Clothing,Central,6,5
4751,2024-06-22,991.4,completed,Home,East,22,2
4752,2024-06-22,2653.71,completed,Books,North,1,2
4753,2024-06-22,1826.9,completed,Clothing,East,28,4
4754,2024-06-22,2417.86,failed,Food,East,38,2
4755,2024-06-22,4621.38,failed,Electronics,South,28,3
4756,2024-06-22,2729.01,pending,Home,East,23,2
4757,2024-06-22,2081.45,completed,Books,East,9,1
4758,2024-06-22,4947.31,failed,Food,Central,8,5
4759,2024-06-22,335.43,completed,Sports,North,6,1
4760,2024-06-22,4661.25,completed,Books,West,5,1
4761,2024-06-22,2513.29,completed,Books,West,28,5
4762,2024-06-22,2523.74,completed,Food,South,14,4
4763,2024-06-22,4610.6,completed,Food,South,33,2
4764,2024-06-22,2541.55,completed,Clothing,Central,18,5
4765,2024-06-22,2197.65,completed,Sports,South,16,4
4766,2024-06-22,1369.72,pending,Food,West,23,2
4767,2024-06-22,3297.5,completed,Food,East,18,1
4768,2024-06-23,2852.53,completed,Sports,Central,5,4
4769,2024-06-23,1079.58,completed,Books,West,2,4
4770,2024-06-23,3549.97,completed,Home,Central,49,3
4771,2024-06-23,3223.99,completed,Clothing,Central,6,2
4772,2024-06-23,1992.7,pending,Electronics,North,14,2
4773,2024-06-23,31.96,completed,Food,Central,20,2
4774,2024-06-23,2238.44,completed,Books,Central,22,5
4775,2024-06-23,40.23,pending,Sports,North,37,2
4776,2024-06-23,384.24,completed,Books,East,35,3
4777,2024-06-23,2158.74,pending,Home,South,30,4
4778,2024-06-23,418.78,completed,Electronics,Central,16,1
4779,2024-06-23,1385.57,failed,Books,South,47,3
4780,2024-06-23,3280.9,completed,Sports,North,5,4
4781,2024-06-23,1549.99,completed,Books,North,16,3
4782,2024-06-23,4988.27,completed,Clothing,West,19,4
4783,2024-06-23,4582.35,completed,Sports,North,18,3
4784,2024-06-23,2930.7,pending,Home,South,28,4
4785,2024-06-23,4835.07,completed,Clothing,East,3,5
4786,2024-06-23,4341.41,completed,Books,North,42,2
4787,2024-06-23,1601.3,failed,Sports,North,8,2
4788,2024-06-23,3750.49,failed,Electronics,Central,19,4
4789,2024-06-23,692.79,completed,Electronics,East,29,1
4790,2024-06-23,3425.91,completed,Sports,South,44,2
4791,2024-06-23,2460.5,pending,Sports,Central,28,1
4792,2024-06-23,93.96,pending,Electronics,North,27,3
4793,2024-06-23,1378.41,failed,Books,South,13,1
4794,2024-06-23,4777.36,pending,Sports,Central,36,2
4795,2024-06-23,1586.0,completed,Home,West,28,3
4796,2024-06-24,915.46,completed,Sports,East,2,4
4797,2024-06-24,945.78,completed,Clothing,Central,21,3
4798,2024-06-24,2401.27,completed,Books,East,44,5
4799,2024-06-24,4214.82,pending,Sports,West,43,4
4800,2024-06-24,3792.43,completed,Clothing,Central,11,1
4801,2024-06-24,2189.89,completed,Electronics,East,37,4
4802,2024-06-24,1051.55,completed,Food,East,16,1
4803,2024-06-24,239.86,completed,Sports,West,38,1
4804,2024-06-24,2318.53,completed,Books,North,26,4
4805,2024-06-24,4075.73,completed,Books,East,16,3
4806,2024-06-24,3651.11,pending,Books,West,48,2
4807,2024-06-24,2048.92,completed,Home,South,12,1
4808,2024-06-24,2977.57,completed,Books,West,17,2
4809,2024-06-24,2186.87,completed,Electronics,East,46,4
4810,2024-06-24,2899.29,completed,Food,North,11,3
4811,2024-06-24,2592.35,failed,Clothing,North,10,1
4812,2024-06-24,3408.02,completed,Sports,East,48,3
4813,2024-06-24,2543.47,failed,Home,North,24,2
4814,2024-06-24,4703.65,completed,Sports,South,40,1
4815,2024-06-24,2145.86,completed,Clothing,East,5,1
4816,2024-06-24,89.42,completed,Sports,North,33,4
4817,2024-06-24,1189.5,pending,Electronics,East,6,1
4818,2024-06-24,2508.03,failed,Clothing,South,21,1
4819,2024-06-24,2707.45,completed,Clothing,South,10,5
4820,2024-06-24,2766.4,completed,Food,Central,21,5
4821,2024-06-24,3575.61,completed,Clothing,Central,20,3
4822,2024-06-24,1380.49,completed,Food,South,47,4
4823,2024-06-25,3327.87,completed,Electronics,Central,33,1
4824,2024-06-25,3523.12,failed,Sports,South,4,1
4825,2024-06-25,2062.29,completed,Food,South,24,2
4826,2024-06-25,2016.82,pending,Sports,Central,38,4
4827,2024-06-25,902.83,pending,Electronics,North,25,1
4828,2024-06-25,2075.8,completed,Home,South,30,4
4829,2024-06-25,3936.21,completed,Books,Central,26,1
4830,2024-06-25,4545.78,failed,Clothing,Central,48,5
4831,2024-06-25,2972.13,completed,Sports,Central,33,2
4832,2024-06-25,1503.86,completed,Sports,Central,28,4
4833,2024-06-25,3414.63,failed,Sports,Central,47,4
4834,2024-06-25,3703.33,completed,Home,East,14,2
4835,2024-06-25,1667.74,failed,Home,South,37,4
4836,2024-06-25,4134.47,completed,Electronics,South,39,4
4837,2024-06-25,377.74,completed,Clothing,North,19,3
4838,2024-06-25,63.66,completed,Electronics,North,49,4
4839,2024-06-25,623.62,completed,Electronics,Central,15,2
4840,2024-06-25,788.48,completed,Electronics,North,45,4
4841,2024-06-25,4395.86,completed,Sports,West,1,4
4842,2024-06-25,2130.66,completed,Books,South,15,3
4843,2024-06-25,1381.91,completed,Electronics,West,15,4
4844,2024-06-25,2151.08,completed,Food,East,17,5
4845,2024-06-25,1980.26,completed,Electronics,North,22,4
4846,2024-06-25,1514.29,completed,Clothing,South,37,2
4847,2024-06-25,698.12,completed,Electronics,West,22,2
4848,2024-06-25,3283.02,completed,Books,Central,30,5
4849,2024-06-25,691.66,completed,Electronics,South,6,5
4850,2024-06-26,3879.37,completed,Sports,South,1,2
4851,2024-06-26,1016.42,completed,Home,West,20,4
4852,2024-06-26,3659.54,pending,Home,East,7,1
4853,2024-06-26,4029.87,completed,Sports,North,6,4
4854,2024-06-26,635.38,completed,Sports,North,5,2
4855,2024-06-26,442.86,failed,Home,South,14,2
4856,2024-06-26,4748.37,completed,Home,South,9,5
4857,2024-06-26,2320.6,completed,Clothing,North,8,1
4858,2024-06-26,3154.88,completed,Books,West,15,4
4859,2024-06-26,126.07,completed,Clothing,East,13,3
4860,2024-06-26,1400.76,completed,Home,West,48,3
4861,2024-06-26,2531.93,completed,Electronics,North,32,3
4862,2024-06-26,4432.23,completed,Food,East,34,5
4863,2024-06-26,1364.48,completed,Food,East,34,3
4864,2024-06-26,3878.2,completed,Home,East,3,2
4865,2024-06-26,3314.44,completed,Clothing,Central,25,1
4866,2024-06-26,585.2,completed,Home,East,30,2
4867,2024-06-26,1473.94,completed,Food,East,47,1
4868,2024-06-26,1196.94,completed,Sports,Central,22,1
4869,2024-06-26,2218.21,completed,Books,South,14,5
4870,2024-06-26,3180.32,completed,Food,South,37,3
4871,2024-06-26,2172.76,completed,Clothing,North,10,5
4872,2024-06-26,1230.24,failed,Clothing,West,44,3
4873,2024-06-26,3482.44,failed,Books,North,18,2
4874,2024-06-26,2926.51,completed,Clothing,South,4,1
4875,2024-06-26,2601.38,completed,Home,East,18,4
4876,2024-06-26,2776.55,completed,Electronics,East,49,1
4877,2024-06-26,1117.28,failed,Clothing,North,22,1
4878,2024-06-27,3405.35,completed,Electronics,East,3,2
4879,2024-06-27,1943.63,completed,Home,Central,19,2
4880,2024-06-27,1823.7,pending,Food,North,36,2
4881,2024-06-27,757.17,completed,Electronics,East,3,3
4882,2024-06-27,2988.22,pending,Electronics,East,45,3
4883,2024-06-27,3017.3,completed,Home,South,37,3
4884,2024-06-27,1708.1,completed,Home,East,37,3
4885,2024-06-27,4300.65,pending,Clothing,South,37,4
4886,2024-06-27,4228.83,completed,Books,North,8,1
4887,2024-06-27,554.18,completed,Clothing,Central,40,2
4888,2024-06-27,3478.24,pending,Home,Central,11,1
4889,2024-06-27,1975.24,failed,Sports,South,8,5
4890,2024-06-27,4998.58,completed,Food,North,3,4
4891,2024-06-27,1132.87,refunded,Home,North,8,5
4892,2024-06-27,1409.82,completed,Clothing,Central,7,4
4893,2024-06-27,2216.11,completed,Home,Central,44,1
4894,2024-06-27,1350.89,pending,Clothing,East,3,3
4895,2024-06-27,3463.05,completed,Home,Central,32,5
4896,2024-06-27,2409.73,failed,Home,South,3,3
4897,2024-06-27,1112.19,completed,Books,East,48,3
4898,2024-06-27,2536.81,completed,Electronics,North,28,5
4899,2024-06-27,4445.05,completed,Sports,East,26,4
4900,2024-06-27,3964.05,completed,Sports,West,4,4
4901,2024-06-27,2499.16,pending,Home,Central,43,4
4902,2024-06-27,1449.58,completed,Clothing,West,21,2
4903,2024-06-27,907.63,completed,Clothing,West,7,5
4904,2024-06-27,4393.13,completed,Food,West,35,5
4905,2024-06-28,3553.73,completed,Food,West,47,1
4906,2024-06-28,2865.09,completed,Electronics,East,1,3
4907,2024-06-28,4398.38,completed,Electronics,East,10,2
4908,2024-06-28,617.23,completed,Food,North,32,3
4909,2024-06-28,3415.62,completed,Home,North,4,5
4910,2024-06-28,1091.39,completed,Electronics,West,38,4
4911,2024-06-28,611.68,completed,Clothing,East,30,4
4912,2024-06-28,2333.39,completed,Home,Central,27,3
4913,2024-06-28,1943.09,completed,Electronics,North,17,1
4914,2024-06-28,4706.46,completed,Electronics,South,24,5
4915,2024-06-28,1626.66,completed,Home,South,5,1
4916,2024-06-28,4076.36,completed,Clothing,Central,36,1
4917,2024-06-28,3746.65,pending,Clothing,South,31,4
4918,2024-06-28,3342.94,completed,Electronics,West,26,3
4919,2024-06-28,4602.8,pending,Food,North,39,3
4920,2024-06-28,2045.54,completed,Home,East,25,1
4921,2024-06-28,1954.46,completed,Home,East,20,1
4922,2024-06-28,813.13,pending,Books,West,40,4
4923,2024-06-28,1386.05,completed,Sports,East,46,3
4924,2024-06-28,4400.08,completed,Books,North,42,2
4925,2024-06-28,2377.17,completed,Sports,North,26,3
4926,2024-06-28,1713.35,completed,Books,North,19,3
4927,2024-06-28,1088.4,completed,Clothing,South,7,5
4928,2024-06-28,2429.95,pending,Home,West,21,5
4929,2024-06-28,3586.16,completed,Home,South,41,3
4930,2024-06-28,1440.59,completed,Electronics,Central,40,1
4931,2024-06-28,3791.01,completed,Electronics,North,7,3
4932,2024-06-28,3152.64,completed,Sports,East,27,1
4933,2024-06-29,3939.94,pending,Electronics,West,33,4
4934,2024-06-29,1262.04,completed,Sports,North,34,3
4935,2024-06-29,3158.83,failed,Home,East,43,5
4936,2024-06-29,777.14,completed,Electronics,North,4,3
4937,2024-06-29,1825.35,completed,Sports,West,23,3
4938,2024-06-29,3624.56,completed,Electronics,East,5,1
4939,2024-06-29,3162.03,pending,Clothing,Central,36,5
4940,2024-06-29,947.43,completed,Books,West,27,2
4941,2024-06-29,4293.13,completed,Sports,South,22,4
4942,2024-06-29,276.22,failed,Electronics,North,41,2
4943,2024-06-29,2980.13,completed,Electronics,North,42,2
4944,2024-06-29,4919.26,completed,Clothing,North,16,2
4945,2024-06-29,2662.21,pending,Sports,South,40,5
4946,2024-06-29,4005.35,completed,Food,West,48,4
4947,2024-06-29,2979.95,completed,Clothing,South,3,4
4948,2024-06-29,3917.61,completed,Electronics,North,38,2
4949,2024-06-29,3281.41,pending,Home,North,6,4
4950,2024-06-29,3458.75,completed,Sports,East,39,3
4951,2024-06-29,1146.78,pending,Home,South,34,4
4952,2024-06-29,3711.69,pending,Food,West,41,2
4953,2024-06-29,1197.17,completed,Sports,South,29,3
4954,2024-06-29,4903.39,completed,Books,North,13,5
4955,2024-06-29,1146.66,pending,Books,South,35,1
4956,2024-06-29,1191.05,completed,Food,East,17,4
4957,2024-06-29,4294.78,completed,Books,North,2,4
4958,2024-06-29,1222.5,completed,Food,North,6,3
4959,2024-06-29,1810.9,failed,Books,Central,43,5
4960,2024-06-30,3576.05,completed,Food,South,19,4
4961,2024-06-30,802.16,completed,Home,West,8,3
4962,2024-06-30,803.77,completed,Home,Central,2,2
4963,2024-06-30,2436.93,completed,Food,North,3,4
4964,2024-06-30,1226.05,refunded,Food,West,37,1
4965,2024-06-30,1185.93,completed,Sports,Central,7,2
4966,2024-06-30,56.1,pending,Books,North,40,3
4967,2024-06-30,1858.54,pending,Clothing,South,28,2
4968,2024-06-30,1598.07,completed,Home,North,11,3
4969,2024-06-30,165.47,pending,Sports,North,45,5
4970,2024-06-30,3109.95,refunded,Books,South,25,2
4971,2024-06-30,3137.01,pending,Sports,North,20,3
4972,2024-06-30,363.29,pending,Clothing,Central,33,3
4973,2024-06-30,1592.04,completed,Sports,South,33,4
4974,2024-06-30,4365.3,pending,Electronics,West,37,4
4975,2024-06-30,2915.01,completed,Sports,North,31,2
4976,2024-06-30,2065.75,pending,Books,West,48,5
4977,2024-06-30,2330.86,completed,Books,West,21,4
4978,2024-06-30,1049.32,completed,Sports,North,10,5
4979,2024-06-30,4061.29,failed,Clothing,East,7,5
4980,2024-06-30,4570.88,completed,Sports,Central,13,3
4981,2024-06-30,4554.21,completed,Electronics,West,38,4
4982,2024-06-30,1127.43,pending,Sports,Central,42,4
4983,2024-06-30,1560.59,failed,Sports,East,15,4
4984,2024-06-30,811.51,completed,Electronics,South,5,3
4985,2024-06-30,1542.93,failed,Sports,East,36,2
4986,2024-06-30,1670.7,pending,Sports,East,39,2
4987,2024-07-01,3169.2,failed,Books,Central,3,4
4988,2024-07-01,956.34,completed,Books,East,7,4
4989,2024-07-01,4597.79,completed,Electronics,West,17,3
4990,2024-07-01,524.47,pending,Home,East,23,1
4991,2024-07-01,44.32,failed,Home,South,6,1
4992,2024-07-01,4276.18,completed,Sports,South,30,5
4993,2024-07-01,3521.81,completed,Electronics,Central,25,1
4994,2024-07-01,1783.25,completed,Food,South,38,2
4995,2024-07-01,2981.54,pending,Sports,East,47,1
4996,2024-07-01,1125.49,failed,Sports,West,6,2
4997,2024-07-01,850.26,completed,Home,North,23,5
4998,2024-07-01,2361.03,completed,Books,West,41,2
4999,2024-07-01,1772.41,completed,Sports,Central,1,5
5000,2024-07-01,3080.0,failed,Food,East,42,5
5001,2024-07-01,1098.56,completed,Sports,East,20,4
5002,2024-07-01,3318.01,completed,Books,East,39,2
5003,2024-07-01,3836.64,completed,Sports,West,30,5
5004,2024-07-01,841.51,pending,Clothing,North,46,4
5005,2024-07-01,228.85,completed,Clothing,West,8,4
5006,2024-07-01,2203.54,completed,Electronics,East,43,2
5007,2024-07-01,3872.38,completed,Sports,North,28,4
5008,2024-07-01,3257.39,refunded,Sports,Central,38,4
5009,2024-07-01,3512.39,completed,Clothing,North,38,3
5010,2024-07-01,2020.17,completed,Food,East,29,3
5011,2024-07-01,1182.38,completed,Books,Central,23,4
5012,2024-07-01,2663.58,completed,Sports,Central,40,5
5013,2024-07-01,1029.78,pending,Clothing,West,25,5
5014,2024-07-01,3633.88,pending,Food,West,48,2
5015,2024-07-02,992.86,completed,Clothing,East,33,5
5016,2024-07-02,1463.4,failed,Sports,West,32,2
5017,2024-07-02,2537.66,completed,Home,Central,29,2
5018,2024-07-02,2438.68,failed,Sports,East,12,1
5019,2024-07-02,3008.24,completed,Sports,East,37,4
5020,2024-07-02,2192.85,completed,Sports,North,13,3
5021,2024-07-02,4598.17,failed,Home,Central,31,5
5022,2024-07-02,4201.27,failed,Food,Central,40,5
5023,2024-07-02,4396.78,pending,Clothing,West,23,3
5024,2024-07-02,3151.29,completed,Home,West,49,2
5025,2024-07-02,3178.69,pending,Electronics,South,9,1
5026,2024-07-02,3049.9,pending,Food,Central,11,5
5027,2024-07-02,2180.07,completed,Sports,North,15,2
5028,2024-07-02,1617.31,completed,Sports,West,48,1
5029,2024-07-02,2964.09,completed,Sports,South,27,2
5030,2024-07-02,137.4,completed,Food,East,14,5
5031,2024-07-02,47.21,failed,Home,North,48,1
5032,2024-07-02,4259.69,completed,Clothing,North,21,4
5033,2024-07-02,241.66,completed,Electronics,South,14,3
5034,2024-07-02,2628.73,completed,Books,South,45,5
5035,2024-07-02,3078.79,pending,Clothing,Central,8,3
5036,2024-07-02,998.87,completed,Food,East,48,3
5037,2024-07-02,4479.7,failed,Food,North,3,3
5038,2024-07-02,958.58,completed,Clothing,Central,28,4
5039,2024-07-02,4423.73,completed,Home,West,29,1
5040,2024-07-02,3817.32,pending,Food,Central,47,1
5041,2024-07-02,1211.31,completed,Sports,Central,46,3
5042,2024-07-03,762.21,pending,Electronics,East,42,2
5043,2024-07-03,1588.0,completed,Home,North,45,1
5044,2024-07-03,1995.77,completed,Home,East,43,4
5045,2024-07-03,1236.47,completed,Electronics,West,26,4
5046,2024-07-03,4994.47,failed,Books,North,43,1
5047,2024-07-03,1155.97,completed,Books,Central,38,1
5048,2024-07-03,4154.87,completed,Clothing,South,19,4
5049,2024-07-03,804.0,completed,Sports,West,44,3
5050,2024-07-03,4901.42,refunded,Sports,Central,2,2
5051,2024-07-03,1135.36,pending,Home,Central,6,3
5052,2024-07-03,2114.23,pending,Books,West,9,2
5053,2024-07-03,2797.23,completed,Sports,South,27,1
5054,2024-07-03,610.23,completed,Sports,East,4,4
5055,2024-07-03,4085.93,failed,Sports,East,12,4
5056,2024-07-03,1380.68,failed,Books,Central,12,1
5057,2024-07-03,2750.86,pending,Sports,North,12,2
5058,2024-07-03,2752.67,pending,Electronics,North,3,4
5059,2024-07-03,3017.18,failed,Books,North,11,4
5060,2024-07-03,286.88,completed,Clothing,Central,14,5
5061,2024-07-03,851.41,completed,Food,East,38,4
5062,2024-07-03,814.35,refunded,Sports,West,29,1
5063,2024-07-03,1517.24,completed,Electronics,North,16,2
5064,2024-07-03,733.12,completed,Sports,North,7,2
5065,2024-07-03,4610.39,completed,Clothing,West,26,5
5066,2024-07-03,2569.64,completed,Sports,West,16,1
5067,2024-07-03,3121.64,pending,Sports,East,35,2
5068,2024-07-03,1793.87,pending,Electronics,North,11,3
5069,2024-07-04,1388.47,completed,Clothing,East,49,2
5070,2024-07-04,2520.85,completed,Sports,West,5,4
5071,2024-07-04,1478.67,completed,Food,South,41,1
5072,2024-07-04,1724.79,failed,Food,South,34,5
5073,2024-07-04,2269.23,completed,Electronics,West,33,3
5074,2024-07-04,2533.61,completed,Sports,South,44,2
5075,2024-07-04,4921.73,completed,Electronics,North,23,5
5076,2024-07-04,1124.38,completed,Clothing,West,36,1
5077,2024-07-04,2445.0,completed,Food,North,26,3
5078,2024-07-04,756.06,pending,Sports,East,34,1
5079,2024-07-04,1756.5,completed,Food,East,28,3
5080,2024-07-04,3589.38,completed,Home,North,49,2
5081,2024-07-04,880.57,completed,Books,West,16,4
5082,2024-07-04,2910.94,completed,Clothing,Central,36,3
5083,2024-07-04,2089.34,completed,Clothing,Central,9,4
5084,2024-07-04,267.38,pending,Sports,South,3,5
5085,2024-07-04,4666.05,completed,Food,South,35,5
5086,2024-07-04,2073.88,pending,Books,West,11,2
5087,2024-07-04,3921.79,completed,Food,East,1,3
5088,2024-07-04,2087.4,pending,Clothing,West,32,4
5089,2024-07-04,4687.43,completed,Books,South,30,1
5090,2024-07-04,1459.45,completed,Clothing,North,32,3
5091,2024-07-04,2067.03,completed,Home,North,23,3
5092,2024-07-04,3796.73,completed,Sports,Central,41,5
5093,2024-07-04,1724.9,completed,Sports,East,1,1
5094,2024-07-04,1828.14,pending,Clothing,East,8,5
5095,2024-07-04,4974.17,completed,Electronics,West,19,2
5096,2024-07-04,2782.52,refunded,Electronics,South,49,5
5097,2024-07-05,3450.01,pending,Home,South,36,4
5098,2024-07-05,3220.88,completed,Home,East,26,3
5099,2024-07-05,4141.34,pending,Sports,North,47,1
5100,2024-07-05,4310.51,completed,Books,West,46,2
5101,2024-07-05,2820.65,completed,Clothing,North,6,4
5102,2024-07-05,1479.83,completed,Sports,North,26,2
5103,2024-07-05,123.77,pending,Books,West,47,4
5104,2024-07-05,3075.87,completed,Books,South,10,2
5105,2024-07-05,4129.09,completed,Electronics,West,8,1
5106,2024-07-05,2258.19,completed,Books,East,18,4
5107,2024-07-05,831.88,completed,Sports,North,48,5
5108,2024-07-05,1447.53,completed,Sports,West,11,5
5109,2024-07-05,2554.84,completed,Electronics,North,32,3
5110,2024-07-05,4185.04,pending,Electronics,South,13,4
5111,2024-07-05,867.05,completed,Home,West,37,4
5112,2024-07-05,3064.63,completed,Clothing,East,44,3
5113,2024-07-05,3769.31,refunded,Food,South,2,1
5114,2024-07-05,4680.88,failed,Books,South,19,2
5115,2024-07-05,592.35,completed,Food,East,29,2
5116,2024-07-05,4632.69,completed,Home,South,9,4
5117,2024-07-05,3011.32,completed,Home,Central,32,2
5118,2024-07-05,3835.84,failed,Food,West,18,2
5119,2024-07-05,278.34,completed,Clothing,Central,2,5
5120,2024-07-05,2535.68,completed,Home,South,31,1
5121,2024-07-05,3116.92,completed,Sports,Central,2,4
5122,2024-07-05,1541.1,completed,Sports,South,10,1
5123,2024-07-05,2163.93,completed,Food,South,9,2
5124,2024-07-06,2775.95,pending,Food,South,3,5
5125,2024-07-06,2767.21,completed,Clothing,East,21,5
5126,2024-07-06,218.89,completed,Food,West,43,2
5127,2024-07-06,2203.01,pending,Books,North,15,1
5128,2024-07-06,1076.95,completed,Electronics,East,12,5
5129,2024-07-06,4584.31,completed,Books,Central,40,5
5130,2024-07-06,4883.13,completed,Books,East,46,3
5131,2024-07-06,1505.24,pending,Home,West,15,1
5132,2024-07-06,884.18,completed,Electronics,West,3,4
5133,2024-07-06,1105.33,pending,Clothing,Central,38,4
5134,2024-07-06,2393.98,completed,Food,West,32,5
5135,2024-07-06,4373.78,completed,Home,East,49,4
5136,2024-07-06,2505.18,completed,Clothing,North,33,5
5137,2024-07-06,286.41,completed,Home,Central,46,3
5138,2024-07-06,209.03,completed,Home,South,8,1
5139,2024-07-06,1144.68,pending,Electronics,Central,9,4
5140,2024-07-06,4215.43,completed,Food,South,33,2
5141,2024-07-06,3111.19,completed,Clothing,East,37,4
5142,2024-07-06,2819.16,failed,Food,Central,19,1
5143,2024-07-06,1601.66,completed,Home,North,22,1
5144,2024-07-06,4647.83,completed,Food,South,19,3
5145,2024-07-06,1662.58,completed,Books,West,3,3
5146,2024-07-06,4176.37,completed,Electronics,South,43,1
5147,2024-07-06,4480.56,refunded,Books,Central,45,4
5148,2024-07-06,2421.84,refunded,Food,East,47,4
5149,2024-07-06,4472.5,completed,Home,Central,25,5
5150,2024-07-06,1391.25,failed,Sports,East,9,2
5151,2024-07-06,3295.58,completed,Clothing,North,20,4
5152,2024-07-07,448.94,refunded,Books,Central,34,5
5153,2024-07-07,2374.93,pending,Food,East,9,1
5154,2024-07-07,1094.49,completed,Food,South,8,5
5155,2024-07-07,323.19,completed,Food,West,49,4
5156,2024-07-07,28.59,pending,Sports,South,2,4
5157,2024-07-07,1630.51,completed,Clothing,East,30,4
5158,2024-07-07,2951.76,completed,Electronics,West,8,4
5159,2024-07-07,2281.6,completed,Clothing,East,2,4
5160,2024-07-07,1515.83,completed,Sports,West,32,1
5161,2024-07-07,4956.09,completed,Clothing,North,10,1
5162,2024-07-07,4698.23,completed,Electronics,Central,36,1
5163,2024-07-07,637.01,pending,Food,West,41,5
5164,2024-07-07,2081.39,completed,Home,West,25,3
5165,2024-07-07,3247.75,completed,Home,Central,9,5
5166,2024-07-07,3670.12,completed,Home,East,47,5
5167,2024-07-07,1838.2,completed,Sports,North,19,2
5168,2024-07-07,3733.95,completed,Sports,North,38,1
5169,2024-07-07,629.51,completed,Sports,Central,10,5
5170,2024-07-07,1665.75,completed,Electronics,Central,8,3
5171,2024-07-07,3585.0,completed,Food,North,34,2
5172,2024-07-07,3132.16,completed,Books,West,11,4
5173,2024-07-07,4187.68,completed,Food,West,27,3
5174,2024-07-07,243.82,pending,Sports,North,30,2
5175,2024-07-07,880.21,completed,Home,West,6,2
5176,2024-07-07,251.99,failed,Books,East,17,5
5177,2024-07-07,968.65,completed,Electronics,South,10,2
5178,2024-07-07,31.37,completed,Food,East,1,5
5179,2024-07-08,2526.01,completed,Clothing,Central,47,3
5180,2024-07-08,2646.29,completed,Food,South,2,1
5181,2024-07-08,3292.88,completed,Clothing,West,41,1
5182,2024-07-08,1930.71,pending,Electronics,West,20,4
5183,2024-07-08,26.01,pending,Clothing,West,14,1
5184,2024-07-08,3372.72,completed,Food,West,26,1
5185,2024-07-08,280.91,refunded,Electronics,West,45,3
5186,2024-07-08,4332.19,completed,Electronics,South,33,3
5187,2024-07-08,123.04,completed,Clothing,North,4,5
5188,2024-07-08,2657.07,pending,Books,Central,38,5
5189,2024-07-08,4475.64,completed,Books,South,38,5
5190,2024-07-08,2866.72,completed,Food,Central,48,1
5191,2024-07-08,3046.0,completed,Books,South,10,5
5192,2024-07-08,3411.24,completed,Clothing,South,42,5
5193,2024-07-08,620.82,completed,Sports,North,19,4
5194,2024-07-08,3377.89,completed,Electronics,East,18,5
5195,2024-07-08,4402.97,completed,Electronics,Central,32,5
5196,2024-07-08,4871.36,pending,Home,Central,27,4
5197,2024-07-08,2220.83,failed,Food,South,12,3
5198,2024-07-08,1729.08,completed,Books,East,11,2
5199,2024-07-08,3769.01,completed,Food,West,32,2
5200,2024-07-08,2718.94,completed,Books,Central,48,2
5201,2024-07-08,1293.95,completed,Sports,West,12,3
5202,2024-07-08,869.07,completed,Sports,South,27,3
5203,2024-07-08,859.45,completed,Clothing,South,16,2
5204,2024-07-08,2301.29,pending,Books,West,13,1
5205,2024-07-08,858.92,completed,Sports,North,39,3
5206,2024-07-09,108.4,completed,Food,East,36,1
5207,2024-07-09,269.92,completed,Food,West,24,2
5208,2024-07-09,4650.12,failed,Books,South,24,1
5209,2024-07-09,374.08,completed,Books,East,21,2
5210,2024-07-09,375.17,pending,Clothing,West,49,4
5211,2024-07-09,2261.43,pending,Home,East,47,4
5212,2024-07-09,1233.05,completed,Books,North,4,1
5213,2024-07-09,4813.84,completed,Books,East,40,4
5214,2024-07-09,4555.82,completed,Clothing,South,17,2
5215,2024-07-09,2029.67,completed,Sports,West,32,3
5216,2024-07-09,2249.17,completed,Home,South,47,4
5217,2024-07-09,1881.82,completed,Sports,Central,21,1
5218,2024-07-09,198.95,pending,Books,North,23,1
5219,2024-07-09,1471.31,completed,Books,Central,31,1
5220,2024-07-09,622.14,completed,Clothing,North,16,2
5221,2024-07-09,520.83,completed,Electronics,West,13,1
5222,2024-07-09,2808.7,completed,Books,South,30,1
5223,2024-07-09,502.84,completed,Clothing,North,11,3
5224,2024-07-09,523.63,completed,Electronics,South,33,1
5225,2024-07-09,2407.76,completed,Sports,North,13,3
5226,2024-07-09,2216.99,completed,Food,North,5,2
5227,2024-07-09,696.8,completed,Home,South,5,5
5228,2024-07-09,32.2,pending,Home,North,13,1
5229,2024-07-09,972.94,completed,Electronics,Central,6,3
5230,2024-07-09,1187.1,pending,Sports,Central,16,3
5231,2024-07-09,4003.24,completed,Food,East,21,4
5232,2024-07-09,4578.04,failed,Sports,North,13,1
5233,2024-07-09,2035.66,completed,Electronics,Central,27,5
5234,2024-07-10,2031.08,completed,Food,West,19,2
5235,2024-07-10,3565.28,completed,Books,North,4,1
5236,2024-07-10,3138.34,failed,Food,North,17,4
5237,2024-07-10,928.86,completed,Books,West,1,3
5238,2024-07-10,547.37,completed,Electronics,North,36,4
5239,2024-07-10,2193.68,pending,Electronics,West,22,5
5240,2024-07-10,2828.49,completed,Books,East,30,2
5241,2024-07-10,702.15,completed,Food,Central,7,5
5242,2024-07-10,1473.43,pending,Books,South,22,5
5243,2024-07-10,1536.66,completed,Food,East,40,3
5244,2024-07-10,1313.88,refunded,Electronics,East,10,4
5245,2024-07-10,2309.2,failed,Sports,Central,49,1
5246,2024-07-10,3268.79,refunded,Electronics,West,21,4
5247,2024-07-10,2551.86,pending,Sports,West,7,1
5248,2024-07-10,1015.27,completed,Electronics,South,9,3
5249,2024-07-10,523.67,completed,Home,East,23,4
5250,2024-07-10,4111.13,completed,Clothing,North,47,1
5251,2024-07-10,2401.73,pending,Home,South,24,3
5252,2024-07-10,320.07,completed,Electronics,Central,9,3
5253,2024-07-10,1298.03,failed,Food,North,20,2
5254,2024-07-10,4022.13,completed,Food,North,43,3
5255,2024-07-10,3761.11,completed,Electronics,East,49,5
5256,2024-07-10,4380.32,completed,Food,West,31,5
5257,2024-07-10,3014.42,pending,Clothing,Central,43,5
5258,2024-07-10,2120.3,completed,Food,East,40,5
5259,2024-07-10,2138.91,completed,Food,West,21,2
5260,2024-07-10,978.06,completed,Clothing,South,44,1
5261,2024-07-11,3257.49,completed,Sports,East,4,1
5262,2024-07-11,2929.49,failed,Books,South,40,5
5263,2024-07-11,782.77,completed,Home,North,29,2
5264,2024-07-11,4429.46,completed,Sports,South,29,4
5265,2024-07-11,1848.66,completed,Clothing,South,46,3
5266,2024-07-11,258.2,completed,Clothing,East,14,4
5267,2024-07-11,1646.13,completed,Home,West,10,4
5268,2024-07-11,4350.59,completed,Clothing,Central,33,5
5269,2024-07-11,4585.61,completed,Electronics,Central,37,1
5270,2024-07-11,2457.09,completed,Books,South,1,2
5271,2024-07-11,4782.14,completed,Home,Central,25,1
5272,2024-07-11,4377.46,pending,Clothing,Central,19,2
5273,2024-07-11,4127.9,completed,Books,East,41,2
5274,2024-07-11,4299.95,completed,Food,South,43,5
5275,2024-07-11,1915.56,completed,Food,West,7,4
5276,2024-07-11,3784.78,failed,Food,North,29,1
5277,2024-07-11,2890.92,completed,Electronics,South,36,3
5278,2024-07-11,3601.22,pending,Food,East,13,4
5279,2024-07-11,897.15,failed,Clothing,Central,46,4
5280,2024-07-11,3659.66,refunded,Sports,Central,44,5
5281,2024-07-11,4788.39,pending,Clothing,Central,9,2
5282,2024-07-11,1520.29,completed,Home,East,1,5
5283,2024-07-11,4930.95,failed,Electronics,North,29,5
5284,2024-07-11,1898.1,pending,Food,West,44,2
5285,2024-07-11,1006.62,completed,Clothing,Central,34,4
5286,2024-07-11,570.31,completed,Food,East,38,4
5287,2024-07-11,3926.96,failed,Sports,East,36,5
5288,2024-07-11,2778.58,completed,Home,Central,8,1
5289,2024-07-12,1542.59,pending,Sports,North,4,2
5290,2024-07-12,3046.17,completed,Books,Central,4,5
5291,2024-07-12,1667.18,pending,Books,East,49,1
5292,2024-07-12,2247.31,completed,Home,West,47,3
5293,2024-07-12,4314.69,pending,Home,North,41,2
5294,2024-07-12,3344.15,completed,Sports,West,4,4
5295,2024-07-12,3814.39,failed,Electronics,South,44,3
5296,2024-07-12,2921.63,completed,Clothing,East,48,5
5297,2024-07-12,4957.08,completed,Clothing,East,39,1
5298,2024-07-12,1214.64,completed,Clothing,Central,21,3
5299,2024-07-12,1318.83,completed,Home,West,5,3
5300,2024-07-12,471.87,refunded,Electronics,East,18,3
5301,2024-07-12,2774.56,completed,Home,East,10,1
5302,2024-07-12,3070.66,completed,Sports,South,32,3
5303,2024-07-12,3632.55,pending,Books,West,44,5
5304,2024-07-12,1683.88,completed,Clothing,Central,25,4
5305,2024-07-12,71.16,completed,Clothing,East,3,1
5306,2024-07-12,3164.83,completed,Sports,West,20,4
5307,2024-07-12,4993.49,completed,Sports,South,40,5
5308,2024-07-12,1479.8,pending,Books,East,32,5
5309,2024-07-12,927.83,completed,Books,East,2,1
5310,2024-07-12,1416.02,completed,Sports,West,18,1
5311,2024-07-12,2132.82,completed,Sports,South,18,1
5312,2024-07-12,1262.06,failed,Sports,South,2,2
5313,2024-07-12,1741.33,completed,Clothing,South,18,5
5314,2024-07-12,3194.65,pending,Electronics,East,41,3
5315,2024-07-12,1731.69,completed,Food,South,7,5
5316,2024-07-13,1986.33,completed,Food,North,26,1
5317,2024-07-13,209.76,pending,Food,East,33,4
5318,2024-07-13,4590.53,completed,Books,Central,34,4
5319,2024-07-13,2040.36,completed,Home,North,17,5
5320,2024-07-13,1647.44,completed,Sports,West,29,3
5321,2024-07-13,441.56,pending,Sports,Central,36,4
5322,2024-07-13,3174.57,completed,Sports,Central,31,1
5323,2024-07-13,4320.49,completed,Food,Central,42,5
5324,2024-07-13,215.35,completed,Books,South,11,4
5325,2024-07-13,734.91,failed,Food,North,6,4
5326,2024-07-13,740.49,completed,Sports,Central,46,2
5327,2024-07-13,3015.35,completed,Home,West,36,1
5328,2024-07-13,4606.94,completed,Food,South,22,4
5329,2024-07-13,2194.46,completed,Sports,Central,28,4
5330,2024-07-13,1725.59,completed,Electronics,South,46,1
5331,2024-07-13,3831.55,pending,Food,West,43,5
5332,2024-07-13,3715.42,completed,Home,Central,40,1
5333,2024-07-13,1241.31,completed,Sports,West,29,4
5334,2024-07-13,812.52,completed,Books,West,36,1
5335,2024-07-13,1795.47,completed,Clothing,North,29,4
5336,2024-07-13,3880.26,completed,Sports,Central,23,3
5337,2024-07-13,3478.37,completed,Home,East,34,2
5338,2024-07-13,3332.61,completed,Food,West,2,4
5339,2024-07-13,4148.85,failed,Sports,West,41,5
5340,2024-07-13,1392.88,completed,Books,South,16,4
5341,2024-07-13,1705.02,completed,Food,West,27,4
5342,2024-07-13,221.27,refunded,Clothing,South,33,1
5343,2024-07-14,4345.04,completed,Books,South,17,5
5344,2024-07-14,2916.32,completed,Food,Central,17,3
5345,2024-07-14,1497.63,completed,Books,West,9,1
5346,2024-07-14,356.39,refunded,Electronics,East,5,3
5347,2024-07-14,3619.81,completed,Food,North,44,4
5348,2024-07-14,3746.2,completed,Sports,West,26,4
5349,2024-07-14,3334.23,completed,Home,West,34,3
5350,2024-07-14,1026.87,completed,Clothing,North,8,2
5351,2024-07-14,4566.95,completed,Books,West,42,2
5352,2024-07-14,3768.26,completed,Clothing,South,16,4
5353,2024-07-14,3292.2,failed,Sports,West,23,5
5354,2024-07-14,3258.21,pending,Food,Central,25,4
5355,2024-07-14,4522.74,completed,Sports,West,37,4
5356,2024-07-14,4642.25,completed,Food,Central,6,4
5357,2024-07-14,2982.23,completed,Clothing,North,45,3
5358,2024-07-14,2089.18,completed,Books,South,6,3
5359,2024-07-14,1825.03,completed,Books,North,32,3
5360,2024-07-14,4097.2,completed,Sports,North,11,1
5361,2024-07-14,3226.58,pending,Sports,South,46,3
5362,2024-07-14,395.56,completed,Sports,North,29,1
5363,2024-07-14,719.51,completed,Home,South,47,5
5364,2024-07-14,4501.93,failed,Food,North,46,5
5365,2024-07-14,4423.65,completed,Books,North,14,3
5366,2024-07-14,4759.64,failed,Food,Central,12,4
5367,2024-07-14,2144.98,pending,Books,West,6,1
5368,2024-07-14,3922.46,completed,Electronics,East,36,3
5369,2024-07-14,4142.84,completed,Home,East,2,5
5370,2024-07-14,1585.33,completed,Books,South,10,3
5371,2024-07-15,735.24,failed,Books,East,45,5
5372,2024-07-15,4985.16,completed,Home,West,32,1
5373,2024-07-15,160.79,failed,Food,East,23,5
5374,2024-07-15,2990.71,completed,Food,West,7,2
5375,2024-07-15,3254.56,pending,Books,East,42,1
5376,2024-07-15,3412.13,completed,Home,South,42,4
5377,2024-07-15,1285.58,refunded,Clothing,Central,3,4
5378,2024-07-15,3610.68,completed,Electronics,Central,37,1
5379,2024-07-15,1089.83,completed,Electronics,South,17,2
5380,2024-07-15,4146.9,failed,Sports,East,34,5
5381,2024-07-15,1103.39,completed,Electronics,West,15,1
5382,2024-07-15,3486.56,completed,Sports,South,1,1
5383,2024-07-15,3919.23,failed,Home,West,37,5
5384,2024-07-15,952.84,pending,Sports,Central,41,4
5385,2024-07-15,1197.55,completed,Clothing,South,34,3
5386,2024-07-15,3897.73,completed,Books,North,8,2
5387,2024-07-15,439.13,completed,Food,Central,23,5
5388,2024-07-15,961.9,completed,Electronics,Central,27,5
5389,2024-07-15,2283.1,completed,Clothing,Central,39,1
5390,2024-07-15,4651.61,completed,Sports,West,39,5
5391,2024-07-15,2813.77,completed,Books,North,44,3
5392,2024-07-15,1944.51,completed,Food,Central,31,2
5393,2024-07-15,4892.07,failed,Sports,North,47,2
5394,2024-07-15,2323.92,completed,Books,North,41,3
5395,2024-07-15,2174.34,completed,Home,West,10,3
5396,2024-07-15,2064.11,failed,Electronics,South,35,5
5397,2024-07-15,1567.78,pending,Clothing,Central,5,1
5398,2024-07-16,1635.22,completed,Clothing,Central,38,4
5399,2024-07-16,3442.31,refunded,Food,Central,11,1
5400,2024-07-16,213.77,completed,Home,Central,15,1
5401,2024-07-16,3412.27,completed,Food,East,29,2
5402,2024-07-16,1014.01,completed,Clothing,Central,19,4
5403,2024-07-16,1927.2,completed,Electronics,Central,32,2
5404,2024-07-16,741.23,completed,Food,South,25,2
5405,2024-07-16,2768.23,completed,Clothing,East,32,5
5406,2024-07-16,3649.46,failed,Clothing,West,29,2
5407,2024-07-16,1779.73,completed,Electronics,Central,11,4
5408,2024-07-16,825.45,completed,Books,South,34,5
5409,2024-07-16,1140.26,completed,Sports,South,47,4
5410,2024-07-16,4092.38,completed,Sports,South,28,5
5411,2024-07-16,1345.57,failed,Electronics,West,30,5
5412,2024-07-16,3875.77,pending,Home,East,35,1
5413,2024-07-16,1662.69,pending,Books,South,5,1
5414,2024-07-16,951.78,pending,Books,West,8,2
5415,2024-07-16,3639.27,completed,Home,West,28,4
5416,2024-07-16,2348.04,completed,Clothing,East,20,2
5417,2024-07-16,166.07,completed,Books,West,34,4
5418,2024-07-16,4800.11,pending,Electronics,South,45,5
5419,2024-07-16,747.29,completed,Food,North,39,1
5420,2024-07-16,1773.5,completed,Clothing,Central,11,5
5421,2024-07-16,1930.13,completed,Clothing,West,16,3
5422,2024-07-16,2452.26,completed,Books,Central,8,5
5423,2024-07-16,3929.37,completed,Electronics,Central,5,4
5424,2024-07-16,40.39,completed,Home,South,37,1
5425,2024-07-16,4663.04,completed,Clothing,East,34,5
5426,2024-07-17,3233.49,completed,Electronics,Central,10,1
5427,2024-07-17,4753.74,failed,Food,North,35,2
5428,2024-07-17,4088.77,pending,Food,Central,23,3
5429,2024-07-17,4639.91,completed,Books,North,43,5
5430,2024-07-17,3008.99,pending,Sports,South,35,1
5431,2024-07-17,1792.97,pending,Books,East,14,3
5432,2024-07-17,2220.14,completed,Books,West,24,1
5433,2024-07-17,3293.58,failed,Sports,South,12,2
5434,2024-07-17,2140.39,pending,Books,Central,45,2
5435,2024-07-17,3661.05,completed,Electronics,West,26,3
5436,2024-07-17,468.32,completed,Food,West,44,4
5437,2024-07-17,4151.63,completed,Sports,West,26,4
5438,2024-07-17,1028.9,completed,Clothing,North,25,4
5439,2024-07-17,4720.3,refunded,Home,Central,10,1
5440,2024-07-17,786.17,completed,Food,West,48,4
5441,2024-07-17,654.53,completed,Clothing,North,33,4
5442,2024-07-17,4061.26,failed,Food,West,15,1
5443,2024-07-17,4095.32,pending,Books,North,42,5
5444,2024-07-17,3696.41,completed,Sports,West,12,4
5445,2024-07-17,4803.05,failed,Clothing,East,5,4
5446,2024-07-17,1359.99,completed,Clothing,North,33,3
5447,2024-07-17,4134.98,completed,Electronics,South,37,4
5448,2024-07-17,1766.68,completed,Food,North,29,2
5449,2024-07-17,2691.62,failed,Home,Central,35,4
5450,2024-07-17,2233.54,completed,Home,Central,13,4
5451,2024-07-17,39.19,completed,Books,Central,14,4
5452,2024-07-17,2876.57,completed,Books,East,19,4
5453,2024-07-18,3740.05,failed,Books,South,11,1
5454,2024-07-18,881.02,completed,Clothing,Central,12,1
5455,2024-07-18,4658.96,completed,Food,South,3,3
5456,2024-07-18,2656.69,failed,Home,East,12,5
5457,2024-07-18,899.45,pending,Books,North,27,2
5458,2024-07-18,3233.28,completed,Clothing,Central,19,3
5459,2024-07-18,967.69,completed,Electronics,North,22,5
5460,2024-07-18,327.03,completed,Sports,North,46,4
5461,2024-07-18,3429.72,completed,Home,Central,1,1
5462,2024-07-18,562.37,completed,Electronics,Central,41,5
5463,2024-07-18,540.03,pending,Food,Central,2,5
5464,2024-07-18,3702.32,completed,Home,Central,26,4
5465,2024-07-18,285.46,pending,Clothing,North,7,4
5466,2024-07-18,4050.75,completed,Clothing,South,24,3
5467,2024-07-18,3982.78,failed,Food,West,44,4
5468,2024-07-18,715.55,completed,Food,South,2,2
5469,2024-07-18,2596.72,completed,Food,West,25,4
5470,2024-07-18,492.16,completed,Home,Central,23,3
5471,2024-07-18,3166.53,completed,Home,Central,23,4
5472,2024-07-18,324.02,completed,Books,West,31,5
5473,2024-07-18,4722.96,completed,Electronics,West,16,4
5474,2024-07-18,1046.58,failed,Clothing,East,39,5
5475,2024-07-18,3417.64,completed,Clothing,North,12,3
5476,2024-07-18,650.17,completed,Electronics,East,18,4
5477,2024-07-18,1055.89,completed,Food,Central,23,2
5478,2024-07-18,2260.24,pending,Electronics,Central,46,4
5479,2024-07-18,2869.75,completed,Books,South,27,2
5480,2024-07-19,4994.33,completed,Clothing,West,42,4
5481,2024-07-19,139.37,completed,Sports,South,7,1
5482,2024-07-19,11.57,completed,Books,East,5,4
5483,2024-07-19,1758.33,completed,Home,West,25,2
5484,2024-07-19,1837.12,completed,Food,East,45,2
5485,2024-07-19,4420.35,completed,Electronics,West,12,2
5486,2024-07-19,4563.79,pending,Home,North,11,3
5487,2024-07-19,4403.82,completed,Clothing,South,8,1
5488,2024-07-19,724.46,completed,Sports,Central,46,3
5489,2024-07-19,2066.4,completed,Sports,West,5,1
5490,2024-07-19,3731.97,failed,Home,Central,31,3
5491,2024-07-19,1569.93,pending,Books,Central,19,2
5492,2024-07-19,3319.56,completed,Books,South,21,3
5493,2024-07-19,1193.34,failed,Food,South,35,1
5494,2024-07-19,1623.86,completed,Food,South,22,5
5495,2024-07-19,4303.54,completed,Sports,East,2,1
5496,2024-07-19,1260.04,completed,Books,South,28,5
5497,2024-07-19,4821.98,pending,Electronics,South,2,2
5498,2024-07-19,1538.24,completed,Food,North,42,5
5499,2024-07-19,127.41,completed,Home,South,47,3
5500,2024-07-19,1281.96,completed,Clothing,Central,42,5
5501,2024-07-19,864.31,completed,Food,East,21,3
5502,2024-07-19,2539.07,refunded,Home,West,21,4
5503,2024-07-19,572.45,completed,Clothing,East,29,4
5504,2024-07-19,3133.98,refunded,Sports,East,42,4
5505,2024-07-19,4375.75,completed,Sports,West,37,3
5506,2024-07-19,1818.97,pending,Clothing,North,24,2
5507,2024-07-19,850.78,failed,Home,South,40,5
5508,2024-07-20,2006.12,completed,Food,North,21,5
5509,2024-07-20,3931.97,completed,Clothing,North,38,4
5510,2024-07-20,2961.52,completed,Clothing,West,12,2
5511,2024-07-20,514.7,completed,Clothing,North,23,3
5512,2024-07-20,2690.56,completed,Books,South,41,4
5513,2024-07-20,2345.75,refunded,Clothing,East,13,1
5514,2024-07-20,1642.29,completed,Food,South,31,1
5515,2024-07-20,559.7,completed,Sports,North,14,3
5516,2024-07-20,4905.75,completed,Home,Central,22,3
5517,2024-07-20,888.46,completed,Sports,Central,16,5
5518,2024-07-20,971.79,completed,Books,East,33,2
5519,2024-07-20,736.46,completed,Sports,East,38,2
5520,2024-07-20,2855.26,pending,Food,Central,43,4
5521,2024-07-20,2223.91,completed,Clothing,Central,18,5
5522,2024-07-20,1255.29,completed,Sports,North,10,5
5523,2024-07-20,2152.82,completed,Electronics,North,46,4
5524,2024-07-20,3370.87,completed,Home,South,20,1
5525,2024-07-20,1415.69,completed,Food,South,32,4
5526,2024-07-20,4577.08,completed,Sports,Central,19,1
5527,2024-07-20,1538.67,completed,Electronics,East,41,4
5528,2024-07-20,998.91,pending,Food,Central,4,5
5529,2024-07-20,4773.29,completed,Food,West,2,4
5530,2024-07-20,4054.7,completed,Food,West,17,2
5531,2024-07-20,1722.26,refunded,Books,Central,21,2
5532,2024-07-20,4208.74,failed,Books,East,38,4
5533,2024-07-20,2598.88,completed,Home,West,24,4
5534,2024-07-20,1740.29,failed,Sports,South,13,5
5535,2024-07-21,4199.66,pending,Clothing,South,4,1
5536,2024-07-21,3763.3,completed,Home,East,40,4
5537,2024-07-21,1496.4,completed,Food,Central,25,5
5538,2024-07-21,3037.33,completed,Food,North,47,1
5539,2024-07-21,1853.26,completed,Electronics,East,17,3
5540,2024-07-21,15.25,failed,Sports,South,11,4
5541,2024-07-21,4809.46,completed,Home,Central,14,3
5542,2024-07-21,2752.65,completed,Clothing,East,21,5
5543,2024-07-21,2996.18,completed,Home,North,7,4
5544,2024-07-21,3003.46,completed,Electronics,North,7,2
5545,2024-07-21,2757.7,pending,Home,West,39,4
5546,2024-07-21,1457.34,completed,Clothing,South,34,4
5547,2024-07-21,4858.16,completed,Food,North,25,4
5548,2024-07-21,3112.13,completed,Electronics,North,24,2
5549,2024-07-21,3357.9,pending,Home,North,25,5
5550,2024-07-21,2279.42,pending,Books,South,29,5
5551,2024-07-21,1446.43,completed,Home,West,15,2
5552,2024-07-21,331.1,completed,Food,Central,39,2
5553,2024-07-21,1757.65,completed,Electronics,East,1,2
5554,2024-07-21,888.73,completed,Sports,Central,39,2
5555,2024-07-21,3313.82,completed,Electronics,West,39,1
5556,2024-07-21,4396.23,completed,Books,North,26,1
5557,2024-07-21,1520.75,failed,Electronics,West,15,4
5558,2024-07-21,1671.08,completed,Clothing,South,44,5
5559,2024-07-21,3355.12,completed,Books,Central,41,1
5560,2024-07-21,754.86,refunded,Sports,Central,46,3
5561,2024-07-21,4647.89,completed,Electronics,North,1,2
5562,2024-07-21,1825.6,failed,Clothing,North,31,2
5563,2024-07-22,514.99,completed,Home,East,1,3
5564,2024-07-22,881.67,failed,Electronics,West,2,1
5565,2024-07-22,4664.4,completed,Clothing,East,4,1
5566,2024-07-22,1243.13,pending,Home,North,39,5
5567,2024-07-22,3314.72,pending,Books,West,36,3
5568,2024-07-22,789.26,completed,Electronics,West,44,1
5569,2024-07-22,978.57,completed,Home,Central,32,5
5570,2024-07-22,4397.4,completed,Food,South,28,4
5571,2024-07-22,748.69,completed,Sports,North,9,4
5572,2024-07-22,103.57,refunded,Books,West,35,4
5573,2024-07-22,2511.15,completed,Food,West,45,3
5574,2024-07-22,4315.01,pending,Food,East,18,4
5575,2024-07-22,1636.7,completed,Books,West,35,2
5576,2024-07-22,649.53,completed,Food,North,25,4
5577,2024-07-22,4911.33,refunded,Clothing,North,26,5
5578,2024-07-22,3386.93,completed,Sports,East,40,5
5579,2024-07-22,4254.95,completed,Sports,Central,15,3
5580,2024-07-22,3763.17,completed,Books,East,43,1
5581,2024-07-22,3494.23,completed,Sports,West,49,1
5582,2024-07-22,1928.97,completed,Books,Central,6,3
5583,2024-07-22,1628.46,completed,Home,South,26,4
5584,2024-07-22,3587.62,completed,Home,East,1,1
5585,2024-07-22,3586.4,pending,Home,West,17,3
5586,2024-07-22,4753.44,completed,Electronics,North,19,3
5587,2024-07-22,2847.61,completed,Electronics,East,33,3
5588,2024-07-22,1480.16,completed,Food,East,20,3
5589,2024-07-22,2452.75,completed,Sports,South,18,2
5590,2024-07-23,3072.43,pending,Clothing,South,38,3
5591,2024-07-23,2139.38,completed,Electronics,East,38,3
5592,2024-07-23,3957.75,completed,Electronics,Central,1,5
5593,2024-07-23,2927.22,completed,Books,East,17,2
5594,2024-07-23,57.08,completed,Home,Central,38,5
5595,2024-07-23,2853.5,completed,Food,West,6,5
5596,2024-07-23,3171.68,completed,Sports,North,27,2
5597,2024-07-23,4577.15,completed,Electronics,Central,25,3
5598,2024-07-23,2074.47,completed,Clothing,East,35,4
5599,2024-07-23,2876.59,completed,Sports,East,34,3
5600,2024-07-23,2380.24,completed,Food,West,25,4
5601,2024-07-23,2662.97,completed,Electronics,North,21,2
5602,2024-07-23,345.85,completed,Clothing,South,39,5
5603,2024-07-23,4487.45,completed,Sports,West,19,4
5604,2024-07-23,4552.96,completed,Sports,West,22,1
5605,2024-07-23,2744.82,completed,Sports,South,21,2
5606,2024-07-23,2787.21,completed,Food,East,17,4
5607,2024-07-23,297.2,completed,Home,West,31,2
5608,2024-07-23,2993.77,completed,Home,East,32,3
5609,2024-07-23,2151.47,completed,Food,East,45,4
5610,2024-07-23,3548.13,completed,Clothing,East,22,2
5611,2024-07-23,245.15,completed,Home,South,38,5
5612,2024-07-23,3557.33,completed,Food,East,15,4
5613,2024-07-23,1441.6,completed,Food,West,48,3
5614,2024-07-23,3262.01,completed,Home,West,45,2
5615,2024-07-23,3139.36,completed,Clothing,West,29,2
5616,2024-07-23,1141.94,pending,Home,East,36,1
5617,2024-07-24,2207.86,refunded,Electronics,West,29,1
5618,2024-07-24,4179.81,completed,Clothing,West,10,4
5619,2024-07-24,3031.9,completed,Food,South,47,4
5620,2024-07-24,353.0,completed,Food,East,37,1
5621,2024-07-24,2220.12,failed,Clothing,West,21,3
5622,2024-07-24,1565.74,completed,Home,West,13,2
5623,2024-07-24,3211.81,completed,Books,East,33,4
5624,2024-07-24,3076.67,pending,Sports,South,22,3
5625,2024-07-24,61.89,completed,Sports,Central,41,4
5626,2024-07-24,3042.4,completed,Books,East,11,4
5627,2024-07-24,3676.9,completed,Books,East,26,1
5628,2024-07-24,3845.96,completed,Books,East,6,4
5629,2024-07-24,304.29,pending,Sports,West,35,5
5630,2024-07-24,1525.26,completed,Home,South,20,5
5631,2024-07-24,2112.16,completed,Clothing,Central,10,4
5632,2024-07-24,907.06,completed,Books,North,28,3
5633,2024-07-24,2109.46,completed,Clothing,North,28,3
5634,2024-07-24,364.94,failed,Clothing,East,15,1
5635,2024-07-24,574.95,pending,Home,Central,47,4
5636,2024-07-24,3346.79,failed,Food,North,4,1
5637,2024-07-24,1320.24,pending,Sports,West,17,2
5638,2024-07-24,3559.92,completed,Sports,South,13,3
5639,2024-07-24,250.06,completed,Electronics,North,46,3
5640,2024-07-24,2817.89,completed,Food,South,13,2
5641,2024-07-24,1963.33,completed,Clothing,West,11,4
5642,2024-07-24,3986.89,completed,Clothing,West,29,5
5643,2024-07-24,3921.92,completed,Clothing,Central,13,5
5644,2024-07-24,1884.04,completed,Books,Central,14,3
5645,2024-07-25,3117.34,pending,Electronics,North,13,3
5646,2024-07-25,1145.47,completed,Food,Central,27,3
5647,2024-07-25,2906.23,completed,Clothing,North,37,5
5648,2024-07-25,415.51,pending,Home,Central,24,5
5649,2024-07-25,2178.68,completed,Sports,West,44,1
5650,2024-07-25,921.81,completed,Food,Central,14,4
5651,2024-07-25,4418.07,completed,Clothing,North,42,1
5652,2024-07-25,2230.06,pending,Sports,North,37,4
5653,2024-07-25,2957.96,failed,Books,Central,4,2
5654,2024-07-25,1808.31,completed,Books,South,33,3
5655,2024-07-25,1450.82,completed,Electronics,South,49,4
5656,2024-07-25,1022.57,completed,Electronics,South,34,2
5657,2024-07-25,4560.24,completed,Books,North,13,1
5658,2024-07-25,3999.33,pending,Food,North,22,3
5659,2024-07-25,674.97,completed,Sports,North,43,5
5660,2024-07-25,3736.16,pending,Electronics,Central,16,1
5661,2024-07-25,2098.47,refunded,Clothing,North,24,2
5662,2024-07-25,86.83,completed,Sports,Central,29,3
5663,2024-07-25,2646.55,failed,Home,South,41,2
5664,2024-07-25,658.93,completed,Sports,West,47,5
5665,2024-07-25,1057.57,completed,Electronics,South,35,3
5666,2024-07-25,3483.24,pending,Electronics,Central,22,3
5667,2024-07-25,1293.14,completed,Home,North,21,1
5668,2024-07-25,4460.52,refunded,Food,West,33,1
5669,2024-07-25,3289.28,completed,Food,Central,4,1
5670,2024-07-25,4163.09,completed,Home,East,22,1
5671,2024-07-25,3079.8,pending,Clothing,East,18,3
5672,2024-07-26,4345.56,completed,Clothing,North,46,5
5673,2024-07-26,1814.81,completed,Sports,Central,42,4
5674,2024-07-26,2750.21,completed,Home,Central,13,2
5675,2024-07-26,2584.29,completed,Food,East,33,1
5676,2024-07-26,4519.92,completed,Electronics,West,23,3
5677,2024-07-26,832.93,pending,Electronics,West,41,4
5678,2024-07-26,2894.52,completed,Electronics,South,25,4
5679,2024-07-26,3774.61,pending,Food,North,32,3
5680,2024-07-26,1856.55,pending,Books,North,36,2
5681,2024-07-26,4339.23,completed,Food,Central,41,3
5682,2024-07-26,1871.34,completed,Clothing,West,36,4
5683,2024-07-26,874.81,completed,Sports,North,15,5
5684,2024-07-26,2924.4,pending,Home,Central,37,1
5685,2024-07-26,2108.63,completed,Clothing,Central,16,4
5686,2024-07-26,85.8,completed,Sports,East,36,4
5687,2024-07-26,358.49,failed,Books,East,47,2
5688,2024-07-26,984.43,completed,Sports,Central,24,1
5689,2024-07-26,3848.96,completed,Electronics,Central,44,2
5690,2024-07-26,4461.28,refunded,Sports,South,8,2
5691,2024-07-26,2732.75,completed,Sports,East,21,1
5692,2024-07-26,536.77,completed,Sports,Central,43,2
5693,2024-07-26,2676.75,completed,Home,Central,36,1
5694,2024-07-26,4279.47,pending,Sports,West,16,5
5695,2024-07-26,3749.89,failed,Home,West,25,1
5696,2024-07-26,1462.58,pending,Sports,West,6,3
5697,2024-07-26,628.21,refunded,Food,South,40,2
5698,2024-07-26,4504.4,completed,Home,Central,7,5
5699,2024-07-26,4271.9,completed,Sports,South,28,3
5700,2024-07-27,278.04,completed,Books,Central,25,3
5701,2024-07-27,4120.14,failed,Books,Central,31,2
5702,2024-07-27,495.09,failed,Food,South,21,5
5703,2024-07-27,325.79,completed,Books,Central,5,4
5704,2024-07-27,3795.42,pending,Food,Central,33,3
5705,2024-07-27,2686.19,completed,Electronics,East,44,2
5706,2024-07-27,2078.59,completed,Food,East,30,3
5707,2024-07-27,4520.27,completed,Home,East,3,2
5708,2024-07-27,4198.12,refunded,Clothing,North,6,4
5709,2024-07-27,297.54,completed,Sports,East,14,2
5710,2024-07-27,3084.28,completed,Food,West,15,2
5711,2024-07-27,3863.61,refunded,Clothing,East,7,3
5712,2024-07-27,2756.95,completed,Food,East,44,5
5713,2024-07-27,4915.2,completed,Home,East,37,3
5714,2024-07-27,3433.38,pending,Electronics,East,38,5
5715,2024-07-27,529.67,completed,Sports,Central,48,3
5716,2024-07-27,999.51,completed,Sports,East,43,1
5717,2024-07-27,4132.97,completed,Clothing,South,9,3
5718,2024-07-27,4983.82,pending,Sports,North,2,5
5719,2024-07-27,500.71,completed,Books,Central,36,5
5720,2024-07-27,510.64,completed,Food,North,45,1
5721,2024-07-27,3819.3,failed,Clothing,East,35,2
5722,2024-07-27,331.13,completed,Home,West,43,4
5723,2024-07-27,352.11,failed,Clothing,North,30,3
5724,2024-07-27,4445.19,pending,Home,South,23,5
5725,2024-07-27,4004.24,failed,Books,West,7,3
5726,2024-07-27,4409.0,completed,Home,West,34,2
5727,2024-07-28,3256.06,completed,Clothing,South,15,2
5728,2024-07-28,1619.46,completed,Electronics,East,14,1
5729,2024-07-28,4532.5,failed,Books,West,43,2
5730,2024-07-28,1500.63,refunded,Food,South,33,4
5731,2024-07-28,1384.8,completed,Books,East,22,2
5732,2024-07-28,4433.14,completed,Food,South,40,3
5733,2024-07-28,3407.3,completed,Clothing,Central,36,1
5734,2024-07-28,4479.4,completed,Sports,South,24,3
5735,2024-07-28,787.95,pending,Books,Central,48,5
5736,2024-07-28,4761.96,pending,Books,Central,2,4
5737,2024-07-28,3067.58,completed,Sports,North,25,4
5738,2024-07-28,3343.49,refunded,Sports,Central,21,2
5739,2024-07-28,4571.16,completed,Clothing,North,6,2
5740,2024-07-28,1909.96,completed,Sports,South,36,1
5741,2024-07-28,3600.68,completed,Clothing,North,5,5
5742,2024-07-28,3205.3,completed,Home,North,35,5
5743,2024-07-28,3940.89,pending,Sports,East,37,2
5744,2024-07-28,4485.74,completed,Books,West,24,4
5745,2024-07-28,3403.5,completed,Clothing,East,12,2
5746,2024-07-28,347.52,completed,Home,East,49,4
5747,2024-07-28,923.87,completed,Books,West,35,1
5748,2024-07-28,4770.35,completed,Sports,East,6,2
5749,2024-07-28,4843.57,completed,Electronics,East,37,2
5750,2024-07-28,4837.39,completed,Food,East,8,5
5751,2024-07-28,193.63,completed,Clothing,South,31,3
5752,2024-07-28,1918.42,pending,Sports,West,13,2
5753,2024-07-28,3800.77,completed,Food,Central,32,1
5754,2024-07-29,3766.9,completed,Electronics,South,40,1
5755,2024-07-29,438.69,completed,Books,East,39,2
5756,2024-07-29,3051.35,completed,Electronics,Central,38,2
5757,2024-07-29,722.92,completed,Food,South,35,1
5758,2024-07-29,2471.11,completed,Home,East,38,4
5759,2024-07-29,1206.03,pending,Food,South,45,2
5760,2024-07-29,275.27,completed,Food,South,44,2
5761,2024-07-29,409.3,completed,Electronics,East,38,3
5762,2024-07-29,4555.36,refunded,Food,Central,22,2
5763,2024-07-29,3725.78,completed,Home,North,15,4
5764,2024-07-29,4659.8,completed,Home,South,16,3
5765,2024-07-29,2355.25,completed,Home,Central,31,5
5766,2024-07-29,2072.33,completed,Food,North,30,4
5767,2024-07-29,1798.45,completed,Electronics,East,21,2
5768,2024-07-29,3085.37,failed,Clothing,North,21,1
5769,2024-07-29,1764.28,completed,Clothing,East,36,1
5770,2024-07-29,3733.9,pending,Electronics,West,26,4
5771,2024-07-29,4008.57,refunded,Sports,West,1,1
5772,2024-07-29,4380.46,completed,Books,East,7,2
5773,2024-07-29,1221.58,completed,Sports,West,17,1
5774,2024-07-29,2639.84,completed,Clothing,East,20,2
5775,2024-07-29,1124.99,completed,Sports,West,36,5
5776,2024-07-29,197.4,pending,Electronics,North,24,1
5777,2024-07-29,3542.05,completed,Sports,North,21,5
5778,2024-07-29,2749.42,refunded,Sports,North,5,5
5779,2024-07-29,3622.4,completed,Clothing,East,3,5
5780,2024-07-29,447.24,completed,Clothing,South,49,4
5781,2024-07-29,4977.68,completed,Food,South,43,1
5782,2024-07-30,4971.8,completed,Books,East,2,1
5783,2024-07-30,2330.35,completed,Books,Central,23,5
5784,2024-07-30,4331.63,completed,Electronics,South,46,2
5785,2024-07-30,1225.41,completed,Food,East,35,3
5786,2024-07-30,3690.46,completed,Books,East,4,1
5787,2024-07-30,4397.34,refunded,Books,West,22,1
5788,2024-07-30,4075.18,completed,Books,West,43,3
5789,2024-07-30,4060.75,completed,Books,Central,15,3
5790,2024-07-30,2320.5,pending,Food,West,27,4
5791,2024-07-30,4101.75,pending,Books,Central,16,5
5792,2024-07-30,3456.62,failed,Food,West,10,1
5793,2024-07-30,670.93,failed,Clothing,East,43,5
5794,2024-07-30,579.78,completed,Clothing,East,12,5
5795,2024-07-30,3861.89,completed,Food,East,29,3
5796,2024-07-30,3131.07,completed,Electronics,South,18,2
5797,2024-07-30,2601.69,completed,Clothing,South,31,1
5798,2024-07-30,4537.24,pending,Electronics,West,39,2
5799,2024-07-30,3301.36,completed,Food,West,28,4
5800,2024-07-30,1986.77,failed,Food,North,8,1
5801,2024-07-30,2075.52,pending,Electronics,Central,15,5
5802,2024-07-30,3030.17,completed,Electronics,West,12,1
5803,2024-07-30,3803.77,completed,Books,East,34,4
5804,2024-07-30,2826.12,refunded,Clothing,East,34,5
5805,2024-07-30,2548.72,pending,Home,East,8,2
5806,2024-07-30,3637.23,pending,Electronics,East,31,3
5807,2024-07-30,3529.27,pending,Food,East,23,3
5808,2024-07-30,4153.43,completed,Sports,Central,21,4
5809,2024-07-31,322.13,completed,Electronics,North,43,1
5810,2024-07-31,3777.21,completed,Food,South,3,2
5811,2024-07-31,2573.66,completed,Food,South,36,1
5812,2024-07-31,382.72,completed,Books,North,28,2
5813,2024-07-31,3398.26,completed,Home,North,13,4
5814,2024-07-31,3585.54,refunded,Books,Central,12,3
5815,2024-07-31,2622.9,completed,Food,West,9,3
5816,2024-07-31,3971.06,pending,Food,South,30,3
5817,2024-07-31,1508.24,completed,Books,South,33,1
5818,2024-07-31,1017.52,completed,Clothing,East,14,1
5819,2024-07-31,1760.16,completed,Sports,West,19,2
5820,2024-07-31,2056.15,pending,Food,South,49,1
5821,2024-07-31,3482.71,pending,Electronics,North,35,5
5822,2024-07-31,4229.14,completed,Books,East,29,5
5823,2024-07-31,3607.38,completed,Clothing,East,6,3
5824,2024-07-31,878.2,completed,Food,East,28,4
5825,2024-07-31,1837.42,completed,Clothing,North,20,1
5826,2024-07-31,800.48,completed,Electronics,Central,42,1
5827,2024-07-31,3436.75,completed,Clothing,West,10,4
5828,2024-07-31,1248.38,failed,Home,West,49,4
5829,2024-07-31,2631.68,pending,Clothing,Central,47,5
5830,2024-07-31,3961.23,completed,Sports,East,39,2
5831,2024-07-31,3357.99,pending,Food,East,25,3
5832,2024-07-31,1498.89,completed,Electronics,West,30,4
5833,2024-07-31,1671.01,failed,Home,West,45,1
5834,2024-07-31,3270.29,completed,Home,Central,43,5
5835,2024-07-31,2751.84,completed,Clothing,West,40,2
5836,2024-07-31,491.0,pending,Clothing,North,9,1
5837,2024-08-01,4371.22,completed,Home,South,20,4
5838,2024-08-01,2567.94,failed,Electronics,East,38,5
5839,2024-08-01,2372.07,failed,Home,East,7,3
5840,2024-08-01,1000.21,completed,Clothing,North,34,1
5841,2024-08-01,1891.2,completed,Home,South,18,1
5842,2024-08-01,1670.8,completed,Home,South,28,2
5843,2024-08-01,1360.97,completed,Clothing,North,45,3
5844,2024-08-01,2841.36,completed,Clothing,West,43,4
5845,2024-08-01,2316.75,failed,Electronics,South,19,4
5846,2024-08-01,4447.1,completed,Sports,West,35,4
5847,2024-08-01,4707.31,completed,Food,Central,1,2
5848,2024-08-01,1105.17,completed,Books,Central,36,1
5849,2024-08-01,509.53,refunded,Books,Central,7,5
5850,2024-08-01,3928.83,failed,Books,East,45,1
5851,2024-08-01,4974.36,completed,Clothing,South,15,3
5852,2024-08-01,4319.36,completed,Food,North,35,2
5853,2024-08-01,128.25,pending,Books,West,33,4
5854,2024-08-01,1263.81,completed,Electronics,North,13,2
5855,2024-08-01,226.28,refunded,Food,South,42,1
5856,2024-08-01,4105.69,failed,Sports,South,9,2
5857,2024-08-01,2911.22,pending,Food,South,45,1
5858,2024-08-01,2573.46,completed,Food,South,26,1
5859,2024-08-01,2776.7,pending,Home,South,23,3
5860,2024-08-01,1269.73,refunded,Books,East,12,5
5861,2024-08-01,3012.18,completed,Sports,Central,1,2
5862,2024-08-01,163.03,failed,Electronics,West,35,4
5863,2024-08-01,3233.6,completed,Home,West,36,3
5864,2024-08-02,3674.82,refunded,Sports,North,42,5
5865,2024-08-02,3368.4,completed,Sports,North,48,3
5866,2024-08-02,1667.27,completed,Sports,North,15,1
5867,2024-08-02,4133.05,completed,Books,Central,28,3
5868,2024-08-02,3580.56,completed,Books,North,45,1
5869,2024-08-02,650.2,completed,Books,Central,28,2
5870,2024-08-02,983.77,failed,Food,West,37,3
5871,2024-08-02,3189.17,completed,Sports,Central,35,5
5872,2024-08-02,1454.19,refunded,Food,South,49,4
5873,2024-08-02,605.97,completed,Sports,North,17,2
5874,2024-08-02,783.3,completed,Food,North,10,4
5875,2024-08-02,836.43,refunded,Food,Central,45,2
5876,2024-08-02,2394.18,completed,Electronics,East,23,1
5877,2024-08-02,3040.85,failed,Home,East,10,4
5878,2024-08-02,890.25,refunded,Sports,South,32,5
5879,2024-08-02,3565.36,completed,Clothing,South,42,4
5880,2024-08-02,1412.25,pending,Electronics,South,38,3
5881,2024-08-02,1564.68,completed,Home,West,17,3
5882,2024-08-02,1125.26,completed,Electronics,Central,45,2
5883,2024-08-02,3928.18,completed,Food,East,2,5
5884,2024-08-02,4799.47,pending,Electronics,South,44,3
5885,2024-08-02,2467.57,completed,Sports,East,9,5
5886,2024-08-02,219.73,completed,Clothing,North,12,1
5887,2024-08-02,1310.24,failed,Food,North,16,2
5888,2024-08-02,798.67,completed,Books,South,21,2
5889,2024-08-02,4215.38,refunded,Food,North,3,1
5890,2024-08-02,433.42,completed,Sports,North,36,5
5891,2024-08-03,4832.72,completed,Books,South,7,1
5892,2024-08-03,2946.68,completed,Food,Central,7,3
5893,2024-08-03,2593.52,completed,Clothing,North,1,2
5894,2024-08-03,4238.28,completed,Food,West,48,1
5895,2024-08-03,147.46,pending,Clothing,North,3,5
5896,2024-08-03,3887.99,pending,Books,East,37,2
5897,2024-08-03,591.85,completed,Sports,West,32,2
5898,2024-08-03,4205.48,completed,Books,East,41,1
5899,2024-08-03,2650.59,completed,Electronics,West,23,4
5900,2024-08-03,315.04,completed,Home,South,45,5
5901,2024-08-03,4167.89,completed,Sports,West,24,2
5902,2024-08-03,146.3,completed,Sports,East,9,5
5903,2024-08-03,700.47,pending,Electronics,East,45,3
5904,2024-08-03,3991.14,failed,Sports,South,21,3
5905,2024-08-03,2329.71,pending,Food,Central,1,5
5906,2024-08-03,4408.13,completed,Home,Central,32,5
5907,2024-08-03,3180.79,completed,Sports,East,16,4
5908,2024-08-03,3121.41,completed,Home,West,41,2
5909,2024-08-03,1468.25,completed,Electronics,Central,8,3
5910,2024-08-03,677.07,completed,Books,South,37,5
5911,2024-08-03,4806.25,failed,Sports,South,41,2
5912,2024-08-03,532.94,completed,Books,West,6,3
5913,2024-08-03,2649.76,completed,Sports,South,29,4
5914,2024-08-03,1370.12,completed,Sports,North,32,5
5915,2024-08-03,1328.06,refunded,Electronics,East,46,3
5916,2024-08-03,2976.99,completed,Clothing,South,15,5
5917,2024-08-03,3991.69,pending,Books,East,24,5
5918,2024-08-03,3888.13,completed,Food,North,20,3
5919,2024-08-04,4345.32,completed,Food,East,19,2
5920,2024-08-04,1471.58,failed,Home,South,49,1
5921,2024-08-04,2334.1,completed,Electronics,East,33,1
5922,2024-08-04,56.58,pending,Books,South,8,1
5923,2024-08-04,3736.82,completed,Clothing,South,43,1
5924,2024-08-04,1518.69,completed,Electronics,Central,6,2
5925,2024-08-04,2811.85,completed,Food,Central,43,5
5926,2024-08-04,854.81,failed,Food,South,21,2
5927,2024-08-04,4098.8,pending,Food,West,34,2
5928,2024-08-04,4088.19,completed,Electronics,South,43,2
5929,2024-08-04,4388.49,completed,Sports,North,43,3
5930,2024-08-04,239.23,completed,Food,North,8,3
5931,2024-08-04,4962.37,completed,Books,Central,20,3
5932,2024-08-04,1246.42,completed,Books,North,4,1
5933,2024-08-04,1554.07,completed,Books,East,32,2
5934,2024-08-04,1254.19,refunded,Books,South,21,5
5935,2024-08-04,1344.99,completed,Clothing,West,49,5
5936,2024-08-04,2767.78,completed,Food,North,31,1
5937,2024-08-04,1206.65,failed,Books,East,22,4
5938,2024-08-04,1974.92,completed,Electronics,South,8,1
5939,2024-08-04,3281.48,pending,Sports,East,15,3
5940,2024-08-04,4181.77,completed,Food,North,40,1
5941,2024-08-04,3466.78,completed,Clothing,North,8,4
5942,2024-08-04,2975.67,completed,Electronics,North,42,5
5943,2024-08-04,747.17,completed,Clothing,East,30,1
5944,2024-08-04,4082.42,pending,Food,West,26,3
5945,2024-08-04,196.0,completed,Home,Central,24,1
5946,2024-08-05,1328.32,completed,Books,Central,2,1
5947,2024-08-05,294.72,completed,Food,West,12,4
5948,2024-08-05,3340.47,completed,Electronics,North,26,1
5949,2024-08-05,1848.17,completed,Clothing,West,24,1
5950,2024-08-05,3263.72,pending,Home,West,11,2
5951,2024-08-05,1741.68,completed,Electronics,West,40,2
5952,2024-08-05,2284.15,completed,Books,West,22,5
5953,2024-08-05,2295.23,completed,Books,West,20,2
5954,2024-08-05,237.45,completed,Clothing,East,38,3
5955,2024-08-05,2156.83,completed,Home,West,8,1
5956,2024-08-05,3208.91,failed,Food,West,3,2
5957,2024-08-05,2734.8,pending,Books,North,16,2
5958,2024-08-05,385.67,completed,Electronics,East,1,2
5959,2024-08-05,3343.6,completed,Home,North,19,2
5960,2024-08-05,1551.23,completed,Electronics,Central,7,1
5961,2024-08-05,82.03,pending,Clothing,Central,33,3
5962,2024-08-05,786.42,completed,Home,North,3,3
5963,2024-08-05,2492.82,completed,Books,Central,11,3
5964,2024-08-05,1558.9,refunded,Sports,East,13,3
5965,2024-08-05,3474.97,completed,Clothing,West,30,3
5966,2024-08-05,1210.86,pending,Sports,West,20,4
5967,2024-08-05,3866.25,completed,Home,North,38,2
5968,2024-08-05,1439.52,completed,Books,Central,39,1
5969,2024-08-05,3108.11,completed,Clothing,West,19,4
5970,2024-08-05,3998.09,completed,Home,East,2,1
5971,2024-08-05,1933.93,completed,Electronics,West,48,2
5972,2024-08-05,243.56,completed,Home,Central,18,3
5973,2024-08-05,2681.87,pending,Electronics,West,27,3
5974,2024-08-06,4977.09,completed,Electronics,West,46,4
5975,2024-08-06,4845.27,completed,Electronics,Central,32,3
5976,2024-08-06,1112.9,completed,Clothing,West,29,3
5977,2024-08-06,3780.93,completed,Sports,North,17,1
5978,2024-08-06,1731.31,failed,Food,Central,41,4
5979,2024-08-06,809.76,completed,Electronics,Central,10,2
5980,2024-08-06,3332.91,refunded,Food,West,24,5
5981,2024-08-06,2509.33,completed,Home,North,18,4
5982,2024-08-06,2700.76,completed,Books,East,5,5
5983,2024-08-06,4138.69,pending,Sports,North,14,5
5984,2024-08-06,1689.35,completed,Clothing,West,10,2
5985,2024-08-06,3338.8,completed,Books,Central,5,2
5986,2024-08-06,1837.3,completed,Sports,North,38,5
5987,2024-08-06,223.19,pending,Sports,North,35,5
5988,2024-08-06,1896.3,completed,Electronics,Central,43,4
5989,2024-08-06,4750.67,completed,Books,West,2,5
5990,2024-08-06,2421.48,completed,Sports,Central,23,4
5991,2024-08-06,550.07,completed,Electronics,South,33,1
5992,2024-08-06,3442.26,refunded,Food,West,25,3
5993,2024-08-06,4817.26,completed,Books,Central,2,2
5994,2024-08-06,4540.65,completed,Electronics,North,23,1
5995,2024-08-06,2864.08,completed,Sports,South,7,3
5996,2024-08-06,1887.64,completed,Home,South,1,3
5997,2024-08-06,2907.58,refunded,Books,East,36,4
5998,2024-08-06,4081.5,completed,Food,South,5,4
5999,2024-08-06,4307.57,pending,Electronics,South,15,2
6000,2024-08-06,4096.03,completed,Sports,South,49,5
6001,2024-08-07,2282.83,completed,Home,North,47,3
6002,2024-08-07,603.1,completed,Home,West,3,3
6003,2024-08-07,2850.18,completed,Books,West,20,1
6004,2024-08-07,790.58,completed,Electronics,Central,18,5
6005,2024-08-07,314.18,completed,Clothing,East,31,2
6006,2024-08-07,2498.35,refunded,Clothing,West,34,1
6007,2024-08-07,3280.31,pending,Electronics,South,4,5
6008,2024-08-07,4272.2,completed,Electronics,South,21,5
6009,2024-08-07,3916.35,completed,Books,East,14,2
6010,2024-08-07,4287.63,pending,Electronics,Central,49,3
6011,2024-08-07,3802.74,completed,Electronics,East,15,5
6012,2024-08-07,3519.16,completed,Home,Central,2,4
6013,2024-08-07,60.59,pending,Books,South,31,3
6014,2024-08-07,3134.25,completed,Sports,West,43,3
6015,2024-08-07,611.2,completed,Clothing,South,41,1
6016,2024-08-07,302.75,completed,Food,South,7,5
6017,2024-08-07,790.5,completed,Books,Central,37,3
6018,2024-08-07,4118.23,completed,Sports,West,11,1
6019,2024-08-07,3721.81,pending,Food,East,8,2
6020,2024-08-07,4744.37,refunded,Home,East,26,3
6021,2024-08-07,4895.09,completed,Sports,West,40,5
6022,2024-08-07,4467.49,pending,Clothing,North,43,5
6023,2024-08-07,673.3,failed,Electronics,Central,31,2
6024,2024-08-07,4393.13,completed,Electronics,West,21,1
6025,2024-08-07,4194.8,refunded,Home,South,29,1
6026,2024-08-07,4356.72,refunded,Sports,West,15,3
6027,2024-08-07,766.91,pending,Food,Central,7,3
6028,2024-08-08,592.79,refunded,Sports,South,20,3
6029,2024-08-08,4619.81,completed,Home,South,9,2
6030,2024-08-08,877.39,completed,Electronics,Central,5,5
6031,2024-08-08,1849.42,failed,Home,South,37,3
6032,2024-08-08,2285.36,pending,Food,Central,42,5
6033,2024-08-08,630.97,completed,Food,Central,37,2
6034,2024-08-08,112.97,completed,Electronics,East,45,2
6035,2024-08-08,4970.51,completed,Sports,North,24,3
6036,2024-08-08,4384.52,failed,Books,North,34,4
6037,2024-08-08,4562.57,completed,Electronics,South,10,2
6038,2024-08-08,1429.97,completed,Books,North,22,3
6039,2024-08-08,1108.31,completed,Electronics,West,5,3
6040,2024-08-08,2135.07,completed,Clothing,West,31,4
6041,2024-08-08,2272.06,refunded,Books,East,22,4
6042,2024-08-08,37.94,completed,Sports,Central,28,2
6043,2024-08-08,3898.47,completed,Electronics,North,42,1
6044,2024-08-08,4983.37,completed,Food,East,3,2
6045,2024-08-08,2648.17,pending,Clothing,South,22,1
6046,2024-08-08,1947.41,completed,Sports,North,20,3
6047,2024-08-08,1969.83,completed,Sports,East,37,3
6048,2024-08-08,489.42,completed,Books,North,33,1
6049,2024-08-08,1338.15,failed,Sports,North,36,5
6050,2024-08-08,2515.64,pending,Food,South,42,4
6051,2024-08-08,2164.92,pending,Books,North,15,3
6052,2024-08-08,2729.72,completed,Clothing,West,18,1
6053,2024-08-08,4246.84,refunded,Home,West,17,1
6054,2024-08-08,1133.96,pending,Clothing,East,41,5
6055,2024-08-08,148.04,completed,Home,West,23,2
6056,2024-08-09,200.74,refunded,Sports,North,38,5
6057,2024-08-09,679.5,failed,Home,West,13,4
6058,2024-08-09,2856.71,pending,Books,East,46,4
6059,2024-08-09,4042.84,pending,Food,East,24,5
6060,2024-08-09,4435.16,completed,Clothing,Central,49,5
6061,2024-08-09,3179.21,completed,Clothing,South,22,2
6062,2024-08-09,2021.68,completed,Home,East,3,5
6063,2024-08-09,781.03,completed,Electronics,Central,13,1
6064,2024-08-09,2013.08,completed,Sports,North,22,4
6065,2024-08-09,1668.75,completed,Sports,East,7,2
6066,2024-08-09,4351.43,failed,Electronics,East,38,4
6067,2024-08-09,2438.73,completed,Home,West,18,5
6068,2024-08-09,1138.72,pending,Electronics,Central,41,3
6069,2024-08-09,1451.12,completed,Electronics,South,48,1
6070,2024-08-09,690.99,completed,Books,North,5,5
6071,2024-08-09,4593.74,completed,Electronics,South,14,1
6072,2024-08-09,261.23,completed,Electronics,North,30,4
6073,2024-08-09,74.1,completed,Books,West,43,3
6074,2024-08-09,923.11,completed,Home,East,45,3
6075,2024-08-09,4056.26,completed,Electronics,West,10,2
6076,2024-08-09,2622.1,completed,Books,South,12,3
6077,2024-08-09,3132.96,completed,Books,Central,10,1
6078,2024-08-09,1795.08,completed,Electronics,Central,18,2
6079,2024-08-09,352.7,completed,Electronics,Central,30,3
6080,2024-08-09,4282.23,completed,Food,West,20,4
6081,2024-08-09,967.55,completed,Sports,North,36,3
6082,2024-08-09,174.97,pending,Clothing,North,20,5
6083,2024-08-10,2867.79,completed,Food,Central,29,2
6084,2024-08-10,425.61,failed,Food,Central,28,1
6085,2024-08-10,487.85,pending,Sports,Central,13,2
6086,2024-08-10,4003.88,completed,Clothing,West,3,1
6087,2024-08-10,2463.13,completed,Sports,Central,11,3
6088,2024-08-10,1215.13,completed,Sports,East,39,5
6089,2024-08-10,1749.65,completed,Books,North,37,3
6090,2024-08-10,3648.91,completed,Sports,South,7,1
6091,2024-08-10,341.11,completed,Clothing,Central,19,3
6092,2024-08-10,591.24,refunded,Home,West,40,4
6093,2024-08-10,3085.15,completed,Clothing,Central,40,5
6094,2024-08-10,3038.79,completed,Clothing,Central,1,3
6095,2024-08-10,4862.59,failed,Books,West,39,3
6096,2024-08-10,1879.0,completed,Food,North,39,3
6097,2024-08-10,334.74,completed,Food,North,6,2
6098,2024-08-10,2692.31,completed,Sports,South,18,1
6099,2024-08-10,3195.35,completed,Books,North,3,4
6100,2024-08-10,706.62,refunded,Food,Central,33,1
6101,2024-08-10,2768.78,completed,Sports,South,43,4
6102,2024-08-10,996.86,completed,Food,South,9,3
6103,2024-08-10,4225.2,completed,Home,West,18,3
6104,2024-08-10,4177.46,completed,Home,North,27,2
6105,2024-08-10,2153.85,completed,Food,West,4,5
6106,2024-08-10,4834.05,completed,Sports,North,15,4
6107,2024-08-10,4899.07,completed,Sports,Central,11,1
6108,2024-08-10,654.96,completed,Home,West,1,5
6109,2024-08-10,1844.89,failed,Food,South,33,1
6110,2024-08-11,3005.6,failed,Food,West,36,5
6111,2024-08-11,433.34,pending,Clothing,South,4,3
6112,2024-08-11,1919.45,completed,Books,North,7,3
6113,2024-08-11,1313.25,pending,Books,North,4,3
6114,2024-08-11,4760.73,failed,Food,South,47,3
6115,2024-08-11,2063.81,completed,Clothing,West,28,1
6116,2024-08-11,3815.73,completed,Food,East,27,1
6117,2024-08-11,1939.66,completed,Books,South,5,4
6118,2024-08-11,667.74,refunded,Electronics,West,1,4
6119,2024-08-11,4317.13,failed,Books,South,46,2
6120,2024-08-11,12.08,pending,Home,North,47,3
6121,2024-08-11,289.14,completed,Clothing,West,27,2
6122,2024-08-11,1828.28,refunded,Food,East,7,5
6123,2024-08-11,3437.62,completed,Electronics,West,2,1
6124,2024-08-11,1715.1,completed,Books,East,41,4
6125,2024-08-11,340.9,completed,Food,North,26,2
6126,2024-08-11,1596.02,pending,Home,North,17,1
6127,2024-08-11,1232.45,failed,Home,North,1,1
6128,2024-08-11,37.04,completed,Sports,South,28,3
6129,2024-08-11,2678.66,completed,Clothing,South,44,1
6130,2024-08-11,592.06,completed,Clothing,Central,41,4
6131,2024-08-11,1444.61,completed,Food,West,36,2
6132,2024-08-11,3209.54,failed,Books,Central,3,5
6133,2024-08-11,3628.33,completed,Electronics,East,38,1
6134,2024-08-11,1324.64,completed,Food,South,34,2
6135,2024-08-11,1652.68,completed,Electronics,East,42,2
6136,2024-08-11,1242.08,pending,Clothing,Central,8,4
6137,2024-08-11,4784.87,failed,Food,South,43,2
6138,2024-08-12,960.69,completed,Electronics,West,36,1
6139,2024-08-12,924.07,completed,Clothing,North,38,3
6140,2024-08-12,2230.73,failed,Books,Central,8,5
6141,2024-08-12,954.64,completed,Home,West,42,5
6142,2024-08-12,791.98,completed,Sports,Central,2,3
6143,2024-08-12,488.44,completed,Clothing,South,11,5
6144,2024-08-12,3204.45,refunded,Home,West,8,4
6145,2024-08-12,3064.29,pending,Food,South,12,4
6146,2024-08-12,3254.31,completed,Food,East,31,2
6147,2024-08-12,3868.77,completed,Home,South,46,3
6148,2024-08-12,1638.53,completed,Food,North,49,5
6149,2024-08-12,4592.93,completed,Sports,East,6,5
6150,2024-08-12,3668.69,completed,Electronics,East,48,4
6151,2024-08-12,4025.5,completed,Clothing,North,6,1
6152,2024-08-12,3607.6,completed,Home,South,37,1
6153,2024-08-12,1798.69,completed,Clothing,North,10,3
6154,2024-08-12,1422.33,completed,Home,West,41,3
6155,2024-08-12,2118.36,completed,Food,South,18,4
6156,2024-08-12,494.18,pending,Home,North,43,2
6157,2024-08-12,2261.89,completed,Food,East,27,4
6158,2024-08-12,225.27,failed,Food,Central,26,5
6159,2024-08-12,29.69,failed,Food,Central,22,2
6160,2024-08-12,4658.18,refunded,Clothing,Central,12,4
6161,2024-08-12,3449.79,completed,Home,North,26,1
6162,2024-08-12,2813.62,completed,Books,South,33,3
6163,2024-08-12,1712.1,completed,Books,Central,7,5
6164,2024-08-12,2856.98,completed,Food,West,7,2
6165,2024-08-13,4458.96,completed,Sports,East,21,4
6166,2024-08-13,3265.38,completed,Food,Central,41,5
6167,2024-08-13,3016.39,completed,Clothing,North,18,3
6168,2024-08-13,2306.42,pending,Electronics,East,21,5
6169,2024-08-13,1735.03,completed,Home,East,48,4
6170,2024-08-13,3495.75,failed,Electronics,Central,14,3
6171,2024-08-13,4905.09,pending,Home,East,18,1
6172,2024-08-13,2129.54,completed,Food,East,42,4
6173,2024-08-13,1967.1,completed,Electronics,Central,26,2
6174,2024-08-13,2146.29,completed,Home,South,6,2
6175,2024-08-13,2133.46,failed,Sports,North,11,5
6176,2024-08-13,4953.22,pending,Sports,East,48,2
6177,2024-08-13,3536.82,completed,Books,West,40,2
6178,2024-08-13,1802.33,completed,Sports,East,47,5
6179,2024-08-13,1863.8,completed,Electronics,West,24,2
6180,2024-08-13,2159.68,failed,Clothing,South,30,4
6181,2024-08-13,193.19,failed,Books,North,7,3
6182,2024-08-13,2643.8,pending,Sports,West,35,1
6183,2024-08-13,4058.79,completed,Books,Central,28,3
6184,2024-08-13,3306.23,completed,Food,West,2,3
6185,2024-08-13,1000.12,completed,Sports,South,42,4
6186,2024-08-13,3642.89,completed,Electronics,South,22,2
6187,2024-08-13,3600.1,completed,Books,East,49,2
6188,2024-08-13,1320.07,pending,Food,East,44,2
6189,2024-08-13,3118.14,failed,Food,South,21,3
6190,2024-08-13,3058.64,completed,Electronics,South,1,5
6191,2024-08-13,4200.54,completed,Home,South,8,3
6192,2024-08-13,689.0,completed,Home,East,15,1
6193,2024-08-14,982.24,refunded,Home,South,15,5
6194,2024-08-14,2434.99,pending,Home,East,18,2
6195,2024-08-14,230.28,completed,Books,Central,47,3
6196,2024-08-14,2083.82,completed,Clothing,South,34,5
6197,2024-08-14,3943.21,completed,Electronics,North,10,1
6198,2024-08-14,752.08,completed,Books,Central,35,1
6199,2024-08-14,2305.14,completed,Home,North,3,2
6200,2024-08-14,4948.95,completed,Food,Central,4,2
6201,2024-08-14,2534.54,completed,Home,East,32,5
6202,2024-08-14,2496.64,completed,Electronics,East,11,4
6203,2024-08-14,2798.38,completed,Clothing,East,22,4
6204,2024-08-14,938.16,pending,Books,West,41,2
6205,2024-08-14,744.35,completed,Food,West,20,3
6206,2024-08-14,3390.0,completed,Sports,Central,10,3
6207,2024-08-14,1984.88,refunded,Food,North,49,1
6208,2024-08-14,1456.63,completed,Sports,North,15,3
6209,2024-08-14,166.64,completed,Clothing,South,33,2
6210,2024-08-14,4231.79,completed,Electronics,North,8,5
6211,2024-08-14,171.32,pending,Books,Central,8,4
6212,2024-08-14,3752.42,completed,Books,North,37,5
6213,2024-08-14,1916.12,completed,Books,North,44,1
6214,2024-08-14,2997.45,completed,Electronics,East,2,1
6215,2024-08-14,1245.91,pending,Food,South,48,3
6216,2024-08-14,785.44,completed,Electronics,South,15,3
6217,2024-08-14,2671.61,completed,Sports,West,49,3
6218,2024-08-14,3481.13,completed,Electronics,East,27,4
6219,2024-08-14,985.51,completed,Home,Central,38,5
6220,2024-08-15,2187.43,completed,Electronics,East,1,2
6221,2024-08-15,2228.83,completed,Books,Central,8,2
6222,2024-08-15,1087.74,completed,Food,North,47,2
6223,2024-08-15,2829.6,completed,Electronics,North,9,2
6224,2024-08-15,738.22,pending,Food,South,43,3
6225,2024-08-15,2553.65,completed,Electronics,North,6,5
6226,2024-08-15,576.02,completed,Sports,North,32,3
6227,2024-08-15,2432.86,refunded,Home,South,19,3
6228,2024-08-15,1564.88,failed,Clothing,East,22,5
6229,2024-08-15,2266.71,completed,Food,South,35,2
6230,2024-08-15,2174.41,failed,Electronics,South,8,1
6231,2024-08-15,4540.59,completed,Food,North,17,2
6232,2024-08-15,2454.78,failed,Home,North,28,1
6233,2024-08-15,4094.31,completed,Books,Central,18,2
6234,2024-08-15,1136.01,completed,Home,North,12,5
6235,2024-08-15,1766.89,refunded,Sports,West,3,5
6236,2024-08-15,384.7,completed,Electronics,West,32,5
6237,2024-08-15,2109.53,pending,Electronics,South,4,2
6238,2024-08-15,3346.81,completed,Food,South,8,3
6239,2024-08-15,4192.45,completed,Home,South,12,5
6240,2024-08-15,2833.92,refunded,Clothing,West,36,4
6241,2024-08-15,3203.96,completed,Electronics,North,6,1
6242,2024-08-15,894.56,failed,Home,Central,16,5
6243,2024-08-15,195.66,failed,Clothing,South,4,1
6244,2024-08-15,3960.52,completed,Food,East,25,2
6245,2024-08-15,843.52,completed,Sports,Central,9,3
6246,2024-08-15,464.94,completed,Electronics,North,8,4
6247,2024-08-16,4688.44,completed,Clothing,Central,16,4
6248,2024-08-16,4817.97,completed,Sports,West,13,4
6249,2024-08-16,3085.12,completed,Electronics,East,3,2
6250,2024-08-16,1899.4,pending,Sports,North,23,2
6251,2024-08-16,4167.87,completed,Books,North,25,4
6252,2024-08-16,1031.55,pending,Clothing,Central,23,5
6253,2024-08-16,2152.67,completed,Books,East,22,5
6254,2024-08-16,1791.52,completed,Clothing,West,49,5
6255,2024-08-16,4564.37,completed,Home,Central,14,4
6256,2024-08-16,4599.69,completed,Food,East,17,3
6257,2024-08-16,3257.92,completed,Sports,South,26,4
6258,2024-08-16,562.59,completed,Clothing,South,5,1
6259,2024-08-16,2416.14,pending,Home,West,49,5
6260,2024-08-16,1234.19,pending,Clothing,West,26,5
6261,2024-08-16,4425.73,completed,Books,South,35,3
6262,2024-08-16,700.63,failed,Sports,East,16,3
6263,2024-08-16,281.01,refunded,Home,East,34,3
6264,2024-08-16,3525.1,completed,Sports,North,44,1
6265,2024-08-16,2271.9,refunded,Sports,East,29,2
6266,2024-08-16,4193.44,completed,Sports,West,11,4
6267,2024-08-16,382.4,completed,Food,Central,34,1
6268,2024-08-16,4007.37,completed,Sports,South,42,4
6269,2024-08-16,196.3,pending,Books,South,34,2
6270,2024-08-16,150.07,pending,Books,Central,33,1
6271,2024-08-16,2311.97,refunded,Clothing,Central,23,3
6272,2024-08-16,1114.24,refunded,Food,Central,10,2
6273,2024-08-16,2972.66,completed,Electronics,South,36,3
6274,2024-08-16,138.83,completed,Sports,South,20,5
6275,2024-08-17,186.59,completed,Electronics,West,12,4
6276,2024-08-17,3638.47,completed,Electronics,South,25,5
6277,2024-08-17,1058.72,completed,Clothing,West,2,2
6278,2024-08-17,3285.52,failed,Electronics,South,26,3
6279,2024-08-17,3752.11,completed,Sports,South,27,4
6280,2024-08-17,306.06,completed,Electronics,Central,20,1
6281,2024-08-17,3851.07,refunded,Food,South,35,5
6282,2024-08-17,1349.42,pending,Sports,North,29,2
6283,2024-08-17,1953.83,completed,Books,West,18,3
6284,2024-08-17,442.33,completed,Books,South,36,3
6285,2024-08-17,4194.76,pending,Food,West,6,1
6286,2024-08-17,2808.04,completed,Food,West,25,2
6287,2024-08-17,2528.28,completed,Sports,North,7,1
6288,2024-08-17,4843.09,completed,Food,North,30,4
6289,2024-08-17,1679.18,completed,Sports,Central,1,4
6290,2024-08-17,4454.99,completed,Sports,North,43,1
6291,2024-08-17,3601.24,completed,Clothing,South,2,1
6292,2024-08-17,4643.36,completed,Electronics,West,25,5
6293,2024-08-17,4539.93,completed,Food,North,33,2
6294,2024-08-17,4955.24,completed,Food,East,21,5
6295,2024-08-17,667.07,completed,Electronics,North,11,4
6296,2024-08-17,3982.12,completed,Sports,East,13,4
6297,2024-08-17,4024.43,completed,Books,West,42,2
6298,2024-08-17,3225.42,refunded,Books,South,7,2
6299,2024-08-17,1401.52,completed,Sports,South,35,4
6300,2024-08-17,4826.09,completed,Food,East,15,4
6301,2024-08-17,1030.07,completed,Books,West,1,3
6302,2024-08-18,2502.88,pending,Clothing,East,20,2
6303,2024-08-18,2612.22,completed,Sports,West,5,4
6304,2024-08-18,817.53,completed,Home,East,38,2
6305,2024-08-18,3615.42,failed,Home,North,38,5
6306,2024-08-18,453.45,pending,Food,Central,11,4
6307,2024-08-18,3468.56,completed,Electronics,West,38,2
6308,2024-08-18,4244.59,completed,Home,North,35,5
6309,2024-08-18,1753.49,refunded,Books,South,34,1
6310,2024-08-18,3550.01,refunded,Sports,East,4,5
6311,2024-08-18,792.3,pending,Clothing,North,7,3
6312,2024-08-18,4231.29,pending,Home,Central,8,2
6313,2024-08-18,4760.64,failed,Home,North,41,5
6314,2024-08-18,771.94,refunded,Electronics,South,16,4
6315,2024-08-18,3462.38,completed,Books,South,26,1
6316,2024-08-18,2534.1,refunded,Food,Central,24,2
6317,2024-08-18,2662.18,pending,Books,South,49,3
6318,2024-08-18,3535.38,completed,Clothing,East,9,4
6319,2024-08-18,2448.82,completed,Electronics,West,39,5
6320,2024-08-18,3005.63,completed,Clothing,North,6,2
6321,2024-08-18,1162.2,pending,Books,North,48,5
6322,2024-08-18,1898.75,completed,Clothing,North,28,4
6323,2024-08-18,4327.55,completed,Food,North,13,2
6324,2024-08-18,558.41,completed,Food,South,21,5
6325,2024-08-18,2991.9,completed,Sports,Central,36,5
6326,2024-08-18,929.59,completed,Food,Central,21,2
6327,2024-08-18,4234.23,completed,Electronics,East,4,3
6328,2024-08-18,2899.43,completed,Books,Central,16,5
6329,2024-08-18,2021.21,completed,Clothing,North,45,3
6330,2024-08-19,1256.63,completed,Clothing,East,19,4
6331,2024-08-19,2189.86,completed,Sports,East,25,4
6332,2024-08-19,4788.49,completed,Clothing,North,10,3
6333,2024-08-19,2550.95,failed,Electronics,East,2,2
6334,2024-08-19,2352.75,pending,Food,East,14,3
6335,2024-08-19,3733.91,pending,Food,West,43,5
6336,2024-08-19,1901.44,completed,Sports,East,27,2
6337,2024-08-19,2142.85,completed,Sports,East,19,5
6338,2024-08-19,1691.37,failed,Electronics,South,26,2
6339,2024-08-19,763.09,completed,Sports,East,40,3
6340,2024-08-19,3571.91,completed,Sports,North,45,1
6341,2024-08-19,4366.42,completed,Clothing,East,16,5
6342,2024-08-19,4528.91,completed,Food,South,41,4
6343,2024-08-19,4405.21,completed,Sports,South,40,1
6344,2024-08-19,2264.4,completed,Books,South,1,2
6345,2024-08-19,1427.49,completed,Food,Central,44,3
6346,2024-08-19,3193.24,completed,Sports,West,12,3
6347,2024-08-19,4773.98,completed,Books,Central,38,1
6348,2024-08-19,3637.98,pending,Books,South,44,5
6349,2024-08-19,2479.29,refunded,Electronics,South,29,3
6350,2024-08-19,3447.15,completed,Books,North,16,4
6351,2024-08-19,3864.96,completed,Clothing,West,42,4
6352,2024-08-19,4597.15,completed,Home,North,24,1
6353,2024-08-19,3818.45,completed,Clothing,Central,38,2
6354,2024-08-19,2171.62,failed,Electronics,West,34,4
6355,2024-08-19,1375.3,pending,Food,East,16,4
6356,2024-08-19,2504.41,completed,Food,West,27,2
6357,2024-08-20,1647.61,pending,Food,Central,10,2
6358,2024-08-20,4714.4,completed,Home,North,1,4
6359,2024-08-20,2544.75,completed,Clothing,West,34,2
6360,2024-08-20,2365.56,failed,Home,Central,11,1
6361,2024-08-20,1747.5,completed,Electronics,East,26,3
6362,2024-08-20,3200.64,completed,Books,West,5,1
6363,2024-08-20,2605.06,failed,Electronics,East,33,3
6364,2024-08-20,653.95,completed,Clothing,North,9,5
6365,2024-08-20,4347.35,completed,Electronics,Central,13,1
6366,2024-08-20,1801.47,completed,Clothing,South,8,2
6367,2024-08-20,2168.57,completed,Food,South,45,3
6368,2024-08-20,1036.28,completed,Home,Central,31,1
6369,2024-08-20,2771.46,completed,Sports,North,33,3
6370,2024-08-20,3513.25,completed,Sports,East,20,2
6371,2024-08-20,4407.01,completed,Food,East,43,4
6372,2024-08-20,267.52,completed,Clothing,South,4,2
6373,2024-08-20,4866.93,failed,Clothing,West,21,5
6374,2024-08-20,3522.05,completed,Electronics,East,5,5
6375,2024-08-20,1428.65,completed,Books,South,35,5
6376,2024-08-20,1030.33,pending,Sports,South,47,1
6377,2024-08-20,1487.48,completed,Books,South,38,5
6378,2024-08-20,4379.87,completed,Books,West,8,1
6379,2024-08-20,1464.04,completed,Food,East,39,2
6380,2024-08-20,2319.48,completed,Home,West,13,5
6381,2024-08-20,3531.63,refunded,Home,West,18,5
6382,2024-08-20,4361.23,completed,Food,Central,29,2
6383,2024-08-20,3296.27,failed,Sports,Central,23,5
6384,2024-08-21,3768.01,completed,Food,West,10,1
6385,2024-08-21,874.9,completed,Electronics,South,26,2
6386,2024-08-21,4388.27,completed,Clothing,West,10,1
6387,2024-08-21,1385.84,completed,Home,Central,36,3
6388,2024-08-21,650.61,completed,Food,South,4,5
6389,2024-08-21,4881.46,completed,Home,East,40,4
6390,2024-08-21,1016.18,completed,Clothing,Central,49,3
6391,2024-08-21,691.89,pending,Food,East,37,1
6392,2024-08-21,3133.84,failed,Electronics,North,30,4
6393,2024-08-21,1601.13,completed,Sports,South,22,2
6394,2024-08-21,675.41,refunded,Clothing,South,26,4
6395,2024-08-21,3009.59,completed,Electronics,East,26,1
6396,2024-08-21,3797.34,completed,Clothing,Central,44,3
6397,2024-08-21,3968.06,completed,Books,Central,7,3
6398,2024-08-21,786.01,completed,Sports,Central,30,4
6399,2024-08-21,2788.77,completed,Home,West,27,5
6400,2024-08-21,4070.26,completed,Clothing,East,13,5
6401,2024-08-21,813.82,failed,Books,West,21,2
6402,2024-08-21,1046.33,completed,Food,East,24,4
6403,2024-08-21,22.03,pending,Sports,North,2,4
6404,2024-08-21,2627.92,completed,Sports,North,24,5
6405,2024-08-21,981.46,completed,Electronics,East,9,5
6406,2024-08-21,3623.97,completed,Electronics,West,20,1
6407,2024-08-21,4811.45,completed,Books,South,14,5
6408,2024-08-21,1051.69,completed,Books,North,37,3
6409,2024-08-21,3248.99,pending,Home,North,48,5
6410,2024-08-21,1067.05,completed,Home,South,6,4
6411,2024-08-21,99.85,completed,Electronics,Central,13,2
6412,2024-08-22,3795.19,pending,Books,East,8,2
6413,2024-08-22,2175.68,completed,Food,Central,24,5
6414,2024-08-22,4734.47,failed,Food,Central,19,1
6415,2024-08-22,2676.09,completed,Electronics,Central,23,1
6416,2024-08-22,795.84,completed,Home,Central,4,1
6417,2024-08-22,2254.37,completed,Electronics,South,43,3
6418,2024-08-22,1022.43,completed,Home,Central,49,2
6419,2024-08-22,4391.37,completed,Home,Central,45,3
6420,2024-08-22,3457.61,completed,Sports,West,25,5
6421,2024-08-22,1712.78,refunded,Electronics,North,33,2
6422,2024-08-22,2643.82,pending,Food,South,3,1
6423,2024-08-22,3350.71,completed,Electronics,West,30,2
6424,2024-08-22,3916.46,completed,Books,North,30,4
6425,2024-08-22,409.93,pending,Home,Central,37,4
6426,2024-08-22,122.37,completed,Books,East,39,1
6427,2024-08-22,581.12,completed,Electronics,North,1,5
6428,2024-08-22,1981.03,completed,Clothing,South,20,3
6429,2024-08-22,2338.87,completed,Clothing,South,24,3
6430,2024-08-22,690.94,completed,Food,West,24,2
6431,2024-08-22,2061.65,pending,Food,West,27,5
6432,2024-08-22,2213.7,completed,Sports,South,35,1
6433,2024-08-22,554.36,pending,Clothing,West,29,3
6434,2024-08-22,4584.13,failed,Clothing,Central,12,3
6435,2024-08-22,2999.74,completed,Clothing,South,33,3
6436,2024-08-22,1948.79,pending,Home,South,30,2
6437,2024-08-22,2539.47,completed,Clothing,North,10,5
6438,2024-08-22,1577.85,failed,Home,South,31,2
6439,2024-08-23,4273.11,completed,Books,South,26,4
6440,2024-08-23,2879.33,completed,Clothing,West,40,4
6441,2024-08-23,2479.53,completed,Books,North,20,2
6442,2024-08-23,4555.32,failed,Electronics,East,44,5
6443,2024-08-23,4191.52,completed,Home,West,27,3
6444,2024-08-23,4065.88,pending,Home,South,47,4
6445,2024-08-23,1135.79,completed,Clothing,North,5,4
6446,2024-08-23,774.08,completed,Clothing,West,7,3
6447,2024-08-23,3453.58,completed,Food,East,11,4
6448,2024-08-23,2348.52,completed,Sports,East,40,3
6449,2024-08-23,3421.73,completed,Books,Central,25,4
6450,2024-08-23,3805.53,completed,Electronics,North,34,3
6451,2024-08-23,1483.61,pending,Electronics,North,1,5
6452,2024-08-23,1430.41,pending,Clothing,East,19,3
6453,2024-08-23,2459.25,completed,Sports,East,18,5
6454,2024-08-23,1375.01,completed,Clothing,Central,46,3
6455,2024-08-23,3339.8,completed,Home,West,6,3
6456,2024-08-23,3736.18,pending,Clothing,South,43,3
6457,2024-08-23,2365.47,pending,Home,Central,19,2
6458,2024-08-23,3621.76,failed,Home,East,38,4
6459,2024-08-23,2557.08,failed,Sports,Central,15,4
6460,2024-08-23,3567.23,completed,Clothing,South,3,2
6461,2024-08-23,1132.59,completed,Electronics,West,34,5
6462,2024-08-23,3696.83,failed,Clothing,East,9,1
6463,2024-08-23,3578.47,completed,Books,East,8,1
6464,2024-08-23,1340.36,completed,Sports,Central,45,4
6465,2024-08-23,2784.3,completed,Home,North,12,3
6466,2024-08-23,4278.01,pending,Home,South,49,4
6467,2024-08-24,1255.12,completed,Clothing,North,18,4
6468,2024-08-24,3682.54,refunded,Food,Central,14,4
6469,2024-08-24,4770.29,completed,Sports,Central,23,2
6470,2024-08-24,4332.55,completed,Sports,Central,14,2
6471,2024-08-24,2013.59,completed,Clothing,South,46,2
6472,2024-08-24,3039.97,pending,Electronics,South,30,4
6473,2024-08-24,4958.93,completed,Electronics,East,37,4
6474,2024-08-24,2846.5,failed,Sports,West,4,5
6475,2024-08-24,583.99,completed,Food,West,12,2
6476,2024-08-24,236.7,pending,Sports,Central,30,1
6477,2024-08-24,3953.67,pending,Sports,West,24,5
6478,2024-08-24,2123.91,completed,Home,Central,48,3
6479,2024-08-24,1241.6,pending,Food,South,36,2
6480,2024-08-24,1744.88,completed,Books,West,15,2
6481,2024-08-24,3789.29,pending,Clothing,East,23,5
6482,2024-08-24,2331.58,pending,Home,North,37,4
6483,2024-08-24,4343.81,completed,Home,Central,21,1
6484,2024-08-24,3677.28,completed,Food,North,26,2
6485,2024-08-24,4870.33,refunded,Food,Central,40,5
6486,2024-08-24,4443.63,failed,Sports,South,15,4
6487,2024-08-24,1280.19,completed,Food,South,5,5
6488,2024-08-24,3298.71,refunded,Sports,West,21,1
6489,2024-08-24,112.51,completed,Electronics,East,11,3
6490,2024-08-24,4955.62,completed,Clothing,South,28,1
6491,2024-08-24,1312.42,completed,Sports,Central,42,3
6492,2024-08-24,3327.33,completed,Home,West,38,1
6493,2024-08-24,4247.28,completed,Electronics,West,36,2
6494,2024-08-25,810.72,completed,Sports,West,27,2
6495,2024-08-25,4240.92,completed,Electronics,Central,44,1
6496,2024-08-25,71.11,completed,Home,North,46,5
6497,2024-08-25,2215.47,pending,Clothing,East,38,2
6498,2024-08-25,2365.47,pending,Food,Central,6,1
6499,2024-08-25,1876.71,refunded,Sports,Central,15,5
6500,2024-08-25,2936.06,completed,Home,North,47,1
6501,2024-08-25,4575.06,pending,Food,South,4,1
6502,2024-08-25,1641.68,completed,Clothing,South,27,5
6503,2024-08-25,2900.51,completed,Home,East,32,3
6504,2024-08-25,4388.54,pending,Home,Central,20,2
6505,2024-08-25,3867.25,completed,Books,East,35,2
6506,2024-08-25,213.26,pending,Electronics,North,4,3
6507,2024-08-25,4714.53,completed,Home,East,11,2
6508,2024-08-25,242.77,completed,Books,South,15,1
6509,2024-08-25,2947.9,completed,Books,West,9,5
6510,2024-08-25,2881.01,completed,Electronics,Central,22,5
6511,2024-08-25,3934.09,completed,Home,West,23,1
6512,2024-08-25,750.73,completed,Sports,Central,46,3
6513,2024-08-25,905.06,completed,Clothing,East,24,3
6514,2024-08-25,3763.01,pending,Food,Central,38,1
6515,2024-08-25,756.03,completed,Food,Central,5,2
6516,2024-08-25,2352.53,completed,Home,North,3,4
6517,2024-08-25,3660.92,completed,Food,West,20,1
6518,2024-08-25,3259.7,completed,Home,South,17,2
6519,2024-08-25,1060.91,completed,Sports,North,46,2
6520,2024-08-25,1526.76,completed,Food,South,25,2
6521,2024-08-26,4845.18,failed,Food,North,24,4
6522,2024-08-26,2248.87,completed,Sports,North,42,3
6523,2024-08-26,231.84,pending,Food,North,43,4
6524,2024-08-26,1105.73,completed,Sports,Central,39,3
6525,2024-08-26,1718.75,completed,Electronics,East,22,4
6526,2024-08-26,4997.45,completed,Food,North,11,4
6527,2024-08-26,1520.43,completed,Books,South,2,5
6528,2024-08-26,141.72,completed,Food,West,3,1
6529,2024-08-26,2569.48,completed,Home,West,40,5
6530,2024-08-26,427.19,completed,Clothing,North,7,4
6531,2024-08-26,1377.6,completed,Home,North,21,1
6532,2024-08-26,4961.99,completed,Electronics,East,25,1
6533,2024-08-26,3526.15,pending,Food,Central,28,1
6534,2024-08-26,262.83,failed,Books,North,5,4
6535,2024-08-26,2248.95,completed,Clothing,Central,26,3
6536,2024-08-26,866.47,completed,Books,North,13,1
6537,2024-08-26,623.49,completed,Home,East,17,2
6538,2024-08-26,2939.46,failed,Food,South,41,3
6539,2024-08-26,2533.22,completed,Books,East,23,1
6540,2024-08-26,3716.9,completed,Home,Central,20,3
6541,2024-08-26,4462.61,refunded,Home,South,1,1
6542,2024-08-26,1240.94,completed,Electronics,West,49,4
6543,2024-08-26,4615.73,completed,Sports,South,30,1
6544,2024-08-26,2594.78,failed,Home,West,38,4
6545,2024-08-26,1301.59,failed,Home,North,22,2
6546,2024-08-26,4230.47,completed,Sports,South,13,3
6547,2024-08-26,187.29,completed,Electronics,Central,14,2
6548,2024-08-26,2801.95,completed,Sports,West,1,5
6549,2024-08-27,3610.89,completed,Home,Central,44,4
6550,2024-08-27,1407.09,completed,Books,West,26,5
6551,2024-08-27,4318.82,completed,Electronics,North,18,4
6552,2024-08-27,1209.02,completed,Clothing,East,35,5
6553,2024-08-27,4200.97,pending,Clothing,Central,7,2
6554,2024-08-27,401.94,refunded,Home,West,24,2
6555,2024-08-27,808.04,pending,Electronics,East,22,5
6556,2024-08-27,1911.11,completed,Sports,Central,45,1
6557,2024-08-27,4271.74,completed,Clothing,North,40,1
6558,2024-08-27,731.48,completed,Sports,Central,38,4
6559,2024-08-27,4378.44,completed,Electronics,North,13,2
6560,2024-08-27,1156.36,completed,Clothing,Central,26,2
6561,2024-08-27,2268.02,pending,Electronics,Central,49,2
6562,2024-08-27,1770.14,completed,Books,East,1,4
6563,2024-08-27,599.45,completed,Sports,East,32,3
6564,2024-08-27,4722.11,completed,Food,North,17,1
6565,2024-08-27,2196.51,refunded,Books,South,37,3
6566,2024-08-27,3454.75,completed,Books,South,25,4
6567,2024-08-27,2880.59,completed,Food,West,35,1
6568,2024-08-27,2513.56,completed,Sports,North,13,1
6569,2024-08-27,3086.72,failed,Clothing,Central,44,4
6570,2024-08-27,4492.73,completed,Clothing,South,42,5
6571,2024-08-27,3499.57,completed,Clothing,Central,32,1
6572,2024-08-27,2667.08,pending,Clothing,South,21,4
6573,2024-08-27,3229.48,pending,Electronics,West,8,4
6574,2024-08-27,3035.91,completed,Electronics,West,10,1
6575,2024-08-27,2171.27,failed,Electronics,Central,20,2
6576,2024-08-28,3127.57,completed,Electronics,East,39,3
6577,2024-08-28,2223.41,completed,Books,South,47,4
6578,2024-08-28,3790.5,completed,Clothing,West,30,3
6579,2024-08-28,4844.87,completed,Books,North,46,1
6580,2024-08-28,4799.73,completed,Electronics,Central,10,5
6581,2024-08-28,4105.47,pending,Sports,West,37,3
6582,2024-08-28,3012.78,failed,Food,North,27,3
6583,2024-08-28,3749.17,completed,Food,North,7,3
6584,2024-08-28,898.46,pending,Sports,North,35,3
6585,2024-08-28,2400.3,refunded,Home,West,45,2
6586,2024-08-28,1293.95,completed,Sports,West,22,2
6587,2024-08-28,27.44,pending,Food,North,13,1
6588,2024-08-28,4834.02,refunded,Food,East,15,4
6589,2024-08-28,4320.6,pending,Food,East,30,2
6590,2024-08-28,2573.36,completed,Electronics,East,34,1
6591,2024-08-28,1278.22,failed,Food,West,11,1
6592,2024-08-28,3467.95,pending,Sports,Central,34,5
6593,2024-08-28,2179.66,completed,Clothing,Central,37,3
6594,2024-08-28,4018.71,completed,Food,North,1,4
6595,2024-08-28,4997.6,completed,Electronics,Central,19,3
6596,2024-08-28,1751.92,completed,Clothing,East,12,5
6597,2024-08-28,1229.57,completed,Electronics,North,39,5
6598,2024-08-28,1344.24,completed,Food,Central,32,4
6599,2024-08-28,475.8,pending,Clothing,South,27,5
6600,2024-08-28,1976.29,pending,Home,East,11,2
6601,2024-08-28,96.95,completed,Books,Central,24,3
6602,2024-08-28,580.83,completed,Food,East,48,2
6603,2024-08-28,1365.76,completed,Books,North,49,5
6604,2024-08-29,807.72,completed,Home,North,8,2
6605,2024-08-29,3663.47,completed,Clothing,Central,24,4
6606,2024-08-29,536.97,completed,Clothing,South,37,2
6607,2024-08-29,4331.31,refunded,Books,North,15,4
6608,2024-08-29,1113.36,completed,Electronics,North,49,1
6609,2024-08-29,551.87,completed,Books,Central,23,4
6610,2024-08-29,60.43,failed,Electronics,East,17,5
6611,2024-08-29,3578.87,completed,Home,East,47,3
6612,2024-08-29,1290.52,completed,Sports,East,30,3
6613,2024-08-29,2552.4,completed,Electronics,East,4,3
6614,2024-08-29,566.96,completed,Books,Central,6,3
6615,2024-08-29,4926.63,completed,Clothing,West,49,3
6616,2024-08-29,635.67,pending,Books,West,31,3
6617,2024-08-29,2065.51,completed,Books,Central,43,3
6618,2024-08-29,4259.73,failed,Home,North,49,1
6619,2024-08-29,1231.99,completed,Clothing,South,37,3
6620,2024-08-29,1342.19,pending,Books,Central,48,3
6621,2024-08-29,4044.41,completed,Home,North,47,5
6622,2024-08-29,1373.96,completed,Electronics,South,21,2
6623,2024-08-29,24.33,completed,Clothing,North,32,5
6624,2024-08-29,2145.29,completed,Sports,West,41,5
6625,2024-08-29,72.55,completed,Electronics,Central,47,4
6626,2024-08-29,4549.86,completed,Clothing,South,41,4
6627,2024-08-29,3212.65,completed,Home,West,40,2
6628,2024-08-29,2919.24,completed,Books,West,17,1
6629,2024-08-29,1015.93,completed,Electronics,Central,22,4
6630,2024-08-29,3502.73,completed,Home,Central,41,4
6631,2024-08-30,3389.5,completed,Books,East,7,5
6632,2024-08-30,311.71,completed,Food,North,8,3
6633,2024-08-30,4405.42,completed,Home,West,39,5
6634,2024-08-30,2901.27,completed,Clothing,East,48,1
6635,2024-08-30,3964.41,completed,Food,East,21,1
6636,2024-08-30,1321.94,completed,Books,East,43,1
6637,2024-08-30,619.02,refunded,Clothing,West,18,2
6638,2024-08-30,3515.22,pending,Electronics,South,26,1
6639,2024-08-30,3971.47,completed,Electronics,South,48,1
6640,2024-08-30,1936.31,completed,Clothing,South,19,5
6641,2024-08-30,128.22,completed,Electronics,East,44,1
6642,2024-08-30,4093.09,completed,Books,West,47,5
6643,2024-08-30,1038.41,completed,Home,North,37,4
6644,2024-08-30,1701.77,completed,Clothing,South,4,4
6645,2024-08-30,3144.87,completed,Electronics,West,48,1
6646,2024-08-30,508.77,completed,Electronics,North,25,1
6647,2024-08-30,369.26,pending,Electronics,West,15,1
6648,2024-08-30,138.26,completed,Books,West,24,2
6649,2024-08-30,4584.03,pending,Food,South,22,5
6650,2024-08-30,1563.8,refunded,Food,West,19,3
6651,2024-08-30,3306.69,completed,Sports,East,34,2
6652,2024-08-30,4946.28,pending,Food,South,6,2
6653,2024-08-30,3350.56,pending,Books,North,32,2
6654,2024-08-30,2630.22,completed,Home,Central,13,3
6655,2024-08-30,2609.39,completed,Clothing,Central,39,5
6656,2024-08-30,1890.82,pending,Electronics,Central,49,1
6657,2024-08-30,3002.9,completed,Clothing,North,24,4
6658,2024-08-31,4794.37,completed,Electronics,Central,40,1
6659,2024-08-31,3942.34,completed,Sports,West,16,2
6660,2024-08-31,2126.89,completed,Home,East,42,3
6661,2024-08-31,1668.9,completed,Books,South,27,1
6662,2024-08-31,4418.82,refunded,Electronics,South,25,2
6663,2024-08-31,687.57,completed,Home,South,5,4
6664,2024-08-31,4249.43,completed,Home,North,33,4
6665,2024-08-31,1282.83,completed,Food,West,39,1
6666,2024-08-31,3580.99,completed,Sports,Central,25,4
6667,2024-08-31,4033.04,pending,Books,Central,8,3
6668,2024-08-31,2390.21,completed,Books,Central,34,4
6669,2024-08-31,969.5,completed,Food,North,31,2
6670,2024-08-31,4225.39,completed,Clothing,West,43,5
6671,2024-08-31,1843.87,refunded,Clothing,Central,47,4
6672,2024-08-31,1610.19,failed,Food,East,12,4
6673,2024-08-31,2554.98,completed,Sports,East,15,1
6674,2024-08-31,2181.08,completed,Sports,South,47,4
6675,2024-08-31,3418.43,completed,Electronics,Central,6,2
6676,2024-08-31,694.62,failed,Electronics,West,45,4
6677,2024-08-31,2184.09,pending,Food,West,8,4
6678,2024-08-31,4459.59,completed,Sports,North,21,5
6679,2024-08-31,189.95,failed,Books,Central,7,5
6680,2024-08-31,2292.12,completed,Sports,East,48,2
6681,2024-08-31,3306.05,completed,Sports,Central,25,1
6682,2024-08-31,4439.68,completed,Sports,West,44,3
6683,2024-08-31,2972.99,completed,Books,East,2,3
6684,2024-08-31,4124.18,completed,Electronics,West,2,2
6685,2024-08-31,1121.23,completed,Clothing,South,27,3
6686,2024-09-01,1770.52,pending,Sports,East,3,3
6687,2024-09-01,4711.24,refunded,Clothing,North,27,4
6688,2024-09-01,4431.02,completed,Sports,West,35,2
6689,2024-09-01,2794.19,completed,Food,South,24,4
6690,2024-09-01,2382.69,pending,Electronics,North,39,5
6691,2024-09-01,2260.83,completed,Sports,West,5,4
6692,2024-09-01,303.36,pending,Home,South,13,4
6693,2024-09-01,4462.96,completed,Food,South,8,2
6694,2024-09-01,4092.57,completed,Electronics,North,25,2
6695,2024-09-01,2286.69,failed,Food,West,20,1
6696,2024-09-01,1404.41,completed,Home,South,27,3
6697,2024-09-01,1721.17,completed,Clothing,East,8,1
6698,2024-09-01,624.57,completed,Electronics,South,22,4
6699,2024-09-01,3611.73,pending,Sports,West,38,5
6700,2024-09-01,2787.78,failed,Clothing,South,4,5
6701,2024-09-01,1178.18,completed,Electronics,West,39,1
6702,2024-09-01,3118.8,completed,Sports,East,11,4
6703,2024-09-01,4896.36,completed,Food,North,43,3
6704,2024-09-01,620.75,completed,Electronics,East,40,1
6705,2024-09-01,2297.84,completed,Electronics,South,22,4
6706,2024-09-01,2475.85,completed,Clothing,East,4,5
6707,2024-09-01,842.32,completed,Electronics,North,19,3
6708,2024-09-01,2662.59,completed,Electronics,West,31,5
6709,2024-09-01,3033.83,completed,Food,West,17,1
6710,2024-09-01,795.15,completed,Sports,North,32,5
6711,2024-09-01,782.07,completed,Food,Central,41,4
6712,2024-09-01,4283.18,completed,Electronics,South,47,4
6713,2024-09-02,1563.82,completed,Home,South,20,3
6714,2024-09-02,3155.36,completed,Books,North,49,1
6715,2024-09-02,3137.6,completed,Home,South,13,3
6716,2024-09-02,4197.46,completed,Books,North,47,5
6717,2024-09-02,3702.07,completed,Food,East,7,3
6718,2024-09-02,4204.48,completed,Books,West,27,1
6719,2024-09-02,3129.82,completed,Electronics,South,33,3
6720,2024-09-02,2252.79,completed,Food,Central,3,1
6721,2024-09-02,1973.9,completed,Food,Central,22,3
6722,2024-09-02,1901.36,completed,Clothing,South,14,4
6723,2024-09-02,2097.78,completed,Home,West,40,1
6724,2024-09-02,655.25,completed,Home,East,24,3
6725,2024-09-02,2125.55,pending,Food,South,6,3
6726,2024-09-02,1953.33,completed,Sports,South,2,4
6727,2024-09-02,182.51,failed,Clothing,East,2,1
6728,2024-09-02,1382.9,completed,Home,North,2,4
6729,2024-09-02,3762.02,failed,Sports,West,24,4
6730,2024-09-02,2893.95,pending,Sports,Central,16,1
6731,2024-09-02,4032.78,completed,Books,South,11,1
6732,2024-09-02,2718.01,completed,Sports,East,19,4
6733,2024-09-02,4271.88,completed,Books,Central,22,5
6734,2024-09-02,3982.37,completed,Home,West,29,5
6735,2024-09-02,500.44,completed,Books,East,25,4
6736,2024-09-02,4885.26,failed,Food,Central,46,5
6737,2024-09-02,83.59,pending,Clothing,North,19,4
6738,2024-09-02,2988.22,refunded,Home,East,20,1
6739,2024-09-02,3964.63,pending,Electronics,South,21,3
6740,2024-09-02,1666.15,pending,Electronics,North,3,2
6741,2024-09-03,2996.86,pending,Electronics,East,37,2
6742,2024-09-03,1816.99,completed,Electronics,West,27,1
6743,2024-09-03,312.47,failed,Clothing,West,20,1
6744,2024-09-03,52.22,completed,Food,West,18,4
6745,2024-09-03,483.36,completed,Clothing,South,26,1
6746,2024-09-03,501.06,completed,Food,East,45,4
6747,2024-09-03,3058.34,completed,Food,North,20,2
6748,2024-09-03,2634.07,failed,Food,West,22,3
6749,2024-09-03,2282.76,completed,Electronics,Central,7,2
6750,2024-09-03,3462.69,completed,Books,East,16,2
6751,2024-09-03,93.96,completed,Clothing,South,37,3
6752,2024-09-03,1362.21,completed,Books,South,36,4
6753,2024-09-03,3889.19,completed,Electronics,West,40,3
6754,2024-09-03,4550.79,completed,Home,West,25,4
6755,2024-09-03,2197.3,completed,Sports,East,45,5
6756,2024-09-03,416.61,completed,Food,South,28,3
6757,2024-09-03,3995.66,completed,Food,East,7,5
6758,2024-09-03,4427.0,completed,Clothing,South,8,1
6759,2024-09-03,2074.16,completed,Home,North,25,3
6760,2024-09-03,1224.34,failed,Sports,East,19,3
6761,2024-09-03,229.42,failed,Food,Central,6,1
6762,2024-09-03,2959.5,pending,Books,West,3,5
6763,2024-09-03,4550.25,completed,Electronics,North,31,4
6764,2024-09-03,3392.66,completed,Sports,Central,37,3
6765,2024-09-03,1593.07,failed,Books,South,11,4
6766,2024-09-03,3218.01,refunded,Clothing,West,13,4
6767,2024-09-03,4162.02,completed,Sports,East,27,4
6768,2024-09-04,2384.39,completed,Electronics,West,6,2
6769,2024-09-04,4100.54,completed,Food,West,42,3
6770,2024-09-04,1965.63,completed,Home,South,29,2
6771,2024-09-04,1749.04,refunded,Sports,West,18,5
6772,2024-09-04,2919.11,failed,Electronics,East,29,1
6773,2024-09-04,2328.79,refunded,Books,South,8,5
6774,2024-09-04,4885.79,completed,Sports,North,16,2
6775,2024-09-04,2586.78,completed,Books,East,27,4
6776,2024-09-04,1932.01,failed,Clothing,East,48,1
6777,2024-09-04,1980.72,completed,Sports,East,42,5
6778,2024-09-04,2744.22,completed,Food,West,32,3
6779,2024-09-04,1781.01,completed,Home,West,17,5
6780,2024-09-04,3617.3,completed,Home,North,46,2
6781,2024-09-04,1909.51,completed,Home,South,7,5
6782,2024-09-04,1926.88,failed,Food,Central,15,5
6783,2024-09-04,3088.7,completed,Sports,East,22,1
6784,2024-09-04,313.63,completed,Electronics,East,28,2
6785,2024-09-04,3280.22,completed,Sports,Central,34,3
6786,2024-09-04,2529.81,completed,Sports,West,21,2
6787,2024-09-04,2270.6,completed,Sports,Central,47,5
6788,2024-09-04,3599.07,completed,Electronics,East,21,1
6789,2024-09-04,3793.7,pending,Food,North,31,2
6790,2024-09-04,4232.84,completed,Clothing,West,3,2
6791,2024-09-04,1880.27,completed,Home,Central,8,3
6792,2024-09-04,1641.92,completed,Books,East,11,4
6793,2024-09-04,3574.57,completed,Books,East,1,1
6794,2024-09-04,2913.21,completed,Food,North,43,4
6795,2024-09-05,3162.69,completed,Electronics,South,31,3
6796,2024-09-05,2782.06,completed,Books,Central,42,4
6797,2024-09-05,3865.74,completed,Books,North,17,1
6798,2024-09-05,958.3,completed,Food,West,6,5
6799,2024-09-05,2783.0,completed,Books,West,17,3
6800,2024-09-05,798.93,completed,Food,East,1,2
6801,2024-09-05,2042.19,completed,Books,Central,15,4
6802,2024-09-05,3323.33,completed,Food,West,6,3
6803,2024-09-05,2470.43,completed,Sports,Central,11,2
6804,2024-09-05,1904.16,pending,Home,South,32,1
6805,2024-09-05,4426.0,completed,Food,West,48,3
6806,2024-09-05,3866.4,failed,Electronics,West,12,2
6807,2024-09-05,2636.19,completed,Sports,Central,49,4
6808,2024-09-05,4750.77,completed,Home,East,38,2
6809,2024-09-05,2127.58,completed,Sports,South,6,1
6810,2024-09-05,3942.48,completed,Food,Central,1,4
6811,2024-09-05,848.0,failed,Books,West,6,5
6812,2024-09-05,1436.1,failed,Food,South,36,5
6813,2024-09-05,1697.05,pending,Sports,South,33,3
6814,2024-09-05,538.05,completed,Sports,West,44,2
6815,2024-09-05,2514.01,failed,Books,East,26,2
6816,2024-09-05,969.38,completed,Food,Central,3,2
6817,2024-09-05,3174.59,failed,Clothing,West,49,1
6818,2024-09-05,958.56,completed,Books,Central,43,5
6819,2024-09-05,626.3,failed,Food,South,36,2
6820,2024-09-05,4845.74,completed,Home,West,45,4
6821,2024-09-05,3294.62,completed,Electronics,North,14,2
6822,2024-09-05,4682.89,refunded,Home,West,27,4
6823,2024-09-06,2454.54,completed,Sports,East,27,5
6824,2024-09-06,176.68,failed,Books,East,14,3
6825,2024-09-06,2876.11,completed,Home,Central,49,5
6826,2024-09-06,2796.06,completed,Sports,North,28,2
6827,2024-09-06,84.73,pending,Electronics,South,46,2
6828,2024-09-06,4307.6,completed,Food,East,16,4
6829,2024-09-06,3103.65,pending,Home,East,25,1
6830,2024-09-06,3726.01,completed,Sports,East,46,1
6831,2024-09-06,2474.67,completed,Electronics,East,9,2
6832,2024-09-06,3095.83,completed,Clothing,North,27,3
6833,2024-09-06,1294.77,completed,Home,Central,40,3
6834,2024-09-06,4869.05,pending,Electronics,West,40,1
6835,2024-09-06,2009.59,failed,Home,West,37,3
6836,2024-09-06,820.01,completed,Books,North,30,4
6837,2024-09-06,289.02,completed,Sports,North,1,2
6838,2024-09-06,3184.5,completed,Clothing,East,15,3
6839,2024-09-06,4917.07,completed,Food,North,39,2
6840,2024-09-06,4480.01,failed,Sports,East,25,1
6841,2024-09-06,3513.5,completed,Electronics,Central,18,4
6842,2024-09-06,4953.08,completed,Electronics,Central,44,3
6843,2024-09-06,3616.91,completed,Books,East,17,5
6844,2024-09-06,1702.86,completed,Electronics,South,19,1
6845,2024-09-06,3010.08,pending,Home,North,20,1
6846,2024-09-06,408.04,completed,Sports,North,17,4
6847,2024-09-06,1116.2,completed,Sports,South,25,5
6848,2024-09-06,2093.53,completed,Books,East,47,5
6849,2024-09-06,1017.07,completed,Books,West,49,5
6850,2024-09-07,4767.97,completed,Home,East,17,2
6851,2024-09-07,4978.03,pending,Electronics,Central,19,4
6852,2024-09-07,1860.97,completed,Clothing,North,43,1
6853,2024-09-07,3549.05,completed,Sports,East,29,3
6854,2024-09-07,2044.78,completed,Electronics,West,9,5
6855,2024-09-07,706.15,pending,Clothing,North,27,4
6856,2024-09-07,1691.26,completed,Electronics,Central,39,5
6857,2024-09-07,1174.52,completed,Electronics,Central,20,5
6858,2024-09-07,1647.11,pending,Food,West,31,4
6859,2024-09-07,1082.96,completed,Books,West,38,4
6860,2024-09-07,570.6,pending,Electronics,South,6,2
6861,2024-09-07,1094.97,pending,Home,North,48,3
6862,2024-09-07,4529.73,failed,Sports,South,4,1
6863,2024-09-07,435.26,completed,Books,North,6,3
6864,2024-09-07,1630.54,completed,Electronics,East,15,5
6865,2024-09-07,2646.96,failed,Books,Central,1,1
6866,2024-09-07,1779.02,completed,Home,West,33,3
6867,2024-09-07,2592.86,completed,Clothing,Central,26,5
6868,2024-09-07,226.67,completed,Books,Central,18,2
6869,2024-09-07,3246.36,completed,Books,West,49,3
6870,2024-09-07,2821.76,completed,Sports,North,14,4
6871,2024-09-07,3408.02,failed,Home,Central,44,4
6872,2024-09-07,2840.62,completed,Electronics,East,29,4
6873,2024-09-07,2195.14,completed,Electronics,East,34,1
6874,2024-09-07,1757.21,refunded,Electronics,Central,47,1
6875,2024-09-07,1139.91,completed,Clothing,West,13,4
6876,2024-09-07,2505.34,completed,Food,North,6,5
6877,2024-09-07,140.0,completed,Home,West,39,2
6878,2024-09-08,1647.92,completed,Books,Central,32,3
6879,2024-09-08,3392.58,completed,Sports,South,10,1
6880,2024-09-08,552.5,completed,Books,East,45,1
6881,2024-09-08,323.83,completed,Home,North,36,3
6882,2024-09-08,3264.37,completed,Clothing,West,27,1
6883,2024-09-08,1994.9,completed,Sports,North,7,3
6884,2024-09-08,4011.11,completed,Clothing,East,48,3
6885,2024-09-08,4687.18,completed,Clothing,West,26,1
6886,2024-09-08,4785.63,completed,Home,Central,30,3
6887,2024-09-08,2133.71,completed,Electronics,South,2,3
6888,2024-09-08,1328.99,failed,Clothing,Central,33,1
6889,2024-09-08,3046.98,completed,Food,North,41,2
6890,2024-09-08,3144.68,pending,Electronics,North,39,3
6891,2024-09-08,3115.5,completed,Sports,North,19,5
6892,2024-09-08,1615.68,completed,Food,West,10,3
6893,2024-09-08,328.12,completed,Food,South,22,4
6894,2024-09-08,1057.92,completed,Clothing,North,28,3
6895,2024-09-08,780.55,completed,Home,West,14,5
6896,2024-09-08,628.26,pending,Food,South,31,5
6897,2024-09-08,4632.15,pending,Sports,West,46,3
6898,2024-09-08,79.1,refunded,Books,East,6,2
6899,2024-09-08,3013.27,failed,Home,North,13,3
6900,2024-09-08,4737.89,completed,Books,West,23,5
6901,2024-09-08,1806.67,completed,Home,Central,9,3
6902,2024-09-08,2640.22,completed,Sports,South,38,2
6903,2024-09-08,3481.96,completed,Electronics,Central,3,4
6904,2024-09-08,1592.68,failed,Electronics,South,2,1
6905,2024-09-09,2393.48,completed,Sports,South,18,2
6906,2024-09-09,4087.34,completed,Electronics,North,21,1
6907,2024-09-09,3729.32,completed,Clothing,South,35,5
6908,2024-09-09,4044.16,failed,Sports,South,8,5
6909,2024-09-09,4936.83,completed,Food,West,39,5
6910,2024-09-09,1857.93,pending,Clothing,North,9,1
6911,2024-09-09,3737.99,completed,Clothing,East,47,5
6912,2024-09-09,3017.89,completed,Clothing,South,26,2
6913,2024-09-09,3336.36,completed,Home,North,38,5
6914,2024-09-09,3701.97,pending,Food,Central,2,2
6915,2024-09-09,3751.16,pending,Home,East,36,2
6916,2024-09-09,4429.87,completed,Sports,South,21,4
6917,2024-09-09,1753.12,completed,Clothing,West,25,4
6918,2024-09-09,3270.87,completed,Electronics,Central,2,2
6919,2024-09-09,1408.65,completed,Home,South,31,5
6920,2024-09-09,2976.9,completed,Home,South,46,1
6921,2024-09-09,3758.36,completed,Electronics,West,49,5
6922,2024-09-09,3957.1,completed,Clothing,East,44,3
6923,2024-09-09,2106.42,pending,Sports,West,36,3
6924,2024-09-09,2548.51,pending,Home,North,11,5
6925,2024-09-09,1675.91,pending,Home,Central,19,1
6926,2024-09-09,853.49,refunded,Clothing,North,4,5
6927,2024-09-09,1309.98,refunded,Home,South,12,2
6928,2024-09-09,4561.56,completed,Sports,West,13,5
6929,2024-09-09,1551.76,completed,Food,East,33,4
6930,2024-09-09,4874.05,completed,Food,South,2,2
6931,2024-09-09,1214.98,failed,Sports,Central,46,1
6932,2024-09-10,3618.12,completed,Home,South,37,1
6933,2024-09-10,2873.78,completed,Home,West,33,1
6934,2024-09-10,3487.38,completed,Food,East,29,1
6935,2024-09-10,3223.35,completed,Clothing,East,13,4
6936,2024-09-10,3536.68,completed,Home,West,27,5
6937,2024-09-10,4528.68,pending,Clothing,South,32,4
6938,2024-09-10,2821.71,completed,Sports,South,42,4
6939,2024-09-10,348.57,failed,Books,West,34,5
6940,2024-09-10,1361.42,completed,Books,North,40,4
6941,2024-09-10,3544.01,failed,Clothing,East,23,1
6942,2024-09-10,2475.43,completed,Clothing,South,21,3
6943,2024-09-10,2747.27,completed,Books,East,39,4
6944,2024-09-10,2986.94,refunded,Clothing,East,30,3
6945,2024-09-10,1919.32,failed,Sports,East,20,2
6946,2024-09-10,3871.74,pending,Home,Central,22,3
6947,2024-09-10,3620.44,failed,Electronics,Central,28,4
6948,2024-09-10,3574.35,completed,Home,North,31,2
6949,2024-09-10,3579.4,completed,Clothing,West,18,2
6950,2024-09-10,4452.89,completed,Electronics,South,8,3
6951,2024-09-10,2981.01,failed,Home,West,45,3
6952,2024-09-10,4835.69,pending,Clothing,East,15,2
6953,2024-09-10,604.77,refunded,Books,Central,8,2
6954,2024-09-10,3163.48,pending,Electronics,Central,13,1
6955,2024-09-10,3587.46,completed,Electronics,North,43,4
6956,2024-09-10,2391.33,completed,Clothing,North,9,2
6957,2024-09-10,1448.16,completed,Books,North,35,5
6958,2024-09-10,2754.69,completed,Clothing,West,21,5
6959,2024-09-10,1830.09,pending,Clothing,South,30,4
6960,2024-09-11,4546.53,completed,Home,West,36,5
6961,2024-09-11,1790.39,failed,Clothing,South,11,5
6962,2024-09-11,886.78,completed,Electronics,South,20,4
6963,2024-09-11,2886.18,completed,Electronics,West,39,2
6964,2024-09-11,1986.0,failed,Home,West,49,5
6965,2024-09-11,488.53,completed,Food,East,42,2
6966,2024-09-11,2828.56,pending,Home,East,15,1
6967,2024-09-11,2693.85,completed,Sports,West,12,3
6968,2024-09-11,874.25,completed,Clothing,North,47,1
6969,2024-09-11,2992.21,completed,Sports,East,34,1
6970,2024-09-11,2841.12,completed,Food,South,10,1
6971,2024-09-11,3870.33,pending,Books,North,32,5
6972,2024-09-11,1814.23,refunded,Books,South,16,1
6973,2024-09-11,1251.31,failed,Sports,North,8,2
6974,2024-09-11,4756.59,completed,Clothing,South,9,4
6975,2024-09-11,2810.48,refunded,Electronics,North,19,5
6976,2024-09-11,145.43,completed,Sports,West,12,1
6977,2024-09-11,4105.35,completed,Home,South,39,5
6978,2024-09-11,991.82,pending,Books,West,8,5
6979,2024-09-11,3932.32,failed,Electronics,West,10,5
6980,2024-09-11,3528.76,failed,Electronics,Central,31,4
6981,2024-09-11,4844.38,pending,Books,North,22,3
6982,2024-09-11,4828.24,completed,Home,East,10,1
6983,2024-09-11,1379.31,completed,Books,East,4,1
6984,2024-09-11,3834.58,completed,Clothing,South,5,5
6985,2024-09-11,1591.11,completed,Books,Central,15,5
6986,2024-09-11,3149.7,completed,Electronics,North,14,5
6987,2024-09-12,2992.75,completed,Food,South,29,4
6988,2024-09-12,282.17,completed,Home,West,34,3
6989,2024-09-12,35.86,completed,Books,South,9,1
6990,2024-09-12,298.24,pending,Electronics,North,22,1
6991,2024-09-12,648.43,completed,Clothing,North,23,2
6992,2024-09-12,1295.69,completed,Electronics,South,8,3
6993,2024-09-12,4535.71,completed,Food,South,24,2
6994,2024-09-12,2597.98,completed,Clothing,West,4,3
6995,2024-09-12,3986.49,completed,Home,North,16,4
6996,2024-09-12,4193.18,completed,Clothing,West,36,4
6997,2024-09-12,3677.37,failed,Electronics,South,12,5
6998,2024-09-12,1963.01,pending,Food,North,35,2
6999,2024-09-12,4320.66,completed,Sports,North,6,5
7000,2024-09-12,3712.83,completed,Sports,West,23,5
7001,2024-09-12,3718.33,completed,Home,West,45,2
7002,2024-09-12,4508.86,completed,Food,North,26,2
7003,2024-09-12,2997.33,completed,Books,South,41,5
7004,2024-09-12,2647.59,refunded,Books,West,12,5
7005,2024-09-12,4451.91,completed,Electronics,Central,10,3
7006,2024-09-12,2277.76,completed,Electronics,West,24,1
7007,2024-09-12,4059.74,pending,Sports,West,13,4
7008,2024-09-12,278.69,completed,Food,West,36,5
7009,2024-09-12,16.44,completed,Sports,South,18,3
7010,2024-09-12,2646.18,completed,Home,North,38,1
7011,2024-09-12,377.32,completed,Clothing,East,2,4
7012,2024-09-12,4882.95,completed,Sports,East,17,4
7013,2024-09-12,37.45,refunded,Clothing,Central,12,5
7014,2024-09-13,3593.57,completed,Sports,South,34,5
7015,2024-09-13,1224.49,pending,Electronics,Central,11,3
7016,2024-09-13,4838.08,completed,Clothing,East,24,2
7017,2024-09-13,1913.89,pending,Food,East,18,1
7018,2024-09-13,146.14,completed,Food,Central,37,1
7019,2024-09-13,144.41,completed,Electronics,East,19,5
7020,2024-09-13,2771.33,completed,Home,North,34,5
7021,2024-09-13,4933.69,completed,Electronics,South,5,4
7022,2024-09-13,4899.07,completed,Home,East,37,5
7023,2024-09-13,1692.99,completed,Clothing,South,32,2
7024,2024-09-13,2418.69,pending,Sports,North,9,4
7025,2024-09-13,511.27,completed,Sports,South,6,2
7026,2024-09-13,2615.66,completed,Food,East,16,2
7027,2024-09-13,3002.51,failed,Books,North,49,4
7028,2024-09-13,1262.8,completed,Electronics,East,13,1
7029,2024-09-13,3064.45,completed,Home,West,24,3
7030,2024-09-13,4499.47,pending,Electronics,East,22,3
7031,2024-09-13,14.77,pending,Books,West,15,3
7032,2024-09-13,1152.38,completed,Electronics,West,23,4
7033,2024-09-13,1057.5,completed,Sports,East,9,2
7034,2024-09-13,628.19,completed,Food,Central,33,1
7035,2024-09-13,838.85,completed,Food,West,8,4
7036,2024-09-13,3133.3,pending,Electronics,Central,28,1
7037,2024-09-13,522.45,refunded,Clothing,West,16,5
7038,2024-09-13,3695.27,completed,Food,Central,29,5
7039,2024-09-13,4436.24,completed,Sports,East,27,2
7040,2024-09-13,4633.67,pending,Books,North,32,4
7041,2024-09-13,3304.28,completed,Clothing,North,30,3
7042,2024-09-14,995.01,pending,Books,Central,14,4
7043,2024-09-14,435.63,completed,Clothing,West,29,2
7044,2024-09-14,1167.8,completed,Books,South,12,5
7045,2024-09-14,4810.17,completed,Books,East,20,5
7046,2024-09-14,4812.1,refunded,Clothing,North,11,3
7047,2024-09-14,1915.78,completed,Clothing,Central,27,5
7048,2024-09-14,1635.7,failed,Books,East,39,2
7049,2024-09-14,2554.95,completed,Books,South,30,4
7050,2024-09-14,1465.52,completed,Home,South,5,5
7051,2024-09-14,4898.52,completed,Food,North,4,4
7052,2024-09-14,1113.89,completed,Food,West,16,5
7053,2024-09-14,1852.02,completed,Food,South,29,2
7054,2024-09-14,2152.56,completed,Home,North,14,1
7055,2024-09-14,634.07,completed,Clothing,Central,49,3
7056,2024-09-14,1920.3,completed,Food,East,30,2
7057,2024-09-14,4285.09,pending,Food,North,44,4
7058,2024-09-14,710.4,failed,Books,South,46,2
7059,2024-09-14,2924.27,completed,Sports,East,5,5
7060,2024-09-14,2039.12,completed,Food,South,44,1
7061,2024-09-14,860.98,refunded,Clothing,Central,3,5
7062,2024-09-14,71.56,completed,Sports,Central,6,2
7063,2024-09-14,1373.98,pending,Clothing,Central,27,2
7064,2024-09-14,318.53,completed,Home,East,27,1
7065,2024-09-14,1890.07,failed,Books,Central,32,4
7066,2024-09-14,4052.95,completed,Food,South,2,4
7067,2024-09-14,3601.23,completed,Clothing,East,6,5
7068,2024-09-14,4737.44,completed,Sports,West,39,1
7069,2024-09-15,2140.81,completed,Books,East,29,3
7070,2024-09-15,3541.93,completed,Home,Central,19,5
7071,2024-09-15,3330.06,refunded,Sports,North,9,1
7072,2024-09-15,1093.06,completed,Sports,East,11,3
7073,2024-09-15,1524.88,completed,Electronics,Central,16,2
7074,2024-09-15,2653.85,completed,Electronics,North,24,2
7075,2024-09-15,3985.32,completed,Books,South,40,4
7076,2024-09-15,2314.45,completed,Electronics,Central,22,5
7077,2024-09-15,1146.43,completed,Home,West,22,1
7078,2024-09-15,4967.39,pending,Home,South,47,4
7079,2024-09-15,586.74,pending,Books,South,5,2
7080,2024-09-15,4779.89,completed,Sports,South,2,4
7081,2024-09-15,4047.14,pending,Food,West,49,5
7082,2024-09-15,4196.08,completed,Home,North,47,5
7083,2024-09-15,3976.64,completed,Electronics,South,20,1
7084,2024-09-15,1048.77,failed,Clothing,North,12,5
7085,2024-09-15,3166.59,failed,Sports,West,7,5
7086,2024-09-15,3786.18,completed,Sports,Central,8,4
7087,2024-09-15,3730.97,completed,Clothing,North,44,2
7088,2024-09-15,1365.11,completed,Sports,Central,37,4
7089,2024-09-15,913.79,completed,Food,Central,42,1
7090,2024-09-15,1647.33,completed,Home,East,26,2
7091,2024-09-15,2404.42,completed,Clothing,North,33,5
7092,2024-09-15,2873.17,failed,Sports,West,44,4
7093,2024-09-15,4186.38,pending,Clothing,East,18,2
7094,2024-09-15,3847.48,completed,Electronics,Central,27,3
7095,2024-09-15,3383.99,failed,Sports,South,15,1
7096,2024-09-15,1324.81,pending,Sports,East,25,5
7097,2024-09-16,2399.61,completed,Clothing,Central,11,3
7098,2024-09-16,1683.83,completed,Books,West,11,3
7099,2024-09-16,1182.29,failed,Home,West,18,2
7100,2024-09-16,61.12,refunded,Food,Central,47,2
7101,2024-09-16,1703.92,completed,Books,East,14,2
7102,2024-09-16,1288.02,completed,Clothing,North,33,3
7103,2024-09-16,2863.79,failed,Books,Central,29,3
7104,2024-09-16,320.89,refunded,Home,North,30,3
7105,2024-09-16,1359.89,completed,Books,East,7,3
7106,2024-09-16,233.4,completed,Electronics,West,39,3
7107,2024-09-16,3210.68,failed,Sports,West,39,2
7108,2024-09-16,2845.27,completed,Food,West,5,3
7109,2024-09-16,1694.03,completed,Electronics,East,20,2
7110,2024-09-16,745.2,completed,Books,North,43,5
7111,2024-09-16,4790.02,completed,Clothing,North,12,4
7112,2024-09-16,2926.12,pending,Home,South,25,2
7113,2024-09-16,3398.78,completed,Home,Central,41,4
7114,2024-09-16,2661.43,pending,Sports,West,40,5
7115,2024-09-16,4034.6,completed,Books,East,19,4
7116,2024-09-16,4482.94,pending,Clothing,East,35,4
7117,2024-09-16,1919.73,completed,Electronics,South,46,2
7118,2024-09-16,3453.23,completed,Electronics,Central,23,1
7119,2024-09-16,1157.14,refunded,Food,East,48,3
7120,2024-09-16,3262.76,pending,Clothing,Central,38,2
7121,2024-09-16,2001.79,completed,Home,North,32,1
7122,2024-09-16,43.84,completed,Clothing,East,36,5
7123,2024-09-16,4778.08,completed,Clothing,West,10,2
7124,2024-09-17,4343.52,refunded,Sports,West,1,5
7125,2024-09-17,1461.27,completed,Home,North,41,4
7126,2024-09-17,4988.81,failed,Food,West,35,1
7127,2024-09-17,1592.47,completed,Electronics,Central,46,1
7128,2024-09-17,2299.63,pending,Electronics,North,25,3
7129,2024-09-17,4257.78,completed,Books,South,19,4
7130,2024-09-17,1529.94,completed,Home,East,42,2
7131,2024-09-17,2258.2,failed,Food,South,47,1
7132,2024-09-17,3331.28,completed,Electronics,East,40,4
7133,2024-09-17,661.03,failed,Food,Central,41,2
7134,2024-09-17,2117.53,completed,Electronics,Central,9,1
7135,2024-09-17,1553.96,completed,Food,West,43,2
7136,2024-09-17,3387.1,failed,Food,Central,2,2
7137,2024-09-17,688.49,completed,Sports,Central,38,3
7138,2024-09-17,1171.33,completed,Electronics,North,10,2
7139,2024-09-17,3559.77,completed,Food,South,3,3
7140,2024-09-17,789.56,completed,Clothing,Central,37,3
7141,2024-09-17,2115.88,failed,Food,East,17,1
7142,2024-09-17,3567.27,completed,Home,West,43,2
7143,2024-09-17,3829.69,completed,Sports,East,14,3
7144,2024-09-17,483.46,completed,Home,North,35,4
7145,2024-09-17,4261.46,completed,Electronics,East,32,1
7146,2024-09-17,3622.62,failed,Sports,South,41,5
7147,2024-09-17,1703.08,pending,Home,West,43,1
7148,2024-09-17,3821.38,completed,Sports,Central,29,4
7149,2024-09-17,3644.21,completed,Sports,North,17,2
7150,2024-09-17,3008.45,completed,Electronics,South,25,5
7151,2024-09-18,2796.82,failed,Sports,South,30,4
7152,2024-09-18,3676.17,completed,Home,West,48,4
7153,2024-09-18,4996.31,completed,Clothing,South,9,5
7154,2024-09-18,2896.98,completed,Food,East,4,1
7155,2024-09-18,4045.5,refunded,Food,Central,23,5
7156,2024-09-18,3723.93,completed,Electronics,East,21,1
7157,2024-09-18,4280.48,completed,Electronics,North,45,3
7158,2024-09-18,4773.08,failed,Clothing,East,14,4
7159,2024-09-18,973.49,refunded,Electronics,Central,8,5
7160,2024-09-18,835.64,completed,Books,East,6,4
7161,2024-09-18,2935.9,pending,Electronics,Central,44,4
7162,2024-09-18,2251.98,completed,Electronics,Central,30,5
7163,2024-09-18,2857.91,completed,Books,South,48,1
7164,2024-09-18,3992.23,completed,Clothing,East,13,1
7165,2024-09-18,4659.26,pending,Food,North,4,1
7166,2024-09-18,2092.9,pending,Food,North,23,2
7167,2024-09-18,3592.48,completed,Food,South,9,3
7168,2024-09-18,992.03,completed,Food,East,7,5
7169,2024-09-18,2677.41,pending,Electronics,South,44,2
7170,2024-09-18,118.81,completed,Electronics,West,20,5
7171,2024-09-18,2523.72,completed,Food,North,4,4
7172,2024-09-18,2731.23,pending,Books,East,10,3
7173,2024-09-18,3679.87,completed,Sports,Central,18,4
7174,2024-09-18,3250.93,completed,Clothing,West,44,3
7175,2024-09-18,1798.4,completed,Electronics,South,32,1
7176,2024-09-18,38.6,completed,Books,South,26,5
7177,2024-09-18,586.27,completed,Home,Central,29,1
7178,2024-09-18,4865.57,pending,Clothing,East,40,3
7179,2024-09-19,4612.44,failed,Electronics,Central,10,1
7180,2024-09-19,1632.21,completed,Food,Central,24,4
7181,2024-09-19,1301.68,pending,Books,East,19,4
7182,2024-09-19,2187.72,completed,Books,East,3,5
7183,2024-09-19,3452.8,pending,Electronics,South,27,5
7184,2024-09-19,1790.57,completed,Books,West,35,2
7185,2024-09-19,345.8,completed,Food,West,33,2
7186,2024-09-19,2019.95,completed,Electronics,West,3,2
7187,2024-09-19,1310.34,completed,Home,Central,20,1
7188,2024-09-19,1631.4,refunded,Books,West,20,5
7189,2024-09-19,823.16,completed,Clothing,North,8,1
7190,2024-09-19,3297.61,completed,Sports,South,27,3
7191,2024-09-19,2637.89,completed,Sports,East,27,2
7192,2024-09-19,1361.61,completed,Clothing,West,39,1
7193,2024-09-19,2773.77,completed,Home,Central,38,5
7194,2024-09-19,2468.61,completed,Books,East,45,3
7195,2024-09-19,3981.91,completed,Clothing,Central,21,5
7196,2024-09-19,4780.36,failed,Food,South,11,4
7197,2024-09-19,662.05,completed,Clothing,North,27,3
7198,2024-09-19,4420.73,completed,Home,East,33,2
7199,2024-09-19,3526.94,completed,Clothing,North,17,3
7200,2024-09-19,3465.84,failed,Food,East,24,4
7201,2024-09-19,1877.76,failed,Electronics,South,46,1
7202,2024-09-19,1726.1,completed,Home,North,38,2
7203,2024-09-19,38.14,completed,Clothing,West,30,2
7204,2024-09-19,4911.2,completed,Books,West,47,1
7205,2024-09-19,3036.46,completed,Food,North,1,1
7206,2024-09-20,2017.62,failed,Books,East,27,2
7207,2024-09-20,2723.41,failed,Books,East,14,2
7208,2024-09-20,212.23,completed,Clothing,North,15,3
7209,2024-09-20,876.52,failed,Food,West,39,5
7210,2024-09-20,3120.57,pending,Books,South,40,5
7211,2024-09-20,2576.17,pending,Clothing,Central,24,2
7212,2024-09-20,3937.5,pending,Electronics,West,26,3
7213,2024-09-20,3297.13,completed,Clothing,North,30,1
7214,2024-09-20,3011.16,failed,Food,East,44,5
7215,2024-09-20,4078.18,completed,Clothing,North,2,2
7216,2024-09-20,350.63,completed,Clothing,West,28,1
7217,2024-09-20,3457.53,completed,Sports,South,4,4
7218,2024-09-20,3580.8,pending,Sports,East,46,2
7219,2024-09-20,1383.07,completed,Home,West,12,3
7220,2024-09-20,986.29,completed,Sports,Central,1,3
7221,2024-09-20,1077.12,pending,Food,East,40,4
7222,2024-09-20,998.72,completed,Home,North,37,5
7223,2024-09-20,2623.67,completed,Home,South,45,3
7224,2024-09-20,686.78,completed,Clothing,West,17,4
7225,2024-09-20,3299.84,pending,Clothing,North,14,5
7226,2024-09-20,534.34,completed,Home,South,33,4
7227,2024-09-20,144.18,completed,Home,South,47,1
7228,2024-09-20,1603.26,completed,Home,South,47,2
7229,2024-09-20,967.38,failed,Food,Central,20,3
7230,2024-09-20,4943.42,pending,Home,Central,33,5
7231,2024-09-20,1521.95,completed,Sports,Central,41,4
7232,2024-09-20,1118.1,failed,Sports,Central,37,5
7233,2024-09-20,991.88,pending,Books,Central,30,4
7234,2024-09-21,1875.53,pending,Clothing,North,8,5
7235,2024-09-21,3033.19,completed,Sports,South,31,3
7236,2024-09-21,3911.91,completed,Home,North,9,2
7237,2024-09-21,1829.24,pending,Home,West,23,3
7238,2024-09-21,3133.6,completed,Books,Central,29,1
7239,2024-09-21,2415.48,completed,Electronics,North,2,4
7240,2024-09-21,4234.01,completed,Sports,North,22,4
7241,2024-09-21,2849.52,completed,Clothing,North,16,1
7242,2024-09-21,1456.56,completed,Clothing,Central,6,3
7243,2024-09-21,3520.9,completed,Electronics,West,32,4
7244,2024-09-21,4102.12,completed,Electronics,South,36,4
7245,2024-09-21,2332.55,pending,Food,North,44,4
7246,2024-09-21,4936.11,completed,Clothing,East,35,1
7247,2024-09-21,4396.69,completed,Food,East,9,2
7248,2024-09-21,992.8,completed,Books,North,5,3
7249,2024-09-21,3935.91,completed,Books,East,41,1
7250,2024-09-21,3008.75,pending,Food,East,3,1
7251,2024-09-21,2678.71,completed,Food,Central,19,5
7252,2024-09-21,2574.55,failed,Home,North,19,3
7253,2024-09-21,4268.52,refunded,Clothing,North,9,3
7254,2024-09-21,3058.26,completed,Electronics,East,32,1
7255,2024-09-21,2693.15,completed,Sports,South,38,4
7256,2024-09-21,253.81,completed,Electronics,Central,44,5
7257,2024-09-21,2247.03,completed,Sports,West,24,5
7258,2024-09-21,4541.13,completed,Clothing,South,22,1
7259,2024-09-21,3561.57,completed,Home,South,10,2
7260,2024-09-21,264.26,completed,Clothing,West,5,3
7261,2024-09-22,4421.12,completed,Electronics,Central,42,5
7262,2024-09-22,4135.07,completed,Food,South,42,1
7263,2024-09-22,2737.95,completed,Food,South,49,2
7264,2024-09-22,121.8,completed,Sports,West,7,1
7265,2024-09-22,2816.52,pending,Books,Central,21,4
7266,2024-09-22,282.4,completed,Home,South,32,3
7267,2024-09-22,1608.69,completed,Sports,East,44,4
7268,2024-09-22,3148.26,completed,Clothing,West,21,1
7269,2024-09-22,4565.44,pending,Electronics,East,7,1
7270,2024-09-22,1795.4,pending,Clothing,West,45,3
7271,2024-09-22,4301.52,completed,Home,East,5,3
7272,2024-09-22,4592.62,completed,Sports,Central,35,1
7273,2024-09-22,115.01,completed,Sports,West,18,2
7274,2024-09-22,1204.74,completed,Clothing,Central,1,4
7275,2024-09-22,3552.21,completed,Food,Central,26,1
7276,2024-09-22,3786.65,completed,Sports,South,19,5
7277,2024-09-22,1968.16,failed,Home,Central,22,1
7278,2024-09-22,3287.21,completed,Books,North,9,4
7279,2024-09-22,3064.67,completed,Electronics,South,33,4
7280,2024-09-22,3701.48,completed,Home,North,14,1
7281,2024-09-22,3596.11,completed,Home,North,8,4
7282,2024-09-22,438.5,failed,Electronics,West,20,3
7283,2024-09-22,799.67,refunded,Food,North,10,2
7284,2024-09-22,672.31,completed,Home,North,27,1
7285,2024-09-22,4663.08,failed,Home,East,27,1
7286,2024-09-22,4568.58,completed,Home,Central,40,3
7287,2024-09-22,3989.09,completed,Home,Central,48,2
7288,2024-09-23,592.43,completed,Electronics,Central,5,5
7289,2024-09-23,2875.61,completed,Electronics,North,2,3
7290,2024-09-23,944.28,completed,Food,North,22,1
7291,2024-09-23,1848.24,completed,Books,South,4,5
7292,2024-09-23,1342.79,completed,Food,South,42,2
7293,2024-09-23,4146.37,refunded,Clothing,North,40,4
7294,2024-09-23,730.81,completed,Clothing,East,22,5
7295,2024-09-23,3234.43,completed,Books,East,48,4
7296,2024-09-23,4919.63,failed,Home,East,26,3
7297,2024-09-23,3438.4,completed,Sports,North,27,1
7298,2024-09-23,405.38,completed,Clothing,East,39,2
7299,2024-09-23,4540.17,completed,Electronics,East,28,3
7300,2024-09-23,3218.97,completed,Clothing,South,35,5
7301,2024-09-23,2286.99,completed,Sports,West,12,1
7302,2024-09-23,3301.87,completed,Electronics,Central,25,1
7303,2024-09-23,4396.43,completed,Sports,Central,40,2
7304,2024-09-23,2390.86,completed,Books,West,48,4
7305,2024-09-23,2661.29,failed,Books,West,10,5
7306,2024-09-23,2267.71,failed,Home,North,2,1
7307,2024-09-23,372.23,completed,Books,South,30,3
7308,2024-09-23,3937.48,refunded,Books,North,3,5
7309,2024-09-23,640.79,failed,Food,East,34,5
7310,2024-09-23,1978.9,failed,Books,West,21,4
7311,2024-09-23,1940.25,pending,Food,West,40,4
7312,2024-09-23,1407.4,completed,Electronics,North,8,2
7313,2024-09-23,2018.51,completed,Electronics,East,3,2
7314,2024-09-23,3093.87,failed,Sports,Central,11,5
7315,2024-09-23,1563.82,completed,Books,North,4,4
7316,2024-09-24,870.83,failed,Food,East,8,1
7317,2024-09-24,4348.14,pending,Sports,South,38,1
7318,2024-09-24,4854.45,completed,Food,Central,34,5
7319,2024-09-24,2298.33,completed,Clothing,East,31,1
7320,2024-09-24,1641.83,refunded,Books,West,21,4
7321,2024-09-24,246.94,completed,Food,East,11,2
7322,2024-09-24,193.89,pending,Home,Central,41,1
7323,2024-09-24,1970.48,refunded,Sports,South,43,1
7324,2024-09-24,4651.91,completed,Sports,West,13,3
7325,2024-09-24,3656.24,completed,Sports,East,44,5
7326,2024-09-24,1752.85,completed,Sports,East,31,1
7327,2024-09-24,4840.55,pending,Sports,West,17,4
7328,2024-09-24,2149.5,completed,Food,North,11,3
7329,2024-09-24,1391.2,completed,Sports,Central,29,4
7330,2024-09-24,2137.5,completed,Electronics,West,1,3
7331,2024-09-24,1065.6,completed,Books,East,16,1
7332,2024-09-24,4429.34,completed,Books,East,34,3
7333,2024-09-24,1812.25,completed,Electronics,West,25,5
7334,2024-09-24,3293.27,pending,Books,East,8,5
7335,2024-09-24,1951.35,completed,Electronics,West,8,2
7336,2024-09-24,4509.64,pending,Sports,East,34,5
7337,2024-09-24,3215.48,failed,Books,West,42,1
7338,2024-09-24,2446.38,completed,Books,South,34,3
7339,2024-09-24,669.39,completed,Books,North,8,4
7340,2024-09-24,4510.56,completed,Clothing,East,33,4
7341,2024-09-24,2738.62,completed,Books,Central,14,1
7342,2024-09-24,1432.41,completed,Clothing,North,30,1
7343,2024-09-25,4390.86,completed,Sports,Central,29,4
7344,2024-09-25,281.66,completed,Electronics,East,44,5
7345,2024-09-25,1577.24,completed,Electronics,South,41,4
7346,2024-09-25,2688.77,completed,Sports,East,4,5
7347,2024-09-25,1705.67,completed,Electronics,Central,1,5
7348,2024-09-25,2388.9,completed,Home,Central,46,5
7349,2024-09-25,1328.94,completed,Electronics,West,15,4
7350,2024-09-25,659.11,completed,Books,East,4,4
7351,2024-09-25,193.9,completed,Home,Central,10,4
7352,2024-09-25,796.66,completed,Sports,Central,25,2
7353,2024-09-25,4765.2,completed,Books,West,44,3
7354,2024-09-25,2881.26,completed,Sports,Central,46,2
7355,2024-09-25,2449.91,completed,Sports,Central,33,3
7356,2024-09-25,1927.78,refunded,Electronics,North,14,3
7357,2024-09-25,3545.02,completed,Clothing,North,35,1
7358,2024-09-25,714.88,completed,Clothing,East,42,1
7359,2024-09-25,1387.89,completed,Clothing,Central,21,5
7360,2024-09-25,3282.95,failed,Clothing,South,30,3
7361,2024-09-25,2400.53,failed,Books,Central,24,1
7362,2024-09-25,3852.76,completed,Home,Central,43,2
7363,2024-09-25,4486.58,completed,Books,North,31,5
7364,2024-09-25,4118.63,completed,Electronics,East,3,4
7365,2024-09-25,929.2,pending,Sports,South,43,5
7366,2024-09-25,466.44,completed,Books,North,28,4
7367,2024-09-25,855.51,failed,Sports,West,22,4
7368,2024-09-25,3919.82,completed,Food,South,10,2
7369,2024-09-25,4570.02,completed,Food,East,35,5
7370,2024-09-25,4627.99,completed,Books,West,1,4
7371,2024-09-26,1498.1,completed,Sports,East,9,2
7372,2024-09-26,4203.3,completed,Clothing,North,34,2
7373,2024-09-26,2685.82,pending,Books,North,14,4
7374,2024-09-26,4115.73,completed,Home,South,37,2
7375,2024-09-26,2746.34,completed,Electronics,North,13,4
7376,2024-09-26,738.01,pending,Clothing,Central,37,3
7377,2024-09-26,405.31,failed,Books,North,34,2
7378,2024-09-26,4786.52,pending,Home,North,36,1
7379,2024-09-26,2134.75,pending,Home,North,36,4
7380,2024-09-26,1759.1,completed,Books,West,40,2
7381,2024-09-26,1787.95,failed,Books,East,19,3
7382,2024-09-26,1900.88,completed,Food,West,24,2
7383,2024-09-26,4725.53,failed,Food,South,4,1
7384,2024-09-26,322.9,pending,Sports,South,18,1
7385,2024-09-26,604.12,completed,Books,West,23,5
7386,2024-09-26,3950.36,completed,Books,North,38,2
7387,2024-09-26,2751.55,pending,Home,South,45,3
7388,2024-09-26,651.4,completed,Electronics,North,33,3
7389,2024-09-26,181.96,completed,Home,East,7,2
7390,2024-09-26,1128.93,refunded,Sports,Central,10,5
7391,2024-09-26,1311.45,completed,Books,Central,27,5
7392,2024-09-26,80.92,completed,Books,West,22,1
7393,2024-09-26,1088.29,completed,Books,West,46,1
7394,2024-09-26,3694.21,completed,Books,South,9,2
7395,2024-09-26,4278.61,completed,Food,West,28,1
7396,2024-09-26,4492.2,failed,Sports,Central,39,1
7397,2024-09-26,1955.67,completed,Clothing,East,22,5
7398,2024-09-27,1603.87,pending,Books,North,13,1
7399,2024-09-27,4999.31,pending,Books,West,7,1
7400,2024-09-27,3849.01,completed,Food,North,31,2
7401,2024-09-27,2691.39,pending,Sports,South,31,3
7402,2024-09-27,1281.31,pending,Clothing,North,37,3
7403,2024-09-27,1613.31,completed,Books,North,42,4
7404,2024-09-27,2581.67,completed,Clothing,West,49,4
7405,2024-09-27,2714.99,completed,Clothing,West,10,1
7406,2024-09-27,78.26,completed,Books,East,22,4
7407,2024-09-27,4797.41,completed,Home,South,16,1
7408,2024-09-27,2882.28,completed,Clothing,West,43,5
7409,2024-09-27,2949.9,failed,Electronics,East,6,2
7410,2024-09-27,1065.24,pending,Electronics,South,33,5
7411,2024-09-27,3827.29,pending,Food,East,16,5
7412,2024-09-27,3688.95,refunded,Sports,West,1,1
7413,2024-09-27,484.84,completed,Sports,East,30,2
7414,2024-09-27,2979.02,completed,Clothing,Central,20,1
7415,2024-09-27,3294.39,completed,Home,East,34,5
7416,2024-09-27,4179.49,completed,Electronics,East,20,3
7417,2024-09-27,1038.39,completed,Books,West,10,5
7418,2024-09-27,4389.4,pending,Home,South,6,3
7419,2024-09-27,2312.79,completed,Sports,West,9,5
7420,2024-09-27,491.65,completed,Sports,West,22,3
7421,2024-09-27,537.05,completed,Clothing,South,14,1
7422,2024-09-27,997.04,completed,Sports,South,6,3
7423,2024-09-27,1420.93,completed,Food,North,16,4
7424,2024-09-27,2487.06,completed,Food,North,41,5
7425,2024-09-28,3746.27,failed,Books,North,42,5
7426,2024-09-28,941.76,failed,Books,West,18,3
7427,2024-09-28,4963.33,completed,Clothing,North,26,5
7428,2024-09-28,815.99,completed,Home,East,9,5
7429,2024-09-28,3000.9,completed,Home,North,21,5
7430,2024-09-28,4645.41,completed,Clothing,West,30,5
7431,2024-09-28,4164.21,completed,Clothing,West,1,2
7432,2024-09-28,3242.97,completed,Electronics,South,43,3
7433,2024-09-28,3580.31,completed,Food,West,45,1
7434,2024-09-28,679.69,completed,Clothing,South,46,1
7435,2024-09-28,58.22,completed,Home,West,11,5
7436,2024-09-28,2176.4,pending,Home,West,44,2
7437,2024-09-28,456.7,completed,Sports,East,6,3
7438,2024-09-28,1795.19,completed,Clothing,West,44,2
7439,2024-09-28,1126.48,completed,Sports,Central,7,5
7440,2024-09-28,4582.57,failed,Food,East,18,5
7441,2024-09-28,4401.48,completed,Clothing,South,47,4
7442,2024-09-28,4096.52,completed,Books,East,25,5
7443,2024-09-28,3572.58,completed,Electronics,East,11,3
7444,2024-09-28,778.82,pending,Home,North,19,1
7445,2024-09-28,251.35,pending,Electronics,Central,17,4
7446,2024-09-28,3272.9,completed,Clothing,East,46,1
7447,2024-09-28,3214.87,completed,Clothing,Central,21,3
7448,2024-09-28,1853.43,completed,Books,Central,5,5
7449,2024-09-28,2368.71,completed,Sports,North,9,1
7450,2024-09-28,2450.86,completed,Home,North,28,3
7451,2024-09-28,1207.24,completed,Food,North,1,4
7452,2024-09-28,1577.69,completed,Clothing,East,13,4
7453,2024-09-29,2097.76,failed,Electronics,South,30,3
7454,2024-09-29,3019.86,completed,Books,North,42,2
7455,2024-09-29,4779.54,completed,Home,East,5,2
7456,2024-09-29,2697.04,failed,Electronics,South,17,1
7457,2024-09-29,3658.51,pending,Home,Central,20,4
7458,2024-09-29,4036.94,completed,Clothing,West,43,2
7459,2024-09-29,576.41,completed,Home,Central,39,4
7460,2024-09-29,3269.09,completed,Electronics,East,46,1
7461,2024-09-29,2415.73,pending,Home,West,31,2
7462,2024-09-29,2866.43,completed,Clothing,North,9,2
7463,2024-09-29,201.7,refunded,Clothing,West,46,4
7464,2024-09-29,4532.02,completed,Clothing,East,37,1
7465,2024-09-29,4764.39,completed,Electronics,North,33,3
7466,2024-09-29,27.37,completed,Sports,North,18,3
7467,2024-09-29,1071.83,completed,Electronics,South,39,2
7468,2024-09-29,909.17,completed,Food,South,20,4
7469,2024-09-29,3908.71,pending,Home,South,16,5
7470,2024-09-29,2994.42,completed,Food,West,14,1
7471,2024-09-29,894.89,refunded,Sports,East,33,5
7472,2024-09-29,4071.72,completed,Sports,South,31,5
7473,2024-09-29,1773.84,completed,Sports,West,12,5
7474,2024-09-29,2309.68,completed,Home,East,17,1
7475,2024-09-29,1942.66,completed,Electronics,West,12,2
7476,2024-09-29,2611.69,completed,Clothing,East,37,4
7477,2024-09-29,2405.91,pending,Clothing,West,17,2
7478,2024-09-29,1380.17,completed,Electronics,Central,39,2
7479,2024-09-29,2128.53,completed,Electronics,North,12,3
7480,2024-09-30,4542.6,completed,Electronics,North,20,5
7481,2024-09-30,2519.44,completed,Home,West,2,1
7482,2024-09-30,4582.77,completed,Home,East,1,1
7483,2024-09-30,2755.13,completed,Books,South,2,5
7484,2024-09-30,3846.4,completed,Home,North,4,3
7485,2024-09-30,1475.02,failed,Food,Central,46,1
7486,2024-09-30,3954.16,completed,Food,North,14,5
7487,2024-09-30,1328.96,completed,Home,East,27,2
7488,2024-09-30,107.55,completed,Electronics,South,47,1
7489,2024-09-30,812.04,completed,Electronics,South,24,4
7490,2024-09-30,118.05,pending,Books,West,20,4
7491,2024-09-30,4735.84,pending,Clothing,East,36,1
7492,2024-09-30,4999.89,pending,Sports,North,37,4
7493,2024-09-30,3813.53,pending,Books,North,5,2
7494,2024-09-30,549.56,completed,Clothing,Central,46,2
7495,2024-09-30,4495.74,completed,Electronics,South,7,4
7496,2024-09-30,3721.44,completed,Electronics,East,17,1
7497,2024-09-30,1667.9,failed,Food,West,47,1
7498,2024-09-30,2516.37,pending,Clothing,Central,28,5
7499,2024-09-30,3312.18,completed,Electronics,South,28,5
7500,2024-09-30,130.01,completed,Sports,South,42,5
7501,2024-09-30,2512.69,completed,Home,East,22,4
7502,2024-09-30,3664.65,refunded,Home,South,31,1
7503,2024-09-30,949.24,completed,Electronics,West,27,2
7504,2024-09-30,2224.51,completed,Clothing,West,6,5
7505,2024-09-30,2667.33,completed,Food,South,15,4
7506,2024-09-30,3680.47,completed,Home,South,38,5
7507,2024-09-30,4822.62,completed,Books,West,17,3
7508,2024-10-01,4242.89,completed,Food,East,45,3
7509,2024-10-01,3111.38,pending,Home,East,48,4
7510,2024-10-01,2922.37,completed,Books,Central,38,4
7511,2024-10-01,3019.9,pending,Home,West,1,4
7512,2024-10-01,2730.44,completed,Home,West,37,1
7513,2024-10-01,306.22,completed,Home,East,49,2
7514,2024-10-01,3494.5,completed,Books,Central,38,3
7515,2024-10-01,3584.52,completed,Food,North,32,4
7516,2024-10-01,2567.28,completed,Electronics,North,31,5
7517,2024-10-01,4353.23,completed,Sports,West,25,2
7518,2024-10-01,3365.46,completed,Clothing,West,13,4
7519,2024-10-01,1819.7,completed,Electronics,South,24,4
7520,2024-10-01,108.27,pending,Sports,West,45,2
7521,2024-10-01,305.22,completed,Food,North,5,1
7522,2024-10-01,1765.47,completed,Books,West,7,4
7523,2024-10-01,2315.91,completed,Sports,South,43,2
7524,2024-10-01,842.69,completed,Clothing,East,41,2
7525,2024-10-01,954.75,failed,Sports,South,26,2
7526,2024-10-01,1158.75,completed,Books,West,18,2
7527,2024-10-01,3904.76,failed,Books,North,6,1
7528,2024-10-01,3858.73,failed,Clothing,Central,34,1
7529,2024-10-01,1920.87,completed,Sports,East,27,5
7530,2024-10-01,870.1,completed,Clothing,South,40,1
7531,2024-10-01,563.43,completed,Books,Central,18,3
7532,2024-10-01,444.78,pending,Sports,North,40,3
7533,2024-10-01,1962.48,completed,Electronics,East,47,4
7534,2024-10-01,237.26,completed,Food,North,8,2
7535,2024-10-02,1674.84,completed,Sports,Central,38,5
7536,2024-10-02,4808.05,pending,Clothing,North,30,4
7537,2024-10-02,2542.45,pending,Electronics,South,20,3
7538,2024-10-02,4115.0,completed,Food,West,11,5
7539,2024-10-02,655.04,completed,Food,Central,8,2
7540,2024-10-02,1347.71,pending,Home,East,6,3
7541,2024-10-02,4733.27,failed,Sports,South,14,3
7542,2024-10-02,1923.92,completed,Clothing,South,26,1
7543,2024-10-02,3245.55,completed,Clothing,Central,27,1
7544,2024-10-02,4880.87,completed,Clothing,Central,49,5
7545,2024-10-02,2758.43,completed,Home,North,37,1
7546,2024-10-02,1533.68,completed,Food,Central,49,1
7547,2024-10-02,2664.42,completed,Home,Central,37,1
7548,2024-10-02,282.64,pending,Electronics,East,29,3
7549,2024-10-02,570.73,completed,Books,South,41,2
7550,2024-10-02,45.78,completed,Electronics,East,38,2
7551,2024-10-02,4422.21,completed,Books,West,40,5
7552,2024-10-02,3359.69,completed,Electronics,South,13,5
7553,2024-10-02,1498.67,completed,Electronics,South,36,5
7554,2024-10-02,1113.6,completed,Electronics,East,11,2
7555,2024-10-02,3418.55,completed,Sports,North,16,1
7556,2024-10-02,4598.47,completed,Books,East,35,5
7557,2024-10-02,1502.7,failed,Books,North,25,3
7558,2024-10-02,1614.58,failed,Clothing,North,39,5
7559,2024-10-02,4272.66,completed,Clothing,South,36,1
7560,2024-10-02,4467.95,completed,Food,West,37,5
7561,2024-10-02,4571.04,completed,Home,Central,8,2
7562,2024-10-03,1472.84,pending,Sports,East,6,4
7563,2024-10-03,610.36,failed,Electronics,West,13,1
7564,2024-10-03,2205.59,completed,Electronics,South,18,4
7565,2024-10-03,1485.87,completed,Food,West,41,3
7566,2024-10-03,4420.49,completed,Clothing,West,3,5
7567,2024-10-03,192.81,completed,Food,South,27,1
7568,2024-10-03,3173.06,completed,Home,East,39,2
7569,2024-10-03,4531.85,completed,Clothing,West,18,4
7570,2024-10-03,4883.59,completed,Books,South,16,5
7571,2024-10-03,3254.15,completed,Food,West,11,5
7572,2024-10-03,4750.12,completed,Books,South,22,1
7573,2024-10-03,387.54,completed,Books,East,31,1
7574,2024-10-03,1802.8,pending,Books,North,29,2
7575,2024-10-03,53.49,completed,Clothing,East,42,1
7576,2024-10-03,4906.11,completed,Home,East,1,3
7577,2024-10-03,4514.61,pending,Clothing,Central,15,3
7578,2024-10-03,149.98,completed,Electronics,South,18,5
7579,2024-10-03,100.48,completed,Electronics,North,20,1
7580,2024-10-03,1841.18,completed,Electronics,North,36,2
7581,2024-10-03,1300.1,completed,Food,East,5,2
7582,2024-10-03,4236.19,refunded,Sports,Central,15,3
7583,2024-10-03,810.82,completed,Electronics,Central,3,2
7584,2024-10-03,3955.34,completed,Electronics,Central,28,4
7585,2024-10-03,2776.75,completed,Books,South,48,5
7586,2024-10-03,1893.18,refunded,Books,East,48,4
7587,2024-10-03,737.14,failed,Books,Central,3,4
7588,2024-10-03,4988.48,completed,Electronics,Central,6,1
7589,2024-10-03,3093.75,completed,Clothing,East,28,5
7590,2024-10-04,2202.52,completed,Food,East,14,3
7591,2024-10-04,1861.93,pending,Sports,North,12,1
7592,2024-10-04,4529.58,completed,Books,North,34,4
7593,2024-10-04,4107.75,completed,Sports,East,16,3
7594,2024-10-04,4057.82,completed,Books,East,30,5
7595,2024-10-04,3084.83,failed,Food,East,2,4
7596,2024-10-04,4440.9,completed,Books,South,48,5
7597,2024-10-04,1503.4,completed,Food,South,5,5
7598,2024-10-04,3521.49,failed,Electronics,East,2,2
7599,2024-10-04,2028.19,completed,Books,Central,21,2
7600,2024-10-04,3003.99,completed,Clothing,Central,44,2
7601,2024-10-04,4990.78,completed,Clothing,North,32,2
7602,2024-10-04,4922.78,completed,Sports,South,24,4
7603,2024-10-04,2567.97,completed,Electronics,East,14,5
7604,2024-10-04,2873.58,completed,Electronics,South,12,3
7605,2024-10-04,4487.64,completed,Food,South,33,5
7606,2024-10-04,4928.32,completed,Books,North,25,4
7607,2024-10-04,3895.25,pending,Home,East,31,2
7608,2024-10-04,335.27,completed,Books,Central,21,5
7609,2024-10-04,1619.97,pending,Clothing,Central,15,3
7610,2024-10-04,4483.85,completed,Food,North,9,1
7611,2024-10-04,3844.08,completed,Food,West,15,4
7612,2024-10-04,3713.74,completed,Food,Central,11,5
7613,2024-10-04,3342.94,completed,Sports,West,24,2
7614,2024-10-04,2082.17,completed,Sports,North,15,2
7615,2024-10-04,2022.17,completed,Sports,South,39,4
7616,2024-10-04,4046.57,completed,Food,West,28,5
7617,2024-10-05,1475.96,failed,Clothing,Central,15,2
7618,2024-10-05,3427.31,completed,Electronics,South,5,3
7619,2024-10-05,3633.78,failed,Sports,South,6,4
7620,2024-10-05,4224.33,completed,Home,South,5,5
7621,2024-10-05,1606.23,completed,Electronics,Central,16,1
7622,2024-10-05,3712.03,completed,Electronics,North,17,1
7623,2024-10-05,541.38,pending,Clothing,South,3,5
7624,2024-10-05,698.93,completed,Sports,North,35,3
7625,2024-10-05,2092.51,refunded,Clothing,Central,26,4
7626,2024-10-05,285.58,pending,Electronics,North,48,1
7627,2024-10-05,4739.01,completed,Food,East,44,1
7628,2024-10-05,4510.46,failed,Food,North,1,4
7629,2024-10-05,254.18,refunded,Food,East,35,2
7630,2024-10-05,4193.18,pending,Books,East,48,5
7631,2024-10-05,2549.28,completed,Clothing,West,40,3
7632,2024-10-05,3512.79,pending,Electronics,East,34,5
7633,2024-10-05,4435.79,completed,Electronics,East,7,3
7634,2024-10-05,2889.1,failed,Sports,South,45,4
7635,2024-10-05,590.47,refunded,Books,Central,41,4
7636,2024-10-05,22.87,completed,Clothing,West,27,1
7637,2024-10-05,2489.64,completed,Home,West,46,4
7638,2024-10-05,4746.67,completed,Books,West,23,5
7639,2024-10-05,2867.38,refunded,Sports,South,27,2
7640,2024-10-05,1870.97,failed,Sports,Central,39,2
7641,2024-10-05,164.3,pending,Clothing,Central,36,3
7642,2024-10-05,4575.75,failed,Books,East,28,4
7643,2024-10-05,1642.51,completed,Books,South,39,2
7644,2024-10-05,3526.84,failed,Food,South,44,2
7645,2024-10-06,3474.24,completed,Books,South,32,5
7646,2024-10-06,1276.88,completed,Food,Central,44,5
7647,2024-10-06,328.25,completed,Electronics,South,21,3
7648,2024-10-06,1931.15,completed,Electronics,Central,26,2
7649,2024-10-06,1592.48,completed,Food,South,32,2
7650,2024-10-06,3504.28,pending,Home,Central,29,2
7651,2024-10-06,4100.71,completed,Clothing,Central,9,3
7652,2024-10-06,1120.0,pending,Books,West,23,1
7653,2024-10-06,2645.87,completed,Electronics,North,7,4
7654,2024-10-06,212.64,pending,Books,West,34,3
7655,2024-10-06,1079.14,completed,Clothing,Central,40,1
7656,2024-10-06,3811.19,pending,Food,Central,34,2
7657,2024-10-06,3969.06,completed,Sports,East,43,2
7658,2024-10-06,3884.26,completed,Food,East,32,5
7659,2024-10-06,720.52,completed,Home,South,19,5
7660,2024-10-06,2759.66,completed,Electronics,South,4,4
7661,2024-10-06,2119.31,completed,Electronics,West,2,4
7662,2024-10-06,4957.52,completed,Clothing,Central,48,5
7663,2024-10-06,3273.81,completed,Clothing,South,39,4
7664,2024-10-06,4676.66,pending,Food,Central,17,2
7665,2024-10-06,735.3,completed,Home,North,47,2
7666,2024-10-06,2259.86,completed,Clothing,North,13,4
7667,2024-10-06,3860.32,completed,Food,Central,38,3
7668,2024-10-06,1845.61,completed,Electronics,North,11,3
7669,2024-10-06,3166.22,completed,Sports,East,35,5
7670,2024-10-06,2563.39,completed,Books,Central,4,5
7671,2024-10-06,4959.73,completed,Electronics,South,34,4
7672,2024-10-07,877.62,completed,Food,South,23,2
7673,2024-10-07,4677.39,completed,Clothing,North,29,3
7674,2024-10-07,2013.84,completed,Food,West,3,2
7675,2024-10-07,2345.28,pending,Clothing,South,19,3
7676,2024-10-07,2647.72,completed,Sports,North,8,2
7677,2024-10-07,1334.18,pending,Electronics,East,31,3
7678,2024-10-07,4818.65,completed,Books,North,1,3
7679,2024-10-07,4558.32,completed,Sports,Central,45,4
7680,2024-10-07,4864.8,completed,Electronics,West,9,5
7681,2024-10-07,4984.63,failed,Home,Central,26,3
7682,2024-10-07,3352.3,completed,Sports,Central,49,2
7683,2024-10-07,2263.91,completed,Clothing,Central,21,1
7684,2024-10-07,4255.16,failed,Food,East,27,4
7685,2024-10-07,128.79,completed,Sports,North,48,5
7686,2024-10-07,4173.68,completed,Books,North,4,2
7687,2024-10-07,2491.46,completed,Sports,North,28,1
7688,2024-10-07,3369.37,completed,Home,South,28,1
7689,2024-10-07,1876.49,pending,Food,Central,36,2
7690,2024-10-07,1849.43,completed,Electronics,South,30,5
7691,2024-10-07,168.27,completed,Food,North,24,4
7692,2024-10-07,2124.71,completed,Books,Central,27,4
7693,2024-10-07,2047.69,refunded,Sports,East,14,2
7694,2024-10-07,1131.71,completed,Clothing,East,17,5
7695,2024-10-07,1244.14,completed,Home,South,47,3
7696,2024-10-07,2924.86,failed,Electronics,Central,33,3
7697,2024-10-07,1595.68,completed,Books,South,34,5
7698,2024-10-07,4152.96,pending,Food,Central,7,4
7699,2024-10-08,565.81,pending,Sports,Central,19,2
7700,2024-10-08,2892.45,completed,Clothing,East,11,4
7701,2024-10-08,808.62,pending,Home,West,47,2
7702,2024-10-08,2645.92,refunded,Electronics,North,49,4
7703,2024-10-08,2767.2,completed,Sports,West,17,1
7704,2024-10-08,3215.07,completed,Food,Central,21,1
7705,2024-10-08,2142.85,pending,Books,North,34,5
7706,2024-10-08,2552.28,completed,Clothing,North,8,1
7707,2024-10-08,912.95,completed,Food,North,28,3
7708,2024-10-08,2320.45,completed,Food,Central,11,1
7709,2024-10-08,1871.42,pending,Clothing,South,26,1
7710,2024-10-08,3333.99,pending,Electronics,East,36,4
7711,2024-10-08,2179.76,refunded,Food,South,37,2
7712,2024-10-08,3898.91,completed,Food,South,6,4
7713,2024-10-08,2135.7,refunded,Sports,North,15,3
7714,2024-10-08,1186.5,completed,Food,East,18,4
7715,2024-10-08,1375.71,completed,Books,Central,36,4
7716,2024-10-08,235.97,completed,Food,South,17,1
7717,2024-10-08,2704.19,completed,Food,Central,23,3
7718,2024-10-08,4156.1,completed,Sports,West,12,4
7719,2024-10-08,3847.87,completed,Sports,West,17,2
7720,2024-10-08,2194.57,completed,Home,East,24,1
7721,2024-10-08,988.64,pending,Food,South,11,3
7722,2024-10-08,4318.79,completed,Electronics,South,6,5
7723,2024-10-08,293.34,pending,Books,South,7,2
7724,2024-10-08,2002.12,completed,Food,East,23,2
7725,2024-10-08,4284.51,completed,Electronics,East,9,1
7726,2024-10-08,1971.95,completed,Home,East,2,4
7727,2024-10-09,598.2,completed,Books,South,41,2
7728,2024-10-09,1337.09,refunded,Books,Central,48,1
7729,2024-10-09,3004.15,refunded,Books,West,26,1
7730,2024-10-09,768.66,completed,Home,Central,30,2
7731,2024-10-09,3278.13,completed,Sports,Central,9,2
7732,2024-10-09,2196.43,completed,Sports,West,4,3
7733,2024-10-09,1678.6,pending,Sports,North,4,3
7734,2024-10-09,1212.22,completed,Sports,Central,10,3
7735,2024-10-09,4118.42,failed,Sports,East,6,2
7736,2024-10-09,1989.4,refunded,Electronics,South,37,1
7737,2024-10-09,3695.01,completed,Food,East,38,4
7738,2024-10-09,2207.37,completed,Clothing,North,36,3
7739,2024-10-09,468.42,completed,Home,West,15,1
7740,2024-10-09,2208.12,completed,Books,North,18,1
7741,2024-10-09,2543.36,completed,Books,West,18,5
7742,2024-10-09,2294.63,pending,Books,Central,8,5
7743,2024-10-09,4083.05,completed,Sports,East,24,1
7744,2024-10-09,4555.15,failed,Sports,South,27,3
7745,2024-10-09,3936.03,completed,Clothing,West,11,3
7746,2024-10-09,2918.08,completed,Home,Central,14,3
7747,2024-10-09,2711.84,failed,Sports,North,24,5
7748,2024-10-09,3226.63,pending,Clothing,East,5,3
7749,2024-10-09,1446.27,completed,Books,South,29,2
7750,2024-10-09,4061.12,completed,Food,North,17,4
7751,2024-10-09,4285.67,completed,Food,North,35,5
7752,2024-10-09,1343.41,completed,Home,East,37,1
7753,2024-10-09,4515.06,failed,Clothing,West,19,5
7754,2024-10-10,4245.18,completed,Home,East,18,4
7755,2024-10-10,2128.19,completed,Books,South,26,5
7756,2024-10-10,4545.91,pending,Sports,East,2,5
7757,2024-10-10,610.99,completed,Sports,Central,10,1
7758,2024-10-10,149.65,failed,Books,Central,6,3
7759,2024-10-10,1745.86,completed,Clothing,North,14,1
7760,2024-10-10,2831.52,completed,Home,West,30,1
7761,2024-10-10,1763.7,completed,Books,West,12,5
7762,2024-10-10,4710.92,completed,Food,South,26,2
7763,2024-10-10,1281.0,failed,Clothing,South,34,1
7764,2024-10-10,1413.25,completed,Electronics,West,34,5
7765,2024-10-10,3177.79,completed,Clothing,Central,27,3
7766,2024-10-10,29.28,completed,Electronics,South,29,1
7767,2024-10-10,3640.51,completed,Home,Central,22,2
7768,2024-10-10,1893.57,completed,Food,Central,25,1
7769,2024-10-10,4888.96,completed,Books,North,39,4
7770,2024-10-10,3460.17,completed,Sports,South,24,5
7771,2024-10-10,270.55,failed,Home,East,18,2
7772,2024-10-10,472.21,completed,Food,West,48,5
7773,2024-10-10,449.96,completed,Electronics,South,45,2
7774,2024-10-10,4763.59,completed,Books,East,43,3
7775,2024-10-10,3423.42,pending,Home,North,41,2
7776,2024-10-10,2143.75,completed,Food,North,19,1
7777,2024-10-10,1010.41,completed,Electronics,East,48,1
7778,2024-10-10,4369.46,completed,Sports,West,33,3
7779,2024-10-10,1015.76,completed,Books,East,44,1
7780,2024-10-10,3536.33,completed,Electronics,South,2,5
7781,2024-10-10,3818.99,completed,Electronics,East,6,5
7782,2024-10-11,1480.33,failed,Books,West,2,2
7783,2024-10-11,2529.52,completed,Electronics,West,49,2
7784,2024-10-11,1122.72,refunded,Clothing,East,16,1
7785,2024-10-11,1900.86,completed,Clothing,North,2,3
7786,2024-10-11,4826.02,completed,Food,North,37,5
7787,2024-10-11,3468.76,completed,Sports,South,39,2
7788,2024-10-11,4234.6,completed,Food,South,46,4
7789,2024-10-11,2707.59,pending,Home,East,29,2
7790,2024-10-11,1202.81,completed,Books,West,34,3
7791,2024-10-11,3567.27,failed,Food,South,31,3
7792,2024-10-11,2507.83,completed,Books,East,35,5
7793,2024-10-11,892.48,completed,Electronics,South,26,3
7794,2024-10-11,2068.03,completed,Home,East,2,4
7795,2024-10-11,3177.85,completed,Clothing,South,9,5
7796,2024-10-11,3679.31,completed,Home,North,46,5
7797,2024-10-11,1223.67,failed,Books,West,3,5
7798,2024-10-11,4381.23,completed,Clothing,South,5,1
7799,2024-10-11,1903.96,completed,Food,West,40,1
7800,2024-10-11,1362.97,pending,Electronics,West,47,3
7801,2024-10-11,983.65,completed,Books,North,22,2
7802,2024-10-11,4022.81,pending,Electronics,Central,7,4
7803,2024-10-11,1777.28,completed,Books,North,29,3
7804,2024-10-11,2422.16,pending,Clothing,East,2,3
7805,2024-10-11,1121.87,completed,Electronics,Central,18,1
7806,2024-10-11,3433.59,refunded,Clothing,East,28,2
7807,2024-10-11,3907.36,completed,Electronics,East,44,3
7808,2024-10-11,1703.73,pending,Home,East,6,4
7809,2024-10-12,4725.95,completed,Home,North,30,1
7810,2024-10-12,162.75,pending,Home,West,2,4
7811,2024-10-12,673.39,failed,Sports,Central,23,3
7812,2024-10-12,2948.05,failed,Clothing,West,33,2
7813,2024-10-12,3510.02,completed,Sports,North,2,5
7814,2024-10-12,1260.91,completed,Sports,South,37,3
7815,2024-10-12,2774.81,pending,Clothing,Central,49,2
7816,2024-10-12,1598.75,completed,Home,West,15,4
7817,2024-10-12,2774.91,completed,Home,South,38,1
7818,2024-10-12,3300.05,completed,Food,South,27,4
7819,2024-10-12,4864.31,completed,Books,East,45,4
7820,2024-10-12,2283.93,completed,Home,North,29,3
7821,2024-10-12,3244.6,completed,Clothing,North,40,2
7822,2024-10-12,2894.42,completed,Home,North,8,2
7823,2024-10-12,1594.6,completed,Clothing,Central,13,2
7824,2024-10-12,1272.79,pending,Home,North,22,1
7825,2024-10-12,4939.47,completed,Clothing,East,45,5
7826,2024-10-12,1042.19,failed,Sports,South,32,5
7827,2024-10-12,3953.47,completed,Books,West,11,3
7828,2024-10-12,741.47,completed,Food,North,44,5
7829,2024-10-12,4023.71,completed,Food,Central,31,4
7830,2024-10-12,936.78,completed,Clothing,North,21,4
7831,2024-10-12,4836.11,completed,Sports,Central,19,4
7832,2024-10-12,3433.08,completed,Home,North,35,3
7833,2024-10-12,459.69,completed,Books,North,44,3
7834,2024-10-12,3468.95,completed,Clothing,North,25,1
7835,2024-10-12,3022.07,completed,Sports,West,42,4
7836,2024-10-13,1694.36,pending,Food,South,35,3
7837,2024-10-13,1311.07,completed,Home,East,4,2
7838,2024-10-13,3596.62,completed,Clothing,Central,39,3
7839,2024-10-13,3709.39,completed,Books,South,28,5
7840,2024-10-13,1642.76,pending,Food,East,26,3
7841,2024-10-13,4382.37,completed,Home,South,31,3
7842,2024-10-13,1351.45,completed,Electronics,North,3,2
7843,2024-10-13,358.62,pending,Books,Central,45,5
7844,2024-10-13,3003.34,completed,Sports,South,43,1
7845,2024-10-13,544.28,pending,Food,Central,49,5
7846,2024-10-13,1390.55,completed,Books,East,30,5
7847,2024-10-13,2540.86,failed,Clothing,Central,12,1
7848,2024-10-13,1438.93,completed,Food,North,30,3
7849,2024-10-13,1082.83,completed,Home,East,14,3
7850,2024-10-13,3518.9,completed,Food,South,25,5
7851,2024-10-13,2739.53,completed,Clothing,Central,40,2
7852,2024-10-13,4200.41,completed,Books,South,9,4
7853,2024-10-13,2910.39,completed,Food,West,23,1
7854,2024-10-13,2422.4,completed,Sports,East,24,5
7855,2024-10-13,1313.67,pending,Electronics,East,46,4
7856,2024-10-13,3962.41,completed,Home,West,27,2
7857,2024-10-13,992.39,pending,Sports,West,17,1
7858,2024-10-13,1218.72,completed,Home,East,19,1
7859,2024-10-13,4209.53,completed,Food,North,15,5
7860,2024-10-13,3708.55,pending,Food,North,8,4
7861,2024-10-13,3068.24,failed,Food,East,35,2
7862,2024-10-13,204.21,pending,Home,North,38,3
7863,2024-10-13,645.02,completed,Electronics,West,10,3
7864,2024-10-14,2504.79,completed,Books,Central,23,1
7865,2024-10-14,3734.23,failed,Clothing,West,37,3
7866,2024-10-14,2325.86,completed,Books,West,35,4
7867,2024-10-14,96.29,completed,Home,South,4,4
7868,2024-10-14,929.51,completed,Sports,West,3,1
7869,2024-10-14,2947.95,completed,Electronics,North,4,5
7870,2024-10-14,3474.14,pending,Food,Central,25,1
7871,2024-10-14,176.81,failed,Electronics,North,45,5
7872,2024-10-14,226.23,failed,Food,East,4,5
7873,2024-10-14,1313.94,completed,Clothing,East,35,4
7874,2024-10-14,426.67,completed,Sports,North,36,3
7875,2024-10-14,2714.31,completed,Books,North,48,1
7876,2024-10-14,627.27,completed,Clothing,West,29,2
7877,2024-10-14,3244.61,completed,Home,East,47,3
7878,2024-10-14,3888.35,failed,Sports,North,23,1
7879,2024-10-14,4852.88,completed,Books,North,13,4
7880,2024-10-14,4742.55,completed,Food,West,48,5
7881,2024-10-14,1374.09,completed,Clothing,West,26,4
7882,2024-10-14,156.75,completed,Books,East,16,5
7883,2024-10-14,1653.77,completed,Sports,North,32,3
7884,2024-10-14,3545.32,completed,Home,North,21,2
7885,2024-10-14,308.41,completed,Sports,North,37,1
7886,2024-10-14,1804.97,completed,Electronics,North,37,3
7887,2024-10-14,1497.19,pending,Home,East,1,1
7888,2024-10-14,1104.53,pending,Clothing,South,26,4
7889,2024-10-14,3533.59,pending,Electronics,South,42,5
7890,2024-10-14,3298.89,completed,Books,East,33,1
7891,2024-10-15,2682.12,completed,Food,West,36,3
7892,2024-10-15,4554.77,completed,Electronics,North,48,3
7893,2024-10-15,524.66,refunded,Clothing,West,17,2
7894,2024-10-15,756.95,completed,Clothing,North,35,2
7895,2024-10-15,1923.41,completed,Food,East,2,4
7896,2024-10-15,3282.85,failed,Sports,South,8,2
7897,2024-10-15,2924.56,failed,Sports,North,35,1
7898,2024-10-15,379.47,completed,Electronics,Central,11,4
7899,2024-10-15,4792.54,pending,Clothing,North,39,1
7900,2024-10-15,1532.27,completed,Books,West,43,2
7901,2024-10-15,1801.27,completed,Sports,South,44,1
7902,2024-10-15,3121.91,completed,Electronics,West,3,3
7903,2024-10-15,4726.38,refunded,Food,West,16,2
7904,2024-10-15,3316.81,completed,Electronics,East,25,2
7905,2024-10-15,4774.32,pending,Food,West,1,2
7906,2024-10-15,946.08,completed,Food,East,45,3
7907,2024-10-15,3097.86,completed,Clothing,West,48,4
7908,2024-10-15,4146.11,completed,Home,South,39,5
7909,2024-10-15,2550.03,pending,Sports,East,14,4
7910,2024-10-15,1817.25,failed,Books,North,6,3
7911,2024-10-15,4923.95,pending,Sports,East,41,3
7912,2024-10-15,713.53,pending,Clothing,North,37,3
7913,2024-10-15,2060.54,completed,Home,East,47,1
7914,2024-10-15,4368.14,refunded,Food,Central,19,3
7915,2024-10-15,4503.4,completed,Food,South,9,4
7916,2024-10-15,4902.11,completed,Books,East,45,5
7917,2024-10-15,4425.39,completed,Books,Central,6,1
7918,2024-10-15,264.28,completed,Books,North,29,4
7919,2024-10-16,4649.53,completed,Sports,West,24,1
7920,2024-10-16,2146.55,completed,Clothing,East,27,1
7921,2024-10-16,3261.58,completed,Sports,South,20,1
7922,2024-10-16,1977.44,failed,Clothing,South,1,1
7923,2024-10-16,4070.2,failed,Clothing,East,31,1
7924,2024-10-16,2883.84,completed,Food,East,13,3
7925,2024-10-16,4229.27,refunded,Books,South,6,5
7926,2024-10-16,976.92,completed,Books,West,21,4
7927,2024-10-16,933.07,completed,Electronics,South,15,4
7928,2024-10-16,2207.48,failed,Sports,Central,36,1
7929,2024-10-16,33.71,completed,Books,South,18,5
7930,2024-10-16,3467.34,pending,Books,West,26,3
7931,2024-10-16,1487.31,completed,Sports,East,24,1
7932,2024-10-16,2790.92,completed,Sports,Central,42,4
7933,2024-10-16,359.32,completed,Food,East,6,4
7934,2024-10-16,861.52,refunded,Food,South,2,3
7935,2024-10-16,3118.07,completed,Clothing,South,43,4
7936,2024-10-16,1535.26,completed,Books,West,16,4
7937,2024-10-16,1081.46,completed,Clothing,East,36,3
7938,2024-10-16,1151.94,completed,Books,Central,30,2
7939,2024-10-16,1081.95,completed,Food,North,38,5
7940,2024-10-16,3118.03,pending,Clothing,South,33,4
7941,2024-10-16,846.78,completed,Food,Central,12,3
7942,2024-10-16,1819.9,completed,Home,West,25,4
7943,2024-10-16,3442.56,completed,Books,North,16,2
7944,2024-10-16,2573.22,completed,Food,Central,20,5
7945,2024-10-16,2990.43,pending,Food,East,27,4
7946,2024-10-17,1262.03,pending,Books,West,4,4
7947,2024-10-17,4664.25,completed,Electronics,North,2,2
7948,2024-10-17,2075.26,completed,Books,North,35,2
7949,2024-10-17,1441.95,completed,Electronics,West,5,5
7950,2024-10-17,4522.59,failed,Home,South,45,4
7951,2024-10-17,3279.9,refunded,Books,North,32,1
7952,2024-10-17,3073.59,pending,Electronics,West,40,5
7953,2024-10-17,4434.81,completed,Food,South,24,1
7954,2024-10-17,302.12,completed,Home,Central,35,3
7955,2024-10-17,4190.02,refunded,Home,North,10,3
7956,2024-10-17,3392.54,completed,Electronics,North,32,2
7957,2024-10-17,1806.36,completed,Clothing,South,16,3
7958,2024-10-17,1289.19,failed,Electronics,South,38,1
7959,2024-10-17,532.98,pending,Food,West,18,4
7960,2024-10-17,4705.96,completed,Home,South,39,4
7961,2024-10-17,718.14,completed,Sports,Central,44,5
7962,2024-10-17,1304.6,failed,Clothing,East,1,3
7963,2024-10-17,3458.62,completed,Clothing,West,4,3
7964,2024-10-17,3553.66,failed,Books,West,18,1
7965,2024-10-17,812.24,completed,Books,Central,27,2
7966,2024-10-17,4072.51,pending,Food,East,43,3
7967,2024-10-17,2556.33,failed,Food,South,22,3
7968,2024-10-17,4243.8,completed,Home,East,42,5
7969,2024-10-17,445.55,completed,Books,East,36,2
7970,2024-10-17,223.72,completed,Sports,West,35,1
7971,2024-10-17,3188.58,pending,Home,South,45,5
7972,2024-10-17,758.62,completed,Food,East,16,3
7973,2024-10-18,2629.5,completed,Sports,Central,33,1
7974,2024-10-18,80.4,failed,Sports,West,40,5
7975,2024-10-18,3901.85,failed,Clothing,Central,48,2
7976,2024-10-18,4498.66,failed,Clothing,North,12,5
7977,2024-10-18,4196.02,completed,Electronics,West,39,2
7978,2024-10-18,4792.18,refunded,Books,North,11,2
7979,2024-10-18,4516.45,failed,Sports,South,48,2
7980,2024-10-18,2225.65,completed,Sports,Central,27,1
7981,2024-10-18,1997.76,refunded,Food,North,43,5
7982,2024-10-18,4481.96,completed,Sports,East,28,3
7983,2024-10-18,4635.42,failed,Electronics,North,4,3
7984,2024-10-18,4864.45,pending,Books,South,18,2
7985,2024-10-18,3843.9,completed,Food,North,30,3
7986,2024-10-18,1017.92,completed,Sports,East,30,3
7987,2024-10-18,4725.32,completed,Home,West,27,2
7988,2024-10-18,4736.24,completed,Books,West,35,3
7989,2024-10-18,3334.0,completed,Books,Central,29,3
7990,2024-10-18,4287.83,failed,Home,North,9,4
7991,2024-10-18,2810.27,completed,Food,East,4,4
7992,2024-10-18,4721.19,completed,Electronics,East,15,4
7993,2024-10-18,478.74,completed,Books,North,7,1
7994,2024-10-18,4321.18,completed,Food,North,35,5
7995,2024-10-18,286.96,completed,Books,South,48,4
7996,2024-10-18,1702.14,completed,Sports,Central,46,4
7997,2024-10-18,685.27,completed,Books,East,28,4
7998,2024-10-18,2400.88,completed,Clothing,East,44,3
7999,2024-10-18,1168.91,failed,Books,East,33,3
8000,2024-10-18,4760.84,completed,Food,Central,7,1
8001,2024-10-19,2801.01,completed,Clothing,East,29,5
8002,2024-10-19,4489.68,pending,Sports,West,28,5
8003,2024-10-19,1397.51,refunded,Clothing,South,27,5
8004,2024-10-19,139.63,completed,Books,Central,40,4
8005,2024-10-19,3880.52,failed,Home,North,49,2
8006,2024-10-19,3514.86,pending,Clothing,South,12,2
8007,2024-10-19,2732.0,failed,Food,South,1,5
8008,2024-10-19,4078.56,completed,Clothing,North,32,2
8009,2024-10-19,4202.02,completed,Food,East,6,4
8010,2024-10-19,2943.64,completed,Clothing,Central,21,4
8011,2024-10-19,4829.98,pending,Home,North,46,1
8012,2024-10-19,3601.36,failed,Clothing,Central,33,1
8013,2024-10-19,3387.61,completed,Books,Central,46,1
8014,2024-10-19,1813.49,completed,Electronics,Central,2,4
8015,2024-10-19,21.27,completed,Food,North,35,2
8016,2024-10-19,1212.3,completed,Home,Central,16,2
8017,2024-10-19,3821.96,failed,Sports,East,4,5
8018,2024-10-19,3552.26,completed,Clothing,East,16,3
8019,2024-10-19,1661.8,completed,Home,South,46,1
8020,2024-10-19,3131.66,completed,Sports,East,21,2
8021,2024-10-19,984.48,failed,Food,East,45,3
8022,2024-10-19,1325.5,pending,Home,West,6,3
8023,2024-10-19,4737.57,completed,Clothing,South,33,4
8024,2024-10-19,2071.77,completed,Clothing,North,22,5
8025,2024-10-19,1232.49,pending,Home,East,15,1
8026,2024-10-19,2440.67,failed,Home,West,27,2
8027,2024-10-19,1941.21,completed,Sports,North,31,4
8028,2024-10-20,3650.35,completed,Clothing,Central,2,1
8029,2024-10-20,4810.96,completed,Clothing,Central,33,3
8030,2024-10-20,2962.77,completed,Books,East,15,1
8031,2024-10-20,2959.82,completed,Electronics,Central,40,3
8032,2024-10-20,1830.52,refunded,Home,South,9,1
8033,2024-10-20,2827.51,completed,Home,North,15,4
8034,2024-10-20,1603.45,failed,Sports,West,48,3
8035,2024-10-20,15.45,completed,Home,West,13,5
8036,2024-10-20,4331.82,completed,Clothing,Central,7,1
8037,2024-10-20,2152.93,completed,Home,South,27,5
8038,2024-10-20,2465.52,completed,Clothing,North,31,3
8039,2024-10-20,426.67,failed,Electronics,West,28,3
8040,2024-10-20,4187.18,completed,Clothing,South,20,4
8041,2024-10-20,859.98,completed,Sports,North,6,4
8042,2024-10-20,2059.0,failed,Home,West,15,5
8043,2024-10-20,4202.93,completed,Books,North,3,5
8044,2024-10-20,2294.34,completed,Clothing,Central,42,2
8045,2024-10-20,4656.45,failed,Books,South,13,2
8046,2024-10-20,1054.48,completed,Books,West,33,5
8047,2024-10-20,3579.01,completed,Books,East,13,5
8048,2024-10-20,4890.21,completed,Food,East,31,5
8049,2024-10-20,2752.57,completed,Electronics,South,5,5
8050,2024-10-20,3464.0,completed,Food,North,5,4
8051,2024-10-20,1972.2,failed,Home,West,16,5
8052,2024-10-20,3759.17,completed,Food,East,13,4
8053,2024-10-20,4545.28,refunded,Electronics,Central,16,5
8054,2024-10-20,3518.25,completed,Food,Central,14,3
8055,2024-10-21,4680.28,completed,Food,North,35,5
8056,2024-10-21,2947.38,completed,Books,South,22,1
8057,2024-10-21,2889.92,completed,Books,East,8,5
8058,2024-10-21,1530.09,completed,Food,South,46,5
8059,2024-10-21,3551.04,failed,Electronics,West,32,4
8060,2024-10-21,4410.94,pending,Food,South,20,5
8061,2024-10-21,3235.12,pending,Electronics,North,25,3
8062,2024-10-21,1172.87,completed,Books,South,17,2
8063,2024-10-21,2725.1,failed,Food,West,20,1
8064,2024-10-21,3782.13,completed,Food,East,4,1
8065,2024-10-21,4697.42,pending,Books,South,41,5
8066,2024-10-21,791.41,pending,Sports,West,19,1
8067,2024-10-21,646.21,completed,Clothing,North,35,2
8068,2024-10-21,2070.59,completed,Books,East,3,3
8069,2024-10-21,636.8,failed,Books,North,5,2
8070,2024-10-21,4902.34,completed,Books,West,18,5
8071,2024-10-21,2127.28,pending,Food,Central,2,1
8072,2024-10-21,2672.72,refunded,Clothing,East,48,1
8073,2024-10-21,1143.17,completed,Clothing,Central,2,2
8074,2024-10-21,2251.14,completed,Electronics,Central,28,4
8075,2024-10-21,4923.62,completed,Electronics,West,18,2
8076,2024-10-21,2448.55,pending,Sports,North,11,5
8077,2024-10-21,54.03,completed,Electronics,North,7,1
8078,2024-10-21,1220.21,completed,Home,North,15,2
8079,2024-10-21,4892.49,completed,Home,South,3,4
8080,2024-10-21,4945.45,refunded,Clothing,East,28,4
8081,2024-10-21,1060.36,failed,Food,South,12,3
8082,2024-10-21,3080.17,completed,Food,Central,1,3
8083,2024-10-22,393.77,refunded,Food,West,6,1
8084,2024-10-22,2891.43,completed,Food,West,45,1
8085,2024-10-22,638.34,refunded,Food,West,12,1
8086,2024-10-22,4095.12,completed,Sports,West,29,3
8087,2024-10-22,4698.48,completed,Food,Central,21,5
8088,2024-10-22,873.2,failed,Clothing,South,25,1
8089,2024-10-22,2318.93,completed,Food,North,42,1
8090,2024-10-22,519.19,completed,Home,South,36,4
8091,2024-10-22,1702.31,pending,Home,South,28,3
8092,2024-10-22,334.84,completed,Electronics,Central,10,2
8093,2024-10-22,1330.09,completed,Books,East,42,1
8094,2024-10-22,4951.22,completed,Home,East,2,5
8095,2024-10-22,232.57,completed,Clothing,North,28,4
8096,2024-10-22,4296.25,completed,Electronics,West,31,3
8097,2024-10-22,396.49,completed,Clothing,West,47,2
8098,2024-10-22,2649.69,completed,Clothing,Central,8,5
8099,2024-10-22,2266.08,pending,Home,North,15,1
8100,2024-10-22,4658.46,completed,Clothing,West,1,4
8101,2024-10-22,1003.26,completed,Clothing,South,13,4
8102,2024-10-22,906.61,completed,Clothing,South,46,4
8103,2024-10-22,3746.08,completed,Food,South,1,4
8104,2024-10-22,3631.34,completed,Home,South,39,2
8105,2024-10-22,3498.92,completed,Electronics,West,46,3
8106,2024-10-22,140.37,completed,Food,North,6,3
8107,2024-10-22,1307.2,completed,Books,Central,18,5
8108,2024-10-22,4201.08,completed,Electronics,Central,44,4
8109,2024-10-22,3008.28,completed,Electronics,Central,36,3
8110,2024-10-23,3014.95,pending,Home,Central,4,4
8111,2024-10-23,1486.62,pending,Clothing,South,43,5
8112,2024-10-23,1308.26,failed,Clothing,East,40,4
8113,2024-10-23,4733.31,completed,Food,North,16,2
8114,2024-10-23,3641.5,completed,Electronics,Central,21,1
8115,2024-10-23,643.06,completed,Electronics,West,15,5
8116,2024-10-23,4689.16,completed,Electronics,North,26,1
8117,2024-10-23,2916.03,completed,Books,Central,39,3
8118,2024-10-23,1673.48,completed,Food,North,33,1
8119,2024-10-23,1991.73,completed,Clothing,West,48,5
8120,2024-10-23,3629.77,pending,Home,North,5,1
8121,2024-10-23,1887.6,completed,Clothing,West,46,4
8122,2024-10-23,2897.94,completed,Electronics,Central,45,4
8123,2024-10-23,3555.39,completed,Electronics,Central,19,4
8124,2024-10-23,984.92,completed,Sports,North,8,3
8125,2024-10-23,4721.77,completed,Books,North,12,3
8126,2024-10-23,1787.3,completed,Clothing,North,47,3
8127,2024-10-23,2102.68,completed,Clothing,Central,1,4
8128,2024-10-23,3495.59,completed,Clothing,North,5,1
8129,2024-10-23,3047.84,refunded,Food,South,4,5
8130,2024-10-23,2206.2,completed,Sports,East,9,4
8131,2024-10-23,3252.21,completed,Books,South,39,5
8132,2024-10-23,4515.11,completed,Sports,East,3,1
8133,2024-10-23,4003.42,completed,Electronics,South,48,2
8134,2024-10-23,4123.05,completed,Books,South,20,2
8135,2024-10-23,1299.46,refunded,Sports,South,27,3
8136,2024-10-23,2102.82,completed,Clothing,Central,29,5
8137,2024-10-23,2773.56,completed,Books,North,40,4
8138,2024-10-24,230.51,refunded,Electronics,Central,31,4
8139,2024-10-24,3851.26,completed,Home,East,3,2
8140,2024-10-24,1624.08,completed,Sports,South,41,1
8141,2024-10-24,1420.15,completed,Books,East,5,4
8142,2024-10-24,1303.87,completed,Books,Central,26,1
8143,2024-10-24,1424.06,refunded,Sports,Central,43,2
8144,2024-10-24,1696.69,completed,Food,Central,25,3
8145,2024-10-24,3028.07,pending,Home,South,21,4
8146,2024-10-24,2921.99,completed,Clothing,Central,16,4
8147,2024-10-24,1286.0,pending,Sports,West,39,1
8148,2024-10-24,1040.06,pending,Sports,North,32,2
8149,2024-10-24,4133.53,pending,Home,East,40,5
8150,2024-10-24,472.69,failed,Electronics,Central,45,3
8151,2024-10-24,2568.99,pending,Food,East,30,4
8152,2024-10-24,2607.6,completed,Books,East,18,2
8153,2024-10-24,2874.94,completed,Books,South,30,5
8154,2024-10-24,4429.39,completed,Sports,North,18,3
8155,2024-10-24,3123.33,completed,Books,Central,11,1
8156,2024-10-24,4868.43,completed,Clothing,West,17,4
8157,2024-10-24,4358.05,pending,Sports,South,24,2
8158,2024-10-24,1081.55,pending,Food,South,12,5
8159,2024-10-24,1213.5,refunded,Home,East,16,4
8160,2024-10-24,1730.42,completed,Books,West,28,1
8161,2024-10-24,1963.66,pending,Books,North,7,1
8162,2024-10-24,2769.45,pending,Books,West,6,1
8163,2024-10-24,1170.24,refunded,Home,Central,38,2
8164,2024-10-24,1119.5,pending,Home,East,41,1
8165,2024-10-25,1913.14,completed,Books,North,16,4
8166,2024-10-25,3363.4,completed,Books,North,7,1
8167,2024-10-25,3443.75,refunded,Electronics,North,23,3
8168,2024-10-25,4880.82,pending,Electronics,Central,9,2
8169,2024-10-25,1020.05,pending,Sports,East,43,4
8170,2024-10-25,1970.37,pending,Food,North,4,1
8171,2024-10-25,4823.74,pending,Food,Central,25,3
8172,2024-10-25,3453.14,pending,Books,Central,19,5
8173,2024-10-25,2965.47,failed,Clothing,North,23,2
8174,2024-10-25,2702.83,failed,Clothing,West,38,5
8175,2024-10-25,386.8,completed,Electronics,South,13,1
8176,2024-10-25,4467.94,completed,Sports,North,45,4
8177,2024-10-25,3131.27,completed,Books,North,48,2
8178,2024-10-25,2862.62,completed,Clothing,East,22,2
8179,2024-10-25,2702.11,pending,Books,Central,19,3
8180,2024-10-25,1965.65,pending,Electronics,Central,12,4
8181,2024-10-25,1280.78,completed,Sports,West,40,3
8182,2024-10-25,3779.06,completed,Clothing,Central,36,3
8183,2024-10-25,2552.74,completed,Clothing,South,23,2
8184,2024-10-25,179.36,pending,Home,North,34,4
8185,2024-10-25,2001.48,completed,Sports,North,19,1
8186,2024-10-25,4643.73,completed,Sports,North,34,1
8187,2024-10-25,1875.73,completed,Books,West,41,1
8188,2024-10-25,2072.03,completed,Books,North,22,5
8189,2024-10-25,3123.57,completed,Clothing,East,33,4
8190,2024-10-25,4010.36,pending,Clothing,West,28,2
8191,2024-10-25,3345.62,failed,Home,Central,4,4
8192,2024-10-26,4251.77,completed,Home,North,4,2
8193,2024-10-26,578.71,completed,Sports,North,13,4
8194,2024-10-26,4623.72,completed,Home,North,13,2
8195,2024-10-26,4520.57,completed,Sports,North,10,4
8196,2024-10-26,2600.55,completed,Food,South,46,2
8197,2024-10-26,3127.46,completed,Sports,South,30,1
8198,2024-10-26,1071.94,completed,Sports,Central,3,5
8199,2024-10-26,2245.26,pending,Electronics,East,45,4
8200,2024-10-26,1021.49,completed,Home,South,15,4
8201,2024-10-26,119.66,pending,Food,East,49,4
8202,2024-10-26,4904.71,completed,Clothing,West,12,5
8203,2024-10-26,1303.14,completed,Food,South,5,1
8204,2024-10-26,2969.61,completed,Clothing,North,7,5
8205,2024-10-26,1508.25,completed,Clothing,East,19,3
8206,2024-10-26,1859.4,completed,Books,West,46,3
8207,2024-10-26,1994.83,pending,Home,South,28,5
8208,2024-10-26,1681.88,failed,Food,East,7,5
8209,2024-10-26,3190.62,completed,Clothing,South,16,2
8210,2024-10-26,4805.07,completed,Sports,Central,24,5
8211,2024-10-26,2148.89,completed,Clothing,Central,27,1
8212,2024-10-26,4866.9,pending,Books,West,42,1
8213,2024-10-26,3342.31,completed,Clothing,Central,3,2
8214,2024-10-26,3039.61,completed,Clothing,North,1,2
8215,2024-10-26,1193.15,failed,Clothing,West,36,4
8216,2024-10-26,323.97,failed,Food,East,6,3
8217,2024-10-26,4261.15,completed,Home,West,34,5
8218,2024-10-26,2874.17,completed,Sports,North,17,4
8219,2024-10-26,2077.93,completed,Sports,North,20,4
8220,2024-10-27,4061.72,completed,Electronics,South,8,4
8221,2024-10-27,1559.8,completed,Electronics,East,38,3
8222,2024-10-27,3920.25,pending,Food,Central,9,2
8223,2024-10-27,1646.54,completed,Home,Central,1,1
8224,2024-10-27,4605.2,failed,Electronics,East,29,5
8225,2024-10-27,1347.15,completed,Sports,North,8,2
8226,2024-10-27,696.4,pending,Sports,Central,9,4
8227,2024-10-27,3493.5,completed,Clothing,East,11,4
8228,2024-10-27,822.61,completed,Electronics,North,32,2
8229,2024-10-27,4747.32,completed,Electronics,West,37,1
8230,2024-10-27,3281.22,pending,Electronics,Central,45,4
8231,2024-10-27,1161.99,completed,Home,Central,49,2
8232,2024-10-27,1052.01,completed,Sports,Central,12,5
8233,2024-10-27,4620.14,pending,Sports,Central,11,3
8234,2024-10-27,3043.21,pending,Electronics,West,11,2
8235,2024-10-27,4469.74,completed,Home,West,10,4
8236,2024-10-27,560.02,completed,Sports,North,1,2
8237,2024-10-27,4627.71,completed,Sports,West,29,4
8238,2024-10-27,2605.05,completed,Food,Central,1,4
8239,2024-10-27,3345.43,completed,Clothing,Central,2,5
8240,2024-10-27,1870.65,completed,Sports,Central,20,3
8241,2024-10-27,305.11,completed,Electronics,North,40,1
8242,2024-10-27,4790.28,completed,Clothing,South,24,1
8243,2024-10-27,4973.05,completed,Electronics,Central,20,1
8244,2024-10-27,1829.09,completed,Electronics,Central,9,5
8245,2024-10-27,4719.9,completed,Books,East,34,2
8246,2024-10-27,846.95,pending,Clothing,Central,16,2
8247,2024-10-28,781.88,pending,Home,West,49,4
8248,2024-10-28,374.83,completed,Home,South,7,2
8249,2024-10-28,1962.43,failed,Clothing,East,39,5
8250,2024-10-28,270.99,completed,Sports,South,34,5
8251,2024-10-28,1979.34,completed,Electronics,West,18,3
8252,2024-10-28,700.57,completed,Clothing,South,20,4
8253,2024-10-28,3655.33,completed,Books,North,48,2
8254,2024-10-28,4168.48,completed,Clothing,East,36,3
8255,2024-10-28,3442.2,failed,Electronics,East,3,3
8256,2024-10-28,1010.47,completed,Electronics,Central,27,2
8257,2024-10-28,3836.57,completed,Books,North,37,3
8258,2024-10-28,1255.01,completed,Clothing,Central,19,1
8259,2024-10-28,3799.85,completed,Clothing,South,34,4
8260,2024-10-28,2841.31,pending,Clothing,North,31,1
8261,2024-10-28,1839.9,completed,Home,East,17,5
8262,2024-10-28,426.63,pending,Home,East,1,5
8263,2024-10-28,4139.27,completed,Sports,Central,2,2
8264,2024-10-28,4698.87,completed,Electronics,East,34,1
8265,2024-10-28,3332.93,completed,Clothing,North,38,3
8266,2024-10-28,4823.06,pending,Home,East,19,1
8267,2024-10-28,4671.22,completed,Books,Central,24,3
8268,2024-10-28,981.1,completed,Electronics,West,26,4
8269,2024-10-28,3658.75,completed,Clothing,South,44,2
8270,2024-10-28,1753.03,completed,Sports,West,26,5
8271,2024-10-28,2442.71,completed,Home,West,28,1
8272,2024-10-28,793.26,refunded,Food,South,28,4
8273,2024-10-28,4874.15,completed,Electronics,East,7,3
8274,2024-10-28,3633.43,completed,Electronics,South,35,2
8275,2024-10-29,1341.87,completed,Clothing,North,45,3
8276,2024-10-29,1863.64,completed,Sports,Central,6,2
8277,2024-10-29,2118.19,completed,Sports,South,4,4
8278,2024-10-29,3740.19,pending,Clothing,South,24,5
8279,2024-10-29,4629.23,completed,Home,North,38,3
8280,2024-10-29,1613.99,completed,Home,East,5,4
8281,2024-10-29,2367.78,completed,Home,West,37,4
8282,2024-10-29,2970.11,completed,Sports,Central,12,5
8283,2024-10-29,1972.79,failed,Books,West,9,3
8284,2024-10-29,2525.86,completed,Home,Central,10,3
8285,2024-10-29,537.48,pending,Sports,Central,26,1
8286,2024-10-29,846.7,completed,Sports,West,30,4
8287,2024-10-29,2011.5,completed,Food,Central,23,5
8288,2024-10-29,4575.55,pending,Clothing,South,30,5
8289,2024-10-29,1753.3,completed,Books,West,40,4
8290,2024-10-29,1256.47,failed,Food,West,41,2
8291,2024-10-29,3716.88,completed,Food,East,36,4
8292,2024-10-29,4746.16,completed,Sports,West,26,2
8293,2024-10-29,2301.03,failed,Books,West,11,5
8294,2024-10-29,52.94,completed,Clothing,East,37,1
8295,2024-10-29,3443.87,refunded,Clothing,Central,33,5
8296,2024-10-29,2081.15,failed,Books,North,44,4
8297,2024-10-29,3371.49,completed,Clothing,South,35,5
8298,2024-10-29,1395.81,completed,Clothing,South,7,2
8299,2024-10-29,22.02,pending,Clothing,Central,28,3
8300,2024-10-29,1729.04,completed,Books,East,36,2
8301,2024-10-29,3526.91,pending,Food,Central,49,4
8302,2024-10-30,1971.64,completed,Food,Central,17,4
8303,2024-10-30,1103.68,completed,Electronics,East,43,4
8304,2024-10-30,2325.39,completed,Electronics,West,14,4
8305,2024-10-30,3764.22,pending,Sports,South,19,1
8306,2024-10-30,605.97,pending,Home,North,48,3
8307,2024-10-30,3461.84,completed,Clothing,East,9,2
8308,2024-10-30,3340.05,completed,Home,South,11,5
8309,2024-10-30,1859.98,completed,Books,West,41,3
8310,2024-10-30,4851.98,completed,Clothing,East,45,1
8311,2024-10-30,4474.58,completed,Books,North,6,2
8312,2024-10-30,1587.65,completed,Electronics,East,41,3
8313,2024-10-30,165.14,completed,Food,East,29,2
8314,2024-10-30,1548.44,completed,Sports,North,44,4
8315,2024-10-30,1031.56,completed,Home,East,25,4
8316,2024-10-30,2740.79,completed,Clothing,Central,29,4
8317,2024-10-30,4594.53,completed,Home,Central,12,3
8318,2024-10-30,4352.98,refunded,Books,Central,29,4
8319,2024-10-30,1536.09,completed,Clothing,Central,21,2
8320,2024-10-30,2148.7,completed,Sports,Central,20,4
8321,2024-10-30,192.35,failed,Home,North,14,1
8322,2024-10-30,2725.38,completed,Clothing,East,20,4
8323,2024-10-30,326.21,pending,Electronics,East,9,2
8324,2024-10-30,4693.64,completed,Clothing,Central,42,5
8325,2024-10-30,4336.0,completed,Sports,South,20,2
8326,2024-10-30,1078.8,completed,Electronics,West,20,5
8327,2024-10-30,3499.85,completed,Clothing,West,48,3
8328,2024-10-30,2844.42,completed,Clothing,East,24,5
8329,2024-10-31,4008.77,completed,Electronics,South,35,2
8330,2024-10-31,2383.5,completed,Books,North,49,3
8331,2024-10-31,966.94,completed,Sports,East,43,4
8332,2024-10-31,3202.82,pending,Electronics,North,18,4
8333,2024-10-31,410.6,completed,Home,West,27,2
8334,2024-10-31,2927.09,refunded,Home,South,41,3
8335,2024-10-31,1071.4,completed,Home,Central,25,2
8336,2024-10-31,3427.83,completed,Sports,Central,14,4
8337,2024-10-31,4141.94,completed,Food,Central,26,3
8338,2024-10-31,556.53,completed,Clothing,West,2,1
8339,2024-10-31,2007.34,pending,Home,North,44,2
8340,2024-10-31,3670.27,completed,Books,Central,30,2
8341,2024-10-31,826.88,completed,Food,North,13,3
8342,2024-10-31,2836.95,pending,Food,East,24,5
8343,2024-10-31,3362.48,completed,Clothing,Central,2,5
8344,2024-10-31,1780.42,completed,Food,North,39,4
8345,2024-10-31,4161.59,pending,Sports,East,27,5
8346,2024-10-31,2558.18,completed,Books,East,1,1
8347,2024-10-31,3138.7,completed,Food,North,23,5
8348,2024-10-31,712.96,pending,Electronics,North,4,3
8349,2024-10-31,125.57,completed,Food,Central,19,2
8350,2024-10-31,263.24,completed,Clothing,Central,43,2
8351,2024-10-31,4520.56,completed,Food,North,33,2
8352,2024-10-31,4414.39,pending,Electronics,South,24,5
8353,2024-10-31,4039.88,completed,Home,South,26,3
8354,2024-10-31,1006.06,completed,Clothing,North,25,1
8355,2024-10-31,2632.04,completed,Electronics,North,5,5
8356,2024-10-31,3982.62,completed,Books,East,12,4
8357,2024-11-01,3376.6,completed,Food,East,41,2
8358,2024-11-01,586.45,completed,Home,Central,46,4
8359,2024-11-01,4478.75,completed,Food,South,8,2
8360,2024-11-01,811.81,completed,Books,East,45,3
8361,2024-11-01,867.26,completed,Home,South,2,1
8362,2024-11-01,4506.03,completed,Home,North,26,2
8363,2024-11-01,2428.24,completed,Sports,West,41,2
8364,2024-11-01,1870.73,completed,Books,West,11,4
8365,2024-11-01,2772.75,completed,Sports,West,47,4
8366,2024-11-01,4907.17,completed,Clothing,North,49,4
8367,2024-11-01,606.96,refunded,Home,West,21,3
8368,2024-11-01,3787.17,completed,Home,West,44,2
8369,2024-11-01,1678.29,completed,Food,East,4,3
8370,2024-11-01,594.08,completed,Electronics,West,26,2
8371,2024-11-01,2115.45,completed,Sports,North,15,3
8372,2024-11-01,2748.28,completed,Electronics,South,31,4
8373,2024-11-01,1037.75,refunded,Electronics,North,13,5
8374,2024-11-01,2032.29,completed,Home,East,22,2
8375,2024-11-01,3182.02,completed,Books,Central,36,1
8376,2024-11-01,2886.48,completed,Books,North,11,2
8377,2024-11-01,3618.57,completed,Home,East,42,5
8378,2024-11-01,4183.66,completed,Home,South,34,3
8379,2024-11-01,2051.61,failed,Home,Central,13,3
8380,2024-11-01,2120.61,failed,Electronics,West,33,3
8381,2024-11-01,2488.49,completed,Clothing,South,16,2
8382,2024-11-01,2836.1,completed,Sports,South,27,5
8383,2024-11-01,550.53,completed,Electronics,East,30,4
8384,2024-11-02,1570.05,completed,Clothing,North,40,5
8385,2024-11-02,867.74,completed,Books,North,18,1
8386,2024-11-02,1935.41,completed,Food,West,23,4
8387,2024-11-02,4867.04,refunded,Clothing,Central,22,1
8388,2024-11-02,2917.83,completed,Home,West,43,1
8389,2024-11-02,2152.61,pending,Food,North,42,5
8390,2024-11-02,2834.03,pending,Food,Central,11,2
8391,2024-11-02,3348.69,completed,Books,South,6,2
8392,2024-11-02,2180.42,completed,Sports,Central,48,1
8393,2024-11-02,2244.07,completed,Food,South,9,1
8394,2024-11-02,3509.99,failed,Home,East,11,4
8395,2024-11-02,313.7,completed,Clothing,Central,6,3
8396,2024-11-02,2705.0,pending,Home,East,8,3
8397,2024-11-02,2741.17,completed,Home,West,4,1
8398,2024-11-02,3786.19,completed,Electronics,East,30,5
8399,2024-11-02,4913.4,failed,Sports,North,25,1
8400,2024-11-02,3980.82,completed,Electronics,West,5,3
8401,2024-11-02,2523.91,pending,Food,South,32,3
8402,2024-11-02,855.57,completed,Home,East,9,1
8403,2024-11-02,2945.42,completed,Clothing,South,27,3
8404,2024-11-02,4173.15,completed,Books,Central,36,3
8405,2024-11-02,4662.75,completed,Sports,East,21,3
8406,2024-11-02,4128.3,pending,Food,West,16,2
8407,2024-11-02,952.95,completed,Electronics,East,44,5
8408,2024-11-02,3565.75,completed,Electronics,South,40,1
8409,2024-11-02,4401.97,completed,Books,East,42,4
8410,2024-11-02,3408.27,completed,Electronics,West,8,2
8411,2024-11-02,3431.9,pending,Electronics,North,14,2
8412,2024-11-03,2505.81,completed,Home,North,19,2
8413,2024-11-03,3188.51,refunded,Books,North,9,4
8414,2024-11-03,1478.96,completed,Food,Central,19,1
8415,2024-11-03,453.16,completed,Electronics,East,13,2
8416,2024-11-03,4140.3,completed,Sports,South,24,3
8417,2024-11-03,4716.29,completed,Books,North,35,1
8418,2024-11-03,4285.54,completed,Clothing,West,21,5
8419,2024-11-03,1676.23,pending,Sports,East,36,2
8420,2024-11-03,476.72,completed,Clothing,West,19,5
8421,2024-11-03,1407.89,failed,Books,West,25,4
8422,2024-11-03,4215.75,completed,Books,North,17,2
8423,2024-11-03,3282.51,completed,Clothing,West,5,4
8424,2024-11-03,4833.8,completed,Home,West,1,3
8425,2024-11-03,1719.98,completed,Sports,South,9,3
8426,2024-11-03,2761.85,completed,Clothing,South,31,5
8427,2024-11-03,3952.29,failed,Electronics,East,5,4
8428,2024-11-03,1177.62,failed,Clothing,South,24,5
8429,2024-11-03,4820.81,completed,Food,Central,7,5
8430,2024-11-03,2966.06,completed,Books,North,19,5
8431,2024-11-03,49.41,completed,Food,North,14,3
8432,2024-11-03,135.51,completed,Electronics,Central,11,3
8433,2024-11-03,4412.26,completed,Sports,West,26,5
8434,2024-11-03,3229.95,completed,Food,Central,44,5
8435,2024-11-03,3817.73,failed,Food,North,32,2
8436,2024-11-03,3922.24,completed,Books,North,12,4
8437,2024-11-03,2108.09,completed,Home,Central,42,3
8438,2024-11-03,3995.07,failed,Electronics,Central,46,1
8439,2024-11-04,4688.29,completed,Home,Central,38,1
8440,2024-11-04,869.13,completed,Books,Central,11,1
8441,2024-11-04,3823.04,refunded,Books,South,9,2
8442,2024-11-04,1545.88,completed,Electronics,North,48,5
8443,2024-11-04,1614.25,completed,Sports,South,44,2
8444,2024-11-04,2069.65,completed,Sports,Central,21,5
8445,2024-11-04,4319.96,pending,Books,East,23,3
8446,2024-11-04,120.06,completed,Sports,North,27,3
8447,2024-11-04,2175.29,completed,Home,West,44,2
8448,2024-11-04,3403.44,completed,Home,Central,15,4
8449,2024-11-04,560.97,completed,Clothing,North,34,3
8450,2024-11-04,3963.35,completed,Sports,East,47,2
8451,2024-11-04,4710.09,completed,Electronics,West,15,4
8452,2024-11-04,463.76,failed,Books,Central,14,4
8453,2024-11-04,773.21,completed,Electronics,West,7,4
8454,2024-11-04,4870.75,pending,Clothing,South,36,3
8455,2024-11-04,997.3,failed,Sports,Central,14,4
8456,2024-11-04,403.91,failed,Food,South,2,2
8457,2024-11-04,4761.44,pending,Home,West,25,5
8458,2024-11-04,4464.19,completed,Electronics,Central,28,3
8459,2024-11-04,3282.07,pending,Home,East,1,2
8460,2024-11-04,2761.64,completed,Sports,West,37,3
8461,2024-11-04,4596.97,completed,Food,Central,28,5
8462,2024-11-04,3281.05,completed,Electronics,West,24,5
8463,2024-11-04,3295.4,completed,Electronics,East,17,2
8464,2024-11-04,4219.99,completed,Food,West,32,5
8465,2024-11-04,3269.7,pending,Books,East,37,2
8466,2024-11-05,2523.35,completed,Books,West,38,1
8467,2024-11-05,1954.71,completed,Clothing,North,20,2
8468,2024-11-05,2520.64,completed,Books,North,25,2
8469,2024-11-05,2617.17,failed,Books,East,13,2
8470,2024-11-05,1810.55,completed,Food,North,11,2
8471,2024-11-05,2246.11,completed,Clothing,West,43,2
8472,2024-11-05,4011.34,pending,Food,North,20,1
8473,2024-11-05,2088.4,pending,Sports,East,14,2
8474,2024-11-05,137.54,completed,Books,North,36,3
8475,2024-11-05,1422.27,completed,Electronics,Central,35,3
8476,2024-11-05,1166.39,completed,Home,Central,14,3
8477,2024-11-05,3969.97,failed,Clothing,North,9,2
8478,2024-11-05,2251.97,completed,Sports,South,31,1
8479,2024-11-05,1408.75,pending,Electronics,Central,45,5
8480,2024-11-05,4055.42,completed,Clothing,East,8,5
8481,2024-11-05,105.89,completed,Books,Central,12,3
8482,2024-11-05,879.51,completed,Home,North,46,4
8483,2024-11-05,4136.5,completed,Books,East,36,1
8484,2024-11-05,2757.75,completed,Electronics,Central,30,1
8485,2024-11-05,3870.51,pending,Home,North,17,3
8486,2024-11-05,4192.5,completed,Clothing,North,23,4
8487,2024-11-05,4710.4,failed,Food,West,10,4
8488,2024-11-05,326.49,completed,Electronics,North,40,2
8489,2024-11-05,3998.18,completed,Sports,South,25,5
8490,2024-11-05,3546.74,completed,Food,Central,40,4
8491,2024-11-05,1043.06,completed,Clothing,Central,44,2
8492,2024-11-05,4659.19,failed,Books,North,5,3
8493,2024-11-05,2026.97,completed,Clothing,East,43,2
8494,2024-11-06,4439.18,failed,Books,West,16,1
8495,2024-11-06,3029.52,completed,Books,South,17,1
8496,2024-11-06,2638.47,completed,Sports,South,23,3
8497,2024-11-06,806.02,completed,Sports,East,15,1
8498,2024-11-06,4572.49,completed,Books,West,17,5
8499,2024-11-06,2787.74,failed,Electronics,North,34,5
8500,2024-11-06,40.4,completed,Clothing,North,16,4
8501,2024-11-06,101.24,completed,Books,North,30,4
8502,2024-11-06,3890.39,pending,Books,South,18,4
8503,2024-11-06,818.06,pending,Books,South,16,4
8504,2024-11-06,2997.7,completed,Sports,East,7,5
8505,2024-11-06,3408.6,completed,Home,South,43,3
8506,2024-11-06,1404.03,completed,Books,West,6,5
8507,2024-11-06,2850.88,pending,Electronics,South,28,2
8508,2024-11-06,1208.89,completed,Food,Central,13,5
8509,2024-11-06,4732.11,completed,Clothing,South,49,4
8510,2024-11-06,4302.25,refunded,Books,South,4,1
8511,2024-11-06,1447.33,completed,Books,Central,21,1
8512,2024-11-06,2648.78,completed,Books,West,26,1
8513,2024-11-06,2508.16,refunded,Books,North,49,2
8514,2024-11-06,4800.52,completed,Clothing,North,8,4
8515,2024-11-06,1976.2,completed,Clothing,North,41,5
8516,2024-11-06,2815.52,pending,Home,West,4,5
8517,2024-11-06,4644.25,pending,Food,West,15,1
8518,2024-11-06,822.43,refunded,Clothing,Central,42,3
8519,2024-11-06,2756.92,completed,Home,South,19,5
8520,2024-11-06,537.31,completed,Electronics,North,29,5
8521,2024-11-07,3091.32,completed,Food,East,20,1
8522,2024-11-07,1834.76,completed,Sports,North,45,4
8523,2024-11-07,4838.5,failed,Food,North,5,1
8524,2024-11-07,2082.89,completed,Home,West,49,1
8525,2024-11-07,689.58,completed,Food,South,12,5
8526,2024-11-07,4171.66,completed,Books,Central,30,5
8527,2024-11-07,4106.12,completed,Food,East,13,1
8528,2024-11-07,3477.35,completed,Food,West,40,5
8529,2024-11-07,3746.57,completed,Food,Central,35,5
8530,2024-11-07,1330.93,completed,Home,East,8,3
8531,2024-11-07,3213.85,refunded,Sports,South,13,1
8532,2024-11-07,199.72,failed,Food,West,35,4
8533,2024-11-07,992.48,completed,Food,Central,25,3
8534,2024-11-07,4662.07,failed,Food,South,27,2
8535,2024-11-07,3698.78,completed,Sports,Central,18,5
8536,2024-11-07,1161.06,completed,Books,Central,34,4
8537,2024-11-07,565.8,completed,Books,North,46,2
8538,2024-11-07,4745.11,pending,Food,Central,6,3
8539,2024-11-07,569.82,completed,Food,North,34,2
8540,2024-11-07,1292.78,completed,Books,Central,46,3
8541,2024-11-07,921.34,pending,Sports,Central,11,2
8542,2024-11-07,47.24,pending,Home,Central,21,4
8543,2024-11-07,1577.53,pending,Electronics,South,28,3
8544,2024-11-07,4871.15,completed,Clothing,Central,39,1
8545,2024-11-07,1716.1,pending,Sports,East,34,1
8546,2024-11-07,2526.48,completed,Electronics,North,49,1
8547,2024-11-07,3732.22,completed,Books,Central,28,1
8548,2024-11-07,2759.89,pending,Food,Central,43,1
8549,2024-11-08,3720.52,completed,Clothing,South,26,4
8550,2024-11-08,3311.56,pending,Books,South,16,3
8551,2024-11-08,3046.73,completed,Books,East,34,1
8552,2024-11-08,3251.75,completed,Sports,South,20,3
8553,2024-11-08,3997.83,completed,Sports,West,33,2
8554,2024-11-08,3553.86,completed,Home,South,32,3
8555,2024-11-08,3960.96,pending,Food,South,4,3
8556,2024-11-08,736.53,pending,Sports,South,27,3
8557,2024-11-08,3391.59,completed,Sports,West,1,2
8558,2024-11-08,3687.74,completed,Home,East,21,1
8559,2024-11-08,1506.83,completed,Books,North,33,4
8560,2024-11-08,4374.14,pending,Clothing,East,33,4
8561,2024-11-08,1530.51,completed,Food,West,6,5
8562,2024-11-08,1226.72,pending,Clothing,North,45,4
8563,2024-11-08,4336.81,completed,Clothing,South,37,2
8564,2024-11-08,1242.63,completed,Clothing,South,16,4
8565,2024-11-08,2083.36,completed,Food,Central,23,5
8566,2024-11-08,1845.93,completed,Sports,South,7,1
8567,2024-11-08,4491.33,completed,Clothing,Central,18,3
8568,2024-11-08,2281.63,completed,Clothing,West,34,4
8569,2024-11-08,3474.6,pending,Electronics,Central,44,5
8570,2024-11-08,3972.25,completed,Clothing,East,29,3
8571,2024-11-08,3143.24,pending,Food,South,14,5
8572,2024-11-08,4719.04,completed,Food,West,45,4
8573,2024-11-08,4014.51,completed,Food,North,27,4
8574,2024-11-08,2007.03,completed,Clothing,West,37,1
8575,2024-11-08,4754.55,completed,Food,South,35,3
8576,2024-11-09,2627.63,completed,Books,West,20,4
8577,2024-11-09,122.66,completed,Electronics,East,2,1
8578,2024-11-09,1307.47,completed,Home,South,32,5
8579,2024-11-09,3112.43,failed,Clothing,East,44,4
8580,2024-11-09,792.51,completed,Electronics,East,43,5
8581,2024-11-09,2924.5,completed,Clothing,West,43,4
8582,2024-11-09,1814.37,pending,Books,East,18,5
8583,2024-11-09,2676.58,completed,Books,North,45,5
8584,2024-11-09,19.36,refunded,Electronics,North,1,1
8585,2024-11-09,4243.62,completed,Food,West,16,5
8586,2024-11-09,1816.01,completed,Clothing,Central,31,3
8587,2024-11-09,709.39,completed,Home,East,16,3
8588,2024-11-09,2195.2,completed,Clothing,North,2,2
8589,2024-11-09,2436.02,completed,Home,North,9,3
8590,2024-11-09,3190.64,completed,Books,Central,46,3
8591,2024-11-09,2627.57,completed,Home,West,21,3
8592,2024-11-09,227.18,completed,Books,North,9,4
8593,2024-11-09,4358.85,completed,Electronics,South,31,4
8594,2024-11-09,2287.98,completed,Books,West,19,4
8595,2024-11-09,394.17,completed,Food,West,20,3
8596,2024-11-09,3866.41,completed,Sports,South,47,5
8597,2024-11-09,3304.17,completed,Food,West,27,5
8598,2024-11-09,3250.69,completed,Clothing,Central,4,5
8599,2024-11-09,2140.3,completed,Electronics,Central,47,4
8600,2024-11-09,2058.38,completed,Sports,Central,1,2
8601,2024-11-09,2686.33,failed,Clothing,South,34,5
8602,2024-11-09,262.47,completed,Sports,North,6,5
8603,2024-11-10,1501.8,completed,Electronics,South,14,2
8604,2024-11-10,4939.59,completed,Electronics,North,49,5
8605,2024-11-10,3314.34,completed,Sports,East,9,3
8606,2024-11-10,2100.48,completed,Food,West,48,4
8607,2024-11-10,1119.59,pending,Books,South,15,2
8608,2024-11-10,3728.59,pending,Electronics,North,19,2
8609,2024-11-10,1308.85,refunded,Clothing,East,46,3
8610,2024-11-10,820.23,failed,Electronics,North,37,1
8611,2024-11-10,781.03,completed,Clothing,South,15,1
8612,2024-11-10,3649.02,completed,Clothing,Central,37,3
8613,2024-11-10,3217.62,completed,Food,Central,24,5
8614,2024-11-10,358.33,failed,Clothing,West,5,1
8615,2024-11-10,584.06,completed,Food,South,13,2
8616,2024-11-10,3172.9,completed,Home,North,12,2
8617,2024-11-10,2859.87,completed,Electronics,West,24,2
8618,2024-11-10,3433.14,completed,Home,East,44,1
8619,2024-11-10,898.41,completed,Food,West,28,1
8620,2024-11-10,3635.67,pending,Books,North,9,3
8621,2024-11-10,4681.12,completed,Sports,Central,30,3
8622,2024-11-10,3009.24,pending,Sports,Central,26,4
8623,2024-11-10,988.69,completed,Home,East,19,5
8624,2024-11-10,3400.92,completed,Home,North,12,1
8625,2024-11-10,1721.98,completed,Electronics,East,35,2
8626,2024-11-10,255.95,completed,Food,South,28,5
8627,2024-11-10,1518.67,completed,Books,West,22,2
8628,2024-11-10,4528.87,completed,Books,South,10,1
8629,2024-11-10,2061.59,completed,Home,North,6,2
8630,2024-11-10,4324.68,pending,Books,Central,11,2
8631,2024-11-11,2548.21,completed,Food,South,31,2
8632,2024-11-11,2589.72,pending,Home,North,3,3
8633,2024-11-11,36.03,pending,Sports,Central,4,2
8634,2024-11-11,3189.15,completed,Sports,West,49,3
8635,2024-11-11,547.99,failed,Books,South,14,5
8636,2024-11-11,2398.95,pending,Electronics,East,6,2
8637,2024-11-11,1308.98,pending,Home,West,48,3
8638,2024-11-11,1967.99,pending,Sports,Central,21,4
8639,2024-11-11,2690.02,completed,Electronics,South,1,1
8640,2024-11-11,82.18,refunded,Clothing,South,21,2
8641,2024-11-11,1430.07,completed,Food,North,2,4
8642,2024-11-11,4948.16,completed,Clothing,Central,15,2
8643,2024-11-11,296.42,pending,Books,Central,47,3
8644,2024-11-11,1603.77,completed,Books,Central,39,3
8645,2024-11-11,1613.89,completed,Clothing,West,21,5
8646,2024-11-11,1903.14,completed,Sports,South,17,1
8647,2024-11-11,3427.06,completed,Clothing,South,29,4
8648,2024-11-11,1246.24,failed,Electronics,South,31,5
8649,2024-11-11,2306.74,completed,Home,East,38,5
8650,2024-11-11,3227.87,completed,Clothing,Central,27,3
8651,2024-11-11,1618.39,completed,Clothing,West,4,2
8652,2024-11-11,4744.38,pending,Sports,East,43,1
8653,2024-11-11,4898.57,pending,Sports,West,17,2
8654,2024-11-11,607.17,completed,Electronics,Central,41,4
8655,2024-11-11,1725.66,failed,Electronics,East,40,1
8656,2024-11-11,1047.78,completed,Home,Central,11,4
8657,2024-11-11,942.08,pending,Books,North,26,5
8658,2024-11-12,2459.99,completed,Food,South,37,3
8659,2024-11-12,2823.5,completed,Food,North,18,5
8660,2024-11-12,2134.0,completed,Books,North,39,5
8661,2024-11-12,1370.05,completed,Sports,South,26,4
8662,2024-11-12,1400.32,completed,Electronics,South,46,3
8663,2024-11-12,4960.72,completed,Clothing,West,44,3
8664,2024-11-12,4619.15,completed,Home,East,48,2
8665,2024-11-12,388.74,completed,Clothing,East,11,1
8666,2024-11-12,3286.19,completed,Home,East,37,4
8667,2024-11-12,2289.82,completed,Food,North,37,3
8668,2024-11-12,3447.18,failed,Clothing,West,23,5
8669,2024-11-12,2988.83,completed,Books,West,9,4
8670,2024-11-12,4447.37,completed,Books,East,15,2
8671,2024-11-12,344.27,failed,Food,Central,26,5
8672,2024-11-12,1754.49,completed,Sports,Central,43,1
8673,2024-11-12,4927.62,completed,Electronics,Central,45,1
8674,2024-11-12,919.6,completed,Electronics,North,45,4
8675,2024-11-12,645.39,refunded,Books,North,47,4
8676,2024-11-12,3647.57,completed,Books,East,5,4
8677,2024-11-12,3889.4,completed,Sports,North,49,4
8678,2024-11-12,3364.65,completed,Home,North,28,2
8679,2024-11-12,3883.22,pending,Home,North,5,1
8680,2024-11-12,3471.67,completed,Books,North,7,5
8681,2024-11-12,687.5,failed,Books,South,13,2
8682,2024-11-12,3045.03,completed,Home,South,13,1
8683,2024-11-12,3886.61,completed,Home,Central,6,1
8684,2024-11-12,4328.93,completed,Electronics,Central,19,5
8685,2024-11-12,1238.71,failed,Books,North,27,5
8686,2024-11-13,645.88,completed,Home,South,16,5
8687,2024-11-13,3907.64,completed,Electronics,East,33,5
8688,2024-11-13,1290.18,pending,Home,South,36,1
8689,2024-11-13,169.33,completed,Sports,South,20,1
8690,2024-11-13,4127.82,completed,Electronics,West,4,3
8691,2024-11-13,2534.9,completed,Books,East,16,3
8692,2024-11-13,1639.9,completed,Food,West,31,1
8693,2024-11-13,67.03,completed,Food,North,20,5
8694,2024-11-13,186.28,completed,Books,East,29,4
8695,2024-11-13,3965.19,completed,Sports,South,42,4
8696,2024-11-13,2453.63,pending,Home,South,39,3
8697,2024-11-13,757.11,completed,Food,East,31,5
8698,2024-11-13,1798.94,completed,Electronics,South,5,4
8699,2024-11-13,834.87,completed,Home,West,37,3
8700,2024-11-13,573.28,completed,Food,North,17,3
8701,2024-11-13,1388.78,completed,Sports,Central,21,5
8702,2024-11-13,2752.05,completed,Sports,South,35,2
8703,2024-11-13,1057.93,failed,Electronics,East,41,5
8704,2024-11-13,1724.92,completed,Food,North,35,1
8705,2024-11-13,2394.88,completed,Electronics,Central,15,1
8706,2024-11-13,2105.95,completed,Books,West,23,1
8707,2024-11-13,651.85,completed,Sports,West,18,2
8708,2024-11-13,203.94,completed,Books,Central,23,3
8709,2024-11-13,186.94,failed,Clothing,Central,38,5
8710,2024-11-13,1757.39,pending,Home,South,48,5
8711,2024-11-13,3596.82,completed,Electronics,South,20,1
8712,2024-11-13,664.96,completed,Electronics,South,16,4
8713,2024-11-14,3937.03,completed,Food,East,44,2
8714,2024-11-14,3581.21,completed,Home,Central,8,2
8715,2024-11-14,29.68,completed,Home,West,20,5
8716,2024-11-14,143.47,failed,Books,East,47,5
8717,2024-11-14,983.22,completed,Home,East,44,4
8718,2024-11-14,290.04,completed,Home,West,40,1
8719,2024-11-14,2661.4,completed,Books,East,44,1
8720,2024-11-14,207.74,completed,Electronics,Central,12,5
8721,2024-11-14,4015.2,failed,Home,East,3,2
8722,2024-11-14,2469.88,pending,Books,West,43,2
8723,2024-11-14,3642.49,pending,Electronics,West,25,3
8724,2024-11-14,3756.01,pending,Home,West,13,1
8725,2024-11-14,2538.75,completed,Food,East,24,4
8726,2024-11-14,4627.56,pending,Sports,South,41,5
8727,2024-11-14,4951.3,pending,Clothing,East,25,2
8728,2024-11-14,1802.48,completed,Electronics,Central,31,3
8729,2024-11-14,638.06,completed,Food,North,26,5
8730,2024-11-14,1822.56,completed,Food,West,24,5
8731,2024-11-14,1124.54,failed,Home,Central,47,1
8732,2024-11-14,2659.72,completed,Electronics,North,46,4
8733,2024-11-14,1898.15,failed,Home,West,21,1
8734,2024-11-14,2407.44,failed,Electronics,East,40,1
8735,2024-11-14,3818.31,failed,Home,South,36,4
8736,2024-11-14,1377.36,completed,Sports,North,7,1
8737,2024-11-14,2692.0,completed,Food,West,42,1
8738,2024-11-14,1682.45,completed,Home,East,35,3
8739,2024-11-14,3926.95,completed,Food,West,42,3
8740,2024-11-15,3201.29,completed,Books,North,39,3
8741,2024-11-15,52.44,pending,Electronics,Central,46,5
8742,2024-11-15,3303.66,completed,Electronics,West,27,3
8743,2024-11-15,859.11,completed,Food,East,3,2
8744,2024-11-15,3625.12,failed,Clothing,East,14,2
8745,2024-11-15,2841.02,completed,Clothing,Central,8,5
8746,2024-11-15,2013.4,failed,Food,East,12,2
8747,2024-11-15,3473.39,completed,Books,East,29,1
8748,2024-11-15,4284.4,completed,Electronics,West,48,3
8749,2024-11-15,3895.93,completed,Sports,South,38,4
8750,2024-11-15,2731.44,completed,Home,South,22,1
8751,2024-11-15,3616.24,completed,Home,West,25,4
8752,2024-11-15,2075.43,pending,Clothing,South,26,3
8753,2024-11-15,3947.24,failed,Home,North,21,4
8754,2024-11-15,4146.97,completed,Electronics,East,30,1
8755,2024-11-15,695.1,completed,Electronics,North,47,5
8756,2024-11-15,1197.78,completed,Sports,East,5,5
8757,2024-11-15,1357.24,completed,Sports,West,18,4
8758,2024-11-15,838.75,completed,Electronics,Central,4,4
8759,2024-11-15,1968.75,completed,Food,West,42,4
8760,2024-11-15,973.24,completed,Food,South,10,1
8761,2024-11-15,2981.74,completed,Sports,West,33,5
8762,2024-11-15,517.06,completed,Books,East,4,4
8763,2024-11-15,1356.9,pending,Books,West,24,4
8764,2024-11-15,3330.95,completed,Electronics,Central,45,3
8765,2024-11-15,1998.74,completed,Home,North,47,1
8766,2024-11-15,2113.1,completed,Books,West,8,3
8767,2024-11-15,3991.65,completed,Sports,Central,33,3
8768,2024-11-16,4922.71,failed,Food,South,12,2
8769,2024-11-16,2829.69,completed,Clothing,East,36,5
8770,2024-11-16,404.55,failed,Sports,East,27,2
8771,2024-11-16,523.49,completed,Clothing,South,40,5
8772,2024-11-16,4842.82,completed,Clothing,Central,44,5
8773,2024-11-16,3399.38,completed,Books,South,18,1
8774,2024-11-16,3764.82,completed,Food,East,3,1
8775,2024-11-16,3382.06,completed,Home,East,16,2
8776,2024-11-16,906.29,completed,Books,South,11,4
8777,2024-11-16,2247.33,completed,Food,West,7,1
8778,2024-11-16,3992.42,completed,Electronics,East,36,2
8779,2024-11-16,4333.15,completed,Food,North,45,5
8780,2024-11-16,1194.3,completed,Electronics,North,26,3
8781,2024-11-16,2983.85,completed,Clothing,North,27,3
8782,2024-11-16,793.94,refunded,Clothing,East,30,3
8783,2024-11-16,4791.8,completed,Books,Central,45,5
8784,2024-11-16,1268.5,completed,Electronics,Central,1,1
8785,2024-11-16,3635.91,completed,Electronics,West,26,3
8786,2024-11-16,1163.25,completed,Electronics,Central,43,1
8787,2024-11-16,3084.11,completed,Home,Central,8,1
8788,2024-11-16,3299.73,completed,Home,West,29,3
8789,2024-11-16,1648.86,refunded,Clothing,South,1,5
8790,2024-11-16,4095.98,failed,Food,Central,41,3
8791,2024-11-16,4428.0,completed,Clothing,West,33,4
8792,2024-11-16,4276.8,failed,Books,Central,48,5
8793,2024-11-16,1660.68,completed,Books,South,15,1
8794,2024-11-16,3724.26,refunded,Clothing,Central,36,4
8795,2024-11-17,2801.86,completed,Books,East,38,5
8796,2024-11-17,2967.22,refunded,Electronics,Central,2,5
8797,2024-11-17,2392.35,completed,Books,South,38,4
8798,2024-11-17,3005.3,completed,Sports,Central,35,5
8799,2024-11-17,686.91,failed,Electronics,West,31,4
8800,2024-11-17,2050.15,completed,Sports,South,28,1
8801,2024-11-17,896.58,completed,Sports,North,40,5
8802,2024-11-17,1407.73,completed,Home,North,6,5
8803,2024-11-17,647.79,completed,Sports,South,20,1
8804,2024-11-17,1070.35,completed,Electronics,North,14,5
8805,2024-11-17,3911.83,completed,Electronics,East,42,4
8806,2024-11-17,2753.68,completed,Electronics,West,9,3
8807,2024-11-17,127.98,pending,Books,West,3,5
8808,2024-11-17,3944.74,completed,Sports,Central,46,4
8809,2024-11-17,4548.25,pending,Books,Central,20,4
8810,2024-11-17,4403.34,completed,Clothing,Central,39,2
8811,2024-11-17,4116.85,pending,Clothing,West,12,2
8812,2024-11-17,4961.16,pending,Electronics,Central,35,1
8813,2024-11-17,2936.15,failed,Food,West,46,5
8814,2024-11-17,4813.31,completed,Clothing,Central,38,2
8815,2024-11-17,4744.73,completed,Clothing,East,15,1
8816,2024-11-17,1573.06,failed,Electronics,East,30,1
8817,2024-11-17,4318.53,pending,Clothing,Central,41,2
8818,2024-11-17,3964.44,completed,Home,East,42,3
8819,2024-11-17,3881.24,completed,Clothing,West,15,5
8820,2024-11-17,4482.44,pending,Home,West,12,4
8821,2024-11-17,1927.11,completed,Electronics,North,22,5
8822,2024-11-17,2006.27,completed,Books,North,13,1
8823,2024-11-18,3203.86,pending,Electronics,West,36,1
8824,2024-11-18,3691.64,completed,Food,West,29,2
8825,2024-11-18,4399.89,completed,Home,East,24,2
8826,2024-11-18,4380.47,completed,Sports,West,40,1
8827,2024-11-18,3609.48,completed,Books,North,11,5
8828,2024-11-18,4784.89,completed,Books,North,41,5
8829,2024-11-18,901.36,completed,Books,West,28,3
8830,2024-11-18,4752.2,completed,Sports,West,48,5
8831,2024-11-18,330.32,failed,Books,North,30,1
8832,2024-11-18,2782.55,pending,Books,East,38,1
8833,2024-11-18,460.08,pending,Electronics,North,10,5
8834,2024-11-18,2844.32,completed,Home,West,12,5
8835,2024-11-18,1956.65,completed,Books,North,28,4
8836,2024-11-18,417.23,pending,Clothing,Central,12,5
8837,2024-11-18,3244.1,completed,Electronics,South,3,4
8838,2024-11-18,3658.68,completed,Books,South,22,5
8839,2024-11-18,879.19,completed,Sports,Central,13,5
8840,2024-11-18,3475.24,completed,Sports,Central,32,5
8841,2024-11-18,903.45,completed,Home,South,29,5
8842,2024-11-18,695.61,completed,Home,North,26,3
8843,2024-11-18,745.34,completed,Books,North,41,5
8844,2024-11-18,2999.4,completed,Home,South,4,2
8845,2024-11-18,3896.17,completed,Electronics,East,39,2
8846,2024-11-18,2988.5,completed,Food,East,24,5
8847,2024-11-18,4048.66,failed,Food,Central,35,2
8848,2024-11-18,2961.47,failed,Sports,Central,41,5
8849,2024-11-18,3988.63,refunded,Clothing,South,15,3
8850,2024-11-19,4882.85,completed,Clothing,Central,12,2
8851,2024-11-19,1960.89,completed,Home,East,37,3
8852,2024-11-19,758.21,completed,Books,North,32,3
8853,2024-11-19,685.63,completed,Books,Central,10,1
8854,2024-11-19,2991.41,pending,Clothing,West,14,3
8855,2024-11-19,2740.04,pending,Books,South,42,1
8856,2024-11-19,929.33,completed,Food,Central,28,3
8857,2024-11-19,4411.7,completed,Books,Central,45,2
8858,2024-11-19,4784.17,refunded,Home,Central,35,4
8859,2024-11-19,1273.55,completed,Clothing,Central,11,5
8860,2024-11-19,1042.35,pending,Sports,South,11,1
8861,2024-11-19,1077.47,pending,Books,East,48,1
8862,2024-11-19,1943.23,completed,Food,North,37,3
8863,2024-11-19,4267.6,failed,Home,West,30,4
8864,2024-11-19,2983.84,failed,Electronics,East,34,2
8865,2024-11-19,347.09,pending,Sports,Central,21,4
8866,2024-11-19,2370.17,completed,Food,Central,16,1
8867,2024-11-19,460.76,completed,Sports,South,41,2
8868,2024-11-19,2037.01,completed,Electronics,South,44,3
8869,2024-11-19,2023.57,completed,Sports,North,45,4
8870,2024-11-19,3245.28,completed,Electronics,East,39,2
8871,2024-11-19,2751.78,completed,Food,South,43,5
8872,2024-11-19,4375.03,completed,Home,Central,26,3
8873,2024-11-19,91.21,pending,Books,Central,16,4
8874,2024-11-19,3872.25,completed,Food,East,5,1
8875,2024-11-19,123.07,completed,Clothing,East,16,5
8876,2024-11-19,1528.41,completed,Electronics,West,22,3
8877,2024-11-20,4399.52,completed,Electronics,Central,5,3
8878,2024-11-20,3455.17,completed,Sports,Central,17,2
8879,2024-11-20,868.26,completed,Clothing,East,46,4
8880,2024-11-20,2459.01,completed,Electronics,South,13,1
8881,2024-11-20,3612.3,completed,Food,West,20,3
8882,2024-11-20,4687.34,completed,Food,South,32,4
8883,2024-11-20,3175.26,completed,Home,North,44,4
8884,2024-11-20,133.13,completed,Clothing,South,46,4
8885,2024-11-20,2503.51,completed,Clothing,South,40,2
8886,2024-11-20,773.28,pending,Electronics,West,8,3
8887,2024-11-20,248.42,completed,Clothing,West,6,1
8888,2024-11-20,2996.57,completed,Books,North,37,4
8889,2024-11-20,3886.84,completed,Clothing,North,44,2
8890,2024-11-20,189.94,pending,Sports,North,31,2
8891,2024-11-20,3920.11,completed,Sports,Central,45,4
8892,2024-11-20,3534.88,completed,Food,South,33,1
8893,2024-11-20,3762.41,pending,Clothing,East,18,2
8894,2024-11-20,1231.19,completed,Sports,East,42,2
8895,2024-11-20,1974.04,failed,Home,South,38,5
8896,2024-11-20,607.56,completed,Home,Central,19,4
8897,2024-11-20,1202.07,pending,Home,North,29,2
8898,2024-11-20,1520.92,failed,Sports,East,29,4
8899,2024-11-20,1603.99,refunded,Sports,East,5,2
8900,2024-11-20,883.45,completed,Home,West,14,4
8901,2024-11-20,951.67,pending,Food,North,12,2
8902,2024-11-20,4508.34,completed,Home,Central,14,5
8903,2024-11-20,3921.63,completed,Electronics,West,26,5
8904,2024-11-20,1728.94,failed,Sports,West,26,2
8905,2024-11-21,4738.74,completed,Food,East,43,3
8906,2024-11-21,1202.22,pending,Clothing,West,1,5
8907,2024-11-21,2040.03,completed,Sports,South,41,1
8908,2024-11-21,4069.49,completed,Clothing,North,13,4
8909,2024-11-21,2220.0,completed,Home,West,18,3
8910,2024-11-21,1180.78,completed,Sports,East,8,3
8911,2024-11-21,1848.99,completed,Electronics,South,1,3
8912,2024-11-21,2508.6,completed,Home,South,6,3
8913,2024-11-21,3107.02,refunded,Electronics,West,11,2
8914,2024-11-21,2033.98,pending,Sports,East,19,3
8915,2024-11-21,2162.21,pending,Sports,West,16,5
8916,2024-11-21,1327.08,completed,Books,Central,6,1
8917,2024-11-21,2681.38,completed,Books,Central,17,1
8918,2024-11-21,1105.09,completed,Sports,South,8,1
8919,2024-11-21,4338.96,completed,Home,South,34,4
8920,2024-11-21,3739.36,completed,Sports,North,33,2
8921,2024-11-21,2057.29,failed,Clothing,East,4,1
8922,2024-11-21,3738.67,completed,Books,Central,32,2
8923,2024-11-21,44.91,failed,Clothing,South,45,2
8924,2024-11-21,1729.0,completed,Electronics,Central,47,1
8925,2024-11-21,2207.1,completed,Electronics,East,3,4
8926,2024-11-21,2354.29,completed,Food,West,46,1
8927,2024-11-21,3746.17,failed,Home,South,20,5
8928,2024-11-21,4814.41,completed,Electronics,North,43,5
8929,2024-11-21,1906.19,pending,Electronics,East,10,5
8930,2024-11-21,1759.49,completed,Electronics,East,34,2
8931,2024-11-21,3056.47,failed,Clothing,East,40,2
8932,2024-11-22,1413.46,completed,Books,East,14,5
8933,2024-11-22,715.34,completed,Sports,West,37,4
8934,2024-11-22,4808.09,pending,Electronics,West,9,3
8935,2024-11-22,4049.55,pending,Sports,North,35,5
8936,2024-11-22,4792.91,completed,Home,West,47,1
8937,2024-11-22,1096.99,completed,Electronics,South,15,3
8938,2024-11-22,98.87,failed,Food,Central,48,1
8939,2024-11-22,2191.94,completed,Sports,East,33,4
8940,2024-11-22,4668.71,refunded,Sports,South,25,2
8941,2024-11-22,700.24,completed,Clothing,North,17,1
8942,2024-11-22,594.76,completed,Electronics,Central,27,2
8943,2024-11-22,354.07,completed,Food,West,49,3
8944,2024-11-22,3827.44,completed,Home,South,1,2
8945,2024-11-22,3931.77,completed,Home,East,43,5
8946,2024-11-22,3479.93,pending,Food,North,8,5
8947,2024-11-22,275.93,completed,Books,Central,43,5
8948,2024-11-22,3619.21,completed,Books,Central,27,2
8949,2024-11-22,2248.66,completed,Food,Central,45,2
8950,2024-11-22,797.89,pending,Books,East,9,3
8951,2024-11-22,1482.68,failed,Clothing,North,3,5
8952,2024-11-22,2510.72,completed,Books,East,24,3
8953,2024-11-22,1654.96,failed,Books,East,39,2
8954,2024-11-22,4849.05,completed,Books,South,39,4
8955,2024-11-22,2378.96,completed,Home,South,38,1
8956,2024-11-22,1867.03,pending,Sports,North,40,5
8957,2024-11-22,3369.1,completed,Sports,East,38,4
8958,2024-11-22,3256.22,completed,Sports,North,43,3
8959,2024-11-22,22.17,completed,Books,Central,9,1
8960,2024-11-23,3096.18,completed,Clothing,West,12,2
8961,2024-11-23,1226.41,completed,Books,West,1,3
8962,2024-11-23,1882.42,completed,Home,South,22,5
8963,2024-11-23,3534.68,pending,Home,West,13,3
8964,2024-11-23,2791.36,completed,Food,Central,31,5
8965,2024-11-23,1849.59,completed,Food,West,28,3
8966,2024-11-23,845.38,refunded,Clothing,West,29,4
8967,2024-11-23,2532.36,pending,Electronics,Central,33,1
8968,2024-11-23,1603.64,completed,Clothing,Central,49,4
8969,2024-11-23,4565.51,completed,Electronics,North,6,2
8970,2024-11-23,2676.39,completed,Food,Central,14,3
8971,2024-11-23,4331.16,completed,Electronics,West,21,2
8972,2024-11-23,1957.0,completed,Clothing,West,4,3
8973,2024-11-23,4138.91,completed,Sports,South,41,4
8974,2024-11-23,292.12,completed,Home,East,20,2
8975,2024-11-23,1497.61,completed,Home,Central,9,1
8976,2024-11-23,400.1,completed,Books,Central,26,4
8977,2024-11-23,167.93,completed,Books,North,10,3
8978,2024-11-23,4595.12,failed,Home,East,19,5
8979,2024-11-23,3587.18,completed,Books,West,32,4
8980,2024-11-23,3129.3,pending,Electronics,North,16,2
8981,2024-11-23,2667.14,completed,Home,South,41,1
8982,2024-11-23,2852.07,completed,Books,East,13,3
8983,2024-11-23,3197.07,completed,Books,West,6,4
8984,2024-11-23,4134.63,completed,Electronics,North,21,4
8985,2024-11-23,2988.47,pending,Food,East,10,2
8986,2024-11-23,3745.42,completed,Food,West,34,2
8987,2024-11-24,1412.08,completed,Sports,Central,26,1
8988,2024-11-24,4884.04,completed,Food,Central,8,4
8989,2024-11-24,169.17,completed,Food,South,17,2
8990,2024-11-24,1939.02,completed,Sports,West,43,4
8991,2024-11-24,4411.43,completed,Electronics,East,41,3
8992,2024-11-24,910.81,completed,Sports,South,32,1
8993,2024-11-24,715.28,completed,Electronics,East,45,4
8994,2024-11-24,1833.5,pending,Clothing,North,6,2
8995,2024-11-24,2146.69,completed,Food,North,36,5
8996,2024-11-24,4667.64,failed,Clothing,South,2,1
8997,2024-11-24,4182.24,completed,Electronics,South,30,2
8998,2024-11-24,2325.81,completed,Food,North,3,1
8999,2024-11-24,4865.15,completed,Sports,North,17,4
9000,2024-11-24,3214.97,completed,Clothing,East,5,3
9001,2024-11-24,4369.56,completed,Clothing,North,13,3
9002,2024-11-24,1237.82,refunded,Sports,West,32,4
9003,2024-11-24,2449.93,failed,Home,North,39,5
9004,2024-11-24,158.29,completed,Books,West,47,2
9005,2024-11-24,54.31,completed,Books,North,49,3
9006,2024-11-24,3530.21,pending,Sports,West,7,4
9007,2024-11-24,600.29,failed,Electronics,North,46,5
9008,2024-11-24,2743.56,completed,Home,East,14,1
9009,2024-11-24,3483.08,completed,Food,West,44,3
9010,2024-11-24,170.85,completed,Food,North,43,5
9011,2024-11-24,2249.22,completed,Books,North,46,2
9012,2024-11-24,3423.92,completed,Home,West,25,2
9013,2024-11-24,4449.76,completed,Home,West,37,3
9014,2024-11-25,1503.16,completed,Sports,East,21,4
9015,2024-11-25,4871.34,completed,Food,North,4,4
9016,2024-11-25,4224.26,completed,Electronics,South,24,1
9017,2024-11-25,3256.67,completed,Clothing,South,10,2
9018,2024-11-25,1965.71,completed,Home,West,5,5
9019,2024-11-25,3558.44,completed,Electronics,South,7,4
9020,2024-11-25,4082.8,completed,Food,South,11,3
9021,2024-11-25,1523.47,failed,Food,South,40,3
9022,2024-11-25,4964.22,completed,Sports,North,48,5
9023,2024-11-25,4544.01,completed,Food,Central,42,5
9024,2024-11-25,2432.65,completed,Sports,East,32,3
9025,2024-11-25,3616.92,pending,Books,East,44,2
9026,2024-11-25,2624.8,completed,Home,South,15,5
9027,2024-11-25,3807.04,completed,Clothing,North,45,2
9028,2024-11-25,4136.64,completed,Sports,West,47,3
9029,2024-11-25,125.88,completed,Sports,West,8,5
9030,2024-11-25,404.87,pending,Sports,North,20,1
9031,2024-11-25,1688.97,completed,Food,Central,14,4
9032,2024-11-25,4588.89,pending,Clothing,Central,7,4
9033,2024-11-25,1997.39,pending,Books,Central,9,2
9034,2024-11-25,4438.69,pending,Home,East,48,1
9035,2024-11-25,2317.55,refunded,Clothing,West,9,5
9036,2024-11-25,1451.38,completed,Books,North,33,4
9037,2024-11-25,4504.22,completed,Clothing,East,43,5
9038,2024-11-25,2807.75,completed,Sports,North,37,2
9039,2024-11-25,1808.82,completed,Food,Central,23,5
9040,2024-11-25,231.59,pending,Home,Central,2,4
9041,2024-11-25,563.56,completed,Electronics,North,21,2
9042,2024-11-26,705.16,completed,Electronics,East,14,3
9043,2024-11-26,1830.53,pending,Home,East,43,2
9044,2024-11-26,3040.59,completed,Food,West,47,3
9045,2024-11-26,1544.87,completed,Electronics,East,12,1
9046,2024-11-26,336.98,pending,Home,Central,8,4
9047,2024-11-26,1331.4,completed,Food,South,41,3
9048,2024-11-26,2049.32,completed,Home,South,43,4
9049,2024-11-26,4961.43,completed,Food,West,49,4
9050,2024-11-26,1971.0,completed,Sports,East,38,4
9051,2024-11-26,455.09,completed,Books,North,23,4
9052,2024-11-26,2909.76,completed,Food,West,19,4
9053,2024-11-26,4599.0,completed,Food,South,3,3
9054,2024-11-26,3935.61,completed,Clothing,Central,44,3
9055,2024-11-26,4182.73,completed,Sports,Central,49,4
9056,2024-11-26,4641.88,completed,Books,East,46,5
9057,2024-11-26,3186.35,completed,Electronics,Central,29,3
9058,2024-11-26,4974.66,completed,Food,Central,43,2
9059,2024-11-26,176.08,completed,Food,West,1,2
9060,2024-11-26,4175.85,completed,Home,West,20,1
9061,2024-11-26,4286.48,completed,Food,Central,6,4
9062,2024-11-26,4584.33,pending,Books,Central,29,4
9063,2024-11-26,2396.07,completed,Electronics,East,1,2
9064,2024-11-26,3940.9,refunded,Food,North,16,3
9065,2024-11-26,983.45,completed,Clothing,West,21,2
9066,2024-11-26,3019.62,completed,Food,East,7,5
9067,2024-11-26,1799.64,completed,Home,South,5,5
9068,2024-11-26,2984.91,pending,Home,North,45,5
9069,2024-11-27,3381.05,failed,Clothing,West,14,5
9070,2024-11-27,1741.87,completed,Books,Central,49,5
9071,2024-11-27,1089.03,completed,Home,East,19,3
9072,2024-11-27,1615.22,failed,Clothing,South,3,3
9073,2024-11-27,3323.15,failed,Food,North,6,2
9074,2024-11-27,3387.6,refunded,Books,West,34,4
9075,2024-11-27,3709.17,completed,Electronics,North,1,2
9076,2024-11-27,641.42,completed,Food,North,47,2
9077,2024-11-27,4094.4,completed,Electronics,North,13,5
9078,2024-11-27,3443.86,pending,Clothing,South,30,1
9079,2024-11-27,162.22,completed,Electronics,South,22,1
9080,2024-11-27,1684.63,completed,Sports,South,3,4
9081,2024-11-27,2338.89,completed,Home,North,35,4
9082,2024-11-27,1809.48,completed,Clothing,West,1,4
9083,2024-11-27,595.91,pending,Electronics,Central,40,3
9084,2024-11-27,1044.66,completed,Food,South,25,1
9085,2024-11-27,132.56,pending,Electronics,South,15,2
9086,2024-11-27,474.46,completed,Food,Central,47,5
9087,2024-11-27,1338.84,completed,Books,Central,10,4
9088,2024-11-27,4101.65,completed,Food,West,14,5
9089,2024-11-27,2637.92,completed,Books,East,32,1
9090,2024-11-27,2128.24,completed,Books,Central,18,2
9091,2024-11-27,3314.19,pending,Electronics,West,24,4
9092,2024-11-27,2712.14,completed,Sports,West,40,1
9093,2024-11-27,666.25,completed,Sports,North,45,3
9094,2024-11-27,1120.89,pending,Electronics,West,40,5
9095,2024-11-27,1120.39,completed,Food,South,4,1
9096,2024-11-28,3003.76,completed,Clothing,West,47,1
9097,2024-11-28,2313.51,completed,Food,East,21,4
9098,2024-11-28,1944.05,completed,Sports,North,42,2
9099,2024-11-28,2787.63,completed,Books,East,15,1
9100,2024-11-28,4850.88,completed,Home,East,30,3
9101,2024-11-28,1577.83,completed,Books,North,48,4
9102,2024-11-28,2605.78,completed,Electronics,Central,46,5
9103,2024-11-28,2407.05,completed,Sports,Central,33,1
9104,2024-11-28,3586.05,completed,Electronics,North,31,4
9105,2024-11-28,3654.15,completed,Food,North,2,4
9106,2024-11-28,3648.06,completed,Home,North,30,4
9107,2024-11-28,1015.58,completed,Home,East,21,2
9108,2024-11-28,2250.97,completed,Electronics,West,1,5
9109,2024-11-28,4057.76,pending,Home,South,47,1
9110,2024-11-28,1913.84,completed,Home,Central,23,4
9111,2024-11-28,4921.43,completed,Home,South,38,1
9112,2024-11-28,1830.29,completed,Sports,South,3,4
9113,2024-11-28,2493.36,completed,Electronics,East,13,3
9114,2024-11-28,2377.88,completed,Electronics,Central,45,1
9115,2024-11-28,2173.98,completed,Books,South,46,1
9116,2024-11-28,4229.7,completed,Electronics,South,1,3
9117,2024-11-28,784.82,completed,Clothing,South,44,2
9118,2024-11-28,2842.65,completed,Home,East,16,3
9119,2024-11-28,3096.82,completed,Home,East,11,3
9120,2024-11-28,4257.59,completed,Clothing,Central,49,1
9121,2024-11-28,3049.91,completed,Books,North,27,3
9122,2024-11-28,4800.5,completed,Books,East,39,3
9123,2024-11-28,4362.12,refunded,Clothing,South,7,2
9124,2024-11-29,1750.21,completed,Clothing,East,38,2
9125,2024-11-29,4300.93,completed,Food,West,18,1
9126,2024-11-29,4792.8,pending,Books,Central,35,1
9127,2024-11-29,1293.41,completed,Sports,East,33,4
9128,2024-11-29,3054.94,completed,Home,South,3,3
9129,2024-11-29,1416.2,completed,Electronics,Central,43,5
9130,2024-11-29,3251.34,completed,Books,North,15,2
9131,2024-11-29,477.28,completed,Books,North,18,3
9132,2024-11-29,3673.6,pending,Electronics,Central,40,1
9133,2024-11-29,2104.9,pending,Home,Central,43,5
9134,2024-11-29,2940.66,completed,Books,East,44,4
9135,2024-11-29,139.05,completed,Sports,South,23,1
9136,2024-11-29,3480.25,pending,Books,Central,18,5
9137,2024-11-29,2485.0,failed,Food,Central,41,5
9138,2024-11-29,3130.0,pending,Clothing,Central,13,4
9139,2024-11-29,1585.18,completed,Food,West,32,5
9140,2024-11-29,737.64,completed,Sports,East,12,1
9141,2024-11-29,2182.79,pending,Books,South,11,2
9142,2024-11-29,4720.46,failed,Books,East,27,4
9143,2024-11-29,1146.69,completed,Electronics,East,43,3
9144,2024-11-29,3382.44,pending,Electronics,East,15,4
9145,2024-11-29,258.72,completed,Sports,Central,36,5
9146,2024-11-29,3593.32,failed,Home,North,2,2
9147,2024-11-29,1199.8,completed,Food,North,35,5
9148,2024-11-29,2263.07,failed,Food,East,20,1
9149,2024-11-29,1845.09,completed,Home,South,4,3
9150,2024-11-29,573.07,completed,Clothing,Central,28,3
9151,2024-11-30,1734.45,completed,Books,Central,12,5
9152,2024-11-30,1757.12,pending,Electronics,Central,32,3
9153,2024-11-30,2615.31,completed,Clothing,South,3,5
9154,2024-11-30,4862.03,completed,Food,Central,17,1
9155,2024-11-30,2355.39,refunded,Sports,North,12,5
9156,2024-11-30,4572.99,failed,Clothing,Central,16,1
9157,2024-11-30,2313.17,completed,Food,South,1,3
9158,2024-11-30,546.64,pending,Clothing,North,14,3
9159,2024-11-30,1158.46,completed,Electronics,Central,5,1
9160,2024-11-30,2043.51,completed,Sports,East,31,3
9161,2024-11-30,1633.59,completed,Sports,East,23,5
9162,2024-11-30,4330.49,pending,Books,South,14,3
9163,2024-11-30,3396.44,completed,Books,East,31,4
9164,2024-11-30,2895.76,completed,Electronics,West,45,5
9165,2024-11-30,2461.24,completed,Books,North,27,2
9166,2024-11-30,1992.38,completed,Sports,Central,14,1
9167,2024-11-30,3064.84,pending,Food,West,20,4
9168,2024-11-30,631.79,completed,Sports,Central,39,4
9169,2024-11-30,821.04,pending,Clothing,North,5,1
9170,2024-11-30,1522.55,completed,Books,Central,16,2
9171,2024-11-30,864.21,pending,Food,Central,24,2
9172,2024-11-30,3388.72,pending,Home,South,32,4
9173,2024-11-30,133.59,completed,Clothing,East,29,5
9174,2024-11-30,809.29,completed,Clothing,East,35,4
9175,2024-11-30,4514.01,failed,Sports,Central,47,2
9176,2024-11-30,4987.74,completed,Electronics,South,9,4
9177,2024-11-30,2443.08,completed,Books,Central,24,2
9178,2024-11-30,2481.9,completed,Electronics,East,19,4
9179,2024-12-01,3869.26,pending,Books,North,5,5
9180,2024-12-01,190.59,completed,Clothing,South,7,4
9181,2024-12-01,2140.84,completed,Clothing,North,31,4
9182,2024-12-01,508.14,completed,Food,Central,26,4
9183,2024-12-01,2010.62,completed,Clothing,East,15,3
9184,2024-12-01,4919.27,completed,Electronics,East,45,1
9185,2024-12-01,3770.63,failed,Books,South,16,5
9186,2024-12-01,4925.38,completed,Books,West,30,2
9187,2024-12-01,3732.78,refunded,Books,Central,49,5
9188,2024-12-01,3044.47,pending,Home,Central,35,5
9189,2024-12-01,3773.56,completed,Sports,Central,36,4
9190,2024-12-01,3298.87,completed,Sports,South,14,3
9191,2024-12-01,2325.69,failed,Books,West,45,2
9192,2024-12-01,1469.81,completed,Sports,West,23,1
9193,2024-12-01,2605.69,completed,Sports,South,15,5
9194,2024-12-01,1299.88,pending,Books,Central,37,5
9195,2024-12-01,2438.51,failed,Books,Central,26,4
9196,2024-12-01,739.22,completed,Sports,Central,7,5
9197,2024-12-01,2831.32,completed,Home,Central,1,2
9198,2024-12-01,1233.97,completed,Food,North,6,3
9199,2024-12-01,1475.1,pending,Clothing,North,8,1
9200,2024-12-01,2500.15,completed,Food,West,11,3
9201,2024-12-01,821.01,pending,Electronics,West,17,5
9202,2024-12-01,4812.28,completed,Clothing,East,12,2
9203,2024-12-01,2240.25,completed,Home,North,45,3
9204,2024-12-01,1767.87,completed,Electronics,South,48,3
9205,2024-12-01,155.69,completed,Home,North,48,3
9206,2024-12-02,4217.84,pending,Books,North,8,5
9207,2024-12-02,3132.91,completed,Clothing,North,27,3
9208,2024-12-02,2087.86,pending,Food,East,6,2
9209,2024-12-02,1235.21,completed,Home,East,35,2
9210,2024-12-02,3728.24,refunded,Electronics,South,7,2
9211,2024-12-02,4727.92,pending,Books,East,15,2
9212,2024-12-02,1910.24,completed,Clothing,West,10,5
9213,2024-12-02,683.03,refunded,Books,North,24,3
9214,2024-12-02,554.88,completed,Sports,South,19,2
9215,2024-12-02,41.75,completed,Home,South,27,1
9216,2024-12-02,3722.34,failed,Clothing,North,10,5
9217,2024-12-02,4907.16,failed,Books,North,25,1
9218,2024-12-02,4964.16,completed,Food,West,5,2
9219,2024-12-02,3923.14,refunded,Books,Central,3,4
9220,2024-12-02,819.3,completed,Electronics,North,7,1
9221,2024-12-02,4888.77,completed,Home,West,14,2
9222,2024-12-02,1645.79,completed,Clothing,South,39,5
9223,2024-12-02,1674.76,completed,Electronics,North,17,1
9224,2024-12-02,3439.81,completed,Sports,South,26,2
9225,2024-12-02,254.76,completed,Food,Central,34,1
9226,2024-12-02,4130.59,completed,Electronics,South,37,4
9227,2024-12-02,4986.51,completed,Sports,West,29,1
9228,2024-12-02,3877.6,completed,Clothing,East,9,1
9229,2024-12-02,3910.57,pending,Home,East,33,3
9230,2024-12-02,1957.67,completed,Home,Central,15,4
9231,2024-12-02,338.95,pending,Books,Central,29,5
9232,2024-12-02,3965.41,pending,Food,West,49,2
9233,2024-12-03,2989.82,completed,Food,Central,4,3
9234,2024-12-03,4547.6,failed,Books,North,5,5
9235,2024-12-03,588.65,refunded,Home,Central,13,4
9236,2024-12-03,1532.56,completed,Books,North,22,5
9237,2024-12-03,1809.67,completed,Electronics,North,24,1
9238,2024-12-03,3419.57,completed,Clothing,Central,15,1
9239,2024-12-03,3940.85,completed,Books,East,45,4
9240,2024-12-03,4805.49,completed,Food,South,1,2
9241,2024-12-03,1484.08,pending,Food,North,27,4
9242,2024-12-03,2473.25,pending,Food,South,28,4
9243,2024-12-03,154.52,pending,Books,Central,38,3
9244,2024-12-03,1272.41,pending,Clothing,North,27,5
9245,2024-12-03,1876.28,completed,Electronics,Central,7,5
9246,2024-12-03,2973.09,completed,Clothing,West,16,2
9247,2024-12-03,2359.52,completed,Sports,South,9,1
9248,2024-12-03,1828.73,completed,Books,West,24,5
9249,2024-12-03,3124.15,pending,Sports,East,45,5
9250,2024-12-03,4144.79,completed,Electronics,South,20,5
9251,2024-12-03,1215.99,completed,Electronics,East,18,1
9252,2024-12-03,1720.95,completed,Electronics,North,23,4
9253,2024-12-03,3527.57,completed,Books,Central,9,5
9254,2024-12-03,3891.92,completed,Books,West,42,2
9255,2024-12-03,4128.73,completed,Electronics,North,33,4
9256,2024-12-03,1054.56,completed,Food,North,35,3
9257,2024-12-03,2700.94,completed,Electronics,East,18,3
9258,2024-12-03,4501.06,completed,Books,East,14,4
9259,2024-12-03,1965.83,failed,Books,West,24,3
9260,2024-12-03,2155.12,completed,Electronics,Central,12,4
9261,2024-12-04,4924.27,completed,Electronics,North,2,2
9262,2024-12-04,574.13,completed,Sports,South,36,2
9263,2024-12-04,3530.95,completed,Home,East,43,4
9264,2024-12-04,4252.42,completed,Home,South,12,3
9265,2024-12-04,762.46,completed,Books,Central,31,2
9266,2024-12-04,3575.12,failed,Books,West,45,5
9267,2024-12-04,2353.99,refunded,Sports,South,37,2
9268,2024-12-04,4265.93,completed,Home,West,41,3
9269,2024-12-04,4538.19,completed,Home,East,44,2
9270,2024-12-04,4363.7,completed,Food,East,13,3
9271,2024-12-04,331.28,completed,Food,West,4,3
9272,2024-12-04,3786.71,completed,Electronics,East,40,2
9273,2024-12-04,4608.42,pending,Clothing,West,39,4
9274,2024-12-04,3110.53,completed,Food,East,10,1
9275,2024-12-04,3008.37,completed,Sports,East,45,4
9276,2024-12-04,234.58,completed,Food,East,2,1
9277,2024-12-04,4281.6,completed,Books,East,19,2
9278,2024-12-04,241.55,completed,Home,South,48,3
9279,2024-12-04,1574.41,completed,Food,North,18,3
9280,2024-12-04,4630.06,completed,Food,South,38,4
9281,2024-12-04,4749.23,completed,Sports,South,2,5
9282,2024-12-04,4959.58,completed,Clothing,South,24,4
9283,2024-12-04,2387.25,pending,Food,East,39,3
9284,2024-12-04,895.37,completed,Home,East,42,1
9285,2024-12-04,2444.84,completed,Food,South,22,5
9286,2024-12-04,520.54,failed,Clothing,South,4,2
9287,2024-12-04,4363.96,completed,Home,South,27,4
9288,2024-12-05,2807.08,completed,Books,East,37,5
9289,2024-12-05,2028.48,completed,Sports,East,23,4
9290,2024-12-05,406.86,completed,Clothing,West,47,1
9291,2024-12-05,2032.15,completed,Sports,East,16,2
9292,2024-12-05,4332.3,failed,Home,Central,41,5
9293,2024-12-05,3520.0,completed,Electronics,East,37,4
9294,2024-12-05,421.45,completed,Clothing,West,22,4
9295,2024-12-05,807.94,completed,Books,East,5,3
9296,2024-12-05,1967.62,completed,Sports,West,17,5
9297,2024-12-05,515.86,completed,Electronics,East,38,4
9298,2024-12-05,4670.87,completed,Books,North,44,4
9299,2024-12-05,3264.94,completed,Electronics,West,23,5
9300,2024-12-05,483.17,failed,Home,West,15,5
9301,2024-12-05,3942.41,pending,Sports,East,38,5
9302,2024-12-05,1848.35,failed,Home,East,46,4
9303,2024-12-05,1231.9,failed,Clothing,North,7,2
9304,2024-12-05,2854.22,failed,Sports,Central,16,2
9305,2024-12-05,76.73,refunded,Food,West,39,1
9306,2024-12-05,2332.33,completed,Electronics,Central,7,5
9307,2024-12-05,4220.59,completed,Food,East,48,2
9308,2024-12-05,4641.01,completed,Food,South,12,2
9309,2024-12-05,1719.35,completed,Books,South,24,4
9310,2024-12-05,3215.76,completed,Home,Central,26,3
9311,2024-12-05,1141.85,completed,Clothing,North,19,2
9312,2024-12-05,2805.46,pending,Books,West,7,2
9313,2024-12-05,1277.6,pending,Clothing,North,2,3
9314,2024-12-05,2861.07,completed,Home,West,19,4
9315,2024-12-05,866.89,completed,Food,East,14,1
9316,2024-12-06,4706.75,completed,Sports,East,45,4
9317,2024-12-06,4435.72,completed,Clothing,West,33,1
9318,2024-12-06,1691.22,completed,Clothing,South,5,5
9319,2024-12-06,3885.55,completed,Home,East,37,1
9320,2024-12-06,486.57,completed,Clothing,Central,31,2
9321,2024-12-06,3704.4,completed,Books,East,7,2
9322,2024-12-06,1419.47,completed,Clothing,North,20,5
9323,2024-12-06,686.85,completed,Food,Central,37,2
9324,2024-12-06,3394.17,completed,Sports,East,32,5
9325,2024-12-06,2354.34,refunded,Sports,East,29,2
9326,2024-12-06,2655.4,completed,Food,North,24,2
9327,2024-12-06,2607.44,failed,Books,North,34,3
9328,2024-12-06,306.65,completed,Electronics,South,43,1
9329,2024-12-06,266.39,completed,Clothing,Central,9,1
9330,2024-12-06,3009.83,refunded,Sports,West,20,2
9331,2024-12-06,3123.08,pending,Books,East,42,4
9332,2024-12-06,245.4,completed,Electronics,West,25,1
9333,2024-12-06,1898.41,pending,Home,South,9,5
9334,2024-12-06,3068.13,completed,Food,Central,7,4
9335,2024-12-06,3286.84,pending,Clothing,South,36,2
9336,2024-12-06,4143.1,completed,Food,West,25,1
9337,2024-12-06,2109.45,pending,Food,East,39,3
9338,2024-12-06,2745.81,failed,Books,West,6,3
9339,2024-12-06,2897.02,failed,Electronics,North,30,1
9340,2024-12-06,1567.11,pending,Electronics,Central,29,4
9341,2024-12-06,278.59,completed,Home,South,23,5
9342,2024-12-06,31.09,completed,Sports,East,21,3
9343,2024-12-07,4182.27,completed,Food,West,14,3
9344,2024-12-07,1009.16,failed,Home,West,39,5
9345,2024-12-07,3154.97,completed,Sports,East,17,2
9346,2024-12-07,2889.47,completed,Sports,Central,21,2
9347,2024-12-07,2004.17,pending,Sports,Central,43,5
9348,2024-12-07,4169.13,completed,Home,West,31,3
9349,2024-12-07,3495.02,pending,Home,North,2,5
9350,2024-12-07,123.48,pending,Clothing,West,3,5
9351,2024-12-07,3885.7,completed,Sports,East,27,5
9352,2024-12-07,2539.92,completed,Electronics,East,35,2
9353,2024-12-07,1741.63,pending,Books,Central,24,4
9354,2024-12-07,3637.15,completed,Electronics,East,47,3
9355,2024-12-07,3433.47,refunded,Clothing,Central,42,4
9356,2024-12-07,1559.84,completed,Sports,West,22,5
9357,2024-12-07,4915.36,completed,Food,North,12,4
9358,2024-12-07,3247.06,completed,Electronics,West,1,3
9359,2024-12-07,3032.84,pending,Home,East,2,5
9360,2024-12-07,358.7,completed,Home,East,30,5
9361,2024-12-07,1403.8,pending,Clothing,South,17,2
9362,2024-12-07,2240.4,refunded,Books,North,8,5
9363,2024-12-07,3156.82,completed,Clothing,West,4,3
9364,2024-12-07,2568.69,completed,Sports,South,23,2
9365,2024-12-07,3817.53,completed,Sports,North,29,2
9366,2024-12-07,1320.21,failed,Food,East,2,4
9367,2024-12-07,3513.76,completed,Home,West,21,2
9368,2024-12-07,4084.82,failed,Sports,South,22,4
9369,2024-12-07,3827.6,failed,Electronics,South,3,3
9370,2024-12-08,3856.52,completed,Food,East,43,5
9371,2024-12-08,4443.65,completed,Sports,Central,12,1
9372,2024-12-08,430.05,refunded,Books,North,7,3
9373,2024-12-08,3488.99,pending,Electronics,Central,7,2
9374,2024-12-08,4843.7,completed,Sports,North,25,4
9375,2024-12-08,2872.52,completed,Food,East,35,5
9376,2024-12-08,1094.41,completed,Clothing,Central,13,2
9377,2024-12-08,4993.78,completed,Sports,Central,38,5
9378,2024-12-08,881.64,failed,Home,East,13,4
9379,2024-12-08,1684.43,completed,Books,East,10,1
9380,2024-12-08,868.59,pending,Sports,West,32,4
9381,2024-12-08,2327.92,completed,Clothing,Central,38,3
9382,2024-12-08,2100.19,failed,Sports,North,37,5
9383,2024-12-08,2461.29,completed,Home,South,28,3
9384,2024-12-08,4640.64,pending,Clothing,South,43,2
9385,2024-12-08,2396.84,completed,Home,Central,42,1
9386,2024-12-08,2577.99,failed,Electronics,North,14,1
9387,2024-12-08,4434.54,completed,Food,North,31,4
9388,2024-12-08,4090.61,completed,Electronics,North,4,5
9389,2024-12-08,1206.21,completed,Food,Central,4,4
9390,2024-12-08,74.5,completed,Books,North,22,4
9391,2024-12-08,3151.2,completed,Home,South,35,1
9392,2024-12-08,4225.8,completed,Electronics,East,29,1
9393,2024-12-08,2768.72,completed,Home,South,9,3
9394,2024-12-08,1063.77,completed,Home,North,37,3
9395,2024-12-08,3709.36,completed,Electronics,East,30,3
9396,2024-12-08,3351.0,pending,Home,West,38,5
9397,2024-12-08,2829.51,completed,Home,South,30,2
9398,2024-12-09,4318.05,completed,Electronics,East,43,5
9399,2024-12-09,3923.37,failed,Electronics,East,18,2
9400,2024-12-09,3343.08,completed,Sports,South,2,2
9401,2024-12-09,3327.15,completed,Food,North,30,2
9402,2024-12-09,3314.39,failed,Clothing,Central,49,4
9403,2024-12-09,2630.57,pending,Food,Central,5,2
9404,2024-12-09,2324.97,completed,Food,East,48,3
9405,2024-12-09,3550.91,completed,Home,Central,38,1
9406,2024-12-09,3056.37,pending,Clothing,South,2,2
9407,2024-12-09,2455.0,pending,Electronics,Central,27,1
9408,2024-12-09,642.04,completed,Sports,East,16,4
9409,2024-12-09,3512.62,completed,Home,Central,33,5
9410,2024-12-09,3233.53,failed,Home,West,38,2
9411,2024-12-09,1717.82,pending,Home,Central,19,5
9412,2024-12-09,1788.05,completed,Electronics,East,24,3
9413,2024-12-09,1241.14,completed,Sports,Central,2,5
9414,2024-12-09,4809.96,completed,Clothing,Central,1,2
9415,2024-12-09,4302.4,completed,Food,West,38,5
9416,2024-12-09,2809.63,completed,Food,South,18,1
9417,2024-12-09,2014.25,completed,Home,North,44,2
9418,2024-12-09,3686.76,completed,Books,East,29,2
9419,2024-12-09,2643.36,completed,Clothing,West,20,1
9420,2024-12-09,4879.5,failed,Electronics,Central,44,5
9421,2024-12-09,285.06,failed,Books,West,3,2
9422,2024-12-09,181.09,pending,Sports,West,41,3
9423,2024-12-09,2847.37,failed,Sports,East,4,1
9424,2024-12-09,1024.36,refunded,Home,Central,47,4
9425,2024-12-10,3025.48,completed,Electronics,South,28,1
9426,2024-12-10,3909.3,completed,Food,West,23,2
9427,2024-12-10,699.17,pending,Books,East,33,5
9428,2024-12-10,2208.64,completed,Home,East,40,5
9429,2024-12-10,3446.45,completed,Clothing,South,14,1
9430,2024-12-10,4170.98,refunded,Sports,West,5,4
9431,2024-12-10,2486.76,completed,Clothing,Central,48,4
9432,2024-12-10,1038.71,failed,Books,East,26,5
9433,2024-12-10,2933.14,completed,Sports,North,15,2
9434,2024-12-10,2278.04,completed,Sports,North,45,2
9435,2024-12-10,3861.91,failed,Food,North,2,2
9436,2024-12-10,2782.32,pending,Food,East,42,3
9437,2024-12-10,1404.32,completed,Home,North,1,4
9438,2024-12-10,3774.42,completed,Books,South,33,1
9439,2024-12-10,2593.56,completed,Food,West,2,1
9440,2024-12-10,895.96,completed,Clothing,West,8,1
9441,2024-12-10,2819.73,completed,Sports,West,16,2
9442,2024-12-10,4742.12,completed,Sports,West,9,3
9443,2024-12-10,3530.53,completed,Books,North,3,2
9444,2024-12-10,1501.03,completed,Electronics,Central,34,5
9445,2024-12-10,3557.26,completed,Electronics,South,38,4
9446,2024-12-10,1420.21,completed,Clothing,North,16,1
9447,2024-12-10,2718.02,completed,Electronics,Central,35,5
9448,2024-12-10,2637.71,completed,Food,East,17,4
9449,2024-12-10,1244.48,failed,Food,South,11,5
9450,2024-12-10,1745.93,refunded,Food,South,42,4
9451,2024-12-10,4711.49,pending,Home,East,26,4
9452,2024-12-10,1260.49,completed,Clothing,East,2,3
9453,2024-12-11,4007.12,pending,Sports,North,35,4
9454,2024-12-11,3340.18,completed,Clothing,North,20,4
9455,2024-12-11,2667.82,completed,Books,Central,4,5
9456,2024-12-11,696.2,failed,Home,East,12,3
9457,2024-12-11,1030.81,completed,Home,Central,16,4
9458,2024-12-11,903.1,failed,Books,West,2,5
9459,2024-12-11,2938.1,pending,Clothing,West,36,4
9460,2024-12-11,4867.18,completed,Food,South,11,4
9461,2024-12-11,4387.42,completed,Food,Central,8,1
9462,2024-12-11,136.01,pending,Home,West,10,5
9463,2024-12-11,1375.9,completed,Food,West,36,5
9464,2024-12-11,794.71,completed,Sports,South,25,2
9465,2024-12-11,4878.63,completed,Home,East,40,5
9466,2024-12-11,1185.7,refunded,Electronics,South,22,5
9467,2024-12-11,1014.55,completed,Home,Central,34,2
9468,2024-12-11,3108.17,refunded,Books,Central,24,5
9469,2024-12-11,2785.37,completed,Books,South,30,3
9470,2024-12-11,1137.0,completed,Clothing,North,44,1
9471,2024-12-11,3355.12,completed,Food,South,31,1
9472,2024-12-11,494.07,pending,Books,South,25,3
9473,2024-12-11,106.65,completed,Clothing,North,43,3
9474,2024-12-11,421.25,completed,Sports,Central,32,5
9475,2024-12-11,1830.69,completed,Sports,East,46,3
9476,2024-12-11,4875.33,failed,Electronics,North,32,2
9477,2024-12-11,2740.76,completed,Clothing,West,34,2
9478,2024-12-11,3776.08,completed,Books,South,26,3
9479,2024-12-11,1614.26,completed,Sports,North,42,2
9480,2024-12-12,3599.5,completed,Clothing,East,15,4
9481,2024-12-12,4831.24,pending,Home,East,27,1
9482,2024-12-12,1795.23,completed,Books,West,45,5
9483,2024-12-12,4995.31,refunded,Books,South,11,2
9484,2024-12-12,3195.67,failed,Electronics,West,22,1
9485,2024-12-12,3745.47,completed,Books,West,2,5
9486,2024-12-12,1268.31,failed,Sports,West,28,2
9487,2024-12-12,3219.02,completed,Clothing,Central,18,4
9488,2024-12-12,2559.92,completed,Books,Central,28,2
9489,2024-12-12,4782.45,completed,Electronics,East,12,5
9490,2024-12-12,4524.33,failed,Clothing,South,41,1
9491,2024-12-12,1989.4,completed,Electronics,East,49,3
9492,2024-12-12,4734.88,pending,Sports,East,27,1
9493,2024-12-12,4425.21,completed,Home,North,30,3
9494,2024-12-12,2956.02,completed,Electronics,Central,23,4
9495,2024-12-12,419.77,refunded,Sports,East,15,3
9496,2024-12-12,812.34,completed,Books,North,23,5
9497,2024-12-12,393.6,completed,Sports,Central,25,4
9498,2024-12-12,548.89,pending,Books,Central,39,5
9499,2024-12-12,4884.99,completed,Home,East,34,5
9500,2024-12-12,1068.71,failed,Electronics,Central,17,5
9501,2024-12-12,3457.36,failed,Electronics,Central,31,3
9502,2024-12-12,3186.28,completed,Clothing,Central,46,5
9503,2024-12-12,3159.41,completed,Sports,Central,21,4
9504,2024-12-12,1041.45,refunded,Electronics,North,42,1
9505,2024-12-12,2900.94,failed,Electronics,North,24,1
9506,2024-12-12,3131.44,completed,Sports,East,7,2
9507,2024-12-13,2856.32,completed,Food,West,9,3
9508,2024-12-13,938.95,completed,Sports,Central,16,1
9509,2024-12-13,3618.07,completed,Food,West,29,3
9510,2024-12-13,375.48,completed,Electronics,South,45,4
9511,2024-12-13,2960.09,completed,Books,Central,20,4
9512,2024-12-13,2186.93,completed,Electronics,East,14,5
9513,2024-12-13,1258.93,completed,Food,West,33,2
9514,2024-12-13,4038.87,failed,Home,South,16,1
9515,2024-12-13,887.7,completed,Clothing,West,22,5
9516,2024-12-13,4665.58,completed,Clothing,North,11,3
9517,2024-12-13,4423.98,completed,Home,Central,15,4
9518,2024-12-13,1809.33,completed,Clothing,Central,3,3
9519,2024-12-13,1532.71,refunded,Food,West,28,3
9520,2024-12-13,696.06,completed,Sports,Central,24,1
9521,2024-12-13,4582.48,completed,Electronics,Central,9,3
9522,2024-12-13,3141.38,refunded,Electronics,North,37,5
9523,2024-12-13,168.6,completed,Home,South,10,1
9524,2024-12-13,2559.89,completed,Home,North,33,2
9525,2024-12-13,438.14,pending,Home,South,6,5
9526,2024-12-13,2873.02,pending,Electronics,East,2,3
9527,2024-12-13,2549.72,completed,Books,North,7,1
9528,2024-12-13,423.4,pending,Home,North,26,5
9529,2024-12-13,4081.14,completed,Home,West,9,1
9530,2024-12-13,1318.96,completed,Food,West,17,2
9531,2024-12-13,2712.01,completed,Food,South,27,3
9532,2024-12-13,3198.8,pending,Electronics,West,32,2
9533,2024-12-13,4811.9,completed,Electronics,East,39,3
9534,2024-12-13,2474.12,pending,Food,East,20,4
9535,2024-12-14,4587.41,failed,Clothing,North,6,3
9536,2024-12-14,1780.74,failed,Home,West,49,3
9537,2024-12-14,4288.61,pending,Electronics,West,39,4
9538,2024-12-14,1186.77,completed,Books,North,41,4
9539,2024-12-14,3540.32,completed,Books,North,46,4
9540,2024-12-14,452.17,completed,Electronics,South,35,3
9541,2024-12-14,4930.39,completed,Food,North,49,3
9542,2024-12-14,4770.14,pending,Home,Central,26,2
9543,2024-12-14,2216.65,pending,Electronics,Central,28,3
9544,2024-12-14,2624.44,completed,Electronics,North,29,1
9545,2024-12-14,2992.9,completed,Electronics,South,25,1
9546,2024-12-14,1382.44,failed,Electronics,South,22,5
9547,2024-12-14,3375.61,completed,Home,Central,17,5
9548,2024-12-14,3495.82,completed,Electronics,West,39,2
9549,2024-12-14,2630.13,completed,Clothing,Central,17,3
9550,2024-12-14,747.23,completed,Sports,South,45,5
9551,2024-12-14,4596.74,pending,Home,North,37,3
9552,2024-12-14,584.07,completed,Electronics,East,49,1
9553,2024-12-14,3149.57,completed,Food,Central,32,3
9554,2024-12-14,524.41,completed,Clothing,Central,30,5
9555,2024-12-14,739.04,completed,Clothing,East,17,2
9556,2024-12-14,112.49,completed,Home,South,34,5
9557,2024-12-14,1823.19,completed,Food,North,29,4
9558,2024-12-14,3201.52,failed,Books,East,20,1
9559,2024-12-14,2612.51,pending,Electronics,East,4,5
9560,2024-12-14,3375.95,completed,Clothing,North,1,4
9561,2024-12-14,3378.34,completed,Food,Central,12,2
9562,2024-12-15,709.47,pending,Books,West,35,4
9563,2024-12-15,296.11,completed,Home,South,46,5
9564,2024-12-15,3130.54,completed,Clothing,South,46,4
9565,2024-12-15,3269.59,completed,Books,South,26,5
9566,2024-12-15,2787.95,completed,Food,Central,43,5
9567,2024-12-15,1236.35,refunded,Sports,West,1,2
9568,2024-12-15,4055.72,completed,Food,North,44,1
9569,2024-12-15,387.67,refunded,Food,South,48,5
9570,2024-12-15,3165.24,failed,Books,West,20,5
9571,2024-12-15,610.85,refunded,Food,South,3,2
9572,2024-12-15,3275.69,pending,Sports,Central,35,3
9573,2024-12-15,2094.45,failed,Electronics,East,1,3
9574,2024-12-15,3593.33,completed,Food,West,32,2
9575,2024-12-15,270.44,failed,Clothing,East,16,3
9576,2024-12-15,2779.86,completed,Electronics,West,27,3
9577,2024-12-15,732.94,pending,Electronics,East,46,5
9578,2024-12-15,3415.08,completed,Food,South,8,2
9579,2024-12-15,608.58,completed,Clothing,Central,2,1
9580,2024-12-15,377.18,completed,Sports,East,29,3
9581,2024-12-15,3568.48,completed,Books,North,35,1
9582,2024-12-15,327.02,completed,Sports,South,15,1
9583,2024-12-15,1130.41,completed,Home,East,9,4
9584,2024-12-15,4125.43,completed,Sports,South,35,5
9585,2024-12-15,4050.34,completed,Food,Central,34,1
9586,2024-12-15,4272.09,completed,Home,East,47,2
9587,2024-12-15,1637.24,completed,Food,South,43,1
9588,2024-12-15,2644.96,completed,Sports,West,36,3
9589,2024-12-15,3869.0,completed,Clothing,West,1,3
9590,2024-12-16,693.56,completed,Home,East,13,5
9591,2024-12-16,3624.71,completed,Clothing,Central,33,5
9592,2024-12-16,496.46,refunded,Books,Central,23,5
9593,2024-12-16,4567.12,completed,Food,East,3,3
9594,2024-12-16,3190.18,completed,Clothing,West,28,4
9595,2024-12-16,2471.59,completed,Clothing,North,38,2
9596,2024-12-16,2428.8,failed,Books,East,36,1
9597,2024-12-16,915.0,completed,Electronics,East,46,5
9598,2024-12-16,1736.13,completed,Clothing,East,8,5
9599,2024-12-16,3638.35,completed,Home,Central,47,1
9600,2024-12-16,2709.31,completed,Electronics,East,26,1
9601,2024-12-16,2651.24,completed,Sports,East,15,5
9602,2024-12-16,984.28,refunded,Clothing,East,43,3
9603,2024-12-16,3454.91,refunded,Clothing,West,6,4
9604,2024-12-16,1966.25,completed,Food,South,2,5
9605,2024-12-16,921.94,completed,Food,South,36,3
9606,2024-12-16,4719.49,completed,Sports,East,36,1
9607,2024-12-16,2538.93,refunded,Sports,South,5,4
9608,2024-12-16,2644.9,failed,Food,West,44,1
9609,2024-12-16,4907.05,completed,Clothing,Central,42,4
9610,2024-12-16,1838.37,completed,Electronics,South,39,3
9611,2024-12-16,4715.67,completed,Sports,East,20,3
9612,2024-12-16,3477.68,pending,Home,South,46,3
9613,2024-12-16,3169.15,completed,Electronics,West,7,5
9614,2024-12-16,1179.75,completed,Books,South,39,2
9615,2024-12-16,268.26,completed,Clothing,East,42,5
9616,2024-12-16,2194.54,completed,Clothing,South,26,5
9617,2024-12-17,60.75,failed,Sports,West,17,5
9618,2024-12-17,364.3,completed,Clothing,South,24,5
9619,2024-12-17,2980.68,completed,Clothing,South,3,4
9620,2024-12-17,3625.11,pending,Electronics,West,2,5
9621,2024-12-17,848.06,completed,Home,East,17,4
9622,2024-12-17,3665.18,pending,Home,West,1,1
9623,2024-12-17,4749.13,pending,Home,West,32,1
9624,2024-12-17,3718.45,completed,Clothing,South,32,4
9625,2024-12-17,3925.73,completed,Clothing,South,42,3
9626,2024-12-17,3506.56,completed,Home,Central,14,5
9627,2024-12-17,1131.44,pending,Books,North,40,3
9628,2024-12-17,1810.84,failed,Clothing,West,16,2
9629,2024-12-17,4746.84,completed,Electronics,South,27,5
9630,2024-12-17,3309.44,pending,Sports,North,40,3
9631,2024-12-17,3947.23,pending,Sports,Central,18,5
9632,2024-12-17,4843.79,refunded,Electronics,Central,6,1
9633,2024-12-17,1164.87,completed,Food,South,40,1
9634,2024-12-17,1615.22,completed,Food,West,14,1
9635,2024-12-17,3227.56,pending,Food,West,11,5
9636,2024-12-17,131.54,pending,Food,East,34,1
9637,2024-12-17,2860.38,pending,Clothing,Central,27,4
9638,2024-12-17,4045.36,failed,Food,South,2,4
9639,2024-12-17,3056.11,completed,Home,North,45,5
9640,2024-12-17,1484.01,completed,Home,Central,26,4
9641,2024-12-17,3623.28,completed,Electronics,South,14,1
9642,2024-12-17,738.7,completed,Sports,North,5,1
9643,2024-12-17,4474.92,completed,Books,Central,34,1
9644,2024-12-18,513.57,completed,Clothing,East,38,3
9645,2024-12-18,4318.82,completed,Clothing,Central,37,3
9646,2024-12-18,2494.07,completed,Sports,Central,32,1
9647,2024-12-18,2148.95,failed,Food,South,43,1
9648,2024-12-18,2508.3,completed,Electronics,Central,30,2
9649,2024-12-18,1009.03,completed,Home,East,12,3
9650,2024-12-18,2293.85,completed,Home,West,11,5
9651,2024-12-18,4250.1,completed,Food,South,19,5
9652,2024-12-18,4006.77,completed,Food,North,36,3
9653,2024-12-18,823.61,completed,Food,North,2,2
9654,2024-12-18,3370.37,failed,Clothing,South,15,4
9655,2024-12-18,4285.62,completed,Electronics,East,22,5
9656,2024-12-18,4100.64,completed,Clothing,Central,28,2
9657,2024-12-18,2133.91,pending,Food,North,8,3
9658,2024-12-18,249.98,completed,Electronics,West,5,1
9659,2024-12-18,4656.54,completed,Electronics,West,45,1
9660,2024-12-18,1985.47,completed,Home,Central,5,5
9661,2024-12-18,1811.27,completed,Home,Central,4,2
9662,2024-12-18,3799.98,failed,Clothing,North,10,1
9663,2024-12-18,1327.22,completed,Books,South,17,2
9664,2024-12-18,4175.39,completed,Electronics,Central,11,2
9665,2024-12-18,389.5,completed,Home,West,40,2
9666,2024-12-18,3706.15,completed,Sports,South,7,4
9667,2024-12-18,4829.29,failed,Clothing,Central,7,3
9668,2024-12-18,4978.89,completed,Clothing,South,6,3
9669,2024-12-18,4619.78,pending,Clothing,South,32,5
9670,2024-12-18,4355.1,completed,Electronics,Central,44,5
9671,2024-12-18,1401.61,completed,Food,Central,8,2
9672,2024-12-19,4833.58,completed,Sports,East,28,5
9673,2024-12-19,4640.2,failed,Sports,West,19,4
9674,2024-12-19,2676.52,completed,Electronics,West,31,1
9675,2024-12-19,2016.37,pending,Food,South,32,2
9676,2024-12-19,555.24,completed,Sports,East,15,2
9677,2024-12-19,2957.26,completed,Home,North,30,4
9678,2024-12-19,3505.72,completed,Books,Central,3,4
9679,2024-12-19,2025.94,completed,Sports,Central,24,4
9680,2024-12-19,2036.09,completed,Clothing,North,48,1
9681,2024-12-19,2870.82,completed,Home,West,45,3
9682,2024-12-19,148.64,failed,Food,North,3,3
9683,2024-12-19,4789.75,completed,Sports,North,3,4
9684,2024-12-19,1456.63,completed,Clothing,West,41,2
9685,2024-12-19,713.05,completed,Clothing,West,11,1
9686,2024-12-19,37.39,completed,Books,Central,33,5
9687,2024-12-19,4285.89,completed,Books,South,27,3
9688,2024-12-19,4317.4,completed,Books,Central,20,5
9689,2024-12-19,485.58,completed,Sports,East,16,3
9690,2024-12-19,769.68,completed,Sports,South,37,2
9691,2024-12-19,2245.03,completed,Clothing,South,13,3
9692,2024-12-19,936.66,failed,Food,West,38,1
9693,2024-12-19,3681.75,pending,Electronics,South,12,3
9694,2024-12-19,299.62,completed,Sports,South,44,5
9695,2024-12-19,2753.05,pending,Electronics,South,35,2
9696,2024-12-19,1920.13,completed,Electronics,South,27,1
9697,2024-12-19,2330.08,completed,Books,South,5,1
9698,2024-12-19,2129.54,completed,Home,North,11,1
9699,2024-12-20,774.26,completed,Food,Central,31,2
9700,2024-12-20,1109.2,completed,Clothing,South,29,2
9701,2024-12-20,333.39,completed,Clothing,East,6,4
9702,2024-12-20,585.28,completed,Home,North,5,2
9703,2024-12-20,4889.7,completed,Books,East,30,2
9704,2024-12-20,1406.14,completed,Food,South,19,1
9705,2024-12-20,1542.06,completed,Home,North,24,3
9706,2024-12-20,644.26,completed,Electronics,South,30,2
9707,2024-12-20,3778.27,pending,Books,Central,42,4
9708,2024-12-20,4621.47,pending,Food,Central,13,1
9709,2024-12-20,3950.86,completed,Clothing,West,34,4
9710,2024-12-20,3066.95,pending,Home,South,43,5
9711,2024-12-20,4068.03,completed,Home,West,45,4
9712,2024-12-20,2027.11,completed,Home,Central,48,2
9713,2024-12-20,4298.89,completed,Electronics,West,1,4
9714,2024-12-20,3994.61,completed,Sports,Central,4,5
9715,2024-12-20,18.61,completed,Food,South,43,3
9716,2024-12-20,2444.09,completed,Food,East,11,4
9717,2024-12-20,1330.44,pending,Clothing,South,15,5
9718,2024-12-20,440.3,failed,Books,West,24,3
9719,2024-12-20,4232.52,refunded,Home,North,33,1
9720,2024-12-20,49.67,completed,Clothing,South,2,5
9721,2024-12-20,3653.52,completed,Books,West,32,2
9722,2024-12-20,4941.08,pending,Books,North,5,2
9723,2024-12-20,2415.28,completed,Books,South,19,4
9724,2024-12-20,1862.49,completed,Clothing,West,45,1
9725,2024-12-20,3033.11,completed,Electronics,South,7,2
9726,2024-12-20,4025.44,completed,Sports,West,3,3
9727,2024-12-21,1208.86,completed,Books,East,24,4
9728,2024-12-21,1261.0,completed,Sports,East,13,1
9729,2024-12-21,3039.82,completed,Books,South,13,5
9730,2024-12-21,4700.0,pending,Food,Central,21,2
9731,2024-12-21,1499.22,completed,Clothing,West,9,5
9732,2024-12-21,1890.01,completed,Books,West,2,5
9733,2024-12-21,4966.73,completed,Sports,West,46,4
9734,2024-12-21,889.35,refunded,Clothing,East,40,5
9735,2024-12-21,394.07,completed,Electronics,North,21,1
9736,2024-12-21,2952.88,completed,Electronics,North,41,3
9737,2024-12-21,131.09,completed,Books,East,49,1
9738,2024-12-21,910.36,refunded,Clothing,Central,20,3
9739,2024-12-21,3114.82,completed,Sports,East,8,3
9740,2024-12-21,3300.97,completed,Clothing,Central,10,3
9741,2024-12-21,2557.02,completed,Food,East,48,1
9742,2024-12-21,1924.9,pending,Clothing,West,44,1
9743,2024-12-21,2885.23,completed,Food,North,35,5
9744,2024-12-21,3220.49,completed,Sports,West,34,2
9745,2024-12-21,4019.38,completed,Sports,Central,15,3
9746,2024-12-21,3965.83,completed,Sports,East,26,3
9747,2024-12-21,3327.36,completed,Books,Central,19,1
9748,2024-12-21,4472.22,completed,Food,South,20,2
9749,2024-12-21,4191.75,completed,Clothing,East,36,4
9750,2024-12-21,674.9,pending,Home,Central,27,2
9751,2024-12-21,4783.83,completed,Sports,West,21,4
9752,2024-12-21,4459.79,pending,Home,West,13,4
9753,2024-12-21,1611.43,completed,Sports,East,33,5
9754,2024-12-22,110.72,failed,Electronics,East,23,3
9755,2024-12-22,3023.84,completed,Clothing,South,3,5
9756,2024-12-22,2197.7,completed,Food,West,34,2
9757,2024-12-22,3750.34,completed,Clothing,North,17,4
9758,2024-12-22,2627.75,completed,Home,East,21,5
9759,2024-12-22,391.69,pending,Food,Central,49,5
9760,2024-12-22,1230.99,completed,Clothing,North,34,4
9761,2024-12-22,4413.79,pending,Books,East,4,3
9762,2024-12-22,198.07,completed,Food,West,37,3
9763,2024-12-22,3685.98,completed,Electronics,North,15,3
9764,2024-12-22,1466.8,failed,Home,North,37,2
9765,2024-12-22,2268.67,completed,Home,North,18,2
9766,2024-12-22,2659.72,failed,Sports,South,28,4
9767,2024-12-22,1257.91,completed,Clothing,Central,35,4
9768,2024-12-22,3263.28,completed,Sports,North,10,4
9769,2024-12-22,3470.28,pending,Clothing,West,7,4
9770,2024-12-22,434.45,completed,Home,South,35,3
9771,2024-12-22,1875.9,completed,Home,East,4,3
9772,2024-12-22,3724.44,completed,Clothing,Central,41,4
9773,2024-12-22,3610.97,completed,Clothing,Central,22,2
9774,2024-12-22,2727.57,completed,Sports,North,5,1
9775,2024-12-22,3890.6,completed,Clothing,North,38,4
9776,2024-12-22,547.15,completed,Sports,South,44,2
9777,2024-12-22,599.87,completed,Sports,Central,4,4
9778,2024-12-22,3290.87,completed,Clothing,West,47,5
9779,2024-12-22,3469.74,completed,Sports,West,21,2
9780,2024-12-22,4074.49,completed,Electronics,Central,33,1
9781,2024-12-23,913.37,pending,Food,North,14,1
9782,2024-12-23,2588.69,pending,Clothing,West,6,3
9783,2024-12-23,3307.55,completed,Electronics,Central,49,5
9784,2024-12-23,1126.26,completed,Sports,Central,33,5
9785,2024-12-23,2589.47,completed,Electronics,West,13,5
9786,2024-12-23,3195.84,completed,Sports,West,18,1
9787,2024-12-23,1080.1,completed,Electronics,South,38,1
9788,2024-12-23,1884.06,failed,Home,West,15,5
9789,2024-12-23,1089.53,pending,Home,South,34,4
9790,2024-12-23,4515.69,completed,Clothing,East,2,5
9791,2024-12-23,1191.63,completed,Food,North,49,5
9792,2024-12-23,612.96,completed,Books,South,36,4
9793,2024-12-23,185.43,failed,Books,North,17,3
9794,2024-12-23,234.32,completed,Electronics,East,28,4
9795,2024-12-23,966.02,pending,Home,North,9,4
9796,2024-12-23,3044.96,completed,Home,West,23,5
9797,2024-12-23,98.07,pending,Food,West,18,5
9798,2024-12-23,1440.85,completed,Books,West,20,1
9799,2024-12-23,300.25,completed,Clothing,West,40,5
9800,2024-12-23,2024.26,completed,Sports,West,21,4
9801,2024-12-23,252.4,completed,Books,West,1,4
9802,2024-12-23,3041.63,completed,Clothing,West,23,2
9803,2024-12-23,3445.24,completed,Clothing,North,3,3
9804,2024-12-23,3659.37,completed,Electronics,West,24,5
9805,2024-12-23,1129.47,completed,Sports,East,34,1
9806,2024-12-23,4343.82,pending,Electronics,North,5,3
9807,2024-12-23,3454.54,completed,Books,East,4,5
9808,2024-12-23,292.68,completed,Sports,South,19,4
9809,2024-12-24,2209.43,completed,Electronics,North,24,1
9810,2024-12-24,3841.1,completed,Electronics,East,4,1
9811,2024-12-24,1561.36,completed,Sports,Central,16,3
9812,2024-12-24,1913.98,refunded,Sports,North,39,2
9813,2024-12-24,3151.72,completed,Electronics,North,28,5
9814,2024-12-24,286.85,completed,Clothing,Central,26,5
9815,2024-12-24,4835.01,pending,Books,West,6,5
9816,2024-12-24,880.66,completed,Books,South,40,2
9817,2024-12-24,143.09,completed,Books,South,30,2
9818,2024-12-24,36.56,completed,Clothing,North,22,3
9819,2024-12-24,2003.78,pending,Books,Central,31,1
9820,2024-12-24,4422.42,failed,Electronics,West,8,4
9821,2024-12-24,4100.61,failed,Home,South,34,5
9822,2024-12-24,4561.11,completed,Books,North,15,1
9823,2024-12-24,2673.57,completed,Food,West,3,1
9824,2024-12-24,2249.24,pending,Food,East,12,2
9825,2024-12-24,1935.45,completed,Food,West,18,5
9826,2024-12-24,241.63,completed,Food,South,22,2
9827,2024-12-24,4548.51,refunded,Clothing,Central,12,4
9828,2024-12-24,2485.92,completed,Books,North,39,5
9829,2024-12-24,2280.79,completed,Clothing,North,13,3
9830,2024-12-24,2580.69,failed,Clothing,West,6,1
9831,2024-12-24,3972.83,completed,Home,East,11,5
9832,2024-12-24,1130.11,failed,Books,South,20,2
9833,2024-12-24,3552.4,completed,Home,West,3,3
9834,2024-12-24,3556.74,completed,Books,East,5,5
9835,2024-12-24,4249.27,pending,Sports,East,8,5
9836,2024-12-25,53.33,pending,Electronics,South,20,5
9837,2024-12-25,860.27,failed,Books,West,47,2
9838,2024-12-25,2360.52,completed,Food,East,29,4
9839,2024-12-25,4254.2,completed,Electronics,Central,5,2
9840,2024-12-25,4825.93,completed,Electronics,East,4,3
9841,2024-12-25,2978.39,completed,Clothing,South,6,2
9842,2024-12-25,1068.55,refunded,Electronics,North,4,5
9843,2024-12-25,931.08,refunded,Food,South,25,4
9844,2024-12-25,3200.83,completed,Electronics,West,36,5
9845,2024-12-25,1058.25,refunded,Sports,South,22,2
9846,2024-12-25,2769.91,completed,Books,East,20,5
9847,2024-12-25,4175.71,pending,Home,South,30,2
9848,2024-12-25,1955.2,completed,Electronics,Central,18,4
9849,2024-12-25,1898.58,pending,Electronics,Central,40,1
9850,2024-12-25,190.34,pending,Home,Central,34,4
9851,2024-12-25,1277.88,completed,Food,West,49,4
9852,2024-12-25,3493.98,failed,Sports,East,5,4
9853,2024-12-25,1808.35,completed,Clothing,North,22,2
9854,2024-12-25,799.91,pending,Electronics,North,43,5
9855,2024-12-25,537.78,completed,Food,East,33,1
9856,2024-12-25,484.32,completed,Books,West,38,4
9857,2024-12-25,3299.08,pending,Electronics,North,23,3
9858,2024-12-25,3066.98,pending,Electronics,East,20,1
9859,2024-12-25,2597.42,failed,Clothing,Central,37,5
9860,2024-12-25,2506.63,completed,Electronics,Central,23,4
9861,2024-12-25,774.15,completed,Home,East,20,1
9862,2024-12-25,2508.02,completed,Home,East,20,2
9863,2024-12-25,309.09,failed,Electronics,North,7,4
9864,2024-12-26,4630.03,refunded,Food,North,39,1
9865,2024-12-26,299.56,failed,Food,South,42,3
9866,2024-12-26,2123.42,completed,Electronics,Central,2,1
9867,2024-12-26,12.85,failed,Books,North,20,1
9868,2024-12-26,3932.89,completed,Home,West,33,2
9869,2024-12-26,839.19,failed,Books,South,8,4
9870,2024-12-26,4625.33,completed,Home,North,15,3
9871,2024-12-26,229.45,completed,Books,North,48,2
9872,2024-12-26,4105.73,completed,Books,West,39,2
9873,2024-12-26,3286.62,pending,Home,North,43,5
9874,2024-12-26,1256.18,completed,Sports,East,49,4
9875,2024-12-26,1020.07,completed,Sports,Central,34,5
9876,2024-12-26,1794.81,pending,Sports,East,14,5
9877,2024-12-26,4143.73,refunded,Electronics,South,47,4
9878,2024-12-26,4311.16,completed,Sports,Central,22,1
9879,2024-12-26,884.67,completed,Sports,North,27,5
9880,2024-12-26,1773.71,completed,Food,South,27,1
9881,2024-12-26,1195.08,completed,Books,North,27,4
9882,2024-12-26,621.99,completed,Sports,North,28,2
9883,2024-12-26,3235.78,completed,Electronics,Central,39,4
9884,2024-12-26,1735.9,completed,Books,South,8,5
9885,2024-12-26,1134.67,completed,Sports,North,22,4
9886,2024-12-26,4331.33,completed,Clothing,Central,29,2
9887,2024-12-26,3744.11,completed,Clothing,Central,28,4
9888,2024-12-26,3871.07,completed,Electronics,South,36,1
9889,2024-12-26,205.59,completed,Clothing,East,17,5
9890,2024-12-26,4576.5,completed,Food,West,47,1
9891,2024-12-27,2877.94,completed,Home,East,1,5
9892,2024-12-27,2523.98,pending,Electronics,West,36,1
9893,2024-12-27,62.82,pending,Books,South,9,2
9894,2024-12-27,4489.33,completed,Electronics,Central,30,4
9895,2024-12-27,2724.01,pending,Sports,East,2,5
9896,2024-12-27,4127.52,pending,Food,North,12,4
9897,2024-12-27,3281.0,completed,Food,West,20,2
9898,2024-12-27,3985.5,completed,Home,North,5,2
9899,2024-12-27,3467.73,completed,Sports,Central,17,4
9900,2024-12-27,4605.61,completed,Electronics,Central,32,3
9901,2024-12-27,1135.17,completed,Clothing,North,8,2
9902,2024-12-27,1018.48,completed,Clothing,East,31,4
9903,2024-12-27,3565.58,refunded,Books,South,23,3
9904,2024-12-27,2511.96,completed,Sports,North,42,5
9905,2024-12-27,2999.81,completed,Books,West,32,1
9906,2024-12-27,3545.63,refunded,Food,North,22,4
9907,2024-12-27,2741.67,completed,Sports,North,41,4
9908,2024-12-27,3940.59,completed,Sports,Central,9,5
9909,2024-12-27,1601.15,refunded,Electronics,South,28,4
9910,2024-12-27,4296.36,completed,Books,Central,12,5
9911,2024-12-27,547.31,completed,Sports,East,23,2
9912,2024-12-27,3173.68,completed,Books,East,24,2
9913,2024-12-27,4451.76,completed,Clothing,East,30,5
9914,2024-12-27,1270.94,pending,Electronics,South,16,1
9915,2024-12-27,1640.91,completed,Clothing,South,33,5
9916,2024-12-27,1534.15,pending,Food,West,9,4
9917,2024-12-27,2825.68,completed,Home,West,9,3
9918,2024-12-28,2070.23,failed,Books,North,6,1
9919,2024-12-28,548.72,completed,Home,South,24,4
9920,2024-12-28,4457.52,failed,Electronics,Central,21,3
9921,2024-12-28,1031.34,completed,Sports,East,41,1
9922,2024-12-28,2675.06,failed,Clothing,South,17,4
9923,2024-12-28,2978.08,pending,Books,South,29,5
9924,2024-12-28,213.35,completed,Food,North,48,3
9925,2024-12-28,487.6,completed,Home,Central,31,1
9926,2024-12-28,4858.73,completed,Sports,South,42,2
9927,2024-12-28,3325.92,completed,Food,South,25,3
9928,2024-12-28,177.49,completed,Books,North,9,3
9929,2024-12-28,3973.05,completed,Sports,Central,23,3
9930,2024-12-28,2547.63,refunded,Sports,South,37,2
9931,2024-12-28,385.25,refunded,Books,West,6,4
9932,2024-12-28,3406.95,completed,Sports,West,24,1
9933,2024-12-28,2501.77,completed,Sports,South,26,5
9934,2024-12-28,1032.55,completed,Electronics,East,46,3
9935,2024-12-28,4389.73,pending,Food,North,48,5
9936,2024-12-28,1463.99,refunded,Home,West,30,1
9937,2024-12-28,1429.94,completed,Clothing,West,11,4
9938,2024-12-28,1371.14,completed,Sports,South,10,5
9939,2024-12-28,3839.6,completed,Books,North,30,5
9940,2024-12-28,3533.53,completed,Clothing,South,10,3
9941,2024-12-28,4516.7,refunded,Food,West,34,2
9942,2024-12-28,1154.4,completed,Food,East,48,5
9943,2024-12-28,3933.96,completed,Electronics,North,10,4
9944,2024-12-28,2869.5,completed,Clothing,East,45,5
9945,2024-12-28,1550.31,completed,Sports,West,2,2
9946,2024-12-29,186.92,completed,Home,North,24,3
9947,2024-12-29,4096.55,completed,Home,East,19,2
9948,2024-12-29,1212.95,completed,Food,Central,28,3
9949,2024-12-29,3162.4,completed,Sports,South,24,5
9950,2024-12-29,2748.85,failed,Food,North,27,5
9951,2024-12-29,32.2,pending,Sports,Central,6,3
9952,2024-12-29,4971.77,completed,Home,North,38,1
9953,2024-12-29,4073.5,completed,Food,North,47,3
9954,2024-12-29,2437.49,refunded,Books,South,24,3
9955,2024-12-29,3404.9,pending,Home,West,42,4
9956,2024-12-29,2388.21,refunded,Electronics,West,7,2
9957,2024-12-29,3725.49,completed,Clothing,South,36,3
9958,2024-12-29,680.3,completed,Books,North,16,4
9959,2024-12-29,2237.29,completed,Clothing,Central,33,3
9960,2024-12-29,1684.33,failed,Sports,North,28,5
9961,2024-12-29,2303.68,completed,Clothing,Central,3,2
9962,2024-12-29,2257.86,completed,Food,East,18,4
9963,2024-12-29,724.04,refunded,Sports,North,22,3
9964,2024-12-29,4882.68,refunded,Books,South,40,3
9965,2024-12-29,87.31,completed,Sports,South,6,3
9966,2024-12-29,60.26,completed,Books,North,47,3
9967,2024-12-29,1873.47,completed,Books,East,3,3
9968,2024-12-29,3105.68,completed,Books,West,12,3
9969,2024-12-29,906.47,completed,Sports,East,7,5
9970,2024-12-29,2670.64,completed,Home,West,44,4
9971,2024-12-29,3616.63,failed,Electronics,Central,28,3
9972,2024-12-29,479.36,pending,Books,North,36,5
9973,2024-12-30,4922.27,failed,Sports,West,34,2
9974,2024-12-30,1690.14,pending,Books,South,29,2
9975,2024-12-30,3215.65,completed,Food,North,15,1
9976,2024-12-30,562.49,completed,Sports,South,7,2
9977,2024-12-30,3550.34,pending,Food,South,22,1
9978,2024-12-30,4203.88,completed,Electronics,Central,21,1
9979,2024-12-30,535.37,pending,Clothing,South,22,4
9980,2024-12-30,638.06,completed,Electronics,West,49,4
9981,2024-12-30,1412.43,completed,Sports,Central,7,4
9982,2024-12-30,69.56,completed,Home,South,32,5
9983,2024-12-30,4930.4,completed,Food,North,8,5
9984,2024-12-30,2995.94,completed,Sports,Central,29,2
9985,2024-12-30,3041.87,completed,Home,East,34,1
9986,2024-12-30,4795.22,completed,Food,East,2,3
9987,2024-12-30,4161.83,pending,Home,West,23,5
9988,2024-12-30,4073.07,completed,Electronics,South,16,5
9989,2024-12-30,1704.12,completed,Sports,East,24,2
9990,2024-12-30,1680.97,completed,Electronics,Central,24,1
9991,2024-12-30,1465.77,completed,Sports,North,24,4
9992,2024-12-30,1740.01,completed,Electronics,West,32,5
9993,2024-12-30,1853.85,completed,Sports,South,10,5
9994,2024-12-30,708.62,completed,Food,East,42,5
9995,2024-12-30,1786.18,failed,Clothing,Central,42,2
9996,2024-12-30,2239.27,pending,Books,West,23,4
9997,2024-12-30,1553.64,completed,Home,East,45,4
9998,2024-12-30,835.08,pending,Electronics,Central,14,2
9999,2024-12-30,1873.32,completed,Clothing,West,11,1
10000,2024-12-31,2409.73,completed,Books,North,14,4
