id,date,amount,status,category,region,quantity,rating
1,2024-01-01,1464.18,failed,Electronics,South,24,1
2,2024-01-01,612.97,completed,Sports,South,12,5
3,2024-01-01,545.79,completed,Electronics,West,45,1
4,2024-01-01,56.62,completed,Sports,West,12,2
5,2024-01-01,4892.0,completed,Electronics,South,6,3
6,2024-01-01,3278.85,completed,Home,South,27,5
7,2024-01-01,1612.97,completed,Clothing,Central,45,4
8,2024-01-01,2899.6,completed,Home,East,12,5
9,2024-01-01,3099.18,failed,Food,West,44,3
10,2024-01-01,922.82,completed,Books,West,12,5
11,2024-01-01,1451.45,pending,Food,West,46,2
12,2024-01-01,2740.92,failed,Sports,Central,21,1
13,2024-01-01,4200.57,completed,Clothing,West,20,5
14,2024-01-01,656.65,completed,Food,North,39,4
15,2024-01-01,4293.1,completed,Clothing,East,24,1
16,2024-01-01,3048.84,refunded,Sports,South,14,2
17,2024-01-01,2453.4,failed,Home,South,19,1
18,2024-01-01,728.26,completed,Books,South,13,3
19,2024-01-01,2754.02,refunded,Books,Central,22,4
20,2024-01-01,1774.62,completed,Sports,Central,25,1
21,2024-01-01,952.95,completed,Food,South,34,5
22,2024-01-01,4401.07,completed,Clothing,East,18,5
23,2024-01-01,2308.26,pending,Home,East,14,4
24,2024-01-01,407.98,completed,Sports,West,49,2
25,2024-01-01,1517.67,pending,Electronics,Central,41,2
26,2024-01-01,915.71,completed,Books,East,40,5
27,2024-01-01,4696.83,completed,Food,East,18,3
28,2024-01-01,1222.88,refunded,Clothing,East,20,1
29,2024-01-02,2536.92,completed,Sports,East,34,3
30,2024-01-02,3730.16,completed,Sports,Central,6,4
31,2024-01-02,800.97,pending,Food,North,48,4
32,2024-01-02,2193.06,completed,Food,North,11,4
33,2024-01-02,3269.87,completed,Clothing,South,12,4
34,2024-01-02,4410.95,completed,Books,South,39,2
35,2024-01-02,3273.97,refunded,Home,East,14,3
36,2024-01-02,409.62,completed,Books,Central,23,3
37,2024-01-02,1614.59,completed,Electronics,East,47,5
38,2024-01-02,1761.15,pending,Sports,South,10,2
39,2024-01-02,1947.48,completed,Food,South,6,2
40,2024-01-02,4708.68,completed,Sports,North,31,2
41,2024-01-02,188.16,completed,Food,North,2,2
42,2024-01-02,1517.85,failed,Food,South,32,4
43,2024-01-02,2467.36,completed,Food,West,12,3
44,2024-01-02,441.12,completed,Books,Central,17,4
45,2024-01-02,2422.85,completed,Home,West,20,1
46,2024-01-02,544.57,completed,Home,Central,8,4
47,2024-01-02,4190.53,completed,Clothing,South,45,5
48,2024-01-02,1357.72,completed,Electronics,West,28,5
49,2024-01-02,2619.83,completed,Sports,West,18,3
50,2024-01-02,3095.41,completed,Sports,Central,28,4
51,2024-01-02,1535.57,completed,Clothing,South,16,4
52,2024-01-02,1763.06,completed,Electronics,North,23,2
53,2024-01-02,2557.48,completed,Electronics,Central,8,2
54,2024-01-02,4029.12,pending,Food,West,48,5
55,2024-01-02,2268.93,completed,Clothing,West,39,5
56,2024-01-03,2459.57,completed,Electronics,East,16,5
57,2024-01-03,2983.37,completed,Sports,North,27,5
58,2024-01-03,2131.81,completed,Sports,North,25,3
59,2024-01-03,3633.13,failed,Books,South,3,2
60,2024-01-03,34.49,pending,Electronics,West,32,5
61,2024-01-03,2420.27,completed,Electronics,Central,26,3
62,2024-01-03,4615.85,completed,Sports,East,34,5
63,2024-01-03,3083.36,completed,Food,East,12,4
64,2024-01-03,2437.13,completed,Food,West,42,4
65,2024-01-03,3862.4,completed,Sports,West,37,4
66,2024-01-03,1971.07,completed,Clothing,Central,11,5
67,2024-01-03,2341.56,completed,Home,South,28,1
68,2024-01-03,983.85,completed,Home,South,43,1
69,2024-01-03,629.78,completed,Books,West,2,2
70,2024-01-03,137.36,completed,Clothing,North,5,2
71,2024-01-03,3660.23,completed,Home,West,41,3
72,2024-01-03,2346.27,completed,Clothing,Central,4,1
73,2024-01-03,4697.37,completed,Home,West,18,3
74,2024-01-03,892.31,completed,Food,West,43,1
75,2024-01-03,1227.48,completed,Home,East,38,4
76,2024-01-03,3197.24,failed,Clothing,South,16,4
77,2024-01-03,282.44,completed,Sports,South,29,5
78,2024-01-03,2522.03,completed,Sports,East,40,2
79,2024-01-03,626.67,completed,Food,Central,20,1
80,2024-01-03,815.37,completed,Electronics,Central,38,2
81,2024-01-03,2565.38,pending,Clothing,South,42,4
82,2024-01-03,2849.66,completed,Sports,North,34,3
83,2024-01-03,1068.05,completed,Sports,Central,34,2
84,2024-01-04,1363.48,completed,Food,North,11,1
85,2024-01-04,1427.7,completed,Home,North,42,1
86,2024-01-04,717.63,completed,Sports,East,21,5
87,2024-01-04,4828.95,refunded,Electronics,Central,27,5
88,2024-01-04,3464.08,completed,Food,North,40,5
89,2024-01-04,563.1,failed,Books,South,16,3
90,2024-01-04,1792.23,completed,Electronics,Central,5,1
91,2024-01-04,871.29,completed,Clothing,North,1,4
92,2024-01-04,1179.59,completed,Sports,South,25,3
93,2024-01-04,4697.99,failed,Home,North,28,4
94,2024-01-04,692.4,completed,Electronics,West,8,3
95,2024-01-04,4400.26,completed,Books,South,30,2
96,2024-01-04,4210.76,completed,Food,West,6,4
97,2024-01-04,3720.9,completed,Home,North,31,5
98,2024-01-04,2488.64,completed,Sports,North,22,2
99,2024-01-04,1299.25,completed,Home,North,49,2
100,2024-01-04,4156.59,pending,Home,North,16,1
101,2024-01-04,4172.03,completed,Sports,North,39,4
102,2024-01-04,2631.33,completed,Clothing,South,41,1
103,2024-01-04,247.59,completed,Clothing,Central,47,4
104,2024-01-04,972.88,completed,Home,East,24,4
105,2024-01-04,289.86,completed,Sports,West,25,2
106,2024-01-04,907.39,completed,Sports,North,37,3
107,2024-01-04,2547.02,failed,Clothing,Central,25,2
108,2024-01-04,4272.33,completed,Home,Central,33,4
109,2024-01-04,3269.65,failed,Clothing,East,23,1
110,2024-01-04,3008.51,failed,Sports,West,47,3
111,2024-01-05,3742.29,completed,Food,East,49,3
112,2024-01-05,3203.16,completed,Electronics,South,13,4
113,2024-01-05,2222.7,pending,Sports,Central,7,5
114,2024-01-05,4078.66,refunded,Home,North,39,4
115,2024-01-05,1557.82,completed,Home,South,10,2
116,2024-01-05,4641.29,failed,Electronics,North,10,2
117,2024-01-05,589.79,completed,Food,South,41,3
118,2024-01-05,3192.02,completed,Food,Central,43,4
119,2024-01-05,2507.58,failed,Food,West,3,2
120,2024-01-05,2134.55,completed,Food,Central,43,2
121,2024-01-05,2154.28,pending,Electronics,Central,49,4
122,2024-01-05,220.62,completed,Food,East,41,1
123,2024-01-05,3760.05,completed,Electronics,Central,12,5
124,2024-01-05,1768.21,failed,Clothing,East,16,5
125,2024-01-05,2388.42,completed,Sports,West,32,1
126,2024-01-05,4239.49,pending,Electronics,East,8,4
127,2024-01-05,2889.77,failed,Sports,South,41,3
128,2024-01-05,4258.67,pending,Home,West,42,4
129,2024-01-05,694.03,failed,Home,Central,42,4
130,2024-01-05,1416.27,failed,Books,Central,29,2
131,2024-01-05,1147.38,completed,Home,West,46,5
132,2024-01-05,4432.81,completed,Food,South,22,4
133,2024-01-05,3909.97,completed,Home,Central,18,4
134,2024-01-05,4172.16,completed,Sports,Central,21,2
135,2024-01-05,2847.73,pending,Home,East,13,2
136,2024-01-05,1111.54,completed,Home,South,5,2
137,2024-01-05,1891.22,pending,Sports,West,24,2
138,2024-01-06,2756.0,completed,Clothing,South,32,2
139,2024-01-06,104.7,completed,Electronics,Central,39,4
140,2024-01-06,3201.81,completed,Clothing,Central,26,4
141,2024-01-06,4275.8,completed,Clothing,West,49,2
142,2024-01-06,1634.92,completed,Home,East,48,2
143,2024-01-06,3402.15,completed,Electronics,North,8,4
144,2024-01-06,2422.98,failed,Books,North,34,1
145,2024-01-06,29.85,pending,Home,North,32,3
146,2024-01-06,1427.12,failed,Clothing,North,48,2
147,2024-01-06,2644.02,pending,Books,East,42,3
148,2024-01-06,3627.29,failed,Electronics,South,7,3
149,2024-01-06,2016.15,completed,Food,South,11,1
150,2024-01-06,939.36,completed,Home,North,34,2
151,2024-01-06,314.64,completed,Sports,West,13,3
152,2024-01-06,3576.31,completed,Books,Central,40,4
153,2024-01-06,1831.56,failed,Home,North,27,5
154,2024-01-06,3239.05,pending,Home,West,30,1
155,2024-01-06,1116.54,completed,Clothing,Central,42,4
156,2024-01-06,3775.88,completed,Books,East,31,4
157,2024-01-06,1728.49,completed,Books,East,30,1
158,2024-01-06,271.32,failed,Food,Central,8,2
159,2024-01-06,2556.07,completed,Clothing,West,42,1
160,2024-01-06,3659.92,completed,Home,South,16,1
161,2024-01-06,4663.16,completed,Electronics,South,14,2
162,2024-01-06,4854.58,failed,Food,North,31,2
163,2024-01-06,2287.53,completed,Clothing,Central,7,4
164,2024-01-06,3063.25,completed,Sports,South,24,1
165,2024-01-06,2790.53,completed,Electronics,Central,33,1
166,2024-01-07,2672.37,completed,Food,South,43,5
167,2024-01-07,581.55,completed,Home,East,12,3
168,2024-01-07,3357.62,completed,Home,North,39,2
169,2024-01-07,4826.7,completed,Clothing,North,40,5
170,2024-01-07,642.75,completed,Books,West,27,5
171,2024-01-07,1566.15,completed,Food,West,43,1
172,2024-01-07,394.48,completed,Clothing,South,30,2
173,2024-01-07,2019.89,completed,Sports,West,14,3
174,2024-01-07,2413.54,failed,Sports,South,33,1
175,2024-01-07,1796.51,completed,Electronics,West,31,4
176,2024-01-07,2388.14,completed,Home,West,33,1
177,2024-01-07,4016.8,completed,Food,Central,8,5
178,2024-01-07,1077.48,failed,Home,West,35,2
179,2024-01-07,3792.28,failed,Sports,Central,42,3
180,2024-01-07,3968.51,completed,Food,Central,25,5
181,2024-01-07,2909.85,completed,Sports,South,25,3
182,2024-01-07,1583.45,completed,Food,Central,7,3
183,2024-01-07,4683.14,completed,Sports,East,16,5
184,2024-01-07,1825.88,completed,Electronics,North,47,4
185,2024-01-07,259.11,completed,Books,Central,45,3
186,2024-01-07,689.08,completed,Electronics,North,1,3
187,2024-01-07,4459.03,completed,Sports,North,33,4
188,2024-01-07,758.38,completed,Home,East,1,2
189,2024-01-07,2242.5,completed,Sports,West,33,1
190,2024-01-07,3462.94,completed,Sports,East,46,4
191,2024-01-07,2872.49,failed,Sports,West,29,4
192,2024-01-07,3270.32,completed,Books,Central,25,3
193,2024-01-08,1750.59,completed,Books,East,13,2
194,2024-01-08,3314.56,failed,Books,Central,41,1
195,2024-01-08,55.34,completed,Food,West,45,1
196,2024-01-08,1323.62,completed,Electronics,East,19,3
197,2024-01-08,626.76,completed,Electronics,East,34,1
198,2024-01-08,2281.76,completed,Food,Central,22,4
199,2024-01-08,737.66,completed,Clothing,South,12,1
200,2024-01-08,2741.38,pending,Home,South,35,2
201,2024-01-08,911.52,completed,Home,West,29,5
202,2024-01-08,2077.18,pending,Food,West,25,2
203,2024-01-08,380.37,completed,Sports,North,40,3
204,2024-01-08,2205.5,completed,Books,West,45,4
205,2024-01-08,4041.84,completed,Clothing,North,14,1
206,2024-01-08,1591.34,completed,Food,East,34,2
207,2024-01-08,3534.52,pending,Food,South,22,3
208,2024-01-08,2135.67,completed,Electronics,South,26,2
209,2024-01-08,1178.72,completed,Electronics,West,16,5
210,2024-01-08,1524.36,failed,Clothing,North,41,4
211,2024-01-08,1519.87,completed,Home,South,1,1
212,2024-01-08,3714.47,refunded,Electronics,North,27,5
213,2024-01-08,1012.67,completed,Books,North,23,2
214,2024-01-08,4889.08,completed,Books,South,15,1
215,2024-01-08,3440.55,completed,Books,West,17,4
216,2024-01-08,2011.76,completed,Home,West,6,2
217,2024-01-08,4990.04,pending,Food,Central,9,1
218,2024-01-08,1088.7,completed,Food,South,18,1
219,2024-01-08,3816.93,completed,Books,South,6,4
220,2024-01-08,1361.98,failed,Home,Central,32,3
221,2024-01-09,2722.39,completed,Books,North,28,3
222,2024-01-09,281.56,completed,Electronics,East,49,2
223,2024-01-09,4233.83,pending,Food,West,45,2
224,2024-01-09,1837.1,completed,Books,East,37,5
225,2024-01-09,2926.59,completed,Home,Central,26,3
226,2024-01-09,4637.15,completed,Books,South,31,5
227,2024-01-09,160.93,completed,Sports,North,5,3
228,2024-01-09,4840.41,completed,Clothing,North,10,1
229,2024-01-09,2630.64,completed,Sports,East,36,3
230,2024-01-09,3905.93,completed,Electronics,East,35,5
231,2024-01-09,2370.49,completed,Clothing,East,1,1
232,2024-01-09,4081.38,completed,Clothing,South,26,2
233,2024-01-09,4403.99,failed,Food,East,16,3
234,2024-01-09,1914.55,pending,Electronics,Central,37,2
235,2024-01-09,3615.93,completed,Books,East,31,4
236,2024-01-09,4993.1,completed,Home,West,18,5
237,2024-01-09,3788.09,failed,Food,Central,46,4
238,2024-01-09,4784.83,completed,Electronics,North,24,2
239,2024-01-09,3685.72,completed,Clothing,South,16,5
240,2024-01-09,1656.14,completed,Electronics,East,26,1
241,2024-01-09,4137.49,completed,Books,West,45,4
242,2024-01-09,3335.04,failed,Sports,Central,18,1
243,2024-01-09,175.01,failed,Clothing,West,13,1
244,2024-01-09,870.45,completed,Clothing,Central,29,2
245,2024-01-09,1313.75,completed,Clothing,Central,14,1
246,2024-01-09,3720.38,pending,Food,Central,14,5
247,2024-01-09,3987.69,completed,Sports,West,29,4
248,2024-01-10,4136.16,failed,Clothing,Central,4,1
249,2024-01-10,345.4,completed,Food,Central,45,4
250,2024-01-10,370.06,completed,Home,South,9,1
251,2024-01-10,1504.22,refunded,Sports,East,35,4
252,2024-01-10,3409.4,completed,Home,West,25,5
253,2024-01-10,4212.5,completed,Food,South,14,1
254,2024-01-10,4348.18,completed,Home,West,4,3
255,2024-01-10,1045.5,completed,Clothing,West,14,4
256,2024-01-10,3839.4,pending,Clothing,Central,19,5
257,2024-01-10,3207.47,completed,Home,South,6,4
258,2024-01-10,4634.38,completed,Clothing,Central,34,2
259,2024-01-10,3866.58,pending,Sports,Central,35,1
260,2024-01-10,2647.82,pending,Sports,East,26,3
261,2024-01-10,3918.14,completed,Home,East,10,3
262,2024-01-10,1548.31,refunded,Home,South,28,5
263,2024-01-10,3932.86,completed,Sports,West,38,3
264,2024-01-10,3908.03,pending,Food,East,36,5
265,2024-01-10,4277.49,completed,Books,West,19,3
266,2024-01-10,1219.56,failed,Books,Central,6,1
267,2024-01-10,4246.51,failed,Clothing,West,23,1
268,2024-01-10,853.56,failed,Food,East,13,4
269,2024-01-10,3861.78,completed,Home,North,38,1
270,2024-01-10,4650.29,pending,Electronics,North,21,3
271,2024-01-10,188.63,completed,Electronics,West,35,4
272,2024-01-10,3133.8,completed,Food,East,14,1
273,2024-01-10,3301.36,failed,Sports,North,11,1
274,2024-01-10,4077.56,pending,Home,West,22,1
275,2024-01-11,523.09,completed,Sports,West,37,2
276,2024-01-11,4548.06,completed,Home,Central,44,3
277,2024-01-11,4969.0,completed,Electronics,South,43,3
278,2024-01-11,3363.81,completed,Electronics,East,6,1
279,2024-01-11,2155.37,completed,Books,West,33,3
280,2024-01-11,3178.73,failed,Clothing,West,15,5
281,2024-01-11,282.98,completed,Home,South,11,2
282,2024-01-11,3767.64,completed,Electronics,South,43,2
283,2024-01-11,359.13,completed,Food,West,5,1
284,2024-01-11,1619.73,completed,Clothing,South,28,3
285,2024-01-11,705.6,completed,Books,Central,39,1
286,2024-01-11,3632.95,pending,Clothing,South,48,4
287,2024-01-11,2976.2,completed,Home,North,23,3
288,2024-01-11,3499.03,completed,Electronics,West,9,3
289,2024-01-11,332.18,completed,Electronics,West,22,1
290,2024-01-11,1858.33,pending,Home,Central,38,2
291,2024-01-11,2036.79,completed,Books,South,26,3
292,2024-01-11,3015.97,completed,Home,Central,42,4
293,2024-01-11,520.63,failed,Food,Central,34,5
294,2024-01-11,3239.71,completed,Home,East,47,1
295,2024-01-11,1979.55,completed,Food,South,31,5
296,2024-01-11,4530.54,failed,Sports,East,8,3
297,2024-01-11,2254.55,completed,Home,West,4,3
298,2024-01-11,519.34,pending,Sports,Central,27,5
299,2024-01-11,525.98,completed,Clothing,East,47,2
300,2024-01-11,1278.93,completed,Sports,Central,20,4
301,2024-01-11,1206.66,completed,Food,South,3,3
302,2024-01-11,3985.46,completed,Sports,West,30,2
303,2024-01-12,3614.72,completed,Books,West,30,2
304,2024-01-12,392.6,completed,Clothing,West,4,5
305,2024-01-12,4258.66,completed,Clothing,West,32,4
306,2024-01-12,489.69,completed,Clothing,West,24,5
307,2024-01-12,3930.28,completed,Electronics,North,8,4
308,2024-01-12,566.97,completed,Books,East,2,2
309,2024-01-12,1888.03,completed,Clothing,Central,30,5
310,2024-01-12,3757.14,failed,Sports,East,16,5
311,2024-01-12,1275.64,refunded,Clothing,North,11,4
312,2024-01-12,575.52,completed,Electronics,Central,41,3
313,2024-01-12,3938.1,completed,Electronics,West,14,3
314,2024-01-12,3457.97,completed,Books,East,23,5
315,2024-01-12,4457.43,completed,Electronics,Central,29,2
316,2024-01-12,3211.35,completed,Home,East,42,3
317,2024-01-12,379.01,failed,Sports,Central,45,5
318,2024-01-12,3196.79,failed,Electronics,North,3,1
319,2024-01-12,4114.31,completed,Home,East,15,3
320,2024-01-12,427.56,completed,Clothing,East,35,1
321,2024-01-12,687.11,completed,Home,East,34,5
322,2024-01-12,3391.06,completed,Home,South,3,3
323,2024-01-12,3958.74,pending,Clothing,North,15,3
324,2024-01-12,1772.22,completed,Clothing,South,8,1
325,2024-01-12,3678.96,completed,Electronics,Central,9,1
326,2024-01-12,845.17,completed,Electronics,Central,40,4
327,2024-01-12,2225.59,completed,Books,North,49,5
328,2024-01-12,3742.39,completed,Sports,Central,1,2
329,2024-01-12,1002.94,completed,Books,Central,43,4
330,2024-01-13,1750.99,completed,Home,Central,19,1
331,2024-01-13,3149.04,completed,Electronics,South,41,1
332,2024-01-13,1736.52,pending,Clothing,South,46,4
333,2024-01-13,4372.05,completed,Home,North,23,2
334,2024-01-13,4784.06,completed,Clothing,West,8,4
335,2024-01-13,3215.02,completed,Food,North,9,4
336,2024-01-13,3914.18,failed,Food,South,47,1
337,2024-01-13,4534.42,completed,Clothing,East,38,4
338,2024-01-13,3512.28,failed,Books,East,10,1
339,2024-01-13,3868.84,failed,Sports,South,42,3
340,2024-01-13,410.29,completed,Sports,South,14,4
341,2024-01-13,4120.58,failed,Food,South,4,3
342,2024-01-13,1380.08,completed,Home,East,32,1
343,2024-01-13,363.31,completed,Clothing,North,27,4
344,2024-01-13,2951.46,completed,Sports,South,1,1
345,2024-01-13,1141.67,completed,Home,North,27,5
346,2024-01-13,408.44,completed,Clothing,South,35,5
347,2024-01-13,3051.71,completed,Electronics,South,19,5
348,2024-01-13,501.78,completed,Sports,East,45,2
349,2024-01-13,4437.27,completed,Electronics,South,19,1
350,2024-01-13,4846.67,completed,Books,North,18,5
351,2024-01-13,3693.58,completed,Food,South,34,4
352,2024-01-13,1445.44,completed,Food,Central,30,3
353,2024-01-13,2817.08,completed,Sports,East,46,2
354,2024-01-13,166.61,completed,Books,South,18,5
355,2024-01-13,3110.78,refunded,Books,Central,7,2
356,2024-01-13,1326.57,completed,Food,West,34,3
357,2024-01-13,2280.57,completed,Sports,West,48,4
358,2024-01-14,902.55,completed,Books,North,26,4
359,2024-01-14,4932.89,completed,Books,South,29,2
360,2024-01-14,1045.05,pending,Sports,South,25,5
361,2024-01-14,2090.51,completed,Electronics,West,18,3
362,2024-01-14,1280.46,completed,Electronics,North,3,2
363,2024-01-14,2712.52,completed,Electronics,South,49,1
364,2024-01-14,4527.66,completed,Books,Central,33,1
365,2024-01-14,825.31,completed,Sports,South,39,1
366,2024-01-14,712.66,completed,Electronics,Central,25,3
367,2024-01-14,379.59,completed,Electronics,North,20,5
368,2024-01-14,2950.86,completed,Food,Central,16,4
369,2024-01-14,3014.36,completed,Sports,South,11,1
370,2024-01-14,4108.74,completed,Food,South,24,3
371,2024-01-14,4181.45,completed,Sports,West,7,2
372,2024-01-14,518.69,completed,Home,East,17,5
373,2024-01-14,4553.52,completed,Books,North,47,2
374,2024-01-14,4148.62,failed,Clothing,Central,14,2
375,2024-01-14,3239.76,completed,Electronics,West,15,4
376,2024-01-14,1741.83,completed,Sports,South,6,1
377,2024-01-14,3730.47,completed,Sports,Central,45,2
378,2024-01-14,3107.16,pending,Food,North,11,2
379,2024-01-14,1771.7,pending,Books,Central,40,3
380,2024-01-14,76.15,pending,Clothing,East,7,2
381,2024-01-14,2966.38,completed,Sports,Central,16,5
382,2024-01-14,2886.69,completed,Food,Central,1,2
383,2024-01-14,781.34,pending,Clothing,Central,32,2
384,2024-01-14,4532.57,failed,Electronics,North,37,2
385,2024-01-15,804.79,failed,Electronics,East,44,3
386,2024-01-15,1442.61,failed,Sports,North,5,2
387,2024-01-15,1866.22,completed,Electronics,South,41,4
388,2024-01-15,3418.0,completed,Food,East,20,1
389,2024-01-15,417.38,completed,Electronics,West,6,1
390,2024-01-15,3514.85,completed,Sports,South,32,3
391,2024-01-15,2078.24,completed,Food,North,17,3
392,2024-01-15,922.9,completed,Sports,South,35,4
393,2024-01-15,569.28,refunded,Electronics,East,20,1
394,2024-01-15,2067.56,completed,Food,South,4,5
395,2024-01-15,2235.45,completed,Food,Central,41,3
396,2024-01-15,695.13,completed,Food,West,44,2
397,2024-01-15,2417.5,completed,Clothing,West,29,4
398,2024-01-15,2517.17,pending,Clothing,North,5,4
399,2024-01-15,4905.24,pending,Home,Central,24,5
400,2024-01-15,3569.39,completed,Sports,West,26,3
401,2024-01-15,70.72,failed,Food,Central,38,4
402,2024-01-15,2389.57,completed,Sports,East,41,5
403,2024-01-15,117.73,completed,Electronics,West,47,5
404,2024-01-15,2560.95,completed,Books,East,23,4
405,2024-01-15,1696.31,failed,Sports,Central,37,2
406,2024-01-15,4518.5,completed,Electronics,West,49,1
407,2024-01-15,2471.51,completed,Sports,South,16,1
408,2024-01-15,4251.02,completed,Sports,West,35,2
409,2024-01-15,2923.52,failed,Books,North,47,3
410,2024-01-15,1988.6,pending,Sports,West,17,4
411,2024-01-15,1156.24,failed,Home,East,7,1
412,2024-01-16,923.95,completed,Food,South,4,4
413,2024-01-16,3974.79,completed,Clothing,Central,13,5
414,2024-01-16,4416.1,completed,Food,Central,41,1
415,2024-01-16,1627.18,completed,Home,North,26,5
416,2024-01-16,2478.12,pending,Food,West,43,4
417,2024-01-16,1444.63,completed,Home,North,33,1
418,2024-01-16,2281.92,completed,Sports,East,31,1
419,2024-01-16,4348.76,completed,Electronics,Central,3,4
420,2024-01-16,698.49,completed,Sports,East,17,5
421,2024-01-16,1464.52,completed,Home,North,24,4
422,2024-01-16,3479.41,pending,Books,South,28,5
423,2024-01-16,1560.02,pending,Clothing,North,36,2
424,2024-01-16,414.97,completed,Sports,West,1,5
425,2024-01-16,1878.28,completed,Electronics,Central,33,5
426,2024-01-16,3385.2,completed,Home,South,21,5
427,2024-01-16,4920.18,completed,Electronics,South,46,1
428,2024-01-16,4461.79,completed,Electronics,East,49,5
429,2024-01-16,2813.77,completed,Books,West,6,3
430,2024-01-16,3888.89,pending,Electronics,Central,11,2
431,2024-01-16,2861.23,pending,Sports,Central,41,4
432,2024-01-16,2474.55,completed,Food,East,34,3
433,2024-01-16,861.46,completed,Sports,West,3,2
434,2024-01-16,1467.93,completed,Sports,North,6,1
435,2024-01-16,2266.01,refunded,Sports,North,12,5
436,2024-01-16,4928.16,pending,Electronics,Central,36,3
437,2024-01-16,3046.73,pending,Home,South,13,4
438,2024-01-16,4724.94,completed,Home,East,22,1
439,2024-01-16,1300.83,pending,Books,South,42,2
440,2024-01-17,354.17,completed,Electronics,North,17,4
441,2024-01-17,4892.09,completed,Sports,Central,27,2
442,2024-01-17,1654.83,completed,Sports,East,25,1
443,2024-01-17,2681.18,completed,Electronics,North,28,2
444,2024-01-17,365.0,completed,Sports,South,41,5
445,2024-01-17,4303.35,completed,Sports,East,46,5
446,2024-01-17,13.39,completed,Electronics,East,42,5
447,2024-01-17,4531.0,completed,Books,West,28,2
448,2024-01-17,835.2,completed,Home,East,18,5
449,2024-01-17,925.56,completed,Home,West,44,5
450,2024-01-17,4130.74,completed,Home,Central,32,1
451,2024-01-17,1937.29,completed,Home,Central,35,2
452,2024-01-17,1287.53,completed,Electronics,South,16,5
453,2024-01-17,2986.24,failed,Electronics,West,47,1
454,2024-01-17,1279.51,completed,Clothing,West,23,2
455,2024-01-17,1439.87,completed,Home,West,13,5
456,2024-01-17,237.3,completed,Home,West,33,1
457,2024-01-17,2701.66,completed,Electronics,North,13,4
458,2024-01-17,655.8,completed,Home,Central,13,4
459,2024-01-17,4187.24,failed,Clothing,West,17,2
460,2024-01-17,3757.59,failed,Food,South,16,1
461,2024-01-17,1434.44,completed,Books,East,6,1
462,2024-01-17,2673.56,completed,Electronics,South,9,5
463,2024-01-17,2891.11,completed,Food,West,42,2
464,2024-01-17,3335.59,pending,Clothing,Central,30,5
465,2024-01-17,2100.41,failed,Food,East,11,3
466,2024-01-17,3266.14,completed,Food,Central,42,3
467,2024-01-18,855.25,failed,Food,West,1,4
468,2024-01-18,2360.38,completed,Books,West,45,3
469,2024-01-18,479.09,completed,Electronics,North,37,5
470,2024-01-18,4705.94,completed,Sports,South,47,5
471,2024-01-18,2013.03,completed,Electronics,East,24,4
472,2024-01-18,3091.03,completed,Books,Central,39,4
473,2024-01-18,2454.18,completed,Clothing,Central,15,4
474,2024-01-18,143.82,pending,Home,East,24,1
475,2024-01-18,322.94,completed,Clothing,Central,47,2
476,2024-01-18,1330.14,completed,Electronics,South,40,3
477,2024-01-18,3377.93,completed,Electronics,North,25,1
478,2024-01-18,3210.76,completed,Food,Central,13,3
479,2024-01-18,947.85,failed,Home,West,24,4
480,2024-01-18,2448.18,pending,Clothing,East,26,5
481,2024-01-18,1841.64,completed,Food,South,32,4
482,2024-01-18,2847.04,completed,Sports,North,46,5
483,2024-01-18,1680.08,completed,Clothing,North,5,4
484,2024-01-18,4482.03,completed,Sports,West,29,3
485,2024-01-18,2367.37,completed,Food,West,18,4
486,2024-01-18,2138.62,completed,Home,Central,30,1
487,2024-01-18,3519.6,completed,Sports,North,12,5
488,2024-01-18,3905.63,pending,Clothing,Central,31,4
489,2024-01-18,2193.39,completed,Food,East,4,4
490,2024-01-18,553.71,failed,Home,North,40,3
491,2024-01-18,434.59,failed,Food,Central,18,4
492,2024-01-18,1641.1,pending,Books,South,5,3
493,2024-01-18,3665.59,pending,Home,South,29,5
494,2024-01-18,3271.66,completed,Electronics,West,19,5
495,2024-01-19,1445.8,completed,Home,East,46,1
496,2024-01-19,31.92,pending,Sports,West,46,5
497,2024-01-19,3216.94,completed,Books,East,32,4
498,2024-01-19,2826.36,completed,Clothing,Central,48,3
499,2024-01-19,3864.72,failed,Electronics,South,6,3
500,2024-01-19,3433.97,pending,Sports,East,28,5
501,2024-01-19,1242.03,completed,Food,North,39,3
502,2024-01-19,3667.17,pending,Books,South,15,2
503,2024-01-19,2437.04,pending,Electronics,Central,23,4
504,2024-01-19,2878.14,failed,Books,East,42,1
505,2024-01-19,1791.4,completed,Electronics,West,44,2
506,2024-01-19,3955.04,completed,Books,South,44,4
507,2024-01-19,988.48,pending,Home,North,36,3
508,2024-01-19,1030.65,completed,Home,West,15,3
509,2024-01-19,1194.76,completed,Home,South,7,1
510,2024-01-19,3949.87,pending,Books,East,36,4
511,2024-01-19,3643.24,completed,Sports,West,3,2
512,2024-01-19,1355.24,failed,Electronics,East,47,1
513,2024-01-19,727.98,failed,Sports,North,11,2
514,2024-01-19,150.67,completed,Home,West,22,3
515,2024-01-19,3422.28,completed,Electronics,East,49,1
516,2024-01-19,2698.98,completed,Clothing,South,4,4
517,2024-01-19,3514.55,completed,Home,West,29,4
518,2024-01-19,3544.19,completed,Food,Central,41,3
519,2024-01-19,4225.43,completed,Sports,South,8,3
520,2024-01-19,2085.67,completed,Sports,North,34,2
521,2024-01-19,4138.1,pending,Home,Central,37,3
522,2024-01-20,2184.48,completed,Electronics,South,38,3
523,2024-01-20,3542.03,completed,Food,South,11,3
524,2024-01-20,2760.2,completed,Clothing,North,33,3
525,2024-01-20,4607.91,completed,Sports,North,28,2
526,2024-01-20,1856.94,completed,Home,East,21,3
527,2024-01-20,3452.24,failed,Home,West,24,2
528,2024-01-20,2994.49,completed,Electronics,Central,48,3
529,2024-01-20,4993.43,failed,Sports,East,2,4
530,2024-01-20,395.54,completed,Books,Central,31,3
531,2024-01-20,2994.56,completed,Sports,Central,28,2
532,2024-01-20,1169.89,pending,Clothing,East,26,2
533,2024-01-20,4422.09,completed,Electronics,East,44,5
534,2024-01-20,3974.55,completed,Food,East,28,1
535,2024-01-20,3312.58,completed,Food,West,41,5
536,2024-01-20,2406.94,failed,Sports,North,38,1
537,2024-01-20,3409.65,completed,Clothing,Central,40,4
538,2024-01-20,2776.14,completed,Home,East,30,3
539,2024-01-20,1443.62,failed,Electronics,North,1,4
540,2024-01-20,4098.92,completed,Books,South,4,5
541,2024-01-20,2567.75,pending,Books,East,26,5
542,2024-01-20,1293.02,completed,Food,North,14,4
543,2024-01-20,3325.11,completed,Electronics,West,13,3
544,2024-01-20,103.02,completed,Electronics,Central,26,3
545,2024-01-20,3603.25,completed,Clothing,East,24,4
546,2024-01-20,2356.97,completed,Food,West,9,4
547,2024-01-20,3175.23,failed,Clothing,North,23,3
548,2024-01-20,794.52,completed,Sports,Central,42,5
549,2024-01-21,3594.08,completed,Home,East,8,2
550,2024-01-21,3619.15,completed,Sports,East,39,5
551,2024-01-21,3710.54,completed,Sports,South,39,4
552,2024-01-21,2341.33,completed,Food,East,38,5
553,2024-01-21,3206.13,completed,Home,North,8,2
554,2024-01-21,2750.78,completed,Clothing,East,23,1
555,2024-01-21,1173.07,completed,Books,South,46,2
556,2024-01-21,124.88,completed,Books,Central,15,4
557,2024-01-21,2073.75,pending,Food,North,25,5
558,2024-01-21,4076.44,completed,Sports,South,42,4
559,2024-01-21,1617.96,completed,Food,West,29,2
560,2024-01-21,3747.52,completed,Books,North,18,1
561,2024-01-21,3201.93,completed,Food,West,6,3
562,2024-01-21,1772.79,pending,Books,West,28,2
563,2024-01-21,12.87,completed,Food,East,25,2
564,2024-01-21,2160.72,pending,Sports,East,15,1
565,2024-01-21,1970.32,completed,Books,West,16,3
566,2024-01-21,702.33,pending,Electronics,East,49,2
567,2024-01-21,4095.45,completed,Food,Central,31,1
568,2024-01-21,4777.86,completed,Books,Central,35,3
569,2024-01-21,615.0,completed,Electronics,South,4,1
570,2024-01-21,1162.4,completed,Electronics,Central,48,1
571,2024-01-21,3166.16,completed,Books,East,16,4
572,2024-01-21,4754.8,completed,Electronics,South,48,3
573,2024-01-21,4670.66,completed,Books,Central,47,1
574,2024-01-21,4657.41,completed,Electronics,West,11,1
575,2024-01-21,2206.32,pending,Home,West,17,1
576,2024-01-21,4929.65,completed,Books,East,36,5
577,2024-01-22,1829.67,completed,Books,North,25,3
578,2024-01-22,442.63,completed,Home,East,23,1
579,2024-01-22,3525.15,pending,Books,West,20,2
580,2024-01-22,2785.36,completed,Electronics,Central,31,3
581,2024-01-22,3999.24,completed,Home,North,33,1
582,2024-01-22,3109.33,pending,Food,South,23,2
583,2024-01-22,4105.03,completed,Sports,West,29,3
584,2024-01-22,1726.02,refunded,Home,North,3,3
585,2024-01-22,1446.81,completed,Food,Central,19,5
586,2024-01-22,3788.66,completed,Home,West,34,2
587,2024-01-22,2493.62,pending,Home,West,37,1
588,2024-01-22,905.18,completed,Food,South,24,5
589,2024-01-22,1881.35,pending,Electronics,West,34,5
590,2024-01-22,4005.28,completed,Sports,South,7,4
591,2024-01-22,4620.37,completed,Sports,North,31,5
592,2024-01-22,3804.01,completed,Electronics,North,33,1
593,2024-01-22,3593.45,completed,Home,North,28,3
594,2024-01-22,4060.12,completed,Sports,Central,8,5
595,2024-01-22,1010.65,completed,Clothing,North,45,1
596,2024-01-22,2902.11,pending,Sports,Central,43,3
597,2024-01-22,2974.99,completed,Sports,East,47,1
598,2024-01-22,4730.21,completed,Books,West,2,1
599,2024-01-22,86.37,pending,Books,West,4,4
600,2024-01-22,4852.91,completed,Electronics,East,21,3
601,2024-01-22,3633.11,pending,Home,Central,48,3
602,2024-01-22,121.97,completed,Clothing,North,17,1
603,2024-01-22,2598.87,pending,Clothing,East,16,2
604,2024-01-23,358.22,pending,Clothing,Central,44,3
605,2024-01-23,3020.94,completed,Clothing,West,2,3
606,2024-01-23,2263.52,completed,Electronics,North,37,2
607,2024-01-23,3864.41,completed,Sports,South,28,5
608,2024-01-23,2901.35,completed,Home,West,13,1
609,2024-01-23,3934.04,completed,Electronics,West,33,3
610,2024-01-23,1850.24,completed,Clothing,East,17,4
611,2024-01-23,4285.87,pending,Food,North,41,3
612,2024-01-23,4332.87,completed,Clothing,South,32,2
613,2024-01-23,3280.64,pending,Clothing,East,1,3
614,2024-01-23,1325.95,completed,Sports,East,48,4
615,2024-01-23,4957.24,completed,Home,East,38,3
616,2024-01-23,4090.49,completed,Clothing,East,20,5
617,2024-01-23,4259.74,completed,Books,East,31,4
618,2024-01-23,67.64,completed,Food,West,41,2
619,2024-01-23,4132.46,completed,Food,West,24,4
620,2024-01-23,1096.63,completed,Electronics,West,36,2
621,2024-01-23,2546.2,failed,Sports,South,41,2
622,2024-01-23,3524.38,completed,Home,North,35,1
623,2024-01-23,2057.36,failed,Sports,Central,24,4
624,2024-01-23,1225.68,completed,Home,Central,12,3
625,2024-01-23,2505.91,failed,Sports,South,11,5
626,2024-01-23,1505.83,completed,Food,West,2,5
627,2024-01-23,3080.45,completed,Sports,South,23,2
628,2024-01-23,557.44,completed,Clothing,West,24,1
629,2024-01-23,2047.5,completed,Food,North,18,4
630,2024-01-23,2962.1,completed,Sports,South,30,1
631,2024-01-23,4952.7,pending,Clothing,East,16,4
632,2024-01-24,2482.33,pending,Sports,West,24,4
633,2024-01-24,2135.17,completed,Clothing,South,38,4
634,2024-01-24,4946.17,pending,Electronics,West,19,4
635,2024-01-24,4627.67,completed,Sports,East,4,2
636,2024-01-24,3368.1,completed,Food,South,15,1
637,2024-01-24,2728.42,completed,Home,Central,21,4
638,2024-01-24,1361.77,completed,Clothing,North,43,1
639,2024-01-24,3123.03,completed,Sports,West,4,3
640,2024-01-24,4171.53,completed,Clothing,East,9,1
641,2024-01-24,4908.12,completed,Food,West,14,2
642,2024-01-24,863.14,failed,Food,West,1,1
643,2024-01-24,1377.54,failed,Home,Central,45,2
644,2024-01-24,4423.29,refunded,Food,South,6,3
645,2024-01-24,4306.22,completed,Food,East,32,1
646,2024-01-24,3586.13,completed,Food,Central,22,1
647,2024-01-24,527.62,completed,Home,East,42,4
648,2024-01-24,3534.21,completed,Food,Central,28,2
649,2024-01-24,2350.6,completed,Books,Central,44,3
650,2024-01-24,1862.54,pending,Electronics,West,35,5
651,2024-01-24,1260.93,refunded,Books,Central,41,1
652,2024-01-24,1596.72,completed,Electronics,North,28,1
653,2024-01-24,2683.61,failed,Electronics,West,4,2
654,2024-01-24,818.13,completed,Clothing,East,32,4
655,2024-01-24,2551.43,completed,Clothing,East,19,5
656,2024-01-24,250.53,completed,Books,Central,6,2
657,2024-01-24,2059.08,completed,Clothing,South,22,2
658,2024-01-24,4800.53,completed,Clothing,South,22,3
659,2024-01-25,3697.49,completed,Home,North,49,3
660,2024-01-25,352.32,completed,Books,North,35,5
661,2024-01-25,3442.3,completed,Electronics,North,39,2
662,2024-01-25,988.6,completed,Sports,East,16,3
663,2024-01-25,2376.08,completed,Sports,South,22,5
664,2024-01-25,1477.9,completed,Home,South,13,1
665,2024-01-25,4671.46,refunded,Books,Central,26,4
666,2024-01-25,281.66,failed,Home,West,14,4
667,2024-01-25,4405.98,refunded,Home,North,16,2
668,2024-01-25,3509.88,completed,Food,Central,19,3
669,2024-01-25,1820.32,completed,Electronics,West,47,5
670,2024-01-25,4399.42,pending,Home,East,1,4
671,2024-01-25,2037.45,failed,Books,South,43,4
672,2024-01-25,3494.87,completed,Home,West,45,1
673,2024-01-25,3941.45,refunded,Electronics,East,13,2
674,2024-01-25,1439.09,completed,Clothing,West,11,2
675,2024-01-25,370.56,pending,Electronics,East,13,4
676,2024-01-25,4341.95,completed,Food,West,42,5
677,2024-01-25,1164.12,completed,Sports,West,8,3
678,2024-01-25,4659.72,completed,Clothing,North,3,3
679,2024-01-25,1582.05,completed,Food,North,8,5
680,2024-01-25,2080.33,completed,Home,West,14,3
681,2024-01-25,2157.25,completed,Clothing,South,34,4
682,2024-01-25,2344.77,completed,Books,West,27,4
683,2024-01-25,4814.18,completed,Food,South,24,5
684,2024-01-25,1232.98,completed,Clothing,North,8,3
685,2024-01-25,3045.29,completed,Home,East,38,2
686,2024-01-26,1477.71,completed,Sports,Central,49,4
687,2024-01-26,663.34,completed,Food,Central,19,1
688,2024-01-26,1450.97,completed,Home,East,28,2
689,2024-01-26,2766.5,failed,Food,West,15,1
690,2024-01-26,3038.88,failed,Books,West,40,5
691,2024-01-26,1325.97,completed,Clothing,East,29,5
692,2024-01-26,4936.7,completed,Food,West,14,1
693,2024-01-26,1820.09,pending,Home,Central,16,2
694,2024-01-26,4161.87,completed,Clothing,West,10,3
695,2024-01-26,184.82,completed,Food,East,47,5
696,2024-01-26,3479.14,refunded,Sports,North,42,5
697,2024-01-26,1524.28,failed,Clothing,West,22,3
698,2024-01-26,2689.08,failed,Sports,West,11,4
699,2024-01-26,4184.65,completed,Food,East,10,2
700,2024-01-26,3626.97,completed,Books,South,19,3
701,2024-01-26,1804.57,pending,Home,East,5,5
702,2024-01-26,3665.07,completed,Sports,South,37,5
703,2024-01-26,2075.85,pending,Home,North,5,3
704,2024-01-26,326.8,completed,Clothing,North,12,1
705,2024-01-26,3331.27,failed,Home,South,20,2
706,2024-01-26,4684.71,completed,Books,East,33,3
707,2024-01-26,427.42,completed,Sports,North,21,2
708,2024-01-26,3441.25,failed,Clothing,West,47,5
709,2024-01-26,4200.27,pending,Sports,North,19,3
710,2024-01-26,2987.2,completed,Home,South,27,4
711,2024-01-26,2432.16,refunded,Food,Central,24,4
712,2024-01-26,1193.69,completed,Food,North,14,2
713,2024-01-26,977.32,completed,Books,South,30,5
714,2024-01-27,1987.52,completed,Clothing,Central,47,5
715,2024-01-27,3210.03,pending,Books,North,10,2
716,2024-01-27,1580.21,completed,Clothing,South,45,4
717,2024-01-27,2447.15,completed,Sports,East,41,3
718,2024-01-27,3003.95,failed,Home,South,31,5
719,2024-01-27,1057.8,completed,Sports,East,36,4
720,2024-01-27,3709.56,pending,Home,Central,37,3
721,2024-01-27,3146.96,pending,Food,East,17,5
722,2024-01-27,2963.25,completed,Sports,East,37,1
723,2024-01-27,2395.78,pending,Books,South,22,5
724,2024-01-27,1830.38,pending,Food,South,22,5
725,2024-01-27,2748.58,completed,Books,East,46,4
726,2024-01-27,3831.0,completed,Books,North,13,5
727,2024-01-27,3532.99,completed,Electronics,North,4,2
728,2024-01-27,3691.18,completed,Sports,West,4,3
729,2024-01-27,1054.99,completed,Books,East,20,1
730,2024-01-27,3900.63,completed,Electronics,West,3,1
731,2024-01-27,1683.71,completed,Clothing,Central,46,3
732,2024-01-27,1173.08,completed,Electronics,South,3,5
733,2024-01-27,616.54,completed,Sports,South,39,3
734,2024-01-27,4153.33,completed,Food,West,12,4
735,2024-01-27,3119.75,failed,Food,West,36,5
736,2024-01-27,4208.12,pending,Food,North,6,1
737,2024-01-27,2811.46,pending,Sports,East,47,1
738,2024-01-27,4302.8,completed,Food,South,3,3
739,2024-01-27,2787.29,failed,Home,East,18,1
740,2024-01-27,3232.76,failed,Clothing,Central,29,5
741,2024-01-28,291.24,failed,Home,North,31,2
742,2024-01-28,3351.6,completed,Books,Central,17,3
743,2024-01-28,2992.58,completed,Books,South,3,1
744,2024-01-28,1217.96,completed,Sports,West,49,4
745,2024-01-28,572.54,completed,Home,North,43,5
746,2024-01-28,1742.45,completed,Home,West,33,4
747,2024-01-28,310.31,completed,Home,Central,17,3
748,2024-01-28,3008.14,failed,Food,West,47,3
749,2024-01-28,2734.26,completed,Sports,Central,9,3
750,2024-01-28,4589.9,completed,Clothing,North,4,4
751,2024-01-28,2592.63,completed,Food,Central,39,1
752,2024-01-28,3651.36,completed,Electronics,East,13,1
753,2024-01-28,3323.29,completed,Food,South,37,3
754,2024-01-28,3501.32,pending,Books,West,39,2
755,2024-01-28,1575.12,completed,Home,East,7,5
756,2024-01-28,2082.6,completed,Electronics,West,31,5
757,2024-01-28,607.65,completed,Books,West,23,5
758,2024-01-28,3255.86,completed,Home,West,18,2
759,2024-01-28,1519.16,completed,Sports,Central,23,2
760,2024-01-28,2748.47,completed,Food,South,42,3
761,2024-01-28,4608.4,refunded,Food,South,7,4
762,2024-01-28,3417.74,completed,Books,East,25,1
763,2024-01-28,1345.65,completed,Sports,South,36,4
764,2024-01-28,2578.09,completed,Food,Central,45,5
765,2024-01-28,3014.86,pending,Books,Central,28,5
766,2024-01-28,4252.27,completed,Electronics,East,27,2
767,2024-01-28,3970.87,pending,Clothing,West,9,3
768,2024-01-28,1583.03,failed,Sports,East,29,3
769,2024-01-29,4599.01,completed,Food,Central,48,2
770,2024-01-29,745.47,pending,Food,North,16,2
771,2024-01-29,1387.68,completed,Home,Central,25,2
772,2024-01-29,178.98,pending,Food,East,4,2
773,2024-01-29,1563.21,completed,Food,Central,14,2
774,2024-01-29,2076.1,completed,Sports,West,1,1
775,2024-01-29,1214.13,completed,Home,West,44,3
776,2024-01-29,72.93,completed,Food,South,15,5
777,2024-01-29,62.47,completed,Clothing,West,46,2
778,2024-01-29,4620.59,completed,Books,West,42,2
779,2024-01-29,3676.68,completed,Electronics,West,9,2
780,2024-01-29,3494.99,completed,Sports,Central,17,2
781,2024-01-29,3930.81,completed,Food,North,22,1
782,2024-01-29,3474.01,completed,Home,South,41,1
783,2024-01-29,316.67,pending,Clothing,East,48,2
784,2024-01-29,4629.4,completed,Sports,West,49,4
785,2024-01-29,2149.77,completed,Electronics,East,23,2
786,2024-01-29,2272.6,refunded,Electronics,South,22,1
787,2024-01-29,4433.98,completed,Food,North,7,3
788,2024-01-29,1030.47,completed,Books,South,22,4
789,2024-01-29,1570.97,failed,Clothing,West,10,4
790,2024-01-29,4276.51,pending,Books,East,42,3
791,2024-01-29,2603.11,completed,Books,North,18,2
792,2024-01-29,2106.55,completed,Electronics,South,28,4
793,2024-01-29,4773.27,completed,Home,South,12,5
794,2024-01-29,4444.7,pending,Sports,West,41,1
795,2024-01-29,4438.07,completed,Clothing,Central,37,4
796,2024-01-30,1068.89,pending,Food,West,35,4
797,2024-01-30,4221.05,completed,Clothing,Central,42,2
798,2024-01-30,3286.9,completed,Books,East,19,1
799,2024-01-30,3460.72,completed,Sports,Central,47,3
800,2024-01-30,248.68,completed,Clothing,North,32,5
801,2024-01-30,2783.12,failed,Books,South,5,4
802,2024-01-30,1100.62,completed,Clothing,Central,2,4
803,2024-01-30,4636.31,completed,Food,North,38,3
804,2024-01-30,2812.55,completed,Food,Central,25,1
805,2024-01-30,3090.78,completed,Food,East,46,3
806,2024-01-30,1223.99,completed,Clothing,South,5,3
807,2024-01-30,2112.67,completed,Electronics,North,35,3
808,2024-01-30,2651.71,refunded,Home,Central,28,5
809,2024-01-30,4062.08,completed,Food,North,4,4
810,2024-01-30,3061.82,completed,Sports,Central,40,2
811,2024-01-30,574.05,completed,Home,Central,4,4
812,2024-01-30,2259.4,completed,Electronics,South,8,1
813,2024-01-30,1484.66,completed,Food,West,46,2
814,2024-01-30,2699.19,refunded,Food,East,20,3
815,2024-01-30,2354.48,completed,Books,East,41,2
816,2024-01-30,121.42,completed,Home,North,27,1
817,2024-01-30,1045.51,completed,Sports,East,24,2
818,2024-01-30,3303.79,completed,Books,East,10,4
819,2024-01-30,2726.2,pending,Clothing,East,7,1
820,2024-01-30,275.87,completed,Food,South,2,5
821,2024-01-30,2992.36,pending,Sports,East,2,5
822,2024-01-30,2521.25,completed,Books,North,1,3
823,2024-01-31,759.51,failed,Books,South,47,1
824,2024-01-31,19.78,completed,Clothing,East,13,5
825,2024-01-31,1683.73,pending,Food,West,44,5
826,2024-01-31,3900.67,completed,Food,North,16,1
827,2024-01-31,673.82,completed,Food,West,26,5
828,2024-01-31,4722.71,completed,Clothing,South,23,5
829,2024-01-31,2716.84,completed,Books,South,41,5
830,2024-01-31,3794.39,completed,Sports,Central,42,2
831,2024-01-31,4884.5,completed,Sports,West,6,4
832,2024-01-31,1320.63,completed,Clothing,West,21,5
833,2024-01-31,2918.46,completed,Food,East,44,4
834,2024-01-31,1709.88,completed,Food,Central,5,5
835,2024-01-31,431.88,completed,Home,East,41,1
836,2024-01-31,3969.57,completed,Home,South,16,2
837,2024-01-31,70.31,completed,Food,East,35,5
838,2024-01-31,4345.49,completed,Food,East,15,1
839,2024-01-31,3974.82,completed,Electronics,West,27,5
840,2024-01-31,3195.62,completed,Food,South,28,2
841,2024-01-31,2959.79,failed,Electronics,East,12,1
842,2024-01-31,4229.85,failed,Food,East,32,3
843,2024-01-31,287.97,completed,Food,South,5,3
844,2024-01-31,3684.59,completed,Clothing,West,1,5
845,2024-01-31,910.29,completed,Home,South,33,2
846,2024-01-31,111.57,completed,Sports,South,27,4
847,2024-01-31,1568.33,completed,Books,Central,29,2
848,2024-01-31,1642.57,completed,Sports,East,13,4
849,2024-01-31,971.16,failed,Food,East,3,4
850,2024-01-31,3557.08,completed,Clothing,East,38,4
851,2024-02-01,2798.97,completed,Home,North,15,4
852,2024-02-01,4601.1,completed,Food,North,17,2
853,2024-02-01,3810.84,completed,Sports,East,43,4
854,2024-02-01,4132.39,completed,Books,North,45,4
855,2024-02-01,4513.5,completed,Electronics,South,18,2
856,2024-02-01,4033.73,completed,Home,North,20,2
857,2024-02-01,599.5,failed,Electronics,West,48,1
858,2024-02-01,935.54,completed,Food,Central,18,4
859,2024-02-01,2015.04,pending,Sports,North,28,1
860,2024-02-01,1667.01,completed,Books,Central,7,4
861,2024-02-01,4428.27,completed,Sports,East,43,3
862,2024-02-01,2625.76,pending,Home,North,9,4
863,2024-02-01,4380.92,completed,Sports,South,16,1
864,2024-02-01,1941.94,pending,Clothing,South,34,1
865,2024-02-01,4533.48,completed,Electronics,South,43,4
866,2024-02-01,367.92,completed,Sports,South,29,3
867,2024-02-01,2233.28,completed,Clothing,Central,42,5
868,2024-02-01,4506.63,completed,Books,East,27,1
869,2024-02-01,2253.63,completed,Books,North,24,1
870,2024-02-01,3666.13,pending,Electronics,South,7,2
871,2024-02-01,1810.77,failed,Food,South,18,1
872,2024-02-01,4147.76,pending,Home,Central,6,4
873,2024-02-01,3160.75,pending,Clothing,Central,13,3
874,2024-02-01,4061.17,pending,Sports,North,22,3
875,2024-02-01,2687.07,completed,Sports,West,47,5
876,2024-02-01,3191.7,pending,Food,East,47,1
877,2024-02-01,2647.99,completed,Sports,South,29,4
878,2024-02-02,2840.89,refunded,Books,South,21,5
879,2024-02-02,3448.94,completed,Books,West,18,1
880,2024-02-02,613.03,completed,Food,East,45,1
881,2024-02-02,3845.2,completed,Home,North,19,1
882,2024-02-02,1782.49,pending,Clothing,South,48,3
883,2024-02-02,72.77,completed,Books,North,23,3
884,2024-02-02,3221.94,completed,Home,North,6,3
885,2024-02-02,3072.06,completed,Sports,North,20,4
886,2024-02-02,3631.85,pending,Books,Central,46,2
887,2024-02-02,4991.61,completed,Electronics,South,20,5
888,2024-02-02,2312.63,completed,Food,East,36,1
889,2024-02-02,4866.88,pending,Food,Central,49,1
890,2024-02-02,2893.13,completed,Home,West,5,2
891,2024-02-02,1795.81,completed,Home,Central,44,1
892,2024-02-02,3392.17,completed,Food,East,36,1
893,2024-02-02,990.31,completed,Food,North,33,1
894,2024-02-02,4831.8,completed,Clothing,North,25,1
895,2024-02-02,2210.88,refunded,Food,Central,34,3
896,2024-02-02,63.05,refunded,Electronics,Central,7,1
897,2024-02-02,3280.07,completed,Electronics,West,46,3
898,2024-02-02,610.45,completed,Home,South,12,5
899,2024-02-02,453.69,completed,Books,North,8,3
900,2024-02-02,127.54,completed,Food,West,35,1
901,2024-02-02,4416.01,completed,Food,South,4,3
902,2024-02-02,178.05,completed,Food,Central,16,2
903,2024-02-02,2690.64,refunded,Home,West,12,5
904,2024-02-02,2452.29,completed,Books,East,47,3
905,2024-02-02,4556.08,completed,Books,Central,13,2
906,2024-02-03,4556.6,completed,Books,East,41,1
907,2024-02-03,4605.2,completed,Books,West,29,3
908,2024-02-03,2006.01,completed,Food,South,28,3
909,2024-02-03,2372.77,completed,Sports,Central,34,1
910,2024-02-03,4130.09,completed,Home,North,31,3
911,2024-02-03,609.59,completed,Food,South,13,4
912,2024-02-03,580.95,refunded,Clothing,North,46,5
913,2024-02-03,4609.42,completed,Sports,Central,2,4
914,2024-02-03,156.88,completed,Electronics,West,16,1
915,2024-02-03,1920.54,pending,Food,South,15,2
916,2024-02-03,982.78,completed,Home,Central,40,1
917,2024-02-03,429.09,completed,Sports,West,24,3
918,2024-02-03,4869.6,refunded,Clothing,West,22,1
919,2024-02-03,838.1,pending,Food,East,1,1
920,2024-02-03,2165.55,completed,Home,South,43,3
921,2024-02-03,1288.3,completed,Books,Central,20,4
922,2024-02-03,2460.94,completed,Home,North,4,1
923,2024-02-03,3836.8,failed,Sports,South,14,1
924,2024-02-03,3301.99,completed,Sports,South,36,4
925,2024-02-03,2863.03,completed,Books,West,2,3
926,2024-02-03,2558.3,completed,Electronics,Central,40,4
927,2024-02-03,667.94,completed,Clothing,Central,23,1
928,2024-02-03,2018.49,completed,Electronics,South,31,3
929,2024-02-03,4527.28,completed,Food,East,37,3
930,2024-02-03,4104.41,completed,Clothing,East,15,2
931,2024-02-03,333.05,completed,Books,Central,26,4
932,2024-02-03,4203.81,completed,Food,Central,8,3
933,2024-02-04,4141.91,completed,Home,South,25,5
934,2024-02-04,4011.78,completed,Sports,Central,37,2
935,2024-02-04,4075.92,failed,Clothing,Central,8,4
936,2024-02-04,4915.34,pending,Food,South,7,5
937,2024-02-04,285.48,completed,Food,West,6,5
938,2024-02-04,1925.19,failed,Electronics,Central,42,2
939,2024-02-04,4842.5,completed,Sports,South,44,2
940,2024-02-04,2767.82,completed,Electronics,South,25,5
941,2024-02-04,3414.66,completed,Sports,Central,28,4
942,2024-02-04,1815.66,completed,Food,Central,19,5
943,2024-02-04,1067.38,completed,Food,Central,26,2
944,2024-02-04,4892.35,completed,Electronics,South,12,2
945,2024-02-04,1814.64,completed,Books,South,24,4
946,2024-02-04,2808.73,pending,Sports,North,1,5
947,2024-02-04,1226.64,completed,Food,West,26,5
948,2024-02-04,4835.09,completed,Clothing,Central,45,5
949,2024-02-04,1299.48,completed,Home,Central,35,5
950,2024-02-04,4570.59,completed,Food,East,30,4
951,2024-02-04,1466.13,completed,Books,North,12,1
952,2024-02-04,4735.16,completed,Sports,Central,35,5
953,2024-02-04,1842.99,completed,Books,Central,46,2
954,2024-02-04,4361.58,completed,Books,South,48,3
955,2024-02-04,3003.13,completed,Sports,West,47,4
956,2024-02-04,577.98,completed,Home,South,11,4
957,2024-02-04,1485.15,pending,Sports,Central,11,4
958,2024-02-04,3806.83,pending,Home,East,4,3
959,2024-02-04,3341.01,completed,Clothing,Central,45,2
960,2024-02-05,1786.93,completed,Clothing,West,24,5
961,2024-02-05,984.77,refunded,Electronics,West,29,4
962,2024-02-05,4145.88,completed,Electronics,North,21,3
963,2024-02-05,3115.7,failed,Food,East,33,2
964,2024-02-05,3413.0,pending,Home,West,4,2
965,2024-02-05,2400.54,completed,Electronics,East,17,4
966,2024-02-05,1758.2,completed,Books,South,24,4
967,2024-02-05,1917.43,failed,Sports,East,8,4
968,2024-02-05,165.25,completed,Home,South,27,4
969,2024-02-05,4719.38,completed,Sports,Central,35,3
970,2024-02-05,1839.07,completed,Electronics,North,6,5
971,2024-02-05,2420.02,completed,Electronics,South,41,4
972,2024-02-05,1792.21,completed,Home,North,35,1
973,2024-02-05,1782.38,completed,Electronics,South,4,1
974,2024-02-05,3431.22,pending,Home,South,17,4
975,2024-02-05,3355.08,completed,Home,Central,37,5
976,2024-02-05,4053.02,pending,Clothing,West,28,3
977,2024-02-05,368.24,refunded,Sports,North,2,5
978,2024-02-05,4371.55,completed,Electronics,East,32,4
979,2024-02-05,4783.84,refunded,Electronics,North,15,5
980,2024-02-05,4945.64,completed,Food,North,18,3
981,2024-02-05,652.67,completed,Clothing,East,3,4
982,2024-02-05,2438.62,completed,Food,East,37,2
983,2024-02-05,4695.82,completed,Clothing,North,14,5
984,2024-02-05,3797.09,failed,Clothing,Central,33,1
985,2024-02-05,310.4,completed,Food,Central,22,1
986,2024-02-05,4352.82,completed,Electronics,Central,3,2
987,2024-02-05,4194.34,pending,Sports,Central,6,2
988,2024-02-06,3903.04,refunded,Home,East,7,4
989,2024-02-06,2065.07,failed,Food,South,2,4
990,2024-02-06,3165.15,completed,Clothing,East,3,1
991,2024-02-06,3582.46,completed,Home,North,2,2
992,2024-02-06,1989.28,completed,Home,South,43,5
993,2024-02-06,3922.16,completed,Food,South,46,4
994,2024-02-06,1373.71,failed,Clothing,East,18,2
995,2024-02-06,926.33,completed,Sports,Central,5,2
996,2024-02-06,4295.91,failed,Home,West,27,1
997,2024-02-06,1703.21,completed,Electronics,West,35,3
998,2024-02-06,293.29,completed,Clothing,East,26,5
999,2024-02-06,4165.16,completed,Home,North,21,3
1000,2024-02-06,3997.09,completed,Electronics,Central,24,1
1001,2024-02-06,4013.93,pending,Clothing,North,5,5
1002,2024-02-06,1711.01,completed,Sports,West,20,1
1003,2024-02-06,3020.21,pending,Sports,North,6,1
1004,2024-02-06,79.44,pending,Clothing,East,17,1
1005,2024-02-06,21.4,completed,Home,North,6,1
1006,2024-02-06,1303.74,completed,Clothing,Central,13,3
1007,2024-02-06,2631.29,completed,Clothing,East,10,5
1008,2024-02-06,3005.57,completed,Food,Central,12,2
1009,2024-02-06,675.67,completed,Books,East,8,4
1010,2024-02-06,4339.64,completed,Books,South,32,5
1011,2024-02-06,4798.17,failed,Clothing,South,14,4
1012,2024-02-06,604.87,pending,Books,West,35,3
1013,2024-02-06,4121.05,completed,Electronics,West,25,1
1014,2024-02-06,3075.05,completed,Electronics,Central,12,2
1015,2024-02-07,2516.97,completed,Clothing,North,10,5
1016,2024-02-07,2450.43,completed,Home,East,7,3
1017,2024-02-07,3751.68,completed,Sports,South,43,3
1018,2024-02-07,1052.49,completed,Electronics,Central,38,5
1019,2024-02-07,3048.7,refunded,Electronics,South,29,4
1020,2024-02-07,1314.15,completed,Home,North,4,5
1021,2024-02-07,434.96,completed,Books,South,28,1
1022,2024-02-07,2768.87,failed,Sports,Central,28,1
1023,2024-02-07,1350.35,completed,Clothing,East,48,5
1024,2024-02-07,3715.84,completed,Clothing,West,24,5
1025,2024-02-07,3255.56,completed,Electronics,East,6,2
1026,2024-02-07,1129.37,completed,Books,North,35,2
1027,2024-02-07,4309.2,completed,Books,Central,23,2
1028,2024-02-07,1741.52,pending,Books,North,40,2
1029,2024-02-07,3548.18,completed,Home,South,49,1
1030,2024-02-07,1343.94,completed,Sports,West,46,3
1031,2024-02-07,991.03,completed,Home,Central,29,4
1032,2024-02-07,4302.76,pending,Sports,South,14,4
1033,2024-02-07,4594.14,completed,Electronics,Central,28,3
1034,2024-02-07,1766.73,refunded,Books,North,2,3
1035,2024-02-07,1581.7,pending,Home,East,32,1
1036,2024-02-07,3515.8,completed,Sports,South,28,4
1037,2024-02-07,1144.55,completed,Electronics,Central,42,3
1038,2024-02-07,4322.39,completed,Clothing,North,19,1
1039,2024-02-07,52.49,completed,Electronics,East,37,3
1040,2024-02-07,719.2,completed,Sports,North,22,2
1041,2024-02-07,612.31,completed,Food,North,28,1
1042,2024-02-08,1595.94,completed,Food,East,42,5
1043,2024-02-08,4332.04,refunded,Home,South,17,5
1044,2024-02-08,3203.65,completed,Home,East,18,3
1045,2024-02-08,546.29,pending,Electronics,South,22,5
1046,2024-02-08,403.8,completed,Home,East,27,4
1047,2024-02-08,1449.28,completed,Home,South,3,3
1048,2024-02-08,3102.96,refunded,Electronics,West,7,1
1049,2024-02-08,2972.85,completed,Home,Central,27,5
1050,2024-02-08,579.97,completed,Sports,North,39,1
1051,2024-02-08,3806.39,completed,Clothing,East,4,5
1052,2024-02-08,3165.0,failed,Books,Central,25,1
1053,2024-02-08,4915.45,completed,Electronics,Central,41,5
1054,2024-02-08,2767.45,completed,Sports,Central,16,4
1055,2024-02-08,1643.35,completed,Food,North,48,4
1056,2024-02-08,605.56,completed,Clothing,Central,22,1
1057,2024-02-08,4596.31,completed,Sports,North,34,5
1058,2024-02-08,197.97,completed,Sports,South,12,4
1059,2024-02-08,1750.15,completed,Food,East,44,5
1060,2024-02-08,2658.39,completed,Electronics,Central,28,2
1061,2024-02-08,2853.26,completed,Sports,East,23,3
1062,2024-02-08,2915.79,pending,Home,West,12,1
1063,2024-02-08,3588.43,completed,Home,East,39,4
1064,2024-02-08,650.33,completed,Food,East,18,4
1065,2024-02-08,3599.54,pending,Books,North,47,1
1066,2024-02-08,4448.69,completed,Electronics,Central,5,3
1067,2024-02-08,161.93,completed,Clothing,North,49,4
1068,2024-02-08,188.68,refunded,Sports,South,15,5
1069,2024-02-08,4956.99,completed,Sports,Central,1,1
1070,2024-02-09,1566.59,completed,Food,East,19,4
1071,2024-02-09,2280.76,completed,Home,South,17,4
1072,2024-02-09,1557.21,completed,Clothing,South,39,2
1073,2024-02-09,2786.87,pending,Sports,North,48,1
1074,2024-02-09,3560.29,completed,Sports,South,32,1
1075,2024-02-09,3802.15,completed,Books,Central,31,1
1076,2024-02-09,1783.39,failed,Food,Central,6,4
1077,2024-02-09,1310.28,completed,Sports,West,12,4
1078,2024-02-09,2737.69,pending,Clothing,West,30,2
1079,2024-02-09,1927.43,completed,Sports,South,34,5
1080,2024-02-09,3114.34,failed,Books,West,22,1
1081,2024-02-09,3061.65,completed,Food,Central,41,1
1082,2024-02-09,4473.32,completed,Food,South,21,3
1083,2024-02-09,29.24,completed,Electronics,East,43,4
1084,2024-02-09,518.22,completed,Electronics,Central,6,4
1085,2024-02-09,3935.88,failed,Clothing,North,43,5
1086,2024-02-09,2921.96,completed,Clothing,East,29,2
1087,2024-02-09,321.91,completed,Sports,West,47,2
1088,2024-02-09,4713.36,completed,Food,South,9,4
1089,2024-02-09,3255.52,completed,Electronics,North,6,2
1090,2024-02-09,2435.12,completed,Books,North,14,1
1091,2024-02-09,3900.13,pending,Books,Central,29,4
1092,2024-02-09,2984.12,failed,Food,South,41,4
1093,2024-02-09,1872.75,pending,Books,Central,39,2
1094,2024-02-09,1490.21,completed,Home,West,3,1
1095,2024-02-09,2272.61,completed,Books,West,23,1
1096,2024-02-09,2381.48,completed,Food,South,39,4
1097,2024-02-10,3563.04,pending,Books,East,37,1
1098,2024-02-10,2370.28,completed,Home,South,20,3
1099,2024-02-10,101.53,pending,Books,South,20,1
1100,2024-02-10,3426.41,completed,Food,South,14,1
1101,2024-02-10,357.34,completed,Electronics,South,14,5
1102,2024-02-10,4233.19,completed,Sports,South,25,1
1103,2024-02-10,3544.3,completed,Sports,South,23,5
1104,2024-02-10,2993.22,pending,Books,East,14,5
1105,2024-02-10,2276.25,completed,Books,East,3,4
1106,2024-02-10,868.83,completed,Electronics,Central,42,5
1107,2024-02-10,3278.43,completed,Home,North,40,4
1108,2024-02-10,556.38,completed,Food,Central,3,2
1109,2024-02-10,3026.68,completed,Home,Central,30,3
1110,2024-02-10,924.86,completed,Sports,Central,33,4
1111,2024-02-10,2988.38,completed,Sports,Central,28,5
1112,2024-02-10,764.29,completed,Clothing,West,40,5
1113,2024-02-10,481.47,completed,Clothing,East,32,2
1114,2024-02-10,2359.64,completed,Clothing,Central,11,1
1115,2024-02-10,3551.67,failed,Clothing,Central,19,3
1116,2024-02-10,1199.89,completed,Sports,South,38,3
1117,2024-02-10,2493.55,completed,Electronics,South,49,5
1118,2024-02-10,3996.42,completed,Sports,North,23,3
1119,2024-02-10,2751.69,completed,Electronics,West,20,2
1120,2024-02-10,2989.68,completed,Books,Central,49,2
1121,2024-02-10,1108.59,failed,Clothing,Central,12,1
1122,2024-02-10,631.25,completed,Sports,Central,19,2
1123,2024-02-10,753.72,completed,Clothing,Central,41,2
1124,2024-02-10,4864.29,refunded,Home,South,16,5
1125,2024-02-11,442.23,pending,Home,Central,33,4
1126,2024-02-11,766.02,completed,Books,South,44,4
1127,2024-02-11,1036.41,pending,Electronics,East,49,1
1128,2024-02-11,3941.85,completed,Sports,South,33,4
1129,2024-02-11,1995.79,failed,Sports,South,6,1
1130,2024-02-11,3956.57,completed,Electronics,East,38,4
1131,2024-02-11,2100.45,completed,Books,West,45,3
1132,2024-02-11,3975.73,pending,Electronics,Central,21,3
1133,2024-02-11,4478.41,refunded,Clothing,East,37,2
1134,2024-02-11,2242.01,completed,Books,South,25,4
1135,2024-02-11,4931.97,completed,Food,West,49,1
1136,2024-02-11,4665.23,refunded,Books,East,49,4
1137,2024-02-11,86.64,completed,Food,South,30,2
1138,2024-02-11,2825.07,completed,Clothing,North,27,3
1139,2024-02-11,3289.04,completed,Electronics,East,36,4
1140,2024-02-11,4217.39,pending,Books,West,37,1
1141,2024-02-11,3370.07,completed,Books,East,9,1
1142,2024-02-11,3444.37,refunded,Electronics,West,48,1
1143,2024-02-11,1455.33,completed,Electronics,West,32,2
1144,2024-02-11,4104.51,completed,Sports,North,36,4
1145,2024-02-11,325.81,pending,Sports,Central,7,1
1146,2024-02-11,3290.4,completed,Food,South,36,4
1147,2024-02-11,1018.1,completed,Home,South,11,3
1148,2024-02-11,3830.22,failed,Books,South,6,3
1149,2024-02-11,3953.3,refunded,Books,West,41,5
1150,2024-02-11,882.18,pending,Home,West,11,1
1151,2024-02-11,3969.83,completed,Books,North,15,1
1152,2024-02-12,4189.1,pending,Books,North,39,4
1153,2024-02-12,274.63,completed,Electronics,West,20,1
1154,2024-02-12,2155.73,completed,Books,East,49,2
1155,2024-02-12,971.55,completed,Clothing,South,26,4
1156,2024-02-12,640.76,completed,Electronics,South,22,4
1157,2024-02-12,4019.74,completed,Books,West,33,4
1158,2024-02-12,1472.96,completed,Electronics,Central,38,4
1159,2024-02-12,3223.54,completed,Home,Central,29,2
1160,2024-02-12,28.37,pending,Home,Central,1,5
1161,2024-02-12,406.48,failed,Sports,North,10,2
1162,2024-02-12,3055.1,completed,Home,East,7,1
1163,2024-02-12,1857.66,failed,Sports,South,28,5
1164,2024-02-12,4399.73,pending,Sports,South,4,4
1165,2024-02-12,420.37,pending,Electronics,Central,43,3
1166,2024-02-12,3122.55,failed,Home,South,6,4
1167,2024-02-12,3517.38,completed,Clothing,West,30,4
1168,2024-02-12,3059.99,pending,Electronics,North,3,2
1169,2024-02-12,3406.74,completed,Home,West,43,1
1170,2024-02-12,1254.16,refunded,Sports,South,2,4
1171,2024-02-12,3838.21,completed,Books,North,34,4
1172,2024-02-12,2777.75,completed,Electronics,North,33,2
1173,2024-02-12,3942.34,completed,Clothing,South,26,2
1174,2024-02-12,617.61,completed,Books,West,22,4
1175,2024-02-12,643.87,completed,Sports,Central,46,1
1176,2024-02-12,1983.64,completed,Sports,Central,27,4
1177,2024-02-12,1955.41,completed,Clothing,Central,8,1
1178,2024-02-12,651.05,completed,Sports,North,17,5
1179,2024-02-13,415.21,failed,Electronics,West,29,1
1180,2024-02-13,413.07,pending,Clothing,Central,20,5
1181,2024-02-13,271.37,completed,Electronics,West,19,3
1182,2024-02-13,175.4,failed,Home,East,8,5
1183,2024-02-13,4040.71,completed,Food,Central,12,4
1184,2024-02-13,4675.57,failed,Books,North,32,4
1185,2024-02-13,2134.12,pending,Electronics,North,42,1
1186,2024-02-13,941.83,pending,Home,North,7,3
1187,2024-02-13,1648.56,completed,Food,West,12,2
1188,2024-02-13,4094.4,pending,Food,North,44,4
1189,2024-02-13,4646.96,pending,Food,North,18,2
1190,2024-02-13,1201.04,completed,Food,East,14,4
1191,2024-02-13,162.74,completed,Clothing,East,27,2
1192,2024-02-13,1550.01,failed,Home,South,13,5
1193,2024-02-13,1932.97,refunded,Electronics,Central,44,3
1194,2024-02-13,25.01,completed,Sports,East,10,2
1195,2024-02-13,3410.31,completed,Clothing,West,30,5
1196,2024-02-13,631.27,completed,Electronics,West,6,4
1197,2024-02-13,418.39,completed,Home,West,45,2
1198,2024-02-13,3598.49,pending,Food,East,13,1
1199,2024-02-13,3856.2,completed,Home,East,39,5
1200,2024-02-13,928.3,completed,Electronics,North,49,1
1201,2024-02-13,3844.77,completed,Electronics,West,28,1
1202,2024-02-13,1494.47,completed,Home,Central,2,4
1203,2024-02-13,1547.53,failed,Clothing,West,19,1
1204,2024-02-13,620.94,completed,Food,South,25,3
1205,2024-02-13,1140.3,completed,Electronics,Central,5,5
1206,2024-02-13,203.46,completed,Clothing,West,18,3
1207,2024-02-14,3363.09,completed,Books,Central,28,5
1208,2024-02-14,4258.34,completed,Electronics,West,39,2
1209,2024-02-14,251.24,completed,Sports,West,10,4
1210,2024-02-14,1284.48,completed,Clothing,Central,31,2
1211,2024-02-14,1737.57,completed,Home,Central,35,2
1212,2024-02-14,1968.8,completed,Food,East,2,3
1213,2024-02-14,4122.79,failed,Sports,West,22,2
1214,2024-02-14,223.96,pending,Home,Central,4,1
1215,2024-02-14,3074.43,completed,Books,West,41,2
1216,2024-02-14,2666.01,completed,Home,North,33,4
1217,2024-02-14,4193.99,completed,Sports,Central,28,3
1218,2024-02-14,1536.26,completed,Food,East,34,3
1219,2024-02-14,518.08,failed,Home,North,46,1
1220,2024-02-14,661.58,completed,Home,West,32,4
1221,2024-02-14,3156.58,completed,Home,Central,14,3
1222,2024-02-14,2733.32,failed,Sports,Central,33,1
1223,2024-02-14,2965.49,completed,Electronics,North,40,4
1224,2024-02-14,694.09,completed,Sports,West,41,2
1225,2024-02-14,222.03,completed,Clothing,North,26,1
1226,2024-02-14,2836.8,completed,Clothing,West,19,2
1227,2024-02-14,414.5,completed,Sports,East,22,3
1228,2024-02-14,4648.91,failed,Sports,Central,16,3
1229,2024-02-14,4018.56,completed,Electronics,North,11,3
1230,2024-02-14,907.96,completed,Home,East,41,5
1231,2024-02-14,2993.24,completed,Sports,West,47,3
1232,2024-02-14,668.8,completed,Home,East,17,4
1233,2024-02-14,4681.49,pending,Home,East,29,4
1234,2024-02-15,2951.36,completed,Books,West,47,5
1235,2024-02-15,1595.6,failed,Clothing,South,19,5
1236,2024-02-15,3405.2,completed,Electronics,South,36,4
1237,2024-02-15,22.67,pending,Sports,South,40,5
1238,2024-02-15,1446.41,completed,Food,South,35,1
1239,2024-02-15,1178.5,completed,Food,South,25,4
1240,2024-02-15,1737.42,pending,Books,West,45,3
1241,2024-02-15,435.68,completed,Food,South,17,2
1242,2024-02-15,4840.27,pending,Electronics,South,38,4
1243,2024-02-15,2344.76,completed,Home,North,13,5
1244,2024-02-15,4283.48,pending,Food,Central,3,3
1245,2024-02-15,306.97,completed,Sports,North,41,4
1246,2024-02-15,4225.67,completed,Sports,East,23,5
1247,2024-02-15,3268.64,failed,Clothing,Central,34,1
1248,2024-02-15,3397.08,completed,Home,West,19,3
1249,2024-02-15,4033.65,pending,Home,Central,23,5
1250,2024-02-15,2635.1,refunded,Sports,North,21,3
1251,2024-02-15,3173.72,completed,Home,East,29,1
1252,2024-02-15,4499.93,completed,Books,Central,14,1
1253,2024-02-15,634.27,failed,Clothing,North,11,2
1254,2024-02-15,287.77,completed,Clothing,Central,11,1
1255,2024-02-15,4913.63,completed,Home,North,31,1
1256,2024-02-15,4408.67,completed,Sports,West,27,1
1257,2024-02-15,2574.79,failed,Food,Central,48,2
1258,2024-02-15,3906.05,refunded,Home,South,37,1
1259,2024-02-15,4410.79,failed,Books,Central,13,1
1260,2024-02-15,2339.61,completed,Food,East,10,4
1261,2024-02-15,498.81,completed,Electronics,West,10,1
1262,2024-02-16,2408.42,completed,Home,North,14,1
1263,2024-02-16,1763.35,refunded,Electronics,North,37,3
1264,2024-02-16,125.48,failed,Food,North,33,1
1265,2024-02-16,4795.65,completed,Books,South,14,1
1266,2024-02-16,3581.76,completed,Books,South,33,4
1267,2024-02-16,3931.23,failed,Books,West,11,4
1268,2024-02-16,2987.83,failed,Home,South,5,5
1269,2024-02-16,1353.16,refunded,Books,East,20,1
1270,2024-02-16,2927.66,completed,Home,Central,4,1
1271,2024-02-16,3404.55,completed,Books,Central,40,1
1272,2024-02-16,2990.73,completed,Food,West,25,3
1273,2024-02-16,644.45,completed,Food,East,31,4
1274,2024-02-16,4069.62,failed,Food,West,41,1
1275,2024-02-16,1494.79,completed,Food,West,36,5
1276,2024-02-16,1989.69,completed,Home,West,11,5
1277,2024-02-16,2758.06,failed,Electronics,South,19,5
1278,2024-02-16,4888.4,completed,Food,South,49,3
1279,2024-02-16,1569.5,completed,Electronics,East,24,2
1280,2024-02-16,218.96,pending,Electronics,Central,49,4
1281,2024-02-16,4862.56,completed,Food,West,28,5
1282,2024-02-16,4787.82,completed,Food,East,30,3
1283,2024-02-16,999.42,pending,Clothing,Central,30,3
1284,2024-02-16,4146.93,completed,Books,South,48,5
1285,2024-02-16,4598.89,pending,Electronics,West,30,5
1286,2024-02-16,74.83,failed,Sports,West,20,3
1287,2024-02-16,3776.2,completed,Food,South,23,5
1288,2024-02-16,907.63,completed,Electronics,East,25,5
1289,2024-02-17,4137.63,completed,Home,East,11,4
1290,2024-02-17,114.52,pending,Books,West,35,2
1291,2024-02-17,3459.29,completed,Food,Central,19,5
1292,2024-02-17,4085.71,completed,Books,South,4,4
1293,2024-02-17,187.84,pending,Books,East,19,2
1294,2024-02-17,3787.75,completed,Sports,East,38,1
1295,2024-02-17,602.63,completed,Sports,North,38,4
1296,2024-02-17,404.64,failed,Clothing,North,46,1
1297,2024-02-17,4604.12,completed,Books,East,47,2
1298,2024-02-17,4615.92,failed,Sports,Central,28,3
1299,2024-02-17,3708.29,completed,Electronics,South,28,5
1300,2024-02-17,4452.12,completed,Sports,West,11,2
1301,2024-02-17,93.37,completed,Food,West,47,5
1302,2024-02-17,2563.28,pending,Electronics,West,7,1
1303,2024-02-17,4359.47,completed,Sports,East,49,4
1304,2024-02-17,4464.95,pending,Sports,East,11,2
1305,2024-02-17,1841.46,completed,Books,East,44,4
1306,2024-02-17,1629.8,failed,Books,Central,10,2
1307,2024-02-17,3502.89,completed,Food,South,36,3
1308,2024-02-17,310.24,pending,Food,North,43,4
1309,2024-02-17,3904.8,completed,Clothing,Central,36,1
1310,2024-02-17,1255.91,completed,Sports,East,7,1
1311,2024-02-17,2612.65,completed,Food,Central,47,5
1312,2024-02-17,970.83,completed,Electronics,West,48,5
1313,2024-02-17,3674.45,completed,Clothing,East,32,3
1314,2024-02-17,4782.78,completed,Food,West,39,2
1315,2024-02-17,2708.76,refunded,Sports,South,22,2
1316,2024-02-18,4754.08,failed,Home,West,36,5
1317,2024-02-18,2016.33,refunded,Electronics,South,49,4
1318,2024-02-18,1439.14,completed,Electronics,Central,31,3
1319,2024-02-18,4194.67,completed,Books,East,14,3
1320,2024-02-18,199.28,completed,Home,East,3,4
1321,2024-02-18,1413.07,pending,Clothing,South,33,3
1322,2024-02-18,3455.54,refunded,Books,West,36,4
1323,2024-02-18,952.67,completed,Sports,East,40,4
1324,2024-02-18,4453.36,completed,Electronics,East,19,2
1325,2024-02-18,2416.07,completed,Food,North,37,4
1326,2024-02-18,1237.06,completed,Electronics,West,7,3
1327,2024-02-18,1862.56,failed,Home,North,39,5
1328,2024-02-18,1425.9,completed,Electronics,East,41,2
1329,2024-02-18,3507.59,completed,Electronics,West,14,2
1330,2024-02-18,558.42,completed,Sports,East,17,5
1331,2024-02-18,4269.83,completed,Electronics,North,41,3
1332,2024-02-18,752.61,completed,Clothing,Central,30,5
1333,2024-02-18,1419.51,pending,Books,North,25,1
1334,2024-02-18,3137.26,completed,Books,West,8,2
1335,2024-02-18,1777.49,completed,Home,North,40,5
1336,2024-02-18,2555.17,completed,Home,West,7,3
1337,2024-02-18,2849.83,completed,Home,Central,22,2
1338,2024-02-18,1302.52,completed,Home,East,22,2
1339,2024-02-18,2677.66,completed,Books,North,36,5
1340,2024-02-18,4697.43,failed,Home,North,3,2
1341,2024-02-18,22.35,completed,Sports,South,1,1
1342,2024-02-18,2985.18,refunded,Books,South,31,1
1343,2024-02-18,1607.83,completed,Home,Central,18,5
1344,2024-02-19,4311.66,completed,Electronics,North,4,4
1345,2024-02-19,491.99,pending,Food,East,38,5
1346,2024-02-19,312.52,completed,Food,West,26,4
1347,2024-02-19,2030.43,failed,Books,West,31,3
1348,2024-02-19,3371.97,completed,Food,West,18,2
1349,2024-02-19,42.2,completed,Food,West,11,2
1350,2024-02-19,4058.06,refunded,Home,North,16,3
1351,2024-02-19,1689.2,completed,Sports,Central,45,1
1352,2024-02-19,4602.06,completed,Sports,East,38,1
1353,2024-02-19,4529.77,failed,Food,East,43,5
1354,2024-02-19,3821.41,completed,Clothing,Central,24,4
1355,2024-02-19,3687.66,pending,Books,West,44,4
1356,2024-02-19,3008.05,completed,Food,North,10,2
1357,2024-02-19,3974.49,failed,Books,South,33,3
1358,2024-02-19,898.63,completed,Clothing,South,19,1
1359,2024-02-19,4087.37,completed,Electronics,Central,10,3
1360,2024-02-19,2830.39,refunded,Food,North,19,1
1361,2024-02-19,3912.06,pending,Sports,East,33,3
1362,2024-02-19,2474.06,pending,Electronics,East,26,3
1363,2024-02-19,3158.48,completed,Electronics,North,44,2
1364,2024-02-19,1714.57,completed,Home,East,32,4
1365,2024-02-19,2127.81,completed,Food,South,28,4
1366,2024-02-19,1830.22,completed,Books,South,16,2
1367,2024-02-19,3705.55,completed,Sports,West,40,1
1368,2024-02-19,1010.74,completed,Books,Central,16,1
1369,2024-02-19,4653.3,completed,Home,North,8,5
1370,2024-02-19,4148.13,pending,Clothing,East,39,4
1371,2024-02-20,4310.06,completed,Sports,North,36,4
1372,2024-02-20,4570.76,completed,Food,North,9,3
1373,2024-02-20,2185.74,completed,Electronics,North,49,5
1374,2024-02-20,4460.66,completed,Food,West,33,2
1375,2024-02-20,2226.08,completed,Books,East,27,3
1376,2024-02-20,517.01,completed,Electronics,South,49,5
1377,2024-02-20,257.43,completed,Food,East,37,1
1378,2024-02-20,327.28,pending,Electronics,West,39,3
1379,2024-02-20,948.15,completed,Books,South,28,5
1380,2024-02-20,1805.43,completed,Books,East,14,5
1381,2024-02-20,4896.47,completed,Electronics,North,4,2
1382,2024-02-20,1213.59,completed,Books,South,2,5
1383,2024-02-20,4565.83,completed,Clothing,South,12,2
1384,2024-02-20,4054.06,completed,Books,North,15,4
1385,2024-02-20,4307.0,completed,Clothing,Central,16,2
1386,2024-02-20,3925.96,completed,Home,Central,1,2
1387,2024-02-20,4865.74,completed,Books,East,15,3
1388,2024-02-20,607.87,completed,Home,South,29,4
1389,2024-02-20,2400.1,pending,Electronics,North,26,2
1390,2024-02-20,1720.75,completed,Home,Central,23,3
1391,2024-02-20,1428.35,completed,Electronics,East,44,2
1392,2024-02-20,2239.65,refunded,Electronics,East,30,1
1393,2024-02-20,2409.84,completed,Clothing,East,29,3
1394,2024-02-20,4929.87,completed,Clothing,West,39,1
1395,2024-02-20,1330.76,pending,Home,East,45,3
1396,2024-02-20,4559.29,completed,Sports,East,12,1
1397,2024-02-20,843.2,completed,Electronics,West,43,3
1398,2024-02-20,3328.58,completed,Home,Central,19,3
1399,2024-02-21,1534.03,completed,Clothing,West,45,5
1400,2024-02-21,4802.3,completed,Home,South,23,3
1401,2024-02-21,3176.72,refunded,Clothing,North,35,4
1402,2024-02-21,330.44,completed,Sports,South,38,5
1403,2024-02-21,4618.46,pending,Books,Central,20,2
1404,2024-02-21,1476.15,completed,Home,Central,23,4
1405,2024-02-21,4637.72,completed,Books,East,18,2
1406,2024-02-21,77.29,completed,Electronics,North,11,2
1407,2024-02-21,1101.27,completed,Home,West,49,1
1408,2024-02-21,1399.21,completed,Food,West,44,5
1409,2024-02-21,3443.05,completed,Home,North,4,3
1410,2024-02-21,3991.77,pending,Electronics,Central,4,5
1411,2024-02-21,3154.15,failed,Home,Central,40,1
1412,2024-02-21,319.49,completed,Clothing,Central,32,3
1413,2024-02-21,2173.86,completed,Home,East,36,5
1414,2024-02-21,2474.98,pending,Sports,Central,15,5
1415,2024-02-21,1800.02,completed,Home,North,29,4
1416,2024-02-21,2103.53,failed,Clothing,North,24,4
1417,2024-02-21,2418.25,completed,Sports,North,2,1
1418,2024-02-21,2774.47,completed,Sports,East,48,2
1419,2024-02-21,3158.44,completed,Home,East,48,4
1420,2024-02-21,1058.51,completed,Sports,West,30,1
1421,2024-02-21,4509.42,pending,Electronics,South,7,5
1422,2024-02-21,4141.14,completed,Home,South,33,4
1423,2024-02-21,3935.2,failed,Clothing,South,12,5
1424,2024-02-21,4031.21,completed,Home,West,32,5
1425,2024-02-21,2632.03,pending,Sports,South,10,4
1426,2024-02-22,4765.75,completed,Sports,Central,36,1
1427,2024-02-22,1836.09,completed,Books,South,23,1
1428,2024-02-22,2105.71,failed,Sports,West,22,5
1429,2024-02-22,4083.23,completed,Books,South,49,3
1430,2024-02-22,4346.33,completed,Sports,East,1,2
1431,2024-02-22,2250.45,completed,Home,East,45,1
1432,2024-02-22,4241.58,completed,Clothing,West,44,3
1433,2024-02-22,3169.84,completed,Sports,Central,47,3
1434,2024-02-22,1946.22,completed,Sports,South,28,3
1435,2024-02-22,4528.43,failed,Books,West,1,2
1436,2024-02-22,2520.88,pending,Home,West,45,2
1437,2024-02-22,4247.23,failed,Home,West,34,1
1438,2024-02-22,4063.96,pending,Food,East,37,1
1439,2024-02-22,492.19,completed,Electronics,South,13,1
1440,2024-02-22,4356.92,failed,Electronics,West,37,1
1441,2024-02-22,820.49,completed,Books,South,9,1
1442,2024-02-22,4071.16,failed,Food,East,32,2
1443,2024-02-22,3780.29,completed,Clothing,North,35,3
1444,2024-02-22,3688.51,completed,Electronics,East,48,1
1445,2024-02-22,4605.17,completed,Clothing,West,44,3
1446,2024-02-22,3006.79,completed,Books,North,39,4
1447,2024-02-22,1699.64,completed,Sports,South,35,3
1448,2024-02-22,2970.03,failed,Home,West,22,3
1449,2024-02-22,3483.68,completed,Books,East,31,3
1450,2024-02-22,1829.45,completed,Electronics,Central,14,2
1451,2024-02-22,1278.94,refunded,Sports,Central,39,2
1452,2024-02-22,2453.56,failed,Food,South,20,2
1453,2024-02-23,4492.55,pending,Electronics,Central,42,4
1454,2024-02-23,3156.02,completed,Sports,West,9,4
1455,2024-02-23,4487.31,completed,Home,South,5,3
1456,2024-02-23,2380.83,failed,Home,West,12,5
1457,2024-02-23,4735.48,completed,Sports,North,22,2
1458,2024-02-23,3959.88,completed,Clothing,West,8,4
1459,2024-02-23,1779.37,completed,Food,Central,27,2
1460,2024-02-23,2246.62,pending,Books,Central,3,3
1461,2024-02-23,4988.87,completed,Food,North,39,2
1462,2024-02-23,4768.96,failed,Electronics,Central,20,1
1463,2024-02-23,2057.1,pending,Books,South,41,3
1464,2024-02-23,4169.46,refunded,Food,Central,38,4
1465,2024-02-23,4549.55,completed,Food,East,45,5
1466,2024-02-23,1266.22,completed,Food,East,4,3
1467,2024-02-23,2592.85,completed,Sports,East,26,4
1468,2024-02-23,3787.86,refunded,Clothing,North,32,1
1469,2024-02-23,393.54,completed,Books,West,11,1
1470,2024-02-23,4030.36,completed,Electronics,East,49,4
1471,2024-02-23,1063.12,completed,Home,South,44,3
1472,2024-02-23,2400.08,completed,Food,East,23,2
1473,2024-02-23,1882.27,completed,Home,South,48,3
1474,2024-02-23,3703.44,completed,Electronics,North,14,2
1475,2024-02-23,1173.49,completed,Sports,West,48,2
1476,2024-02-23,2337.13,completed,Home,Central,31,4
1477,2024-02-23,1335.24,completed,Electronics,Central,2,4
1478,2024-02-23,283.46,completed,Home,Central,34,1
1479,2024-02-23,4219.12,completed,Home,North,40,5
1480,2024-02-23,1130.35,completed,Home,West,15,2
1481,2024-02-24,1169.76,completed,Sports,North,32,4
1482,2024-02-24,243.33,completed,Electronics,East,20,4
1483,2024-02-24,2518.46,completed,Electronics,Central,49,3
1484,2024-02-24,1352.13,completed,Food,South,47,2
1485,2024-02-24,2831.85,completed,Sports,East,28,5
1486,2024-02-24,3620.41,completed,Food,Central,26,1
1487,2024-02-24,239.19,completed,Electronics,West,5,2
1488,2024-02-24,1010.44,completed,Clothing,East,49,1
1489,2024-02-24,1960.55,completed,Home,Central,33,3
1490,2024-02-24,4400.02,completed,Sports,South,25,3
1491,2024-02-24,557.53,pending,Sports,East,18,3
1492,2024-02-24,3721.71,completed,Sports,Central,9,5
1493,2024-02-24,4768.38,completed,Clothing,West,11,4
1494,2024-02-24,397.56,completed,Clothing,Central,40,3
1495,2024-02-24,1671.72,completed,Home,South,14,4
1496,2024-02-24,3850.14,failed,Electronics,South,43,5
1497,2024-02-24,4676.56,pending,Sports,East,49,4
1498,2024-02-24,1241.18,completed,Books,East,2,5
1499,2024-02-24,3212.98,completed,Electronics,East,40,3
1500,2024-02-24,3660.5,completed,Home,East,12,5
1501,2024-02-24,2026.08,completed,Home,South,25,2
1502,2024-02-24,3350.95,completed,Books,Central,23,3
1503,2024-02-24,2750.15,completed,Home,Central,17,4
1504,2024-02-24,4686.51,failed,Clothing,East,46,3
1505,2024-02-24,2698.22,pending,Home,North,11,2
1506,2024-02-24,2587.9,completed,Books,East,44,4
1507,2024-02-24,3349.78,failed,Books,South,43,1
1508,2024-02-25,769.96,completed,Books,East,33,1
1509,2024-02-25,2659.48,completed,Home,South,36,3
1510,2024-02-25,262.93,completed,Sports,Central,38,1
1511,2024-02-25,3138.85,completed,Sports,West,34,1
1512,2024-02-25,2677.97,completed,Food,North,8,5
1513,2024-02-25,4198.61,failed,Home,South,19,2
1514,2024-02-25,3990.54,failed,Sports,West,28,3
1515,2024-02-25,2168.4,completed,Food,North,24,2
1516,2024-02-25,3298.38,completed,Clothing,North,39,5
1517,2024-02-25,1523.54,completed,Sports,East,47,3
1518,2024-02-25,1945.31,completed,Electronics,South,12,1
1519,2024-02-25,399.34,completed,Home,North,40,4
1520,2024-02-25,512.51,completed,Sports,West,7,2
1521,2024-02-25,4095.54,completed,Books,West,48,2
1522,2024-02-25,4860.0,completed,Home,West,30,1
1523,2024-02-25,2451.21,failed,Clothing,North,48,5
1524,2024-02-25,648.54,completed,Home,Central,46,4
1525,2024-02-25,450.81,completed,Electronics,North,2,1
1526,2024-02-25,236.58,completed,Sports,East,48,2
1527,2024-02-25,4395.11,failed,Clothing,Central,49,5
1528,2024-02-25,2216.57,completed,Sports,Central,21,4
1529,2024-02-25,4403.04,completed,Food,Central,23,2
1530,2024-02-25,1820.51,refunded,Food,East,23,4
1531,2024-02-25,2944.43,completed,Clothing,East,27,2
1532,2024-02-25,3372.45,completed,Home,South,31,1
1533,2024-02-25,259.67,completed,Books,Central,4,3
1534,2024-02-25,3411.16,completed,Food,East,2,2
1535,2024-02-25,4000.58,completed,Clothing,West,4,5
1536,2024-02-26,120.18,failed,Sports,North,27,3
1537,2024-02-26,303.52,completed,Clothing,South,28,2
1538,2024-02-26,2615.22,completed,Books,East,31,5
1539,2024-02-26,4857.2,completed,Food,Central,13,5
1540,2024-02-26,4866.49,pending,Home,East,7,4
1541,2024-02-26,556.8,completed,Clothing,North,14,5
1542,2024-02-26,3806.79,completed,Sports,South,41,3
1543,2024-02-26,3968.66,completed,Clothing,East,22,2
1544,2024-02-26,4386.01,failed,Clothing,East,27,4
1545,2024-02-26,227.16,completed,Books,South,6,1
1546,2024-02-26,4862.44,completed,Home,West,43,5
1547,2024-02-26,4110.33,completed,Food,West,9,5
1548,2024-02-26,3042.35,refunded,Clothing,East,28,3
1549,2024-02-26,343.47,completed,Home,Central,49,2
1550,2024-02-26,1208.39,failed,Clothing,South,16,1
1551,2024-02-26,1739.69,completed,Clothing,South,23,3
1552,2024-02-26,4288.36,completed,Food,Central,19,1
1553,2024-02-26,3807.99,completed,Sports,North,15,1
1554,2024-02-26,4704.2,completed,Food,Central,47,2
1555,2024-02-26,2118.46,completed,Home,North,36,4
1556,2024-02-26,4584.82,completed,Sports,South,23,1
1557,2024-02-26,4479.58,completed,Sports,North,30,1
1558,2024-02-26,102.25,completed,Food,East,25,5
1559,2024-02-26,1203.88,completed,Sports,South,47,5
1560,2024-02-26,4001.42,completed,Home,South,38,3
1561,2024-02-26,3328.81,completed,Food,North,16,2
1562,2024-02-26,1122.21,failed,Clothing,Central,40,4
1563,2024-02-27,3909.53,completed,Electronics,West,21,1
1564,2024-02-27,1589.61,completed,Food,West,46,5
1565,2024-02-27,3014.7,completed,Food,North,2,1
1566,2024-02-27,4673.94,pending,Sports,West,34,3
1567,2024-02-27,1205.69,completed,Books,West,32,2
1568,2024-02-27,286.28,completed,Clothing,North,15,5
1569,2024-02-27,3304.09,completed,Clothing,Central,31,5
1570,2024-02-27,3644.82,failed,Electronics,North,8,4
1571,2024-02-27,1569.77,completed,Clothing,Central,8,1
1572,2024-02-27,2347.37,completed,Electronics,Central,23,2
1573,2024-02-27,2510.44,completed,Sports,South,42,1
1574,2024-02-27,4081.58,completed,Clothing,East,5,1
1575,2024-02-27,3468.46,completed,Electronics,North,13,2
1576,2024-02-27,1372.19,completed,Books,North,45,1
1577,2024-02-27,1372.33,pending,Books,East,22,2
1578,2024-02-27,1631.58,completed,Electronics,East,49,5
1579,2024-02-27,738.3,completed,Sports,North,11,2
1580,2024-02-27,680.05,completed,Books,West,26,5
1581,2024-02-27,4088.88,completed,Home,Central,18,2
1582,2024-02-27,4160.21,completed,Sports,South,2,2
1583,2024-02-27,1307.8,completed,Sports,West,44,4
1584,2024-02-27,4253.48,completed,Sports,East,15,3
1585,2024-02-27,2857.97,completed,Books,East,4,1
1586,2024-02-27,3563.67,completed,Books,South,20,1
1587,2024-02-27,4403.42,pending,Books,Central,26,2
1588,2024-02-27,1548.64,failed,Food,East,20,4
1589,2024-02-27,3314.51,completed,Electronics,Central,16,4
1590,2024-02-28,1549.58,completed,Home,Central,35,1
1591,2024-02-28,4515.55,completed,Home,North,35,2
1592,2024-02-28,1504.93,completed,Electronics,East,49,1
1593,2024-02-28,3130.42,completed,Sports,North,7,4
1594,2024-02-28,963.22,completed,Sports,Central,2,5
1595,2024-02-28,1855.2,completed,Clothing,South,43,1
1596,2024-02-28,1763.48,completed,Food,North,48,2
1597,2024-02-28,3754.12,completed,Sports,South,33,5
1598,2024-02-28,1440.11,completed,Sports,West,45,3
1599,2024-02-28,1643.77,completed,Food,North,30,3
1600,2024-02-28,56.98,completed,Books,East,42,3
1601,2024-02-28,1586.03,completed,Food,Central,24,1
1602,2024-02-28,1368.02,completed,Electronics,South,22,1
1603,2024-02-28,2727.59,completed,Electronics,North,28,2
1604,2024-02-28,2014.88,completed,Home,East,20,4
1605,2024-02-28,4902.55,completed,Electronics,West,19,4
1606,2024-02-28,2735.2,failed,Electronics,South,24,5
1607,2024-02-28,373.02,completed,Clothing,West,32,3
1608,2024-02-28,4049.33,failed,Sports,Central,33,3
1609,2024-02-28,275.79,failed,Sports,West,1,2
1610,2024-02-28,4187.78,completed,Books,West,13,2
1611,2024-02-28,2033.3,failed,Books,South,13,4
1612,2024-02-28,317.77,completed,Electronics,South,20,5
1613,2024-02-28,4887.05,completed,Electronics,Central,32,5
1614,2024-02-28,2482.17,completed,Books,East,48,2
1615,2024-02-28,4275.52,completed,Food,North,36,3
1616,2024-02-28,2108.58,refunded,Books,North,4,5
1617,2024-02-28,2313.42,completed,Books,Central,34,2
1618,2024-02-29,1818.2,completed,Clothing,North,10,5
1619,2024-02-29,1850.92,completed,Home,Central,35,2
1620,2024-02-29,3969.34,completed,Sports,South,3,5
1621,2024-02-29,163.61,completed,Electronics,Central,18,5
1622,2024-02-29,2454.42,completed,Electronics,East,30,4
1623,2024-02-29,1335.13,failed,Clothing,West,11,2
1624,2024-02-29,2788.03,completed,Electronics,West,26,5
1625,2024-02-29,1083.91,completed,Books,East,22,4
1626,2024-02-29,1750.27,completed,Clothing,Central,4,5
1627,2024-02-29,2670.96,completed,Books,West,18,4
1628,2024-02-29,3711.62,pending,Home,East,23,5
1629,2024-02-29,4730.38,completed,Electronics,South,28,1
1630,2024-02-29,1223.22,completed,Electronics,North,10,3
1631,2024-02-29,2419.74,completed,Clothing,South,40,1
1632,2024-02-29,1749.75,failed,Sports,West,32,2
1633,2024-02-29,3034.12,completed,Home,West,38,1
1634,2024-02-29,1838.74,pending,Sports,South,40,5
1635,2024-02-29,493.88,completed,Sports,East,38,1
1636,2024-02-29,3075.84,completed,Books,East,6,1
1637,2024-02-29,187.46,completed,Clothing,North,19,1
1638,2024-02-29,224.78,completed,Food,East,37,3
1639,2024-02-29,4422.26,completed,Home,Central,19,5
1640,2024-02-29,4352.7,completed,Food,South,22,4
1641,2024-02-29,2817.94,completed,Electronics,West,20,5
1642,2024-02-29,99.83,completed,Clothing,South,26,2
1643,2024-02-29,1722.1,completed,Books,North,2,1
1644,2024-02-29,1737.88,completed,Sports,South,23,2
1645,2024-03-01,3607.24,pending,Food,East,32,4
1646,2024-03-01,4061.42,completed,Food,North,36,1
1647,2024-03-01,1777.66,refunded,Sports,West,30,3
1648,2024-03-01,2114.48,refunded,Clothing,West,35,1
1649,2024-03-01,1131.05,completed,Sports,East,4,1
1650,2024-03-01,3642.31,pending,Clothing,South,29,5
1651,2024-03-01,1752.27,completed,Electronics,North,33,3
1652,2024-03-01,3530.35,completed,Electronics,West,12,3
1653,2024-03-01,3537.43,completed,Food,South,20,2
1654,2024-03-01,789.51,completed,Electronics,East,19,2
1655,2024-03-01,4428.54,completed,Clothing,South,3,4
1656,2024-03-01,4124.37,failed,Food,South,40,1
1657,2024-03-01,2919.23,refunded,Home,East,29,3
1658,2024-03-01,440.76,completed,Home,South,16,2
1659,2024-03-01,844.6,completed,Sports,East,47,1
1660,2024-03-01,469.97,failed,Home,Central,45,3
1661,2024-03-01,2323.44,pending,Books,South,4,1
1662,2024-03-01,1334.91,completed,Electronics,East,15,2
1663,2024-03-01,4155.68,refunded,Books,South,47,5
1664,2024-03-01,2185.42,completed,Books,North,27,2
1665,2024-03-01,2265.97,completed,Home,East,20,4
1666,2024-03-01,4610.41,completed,Food,West,30,5
1667,2024-03-01,2893.08,pending,Sports,South,39,3
1668,2024-03-01,1942.86,completed,Books,South,9,3
1669,2024-03-01,4917.45,failed,Sports,West,12,1
1670,2024-03-01,2317.55,pending,Electronics,East,25,1
1671,2024-03-01,2902.6,completed,Home,East,10,4
1672,2024-03-01,1916.18,completed,Books,South,13,4
1673,2024-03-02,3349.35,completed,Books,East,7,2
1674,2024-03-02,3881.28,completed,Food,North,12,1
1675,2024-03-02,3146.92,completed,Electronics,East,30,2
1676,2024-03-02,1249.62,refunded,Books,East,24,2
1677,2024-03-02,4712.06,completed,Sports,North,29,2
1678,2024-03-02,2563.47,completed,Electronics,East,15,2
1679,2024-03-02,4131.85,failed,Food,West,37,5
1680,2024-03-02,54.04,refunded,Books,East,30,4
1681,2024-03-02,2593.64,failed,Clothing,Central,2,1
1682,2024-03-02,4678.54,completed,Clothing,Central,35,1
1683,2024-03-02,3444.17,completed,Electronics,North,33,5
1684,2024-03-02,579.77,completed,Books,South,36,3
1685,2024-03-02,3552.77,completed,Electronics,South,29,2
1686,2024-03-02,84.95,completed,Home,East,11,3
1687,2024-03-02,1849.72,pending,Clothing,East,40,2
1688,2024-03-02,1191.15,failed,Electronics,Central,17,2
1689,2024-03-02,1266.92,completed,Home,South,11,2
1690,2024-03-02,216.99,pending,Food,East,48,3
1691,2024-03-02,3089.49,completed,Clothing,East,29,4
1692,2024-03-02,3712.1,completed,Books,West,45,3
1693,2024-03-02,1466.25,completed,Electronics,East,18,1
1694,2024-03-02,2938.38,completed,Food,East,46,5
1695,2024-03-02,2491.99,pending,Books,North,48,2
1696,2024-03-02,4965.81,completed,Food,South,30,4
1697,2024-03-02,4063.54,pending,Home,East,16,3
1698,2024-03-02,4730.73,completed,Sports,Central,28,2
1699,2024-03-02,4123.4,completed,Books,North,29,3
1700,2024-03-03,3291.78,completed,Sports,South,27,4
1701,2024-03-03,365.12,completed,Sports,West,16,3
1702,2024-03-03,4290.89,completed,Food,East,36,3
1703,2024-03-03,3807.49,completed,Electronics,South,36,3
1704,2024-03-03,1417.99,completed,Clothing,West,3,1
1705,2024-03-03,1354.23,completed,Clothing,North,31,1
1706,2024-03-03,2626.01,completed,Clothing,East,8,1
1707,2024-03-03,1422.18,completed,Clothing,Central,48,2
1708,2024-03-03,4853.42,failed,Sports,East,14,3
1709,2024-03-03,975.91,completed,Home,West,30,3
1710,2024-03-03,775.36,completed,Food,West,32,1
1711,2024-03-03,227.18,pending,Food,West,39,4
1712,2024-03-03,2767.43,refunded,Clothing,West,13,5
1713,2024-03-03,3704.24,completed,Books,Central,41,5
1714,2024-03-03,2935.84,completed,Sports,East,7,1
1715,2024-03-03,1049.3,completed,Electronics,South,1,2
1716,2024-03-03,4617.91,completed,Books,East,5,2
1717,2024-03-03,1902.69,completed,Food,East,3,1
1718,2024-03-03,712.6,pending,Food,North,44,3
1719,2024-03-03,963.37,pending,Books,Central,4,5
1720,2024-03-03,2196.67,completed,Electronics,West,34,5
1721,2024-03-03,2726.44,pending,Sports,South,26,3
1722,2024-03-03,3011.23,completed,Home,Central,21,1
1723,2024-03-03,375.45,completed,Electronics,South,9,5
1724,2024-03-03,4338.8,completed,Sports,South,5,4
1725,2024-03-03,1688.79,refunded,Books,South,25,5
1726,2024-03-03,1304.39,completed,Home,South,32,3
1727,2024-03-04,3440.96,completed,Clothing,West,32,4
1728,2024-03-04,3071.67,completed,Clothing,Central,31,3
1729,2024-03-04,4964.18,completed,Electronics,East,20,2
1730,2024-03-04,2057.66,failed,Books,East,1,2
1731,2024-03-04,924.41,completed,Food,Central,40,4
1732,2024-03-04,4864.1,completed,Home,West,16,1
1733,2024-03-04,2415.26,failed,Books,North,33,5
1734,2024-03-04,3311.02,completed,Home,East,38,5
1735,2024-03-04,221.15,refunded,Clothing,West,49,4
1736,2024-03-04,1686.07,pending,Electronics,East,43,4
1737,2024-03-04,4936.25,pending,Sports,North,43,5
1738,2024-03-04,4822.25,completed,Electronics,South,13,1
1739,2024-03-04,4920.92,completed,Home,Central,31,3
1740,2024-03-04,4121.42,completed,Books,West,22,3
1741,2024-03-04,2507.54,completed,Books,West,25,3
1742,2024-03-04,2864.38,completed,Clothing,East,38,2
1743,2024-03-04,383.52,completed,Clothing,East,47,5
1744,2024-03-04,3968.44,completed,Clothing,East,30,1
1745,2024-03-04,3747.86,completed,Sports,South,7,2
1746,2024-03-04,3544.4,completed,Food,East,18,3
1747,2024-03-04,1919.0,pending,Electronics,Central,11,1
1748,2024-03-04,1336.59,completed,Electronics,Central,48,1
1749,2024-03-04,4051.49,completed,Sports,South,48,5
1750,2024-03-04,4872.94,completed,Sports,Central,26,3
1751,2024-03-04,2123.18,completed,Clothing,South,10,1
1752,2024-03-04,287.02,completed,Food,North,31,1
1753,2024-03-04,4504.63,completed,Sports,South,47,2
1754,2024-03-04,3450.32,pending,Electronics,South,25,2
1755,2024-03-05,3360.4,completed,Home,Central,12,2
1756,2024-03-05,4721.85,pending,Home,North,7,2
1757,2024-03-05,3355.78,completed,Electronics,East,30,2
1758,2024-03-05,3091.37,completed,Books,Central,27,1
1759,2024-03-05,3553.45,completed,Books,South,17,5
1760,2024-03-05,2424.88,completed,Home,South,14,4
1761,2024-03-05,1442.06,completed,Books,West,38,1
1762,2024-03-05,1266.42,completed,Electronics,West,2,3
1763,2024-03-05,3633.96,completed,Clothing,South,36,3
1764,2024-03-05,1220.62,completed,Books,West,8,4
1765,2024-03-05,4656.47,refunded,Food,West,49,3
1766,2024-03-05,2020.96,completed,Food,West,46,5
1767,2024-03-05,3171.51,failed,Home,East,5,1
1768,2024-03-05,223.57,failed,Home,West,40,2
1769,2024-03-05,2250.21,completed,Clothing,South,29,3
1770,2024-03-05,2003.81,pending,Clothing,South,2,3
1771,2024-03-05,3775.74,refunded,Home,East,17,2
1772,2024-03-05,286.55,completed,Books,East,30,4
1773,2024-03-05,2017.74,completed,Books,East,7,2
1774,2024-03-05,4292.09,pending,Clothing,North,29,2
1775,2024-03-05,3345.81,pending,Books,Central,16,3
1776,2024-03-05,3889.35,pending,Home,South,24,3
1777,2024-03-05,3818.7,completed,Electronics,South,8,1
1778,2024-03-05,3313.11,completed,Food,North,8,3
1779,2024-03-05,1962.57,completed,Food,South,47,2
1780,2024-03-05,2002.97,completed,Food,Central,46,2
1781,2024-03-05,265.4,completed,Clothing,Central,40,4
1782,2024-03-06,983.05,completed,Sports,South,26,3
1783,2024-03-06,2794.86,completed,Clothing,South,46,5
1784,2024-03-06,4476.45,failed,Clothing,North,36,2
1785,2024-03-06,3065.02,completed,Books,South,27,3
1786,2024-03-06,1941.37,completed,Electronics,South,42,1
1787,2024-03-06,4161.35,refunded,Home,North,43,2
1788,2024-03-06,2249.36,completed,Food,South,48,4
1789,2024-03-06,1306.81,completed,Home,South,49,3
1790,2024-03-06,409.56,completed,Food,North,6,5
1791,2024-03-06,4144.47,completed,Electronics,South,49,4
1792,2024-03-06,3083.73,pending,Food,West,19,5
1793,2024-03-06,2908.29,failed,Books,Central,33,1
1794,2024-03-06,3606.14,completed,Electronics,West,26,4
1795,2024-03-06,3029.15,pending,Food,West,16,5
1796,2024-03-06,1759.13,completed,Sports,East,29,1
1797,2024-03-06,3091.73,completed,Home,West,29,1
1798,2024-03-06,708.81,failed,Sports,Central,45,3
1799,2024-03-06,1487.91,completed,Clothing,Central,49,4
1800,2024-03-06,2691.19,pending,Sports,North,24,5
1801,2024-03-06,355.05,pending,Sports,East,3,3
1802,2024-03-06,4110.7,completed,Food,West,38,5
1803,2024-03-06,232.75,pending,Books,Central,44,3
1804,2024-03-06,1868.11,completed,Food,East,23,5
1805,2024-03-06,2277.43,completed,Food,South,16,1
1806,2024-03-06,3406.73,refunded,Books,West,19,4
1807,2024-03-06,782.8,completed,Home,Central,21,2
1808,2024-03-06,4108.63,completed,Home,South,13,3
1809,2024-03-06,2136.29,pending,Electronics,South,18,5
1810,2024-03-07,1263.24,completed,Clothing,East,15,3
1811,2024-03-07,500.7,pending,Sports,West,7,1
1812,2024-03-07,4627.31,failed,Sports,South,32,3
1813,2024-03-07,2022.89,pending,Sports,West,19,1
1814,2024-03-07,1912.86,completed,Books,South,3,3
1815,2024-03-07,909.42,failed,Food,East,31,1
1816,2024-03-07,2536.63,completed,Books,West,16,3
1817,2024-03-07,1606.22,completed,Sports,South,7,4
1818,2024-03-07,837.96,pending,Electronics,South,34,3
1819,2024-03-07,3766.82,pending,Electronics,South,35,2
1820,2024-03-07,4492.35,failed,Sports,Central,5,5
1821,2024-03-07,1767.95,completed,Electronics,West,38,1
1822,2024-03-07,1439.61,completed,Food,Central,27,2
1823,2024-03-07,1873.19,completed,Electronics,South,8,4
1824,2024-03-07,4624.93,completed,Clothing,East,23,1
1825,2024-03-07,2922.19,pending,Clothing,East,49,5
1826,2024-03-07,837.9,completed,Food,Central,4,1
1827,2024-03-07,3166.1,completed,Electronics,West,24,2
1828,2024-03-07,2012.27,completed,Home,East,4,4
1829,2024-03-07,96.87,completed,Sports,East,10,4
1830,2024-03-07,4849.95,completed,Books,North,30,5
1831,2024-03-07,583.33,pending,Sports,South,29,3
1832,2024-03-07,2073.35,refunded,Electronics,Central,26,4
1833,2024-03-07,3291.62,completed,Books,South,29,4
1834,2024-03-07,2934.26,completed,Clothing,South,36,3
1835,2024-03-07,31.05,completed,Home,East,23,1
1836,2024-03-07,3043.35,completed,Sports,North,31,3
1837,2024-03-08,3639.08,completed,Electronics,East,44,4
1838,2024-03-08,4248.12,completed,Home,North,25,1
1839,2024-03-08,927.88,completed,Books,West,6,3
1840,2024-03-08,193.41,pending,Books,West,22,3
1841,2024-03-08,4722.46,completed,Electronics,East,35,5
1842,2024-03-08,3405.34,completed,Books,South,16,4
1843,2024-03-08,2280.27,completed,Food,West,17,5
1844,2024-03-08,3628.0,completed,Clothing,West,2,4
1845,2024-03-08,793.83,completed,Clothing,South,46,2
1846,2024-03-08,4792.41,failed,Electronics,Central,4,4
1847,2024-03-08,3274.68,completed,Home,East,43,2
1848,2024-03-08,4385.99,completed,Food,Central,29,5
1849,2024-03-08,2787.97,completed,Clothing,West,37,2
1850,2024-03-08,4006.02,completed,Books,Central,29,2
1851,2024-03-08,1645.1,completed,Food,South,5,4
1852,2024-03-08,674.05,failed,Books,North,3,1
1853,2024-03-08,1775.57,completed,Electronics,West,14,5
1854,2024-03-08,4485.65,completed,Clothing,East,22,3
1855,2024-03-08,3493.48,completed,Books,West,48,1
1856,2024-03-08,2286.65,completed,Electronics,Central,47,5
1857,2024-03-08,1183.71,pending,Home,South,8,5
1858,2024-03-08,2994.24,completed,Food,South,10,5
1859,2024-03-08,2968.59,completed,Books,North,47,5
1860,2024-03-08,2659.29,completed,Sports,Central,38,5
1861,2024-03-08,3691.64,pending,Food,East,19,1
1862,2024-03-08,1221.64,failed,Clothing,West,25,4
1863,2024-03-08,2559.84,completed,Home,Central,2,3
1864,2024-03-09,1548.95,completed,Sports,Central,39,5
1865,2024-03-09,1035.95,completed,Sports,Central,41,2
1866,2024-03-09,1670.58,failed,Clothing,South,14,3
1867,2024-03-09,4016.71,failed,Electronics,West,4,2
1868,2024-03-09,578.3,completed,Clothing,South,49,3
1869,2024-03-09,1384.65,completed,Sports,East,24,1
1870,2024-03-09,2669.8,completed,Clothing,Central,18,4
1871,2024-03-09,2010.83,completed,Sports,South,2,1
1872,2024-03-09,4140.1,completed,Food,South,31,3
1873,2024-03-09,3898.42,pending,Clothing,East,48,4
1874,2024-03-09,3392.82,refunded,Clothing,Central,34,4
1875,2024-03-09,1419.66,pending,Electronics,West,48,1
1876,2024-03-09,115.88,completed,Food,North,33,2
1877,2024-03-09,1576.39,completed,Home,Central,35,3
1878,2024-03-09,3008.77,completed,Books,South,26,5
1879,2024-03-09,516.22,completed,Sports,East,40,2
1880,2024-03-09,4119.68,completed,Sports,West,34,5
1881,2024-03-09,4933.12,completed,Sports,West,30,2
1882,2024-03-09,3690.43,completed,Sports,Central,34,5
1883,2024-03-09,2078.92,completed,Food,South,45,4
1884,2024-03-09,3988.12,completed,Food,East,37,1
1885,2024-03-09,1370.26,refunded,Food,South,21,4
1886,2024-03-09,4771.01,completed,Clothing,East,36,2
1887,2024-03-09,1839.38,completed,Electronics,South,44,1
1888,2024-03-09,3452.57,completed,Books,South,33,5
1889,2024-03-09,104.39,completed,Books,West,26,4
1890,2024-03-09,3157.29,refunded,Food,North,45,5
1891,2024-03-09,1487.18,completed,Books,East,19,4
1892,2024-03-10,519.61,failed,Sports,West,45,2
1893,2024-03-10,2173.38,completed,Home,East,27,4
1894,2024-03-10,538.21,completed,Home,West,3,3
1895,2024-03-10,933.46,failed,Food,East,3,4
1896,2024-03-10,4476.73,completed,Clothing,Central,49,1
1897,2024-03-10,326.62,completed,Food,Central,14,3
1898,2024-03-10,3128.73,completed,Food,North,39,5
1899,2024-03-10,310.84,failed,Sports,Central,32,3
1900,2024-03-10,3593.07,completed,Electronics,North,30,3
1901,2024-03-10,4889.67,failed,Clothing,Central,26,5
1902,2024-03-10,2153.35,completed,Food,West,30,3
1903,2024-03-10,4841.07,completed,Electronics,North,39,3
1904,2024-03-10,3211.02,completed,Food,East,20,1
1905,2024-03-10,2981.39,completed,Electronics,Central,32,3
1906,2024-03-10,864.13,completed,Home,West,22,1
1907,2024-03-10,4762.27,completed,Electronics,East,34,5
1908,2024-03-10,4309.13,completed,Food,South,19,5
1909,2024-03-10,667.47,completed,Clothing,South,10,3
1910,2024-03-10,152.9,completed,Food,Central,47,4
1911,2024-03-10,1801.67,refunded,Sports,Central,48,3
1912,2024-03-10,805.55,completed,Clothing,East,30,2
1913,2024-03-10,1687.4,refunded,Sports,East,32,2
1914,2024-03-10,4792.73,completed,Electronics,West,8,1
1915,2024-03-10,4310.89,pending,Home,Central,37,4
1916,2024-03-10,2206.2,completed,Books,North,38,4
1917,2024-03-10,1386.4,completed,Home,North,6,1
1918,2024-03-10,2893.26,pending,Clothing,North,35,5
1919,2024-03-11,4688.11,pending,Sports,East,8,1
1920,2024-03-11,3955.35,pending,Books,South,32,3
1921,2024-03-11,4340.09,failed,Clothing,North,39,1
1922,2024-03-11,3807.95,completed,Sports,East,13,4
1923,2024-03-11,2523.23,refunded,Food,West,43,3
1924,2024-03-11,716.12,failed,Sports,East,31,5
1925,2024-03-11,4094.86,failed,Electronics,West,49,4
1926,2024-03-11,3258.34,completed,Electronics,South,41,3
1927,2024-03-11,3865.66,pending,Sports,Central,31,3
1928,2024-03-11,3672.71,completed,Food,East,9,5
1929,2024-03-11,1238.1,completed,Clothing,East,47,5
1930,2024-03-11,1435.49,failed,Sports,East,27,2
1931,2024-03-11,4283.32,completed,Electronics,Central,21,5
1932,2024-03-11,2042.3,failed,Electronics,South,11,1
1933,2024-03-11,896.84,completed,Books,East,26,5
1934,2024-03-11,3217.12,completed,Electronics,South,28,5
1935,2024-03-11,1498.6,completed,Sports,East,3,2
1936,2024-03-11,3216.96,completed,Food,East,32,5
1937,2024-03-11,2954.42,completed,Home,Central,3,3
1938,2024-03-11,3319.06,pending,Books,North,40,1
1939,2024-03-11,4967.23,completed,Clothing,West,26,2
1940,2024-03-11,1393.77,pending,Books,North,25,4
1941,2024-03-11,4878.43,completed,Books,East,20,3
1942,2024-03-11,3819.68,completed,Home,East,46,4
1943,2024-03-11,4278.44,completed,Electronics,North,37,5
1944,2024-03-11,4014.46,completed,Sports,North,45,5
1945,2024-03-11,124.58,pending,Books,West,41,4
1946,2024-03-11,2523.41,completed,Home,West,41,4
1947,2024-03-12,537.77,pending,Books,East,41,1
1948,2024-03-12,3370.66,pending,Home,East,28,5
1949,2024-03-12,307.62,completed,Books,North,16,3
1950,2024-03-12,175.66,failed,Electronics,North,10,4
1951,2024-03-12,4534.59,pending,Electronics,Central,14,3
1952,2024-03-12,4586.12,completed,Electronics,South,32,2
1953,2024-03-12,3122.62,completed,Books,West,21,4
1954,2024-03-12,2305.04,completed,Sports,North,35,1
1955,2024-03-12,4144.19,completed,Books,West,29,2
1956,2024-03-12,4821.46,completed,Home,Central,25,5
1957,2024-03-12,280.91,completed,Books,South,12,3
1958,2024-03-12,526.6,completed,Sports,South,48,5
1959,2024-03-12,4526.39,completed,Clothing,West,27,3
1960,2024-03-12,505.99,completed,Electronics,South,5,1
1961,2024-03-12,3573.71,pending,Sports,South,20,4
1962,2024-03-12,2772.02,completed,Electronics,West,42,4
1963,2024-03-12,2612.97,completed,Home,West,16,5
1964,2024-03-12,497.23,completed,Home,South,45,1
1965,2024-03-12,3646.25,completed,Clothing,East,13,3
1966,2024-03-12,3014.03,completed,Electronics,South,31,4
1967,2024-03-12,4644.92,completed,Home,East,26,1
1968,2024-03-12,2410.15,completed,Home,Central,44,2
1969,2024-03-12,4562.96,completed,Books,West,14,5
1970,2024-03-12,927.63,completed,Food,East,11,5
1971,2024-03-12,1027.42,completed,Food,South,12,2
1972,2024-03-12,4745.4,completed,Home,South,17,4
1973,2024-03-12,505.91,completed,Books,West,14,4
1974,2024-03-13,1190.33,completed,Clothing,North,9,4
1975,2024-03-13,715.35,pending,Sports,Central,29,4
1976,2024-03-13,3551.56,completed,Home,West,16,2
1977,2024-03-13,3903.4,failed,Electronics,West,8,1
1978,2024-03-13,4508.36,failed,Books,South,9,2
1979,2024-03-13,742.56,completed,Books,South,6,2
1980,2024-03-13,1615.47,failed,Sports,East,9,3
1981,2024-03-13,1592.8,completed,Books,Central,47,3
1982,2024-03-13,4867.63,refunded,Clothing,North,2,1
1983,2024-03-13,2918.71,failed,Books,Central,47,5
1984,2024-03-13,1694.12,completed,Electronics,South,37,2
1985,2024-03-13,1500.69,completed,Books,Central,14,3
1986,2024-03-13,1601.88,completed,Clothing,North,15,5
1987,2024-03-13,3563.78,completed,Home,West,5,4
1988,2024-03-13,2750.92,completed,Sports,North,30,3
1989,2024-03-13,3121.82,completed,Sports,South,4,1
1990,2024-03-13,2357.82,completed,Electronics,East,35,2
1991,2024-03-13,141.02,completed,Food,West,23,5
1992,2024-03-13,3438.67,pending,Sports,East,33,5
1993,2024-03-13,3623.39,completed,Food,South,47,2
1994,2024-03-13,909.44,completed,Electronics,North,46,4
1995,2024-03-13,3250.37,pending,Books,South,10,2
1996,2024-03-13,4388.96,pending,Books,North,36,3
1997,2024-03-13,3017.82,completed,Sports,North,28,3
1998,2024-03-13,3346.02,completed,Clothing,West,31,4
1999,2024-03-13,3506.55,completed,Books,Central,4,2
2000,2024-03-13,1628.43,completed,Home,East,7,2
2001,2024-03-14,779.93,completed,Home,South,9,2
2002,2024-03-14,2368.53,pending,Clothing,West,2,1
2003,2024-03-14,1166.66,completed,Sports,North,5,2
2004,2024-03-14,3438.1,completed,Home,South,36,2
2005,2024-03-14,3577.47,completed,Electronics,East,16,5
2006,2024-03-14,50.83,completed,Books,East,43,2
2007,2024-03-14,4771.46,completed,Sports,South,39,4
2008,2024-03-14,4625.76,pending,Clothing,East,30,5
2009,2024-03-14,668.38,failed,Clothing,South,18,1
2010,2024-03-14,2394.19,completed,Home,South,49,5
2011,2024-03-14,1053.02,failed,Clothing,South,31,3
2012,2024-03-14,4819.95,completed,Clothing,East,44,1
2013,2024-03-14,2834.5,completed,Sports,Central,14,1
2014,2024-03-14,3503.8,pending,Books,North,47,5
2015,2024-03-14,4889.65,pending,Books,North,14,3
2016,2024-03-14,3368.28,completed,Books,North,36,5
2017,2024-03-14,4355.17,completed,Food,North,49,2
2018,2024-03-14,1210.35,completed,Sports,East,48,1
2019,2024-03-14,1154.66,completed,Clothing,Central,18,5
2020,2024-03-14,2211.57,completed,Clothing,South,30,3
2021,2024-03-14,4408.57,completed,Food,West,36,1
2022,2024-03-14,205.21,failed,Electronics,Central,23,3
2023,2024-03-14,2212.5,completed,Books,North,25,2
2024,2024-03-14,4126.29,completed,Home,North,3,2
2025,2024-03-14,895.49,completed,Sports,West,5,4
2026,2024-03-14,3082.47,pending,Clothing,North,46,2
2027,2024-03-14,359.11,refunded,Electronics,Central,4,2
2028,2024-03-14,61.75,pending,Books,North,20,1
2029,2024-03-15,1601.32,completed,Books,East,38,5
2030,2024-03-15,4030.16,pending,Home,Central,5,3
2031,2024-03-15,216.27,refunded,Food,Central,43,5
2032,2024-03-15,1830.35,completed,Electronics,Central,35,2
2033,2024-03-15,3645.87,completed,Home,West,22,1
2034,2024-03-15,1851.98,completed,Clothing,Central,17,3
2035,2024-03-15,2399.24,completed,Sports,East,5,2
2036,2024-03-15,2506.74,failed,Electronics,Central,27,3
2037,2024-03-15,4540.75,pending,Home,Central,38,3
2038,2024-03-15,4380.7,completed,Home,Central,49,3
2039,2024-03-15,327.49,completed,Electronics,West,14,4
2040,2024-03-15,3464.13,completed,Home,Central,33,1
2041,2024-03-15,2719.17,failed,Sports,Central,2,5
2042,2024-03-15,1779.05,completed,Home,South,2,1
2043,2024-03-15,2467.82,completed,Clothing,South,10,3
2044,2024-03-15,4400.23,completed,Food,West,3,3
2045,2024-03-15,3867.56,completed,Books,East,15,4
2046,2024-03-15,2844.68,completed,Food,North,29,2
2047,2024-03-15,886.26,pending,Sports,South,8,4
2048,2024-03-15,3097.1,completed,Home,Central,3,1
2049,2024-03-15,2495.14,completed,Home,Central,19,3
2050,2024-03-15,2239.94,completed,Home,North,1,2
2051,2024-03-15,4719.71,completed,Clothing,West,31,5
2052,2024-03-15,4963.23,completed,Electronics,West,16,5
2053,2024-03-15,4757.28,completed,Clothing,West,38,5
2054,2024-03-15,3696.99,completed,Clothing,South,3,4
2055,2024-03-15,2998.35,completed,Sports,West,17,1
2056,2024-03-16,1603.97,completed,Food,East,42,4
2057,2024-03-16,4736.43,completed,Food,North,18,2
2058,2024-03-16,2283.55,completed,Sports,West,19,5
2059,2024-03-16,1016.13,pending,Electronics,Central,2,2
2060,2024-03-16,562.59,completed,Food,East,24,4
2061,2024-03-16,4180.56,failed,Food,North,35,3
2062,2024-03-16,1647.54,pending,Clothing,Central,38,3
2063,2024-03-16,3833.45,completed,Clothing,North,8,4
2064,2024-03-16,3140.68,completed,Sports,South,17,5
2065,2024-03-16,1424.78,refunded,Sports,South,4,4
2066,2024-03-16,4254.84,completed,Food,East,16,2
2067,2024-03-16,4225.93,completed,Home,South,45,1
2068,2024-03-16,867.4,completed,Electronics,Central,14,2
2069,2024-03-16,617.51,failed,Home,South,25,3
2070,2024-03-16,3006.55,completed,Books,East,48,2
2071,2024-03-16,1174.71,failed,Clothing,North,47,4
2072,2024-03-16,1667.62,completed,Home,East,11,2
2073,2024-03-16,4684.21,completed,Electronics,South,21,1
2074,2024-03-16,886.02,completed,Books,South,34,4
2075,2024-03-16,2357.76,completed,Books,East,49,4
2076,2024-03-16,1481.57,completed,Home,West,32,1
2077,2024-03-16,1746.17,pending,Clothing,Central,38,3
2078,2024-03-16,1856.76,pending,Home,South,23,3
2079,2024-03-16,1307.38,completed,Electronics,South,7,2
2080,2024-03-16,3819.82,completed,Clothing,South,38,4
2081,2024-03-16,4061.24,completed,Electronics,Central,20,3
2082,2024-03-16,2702.19,completed,Clothing,North,9,5
2083,2024-03-17,4497.52,pending,Sports,North,25,1
2084,2024-03-17,691.89,completed,Clothing,East,4,2
2085,2024-03-17,2537.92,failed,Electronics,South,34,3
2086,2024-03-17,4143.86,completed,Books,South,32,3
2087,2024-03-17,3108.36,completed,Electronics,East,22,4
2088,2024-03-17,4925.17,completed,Books,Central,13,4
2089,2024-03-17,2982.76,completed,Sports,South,24,5
2090,2024-03-17,4800.54,completed,Sports,West,43,1
2091,2024-03-17,502.54,completed,Electronics,West,15,2
2092,2024-03-17,222.7,completed,Books,Central,28,3
2093,2024-03-17,1789.01,completed,Clothing,Central,27,4
2094,2024-03-17,4208.25,completed,Electronics,West,10,1
2095,2024-03-17,262.04,failed,Electronics,Central,27,2
2096,2024-03-17,1268.96,failed,Clothing,Central,14,1
2097,2024-03-17,4925.24,completed,Sports,West,42,1
2098,2024-03-17,3208.42,completed,Food,North,30,3
2099,2024-03-17,1971.62,completed,Electronics,South,28,2
2100,2024-03-17,398.53,failed,Clothing,West,46,5
2101,2024-03-17,3778.66,pending,Clothing,Central,19,1
2102,2024-03-17,4627.28,pending,Electronics,North,19,2
2103,2024-03-17,3710.3,pending,Home,Central,12,1
2104,2024-03-17,590.89,pending,Home,North,3,3
2105,2024-03-17,2663.99,completed,Electronics,North,40,4
2106,2024-03-17,2019.83,completed,Books,North,34,3
2107,2024-03-17,4521.18,pending,Home,West,34,1
2108,2024-03-17,3813.91,completed,Books,West,28,3
2109,2024-03-17,4011.84,completed,Food,Central,33,5
2110,2024-03-17,2074.56,pending,Electronics,West,37,4
2111,2024-03-18,134.12,pending,Electronics,North,4,3
2112,2024-03-18,3799.4,completed,Home,South,25,5
2113,2024-03-18,3170.27,completed,Books,South,42,2
2114,2024-03-18,716.0,completed,Home,Central,20,3
2115,2024-03-18,3786.31,completed,Home,West,28,2
2116,2024-03-18,755.01,completed,Food,Central,22,5
2117,2024-03-18,3701.03,pending,Sports,Central,42,4
2118,2024-03-18,3570.93,completed,Clothing,Central,40,2
2119,2024-03-18,47.51,pending,Sports,East,39,5
2120,2024-03-18,3876.13,completed,Sports,West,20,2
2121,2024-03-18,2044.22,completed,Books,West,47,3
2122,2024-03-18,2537.85,completed,Books,East,23,1
2123,2024-03-18,4823.81,pending,Food,East,37,3
2124,2024-03-18,4600.05,refunded,Sports,South,13,3
2125,2024-03-18,1919.51,completed,Books,Central,9,4
2126,2024-03-18,3550.77,completed,Food,East,1,4
2127,2024-03-18,2570.3,completed,Food,South,14,4
2128,2024-03-18,4112.78,completed,Home,North,11,4
2129,2024-03-18,1605.09,completed,Electronics,East,48,2
2130,2024-03-18,2359.98,completed,Sports,Central,40,5
2131,2024-03-18,570.92,failed,Food,West,49,2
2132,2024-03-18,4634.14,completed,Food,East,45,2
2133,2024-03-18,4504.59,failed,Food,South,28,2
2134,2024-03-18,1387.55,pending,Sports,South,37,4
2135,2024-03-18,2919.04,pending,Food,East,11,4
2136,2024-03-18,1898.03,completed,Clothing,South,22,3
2137,2024-03-18,787.42,completed,Home,West,41,5
2138,2024-03-19,234.66,completed,Food,East,34,2
2139,2024-03-19,4115.93,completed,Sports,Central,47,1
2140,2024-03-19,1452.8,completed,Food,North,7,3
2141,2024-03-19,2582.05,completed,Home,North,23,2
2142,2024-03-19,4514.39,completed,Food,West,5,4
2143,2024-03-19,109.23,completed,Food,North,8,3
2144,2024-03-19,2741.5,completed,Sports,West,10,5
2145,2024-03-19,4777.91,completed,Sports,South,36,4
2146,2024-03-19,4048.33,completed,Clothing,West,30,4
2147,2024-03-19,1104.36,completed,Home,West,24,3
2148,2024-03-19,1012.37,completed,Clothing,West,21,4
2149,2024-03-19,3814.81,failed,Home,East,41,2
2150,2024-03-19,407.86,pending,Books,Central,9,5
2151,2024-03-19,3000.82,failed,Books,East,19,3
2152,2024-03-19,1178.17,completed,Clothing,North,27,4
2153,2024-03-19,4197.89,pending,Electronics,West,20,2
2154,2024-03-19,1903.29,pending,Electronics,East,45,2
2155,2024-03-19,2080.71,failed,Electronics,North,20,3
2156,2024-03-19,3974.13,completed,Sports,West,28,4
2157,2024-03-19,449.56,pending,Books,North,30,5
2158,2024-03-19,3008.8,completed,Books,Central,26,1
2159,2024-03-19,4813.47,completed,Home,North,10,1
2160,2024-03-19,3255.37,completed,Home,South,18,1
2161,2024-03-19,418.14,completed,Food,South,49,1
2162,2024-03-19,4543.58,failed,Sports,South,1,5
2163,2024-03-19,653.45,failed,Electronics,East,41,1
2164,2024-03-19,1850.55,completed,Books,North,13,1
2165,2024-03-19,916.58,completed,Food,Central,31,2
2166,2024-03-20,3612.05,completed,Clothing,Central,17,5
2167,2024-03-20,1331.81,completed,Food,North,8,5
2168,2024-03-20,1312.93,completed,Clothing,South,23,4
2169,2024-03-20,2073.66,completed,Books,East,22,3
2170,2024-03-20,1437.61,completed,Books,North,46,4
2171,2024-03-20,3924.94,completed,Electronics,South,9,1
2172,2024-03-20,2638.15,completed,Food,Central,15,3
2173,2024-03-20,2784.04,completed,Clothing,East,42,1
2174,2024-03-20,816.51,completed,Food,Central,16,4
2175,2024-03-20,4568.31,failed,Home,South,1,3
2176,2024-03-20,1750.94,completed,Food,East,16,5
2177,2024-03-20,1893.13,completed,Books,Central,23,4
2178,2024-03-20,1219.52,completed,Clothing,South,11,4
2179,2024-03-20,4801.34,pending,Home,West,8,1
2180,2024-03-20,3039.19,completed,Food,East,22,2
2181,2024-03-20,314.17,completed,Clothing,South,2,3
2182,2024-03-20,971.13,completed,Electronics,North,37,5
2183,2024-03-20,2407.43,completed,Home,Central,20,4
2184,2024-03-20,947.38,pending,Books,North,37,3
2185,2024-03-20,3029.13,pending,Electronics,North,25,4
2186,2024-03-20,1546.41,completed,Books,East,1,1
2187,2024-03-20,1754.58,completed,Clothing,North,49,4
2188,2024-03-20,3935.42,completed,Sports,Central,38,5
2189,2024-03-20,2626.62,pending,Clothing,West,4,2
2190,2024-03-20,574.01,completed,Sports,North,20,3
2191,2024-03-20,1865.75,pending,Clothing,Central,33,5
2192,2024-03-20,4482.75,pending,Sports,West,1,2
2193,2024-03-21,4232.33,completed,Clothing,West,10,4
2194,2024-03-21,3801.61,completed,Sports,South,49,4
2195,2024-03-21,4219.2,completed,Books,Central,36,2
2196,2024-03-21,466.63,completed,Electronics,North,43,5
2197,2024-03-21,619.65,refunded,Home,Central,45,5
2198,2024-03-21,103.0,completed,Home,South,18,5
2199,2024-03-21,633.89,completed,Clothing,North,40,4
2200,2024-03-21,4119.5,completed,Food,North,34,2
2201,2024-03-21,199.27,completed,Electronics,North,31,1
2202,2024-03-21,2331.24,completed,Sports,North,32,4
2203,2024-03-21,1243.11,refunded,Food,East,10,4
2204,2024-03-21,4164.17,completed,Electronics,South,49,2
2205,2024-03-21,4016.3,completed,Books,East,8,1
2206,2024-03-21,3832.31,refunded,Clothing,North,9,3
2207,2024-03-21,1897.5,completed,Clothing,Central,44,5
2208,2024-03-21,4628.7,completed,Home,East,11,1
2209,2024-03-21,4480.33,failed,Sports,East,4,2
2210,2024-03-21,3257.57,completed,Electronics,North,33,2
2211,2024-03-21,3066.84,failed,Books,South,16,1
2212,2024-03-21,1691.36,pending,Food,North,4,5
2213,2024-03-21,3682.08,completed,Electronics,South,10,5
2214,2024-03-21,4693.06,completed,Electronics,West,41,3
2215,2024-03-21,1587.91,pending,Home,East,8,2
2216,2024-03-21,1436.79,completed,Electronics,West,11,4
2217,2024-03-21,1325.28,failed,Books,North,32,5
2218,2024-03-21,4915.95,pending,Home,South,38,3
2219,2024-03-21,2706.19,completed,Food,North,28,5
2220,2024-03-22,4838.17,completed,Books,Central,8,1
2221,2024-03-22,3090.72,completed,Food,Central,15,4
2222,2024-03-22,1474.37,completed,Books,South,37,4
2223,2024-03-22,2936.12,completed,Clothing,West,23,3
2224,2024-03-22,785.68,completed,Clothing,West,4,3
2225,2024-03-22,2246.02,completed,Books,South,44,1
2226,2024-03-22,2219.95,completed,Electronics,East,6,2
2227,2024-03-22,2886.93,completed,Books,Central,34,4
2228,2024-03-22,1942.34,failed,Books,South,3,1
2229,2024-03-22,2281.13,failed,Home,East,21,2
2230,2024-03-22,4382.01,completed,Clothing,South,33,3
2231,2024-03-22,910.15,completed,Electronics,East,9,1
2232,2024-03-22,4614.02,failed,Clothing,South,9,5
2233,2024-03-22,2697.32,completed,Sports,North,33,5
2234,2024-03-22,3148.08,pending,Food,West,18,2
2235,2024-03-22,530.28,completed,Electronics,South,14,2
2236,2024-03-22,734.84,completed,Clothing,North,44,3
2237,2024-03-22,3665.53,completed,Sports,North,15,5
2238,2024-03-22,4504.3,completed,Home,Central,16,1
2239,2024-03-22,2599.09,pending,Electronics,East,40,1
2240,2024-03-22,845.96,refunded,Books,South,9,4
2241,2024-03-22,3986.61,completed,Home,South,22,4
2242,2024-03-22,4588.48,completed,Electronics,East,33,4
2243,2024-03-22,3354.19,pending,Electronics,South,4,3
2244,2024-03-22,922.49,pending,Food,South,8,2
2245,2024-03-22,2068.23,completed,Electronics,East,45,1
2246,2024-03-22,4699.78,completed,Books,Central,36,3
2247,2024-03-22,965.99,completed,Sports,South,17,1
2248,2024-03-23,862.06,completed,Food,North,22,1
2249,2024-03-23,3511.93,pending,Home,East,19,3
2250,2024-03-23,2720.1,failed,Home,South,46,5
2251,2024-03-23,1031.62,pending,Sports,West,37,4
2252,2024-03-23,3086.43,completed,Books,West,12,3
2253,2024-03-23,4684.01,pending,Electronics,East,5,1
2254,2024-03-23,4277.43,completed,Clothing,South,24,1
2255,2024-03-23,42.59,completed,Home,West,40,1
2256,2024-03-23,4385.13,completed,Books,East,42,4
2257,2024-03-23,3138.24,completed,Food,South,6,5
2258,2024-03-23,1342.96,failed,Sports,North,32,4
2259,2024-03-23,476.16,pending,Clothing,North,23,1
2260,2024-03-23,4856.32,completed,Clothing,Central,11,2
2261,2024-03-23,154.9,completed,Food,West,27,3
2262,2024-03-23,931.25,completed,Home,Central,4,3
2263,2024-03-23,3359.53,completed,Food,East,3,1
2264,2024-03-23,3792.16,completed,Electronics,North,28,3
2265,2024-03-23,1340.65,failed,Food,Central,9,3
2266,2024-03-23,3687.98,completed,Clothing,West,28,2
2267,2024-03-23,3828.21,pending,Food,West,48,3
2268,2024-03-23,4015.61,pending,Home,North,11,5
2269,2024-03-23,3772.07,completed,Clothing,North,36,1
2270,2024-03-23,172.99,completed,Clothing,Central,39,4
2271,2024-03-23,4462.62,completed,Food,Central,7,4
2272,2024-03-23,2818.27,completed,Electronics,North,12,5
2273,2024-03-23,2160.93,pending,Clothing,East,11,2
2274,2024-03-23,131.92,completed,Electronics,South,48,3
2275,2024-03-24,2958.09,pending,Home,West,29,3
2276,2024-03-24,822.17,completed,Sports,Central,35,5
2277,2024-03-24,2742.9,completed,Electronics,West,6,1
2278,2024-03-24,954.18,completed,Food,South,30,2
2279,2024-03-24,3442.7,pending,Electronics,South,28,2
2280,2024-03-24,453.34,completed,Sports,Central,33,2
2281,2024-03-24,3005.91,failed,Electronics,North,22,5
2282,2024-03-24,3222.57,completed,Books,West,1,3
2283,2024-03-24,1982.27,completed,Books,East,33,4
2284,2024-03-24,4586.61,completed,Sports,East,18,3
2285,2024-03-24,2637.48,completed,Home,North,13,4
2286,2024-03-24,3755.09,pending,Home,North,43,1
2287,2024-03-24,2228.13,completed,Clothing,East,9,2
2288,2024-03-24,3960.65,completed,Sports,West,46,3
2289,2024-03-24,4488.03,completed,Clothing,North,25,2
2290,2024-03-24,2070.81,completed,Electronics,East,10,1
2291,2024-03-24,4837.13,completed,Home,Central,42,4
2292,2024-03-24,774.11,completed,Home,East,45,1
2293,2024-03-24,4232.38,completed,Sports,West,47,5
2294,2024-03-24,2633.92,completed,Food,East,19,2
2295,2024-03-24,700.68,completed,Food,North,46,3
2296,2024-03-24,3130.41,failed,Sports,East,35,5
2297,2024-03-24,665.26,completed,Clothing,North,20,2
2298,2024-03-24,4438.55,completed,Books,East,43,1
2299,2024-03-24,4081.78,completed,Food,South,26,3
2300,2024-03-24,3275.03,completed,Clothing,West,11,2
2301,2024-03-24,1172.6,completed,Books,North,37,4
2302,2024-03-24,4814.39,completed,Sports,East,7,4
2303,2024-03-25,4267.29,completed,Clothing,North,15,5
2304,2024-03-25,3578.9,completed,Sports,Central,24,1
2305,2024-03-25,1833.19,completed,Home,West,30,1
2306,2024-03-25,2425.99,completed,Home,East,31,1
2307,2024-03-25,1696.93,completed,Home,Central,41,1
2308,2024-03-25,4248.44,completed,Food,North,28,1
2309,2024-03-25,1551.33,pending,Sports,West,25,2
2310,2024-03-25,1199.17,completed,Sports,Central,34,5
2311,2024-03-25,1079.59,completed,Home,East,26,1
2312,2024-03-25,2011.8,completed,Books,Central,46,1
2313,2024-03-25,3118.61,completed,Home,Central,20,2
2314,2024-03-25,4159.93,completed,Books,Central,6,4
2315,2024-03-25,4624.29,completed,Sports,North,31,4
2316,2024-03-25,409.64,completed,Food,South,48,1
2317,2024-03-25,245.47,completed,Electronics,West,10,1
2318,2024-03-25,1820.05,completed,Food,South,8,5
2319,2024-03-25,4052.42,completed,Food,West,21,5
2320,2024-03-25,4537.94,completed,Sports,North,46,4
2321,2024-03-25,850.57,completed,Sports,West,14,1
2322,2024-03-25,1435.94,failed,Books,Central,38,5
2323,2024-03-25,4510.79,completed,Clothing,South,14,4
2324,2024-03-25,2883.32,pending,Sports,West,40,5
2325,2024-03-25,2044.4,completed,Sports,North,13,4
2326,2024-03-25,1225.24,completed,Home,South,43,5
2327,2024-03-25,573.35,pending,Clothing,North,25,1
2328,2024-03-25,551.16,completed,Sports,North,6,1
2329,2024-03-25,3373.63,pending,Electronics,East,47,5
2330,2024-03-26,3604.87,pending,Sports,Central,33,3
2331,2024-03-26,1834.77,completed,Sports,North,1,4
2332,2024-03-26,3033.94,completed,Sports,South,17,4
2333,2024-03-26,788.61,completed,Food,North,44,5
2334,2024-03-26,114.56,completed,Food,East,19,1
2335,2024-03-26,508.13,pending,Electronics,West,47,2
2336,2024-03-26,538.24,completed,Food,North,26,2
2337,2024-03-26,4924.01,completed,Sports,South,6,2
2338,2024-03-26,1187.71,completed,Home,North,30,3
2339,2024-03-26,679.28,completed,Electronics,North,4,3
2340,2024-03-26,3978.98,completed,Books,South,35,5
2341,2024-03-26,1839.63,completed,Clothing,South,5,2
2342,2024-03-26,1039.24,completed,Food,South,30,5
2343,2024-03-26,1109.66,pending,Sports,Central,8,3
2344,2024-03-26,703.8,completed,Electronics,South,12,5
2345,2024-03-26,408.73,completed,Electronics,South,10,5
2346,2024-03-26,3403.88,completed,Clothing,East,18,2
2347,2024-03-26,2205.52,failed,Clothing,Central,30,4
2348,2024-03-26,750.71,pending,Sports,South,43,4
2349,2024-03-26,3964.3,completed,Clothing,East,32,3
2350,2024-03-26,105.43,failed,Home,Central,35,1
2351,2024-03-26,2158.88,failed,Home,Central,42,5
2352,2024-03-26,645.25,completed,Sports,East,23,5
2353,2024-03-26,148.58,pending,Food,West,5,2
2354,2024-03-26,2757.8,refunded,Sports,North,12,3
2355,2024-03-26,785.61,completed,Electronics,West,49,3
2356,2024-03-26,351.9,completed,Home,South,41,4
2357,2024-03-27,2399.07,completed,Food,South,49,2
2358,2024-03-27,4219.74,completed,Food,East,13,5
2359,2024-03-27,2433.29,refunded,Home,Central,8,1
2360,2024-03-27,407.47,completed,Electronics,East,45,3
2361,2024-03-27,1528.74,pending,Electronics,South,49,3
2362,2024-03-27,2236.0,pending,Books,West,22,2
2363,2024-03-27,1412.97,completed,Home,East,49,3
2364,2024-03-27,1694.31,completed,Home,West,33,2
2365,2024-03-27,2505.84,completed,Home,East,42,2
2366,2024-03-27,4712.93,completed,Food,East,11,1
2367,2024-03-27,4026.2,completed,Books,North,29,3
2368,2024-03-27,1029.84,completed,Sports,South,8,4
2369,2024-03-27,3928.44,completed,Clothing,North,38,5
2370,2024-03-27,1978.78,completed,Home,North,12,5
2371,2024-03-27,4080.42,failed,Home,Central,42,4
2372,2024-03-27,3089.36,completed,Electronics,North,28,5
2373,2024-03-27,3398.13,completed,Food,South,34,2
2374,2024-03-27,1816.89,completed,Food,North,34,5
2375,2024-03-27,3568.83,completed,Sports,East,45,5
2376,2024-03-27,2832.79,completed,Food,East,24,2
2377,2024-03-27,3096.67,completed,Home,West,20,4
2378,2024-03-27,2739.75,failed,Food,North,39,1
2379,2024-03-27,288.4,completed,Food,North,20,2
2380,2024-03-27,2376.5,completed,Clothing,South,8,2
2381,2024-03-27,265.77,completed,Home,North,31,4
2382,2024-03-27,850.82,pending,Food,North,46,4
2383,2024-03-27,2383.21,completed,Food,East,32,2
2384,2024-03-27,2036.81,failed,Sports,Central,30,4
2385,2024-03-28,249.21,completed,Sports,North,14,1
2386,2024-03-28,694.75,completed,Sports,South,17,4
2387,2024-03-28,2331.82,completed,Electronics,Central,30,5
2388,2024-03-28,4838.62,pending,Home,West,27,1
2389,2024-03-28,2437.12,pending,Sports,South,47,4
2390,2024-03-28,3865.04,completed,Sports,Central,22,4
2391,2024-03-28,2220.86,completed,Books,East,34,2
2392,2024-03-28,966.71,completed,Sports,Central,40,2
2393,2024-03-28,115.7,failed,Sports,East,33,2
2394,2024-03-28,1883.71,pending,Clothing,Central,15,2
2395,2024-03-28,4598.26,completed,Food,South,41,2
2396,2024-03-28,1630.87,completed,Electronics,West,31,4
2397,2024-03-28,1848.95,completed,Electronics,South,24,2
2398,2024-03-28,3466.67,failed,Books,South,36,5
2399,2024-03-28,3687.2,completed,Sports,North,41,3
2400,2024-03-28,3045.84,completed,Sports,East,48,3
2401,2024-03-28,1697.75,pending,Sports,North,37,5
2402,2024-03-28,4726.83,completed,Food,East,5,1
2403,2024-03-28,1769.03,completed,Books,East,30,3
2404,2024-03-28,1467.13,completed,Sports,East,31,2
2405,2024-03-28,4217.37,pending,Electronics,North,4,5
2406,2024-03-28,4676.76,completed,Books,South,18,5
2407,2024-03-28,4783.25,completed,Food,Central,5,5
2408,2024-03-28,2670.76,failed,Clothing,North,20,4
2409,2024-03-28,4348.76,failed,Books,Central,22,2
2410,2024-03-28,926.71,completed,Food,North,21,5
2411,2024-03-28,4446.11,completed,Books,Central,38,3
2412,2024-03-29,3793.38,completed,Sports,East,17,3
2413,2024-03-29,2001.94,completed,Books,West,19,3
2414,2024-03-29,1233.47,completed,Books,Central,26,3
2415,2024-03-29,3800.65,completed,Food,West,7,5
2416,2024-03-29,2158.62,completed,Electronics,West,12,3
2417,2024-03-29,4893.29,pending,Food,North,31,5
2418,2024-03-29,4274.46,pending,Books,South,42,5
2419,2024-03-29,3954.25,completed,Food,Central,33,2
2420,2024-03-29,1675.62,pending,Electronics,Central,41,5
2421,2024-03-29,3561.14,completed,Books,South,10,2
2422,2024-03-29,3782.07,completed,Books,West,5,3
2423,2024-03-29,2053.15,completed,Home,East,40,5
2424,2024-03-29,481.97,completed,Home,Central,4,5
2425,2024-03-29,3679.07,pending,Books,Central,44,1
2426,2024-03-29,1479.38,completed,Electronics,Central,21,4
2427,2024-03-29,672.48,failed,Sports,West,2,3
2428,2024-03-29,222.99,completed,Food,West,33,4
2429,2024-03-29,1643.02,completed,Books,Central,49,5
2430,2024-03-29,2554.62,completed,Sports,Central,30,5
2431,2024-03-29,201.6,completed,Books,South,40,1
2432,2024-03-29,2821.37,completed,Food,East,11,1
2433,2024-03-29,4477.98,completed,Home,South,46,4
2434,2024-03-29,2993.64,completed,Food,West,27,1
2435,2024-03-29,2627.69,completed,Books,Central,38,4
2436,2024-03-29,1169.0,completed,Books,South,1,1
2437,2024-03-29,2201.85,refunded,Sports,East,18,4
2438,2024-03-29,3006.83,completed,Home,Central,9,3
2439,2024-03-29,4326.85,completed,Clothing,South,46,5
2440,2024-03-30,4410.38,failed,Home,West,14,5
2441,2024-03-30,2265.12,completed,Books,Central,28,2
2442,2024-03-30,926.48,completed,Clothing,South,36,1
2443,2024-03-30,3539.79,pending,Books,South,13,3
2444,2024-03-30,4753.34,completed,Home,East,37,3
2445,2024-03-30,4789.94,completed,Books,Central,33,3
2446,2024-03-30,4978.31,completed,Electronics,North,7,4
2447,2024-03-30,1268.65,pending,Food,Central,13,4
2448,2024-03-30,4186.25,completed,Clothing,East,9,4
2449,2024-03-30,268.0,pending,Clothing,North,11,5
2450,2024-03-30,85.04,refunded,Sports,West,10,2
2451,2024-03-30,3372.1,pending,Electronics,East,30,3
2452,2024-03-30,608.21,completed,Home,South,28,2
2453,2024-03-30,1947.92,pending,Home,South,24,4
2454,2024-03-30,72.14,pending,Clothing,West,5,1
2455,2024-03-30,443.09,completed,Clothing,East,36,4
2456,2024-03-30,1051.19,completed,Clothing,West,39,1
2457,2024-03-30,2776.79,completed,Electronics,Central,38,1
2458,2024-03-30,1666.38,completed,Electronics,Central,34,1
2459,2024-03-30,2823.65,pending,Sports,Central,29,4
2460,2024-03-30,3248.38,completed,Food,Central,35,3
2461,2024-03-30,26.79,completed,Clothing,West,19,3
2462,2024-03-30,4240.02,completed,Books,South,15,4
2463,2024-03-30,298.15,completed,Clothing,North,28,1
2464,2024-03-30,4366.54,pending,Books,South,27,4
2465,2024-03-30,4880.54,failed,Clothing,East,8,3
2466,2024-03-30,4518.57,completed,Clothing,South,15,4
2467,2024-03-31,2715.45,refunded,Home,West,9,3
2468,2024-03-31,3850.63,completed,Clothing,South,22,1
2469,2024-03-31,871.68,completed,Clothing,Central,39,1
2470,2024-03-31,4686.09,pending,Sports,North,5,3
2471,2024-03-31,126.41,completed,Food,North,31,1
2472,2024-03-31,2761.88,failed,Electronics,East,10,2
2473,2024-03-31,2311.33,completed,Sports,South,28,5
2474,2024-03-31,3986.51,completed,Electronics,Central,5,4
2475,2024-03-31,3727.72,completed,Food,East,10,5
2476,2024-03-31,1657.59,completed,Food,West,31,5
2477,2024-03-31,826.01,completed,Books,West,47,5
2478,2024-03-31,3973.42,completed,Books,East,40,4
2479,2024-03-31,4887.61,completed,Books,West,49,3
2480,2024-03-31,498.37,completed,Home,South,48,2
2481,2024-03-31,3667.11,pending,Books,East,28,4
2482,2024-03-31,2583.28,failed,Electronics,South,34,2
2483,2024-03-31,1566.81,completed,Electronics,Central,22,4
2484,2024-03-31,82.09,completed,Food,North,43,3
2485,2024-03-31,3623.09,completed,Electronics,Central,10,2
2486,2024-03-31,668.83,completed,Home,North,17,5
2487,2024-03-31,4255.57,completed,Sports,East,47,5
2488,2024-03-31,1330.31,completed,Sports,West,40,4
2489,2024-03-31,2965.8,completed,Sports,East,4,2
2490,2024-03-31,1428.36,completed,Books,Central,12,1
2491,2024-03-31,3514.28,completed,Food,Central,40,4
2492,2024-03-31,594.58,failed,Electronics,Central,28,4
2493,2024-03-31,1721.66,completed,Electronics,West,39,3
2494,2024-04-01,2549.71,completed,Food,Central,19,1
2495,2024-04-01,2931.43,completed,Clothing,South,39,5
2496,2024-04-01,2902.09,failed,Home,North,34,2
2497,2024-04-01,406.19,completed,Sports,East,28,1
2498,2024-04-01,178.54,pending,Sports,South,29,2
2499,2024-04-01,1193.59,completed,Food,North,3,3
2500,2024-04-01,198.15,completed,Sports,South,39,4
2501,2024-04-01,1110.81,completed,Food,North,30,5
2502,2024-04-01,305.7,pending,Books,North,12,5
2503,2024-04-01,2641.46,pending,Sports,West,6,2
2504,2024-04-01,531.7,completed,Food,South,44,2
2505,2024-04-01,2082.06,refunded,Books,East,22,5
2506,2024-04-01,3850.11,completed,Clothing,West,16,4
2507,2024-04-01,3864.25,completed,Clothing,South,43,5
2508,2024-04-01,2815.31,failed,Sports,East,4,3
2509,2024-04-01,163.6,completed,Home,East,43,2
2510,2024-04-01,2688.12,pending,Food,Central,20,4
2511,2024-04-01,1270.77,completed,Electronics,Central,39,5
2512,2024-04-01,2846.35,completed,Clothing,North,2,1
2513,2024-04-01,4542.97,completed,Home,West,38,1
2514,2024-04-01,2998.35,failed,Books,West,33,3
2515,2024-04-01,4703.52,failed,Clothing,Central,44,5
2516,2024-04-01,1050.97,refunded,Home,East,10,5
2517,2024-04-01,1348.93,completed,Electronics,East,6,2
2518,2024-04-01,752.21,completed,Food,West,37,2
2519,2024-04-01,400.88,completed,Food,West,33,2
2520,2024-04-01,62.4,completed,Electronics,East,45,4
2521,2024-04-01,4640.39,completed,Clothing,West,39,4
2522,2024-04-02,2264.15,completed,Books,North,29,4
2523,2024-04-02,4694.9,completed,Electronics,Central,41,4
2524,2024-04-02,4321.37,completed,Food,South,33,5
2525,2024-04-02,3722.12,completed,Sports,South,8,5
2526,2024-04-02,4590.04,pending,Books,South,21,2
2527,2024-04-02,1327.41,pending,Food,North,11,4
2528,2024-04-02,4283.32,completed,Home,South,5,5
2529,2024-04-02,3403.1,completed,Food,North,8,5
2530,2024-04-02,3001.71,completed,Food,South,22,2
2531,2024-04-02,3097.14,completed,Books,West,28,2
2532,2024-04-02,4531.73,completed,Clothing,West,21,3
2533,2024-04-02,4645.3,pending,Food,East,48,3
2534,2024-04-02,893.05,completed,Home,Central,19,3
2535,2024-04-02,413.02,completed,Clothing,West,24,5
2536,2024-04-02,1370.49,completed,Sports,North,31,4
2537,2024-04-02,4052.8,refunded,Sports,East,12,3
2538,2024-04-02,494.34,pending,Clothing,South,26,2
2539,2024-04-02,3312.19,pending,Clothing,East,12,1
2540,2024-04-02,2002.07,completed,Clothing,South,45,2
2541,2024-04-02,4562.51,completed,Food,Central,23,5
2542,2024-04-02,4101.9,completed,Books,North,38,5
2543,2024-04-02,2543.89,completed,Sports,North,23,5
2544,2024-04-02,1909.53,completed,Food,South,35,4
2545,2024-04-02,4174.71,completed,Food,Central,7,1
2546,2024-04-02,1229.29,failed,Sports,West,45,3
2547,2024-04-02,2721.34,completed,Electronics,South,16,1
2548,2024-04-02,4659.0,completed,Clothing,South,24,1
2549,2024-04-03,3022.46,completed,Electronics,South,38,2
2550,2024-04-03,4651.13,completed,Clothing,South,46,5
2551,2024-04-03,2215.63,completed,Home,East,27,3
2552,2024-04-03,3150.19,refunded,Clothing,Central,21,4
2553,2024-04-03,4702.58,completed,Home,West,24,4
2554,2024-04-03,3689.01,pending,Home,West,15,5
2555,2024-04-03,4528.93,pending,Food,South,20,5
2556,2024-04-03,4161.89,completed,Electronics,South,39,2
2557,2024-04-03,398.23,completed,Clothing,North,35,5
2558,2024-04-03,1299.75,completed,Books,North,40,1
2559,2024-04-03,3710.0,failed,Food,East,16,3
2560,2024-04-03,4451.3,pending,Home,Central,21,4
2561,2024-04-03,4013.52,completed,Food,West,5,4
2562,2024-04-03,1572.66,completed,Clothing,Central,32,4
2563,2024-04-03,3109.01,completed,Sports,South,35,5
2564,2024-04-03,3310.34,completed,Home,West,43,5
2565,2024-04-03,2192.19,completed,Books,West,44,4
2566,2024-04-03,2942.61,completed,Sports,North,2,1
2567,2024-04-03,4930.12,refunded,Books,North,9,1
2568,2024-04-03,2727.98,failed,Clothing,West,38,3
2569,2024-04-03,979.85,completed,Books,South,23,4
2570,2024-04-03,2525.48,refunded,Home,East,18,1
2571,2024-04-03,887.0,completed,Home,Central,23,1
2572,2024-04-03,3444.16,completed,Sports,North,46,3
2573,2024-04-03,4510.49,completed,Books,North,47,5
2574,2024-04-03,3382.58,completed,Electronics,North,7,5
2575,2024-04-03,4389.38,pending,Food,West,32,1
2576,2024-04-03,3641.17,failed,Sports,North,32,4
2577,2024-04-04,2192.91,completed,Home,West,22,4
2578,2024-04-04,2695.6,completed,Books,North,38,2
2579,2024-04-04,2667.47,completed,Electronics,East,10,5
2580,2024-04-04,1968.54,completed,Home,East,8,4
2581,2024-04-04,473.68,completed,Home,West,18,5
2582,2024-04-04,3512.06,completed,Books,West,43,3
2583,2024-04-04,245.34,completed,Food,East,2,2
2584,2024-04-04,1028.2,completed,Sports,Central,20,3
2585,2024-04-04,2274.84,completed,Clothing,South,31,2
2586,2024-04-04,4935.56,completed,Sports,Central,2,1
2587,2024-04-04,1541.26,completed,Clothing,Central,14,1
2588,2024-04-04,3975.58,failed,Sports,Central,33,4
2589,2024-04-04,2103.16,pending,Sports,East,38,4
2590,2024-04-04,1115.56,pending,Electronics,North,1,4
2591,2024-04-04,142.64,completed,Electronics,East,34,2
2592,2024-04-04,451.35,completed,Books,East,46,1
2593,2024-04-04,2089.51,completed,Food,South,25,5
2594,2024-04-04,2006.92,completed,Home,North,26,1
2595,2024-04-04,3135.52,completed,Sports,Central,39,5
2596,2024-04-04,320.47,completed,Home,West,43,3
2597,2024-04-04,1426.83,failed,Clothing,North,15,3
2598,2024-04-04,126.89,failed,Sports,North,33,3
2599,2024-04-04,4360.84,failed,Food,Central,36,4
2600,2024-04-04,1993.75,completed,Clothing,West,46,1
2601,2024-04-04,2925.59,completed,Food,North,21,1
2602,2024-04-04,3555.68,completed,Home,South,27,5
2603,2024-04-04,1347.17,completed,Books,North,19,1
2604,2024-04-05,683.4,completed,Electronics,West,16,4
2605,2024-04-05,2905.55,completed,Food,North,17,1
2606,2024-04-05,4517.76,completed,Sports,West,4,2
2607,2024-04-05,4463.97,completed,Sports,South,37,4
2608,2024-04-05,1548.12,completed,Food,South,13,5
2609,2024-04-05,1338.14,completed,Sports,South,29,1
2610,2024-04-05,1774.25,completed,Home,Central,45,3
2611,2024-04-05,1233.78,failed,Electronics,East,21,1
2612,2024-04-05,4822.92,completed,Books,South,49,2
2613,2024-04-05,182.99,completed,Home,Central,4,5
2614,2024-04-05,964.72,failed,Food,North,2,5
2615,2024-04-05,151.21,failed,Home,South,17,3
2616,2024-04-05,4271.36,completed,Home,East,13,3
2617,2024-04-05,2362.82,pending,Clothing,East,38,2
2618,2024-04-05,1147.98,completed,Clothing,East,10,3
2619,2024-04-05,1983.02,completed,Food,South,41,1
2620,2024-04-05,539.36,failed,Food,Central,26,1
2621,2024-04-05,547.27,completed,Sports,North,12,2
2622,2024-04-05,4734.96,completed,Home,East,23,5
2623,2024-04-05,3483.42,completed,Books,West,32,3
2624,2024-04-05,3197.07,pending,Electronics,South,49,2
2625,2024-04-05,2369.06,failed,Home,West,4,1
2626,2024-04-05,2454.2,completed,Food,East,18,2
2627,2024-04-05,3862.5,completed,Food,East,23,3
2628,2024-04-05,271.43,completed,Sports,Central,30,5
2629,2024-04-05,3340.53,completed,Sports,North,44,1
2630,2024-04-05,2757.01,completed,Home,South,39,1
2631,2024-04-06,1540.43,completed,Home,Central,25,1
2632,2024-04-06,1086.2,completed,Electronics,North,1,5
2633,2024-04-06,4310.16,completed,Clothing,North,12,5
2634,2024-04-06,4658.47,pending,Food,Central,39,2
2635,2024-04-06,488.15,completed,Home,North,24,2
2636,2024-04-06,857.45,completed,Food,Central,34,2
2637,2024-04-06,3338.88,completed,Food,Central,35,1
2638,2024-04-06,3872.33,completed,Home,Central,45,4
2639,2024-04-06,2461.79,pending,Home,North,14,5
2640,2024-04-06,4635.19,failed,Books,South,48,2
2641,2024-04-06,4366.43,completed,Books,North,36,2
2642,2024-04-06,640.01,failed,Food,West,28,2
2643,2024-04-06,720.81,failed,Sports,South,7,2
2644,2024-04-06,438.62,completed,Home,South,36,1
2645,2024-04-06,4378.35,pending,Clothing,East,47,4
2646,2024-04-06,2792.58,completed,Sports,West,49,2
2647,2024-04-06,4707.55,pending,Books,East,13,3
2648,2024-04-06,3648.88,pending,Sports,North,42,5
2649,2024-04-06,3662.68,refunded,Food,East,47,3
2650,2024-04-06,634.5,completed,Books,East,29,1
2651,2024-04-06,556.51,pending,Books,East,4,1
2652,2024-04-06,4655.47,completed,Food,Central,8,5
2653,2024-04-06,2418.18,failed,Clothing,South,35,4
2654,2024-04-06,4969.7,completed,Electronics,North,19,3
2655,2024-04-06,1621.94,completed,Home,North,26,1
2656,2024-04-06,3110.87,pending,Books,North,43,4
2657,2024-04-06,2868.31,completed,Food,Central,30,1
2658,2024-04-06,349.71,completed,Food,West,5,4
2659,2024-04-07,2599.09,completed,Food,South,21,2
2660,2024-04-07,4622.67,completed,Food,West,44,1
2661,2024-04-07,2274.81,pending,Food,Central,41,5
2662,2024-04-07,2368.42,failed,Home,East,31,5
2663,2024-04-07,3507.23,completed,Food,West,24,4
2664,2024-04-07,3905.74,pending,Sports,West,40,4
2665,2024-04-07,4141.52,completed,Food,South,27,3
2666,2024-04-07,2265.32,failed,Sports,Central,20,5
2667,2024-04-07,2225.63,pending,Electronics,Central,8,1
2668,2024-04-07,2372.05,completed,Sports,West,16,3
2669,2024-04-07,4845.25,completed,Clothing,Central,40,5
2670,2024-04-07,4646.62,completed,Food,East,48,3
2671,2024-04-07,3117.52,failed,Books,West,30,4
2672,2024-04-07,1428.8,completed,Books,West,29,3
2673,2024-04-07,4503.08,completed,Electronics,East,33,1
2674,2024-04-07,862.94,completed,Books,South,34,1
2675,2024-04-07,542.69,pending,Electronics,South,30,1
2676,2024-04-07,2078.68,completed,Clothing,North,46,1
2677,2024-04-07,3429.66,completed,Food,East,43,1
2678,2024-04-07,272.42,completed,Books,North,24,4
2679,2024-04-07,1571.32,completed,Books,East,14,4
2680,2024-04-07,3922.9,completed,Food,East,5,3
2681,2024-04-07,3299.5,refunded,Electronics,North,30,2
2682,2024-04-07,431.49,failed,Electronics,South,13,1
2683,2024-04-07,1017.04,completed,Food,Central,10,4
2684,2024-04-07,3628.6,completed,Home,North,31,5
2685,2024-04-07,592.06,completed,Sports,South,37,3
2686,2024-04-08,58.42,pending,Food,South,38,1
2687,2024-04-08,4963.48,completed,Clothing,West,19,3
2688,2024-04-08,3073.53,completed,Food,Central,25,5
2689,2024-04-08,2150.48,completed,Food,West,23,4
2690,2024-04-08,2989.42,completed,Books,North,32,4
2691,2024-04-08,3354.22,completed,Books,South,19,2
2692,2024-04-08,2482.55,refunded,Food,Central,34,5
2693,2024-04-08,3293.76,completed,Books,West,11,4
2694,2024-04-08,3545.76,pending,Home,North,3,3
2695,2024-04-08,905.49,failed,Food,East,23,5
2696,2024-04-08,2124.31,completed,Electronics,East,24,3
2697,2024-04-08,1530.0,completed,Home,South,28,2
2698,2024-04-08,3988.77,completed,Sports,Central,43,1
2699,2024-04-08,3851.83,completed,Books,West,16,1
2700,2024-04-08,4054.92,completed,Electronics,North,3,5
2701,2024-04-08,2193.02,failed,Home,South,14,3
2702,2024-04-08,2880.9,pending,Clothing,East,34,2
2703,2024-04-08,3530.99,pending,Home,West,48,2
2704,2024-04-08,1617.34,pending,Clothing,West,28,3
2705,2024-04-08,4888.65,completed,Electronics,Central,14,5
2706,2024-04-08,1899.33,pending,Food,East,36,1
2707,2024-04-08,2689.71,completed,Food,North,15,4
2708,2024-04-08,4135.7,completed,Home,North,44,1
2709,2024-04-08,3737.97,completed,Electronics,North,8,3
2710,2024-04-08,2512.87,completed,Clothing,East,44,5
2711,2024-04-08,2047.55,completed,Books,West,30,4
2712,2024-04-08,3189.01,completed,Books,North,41,3
2713,2024-04-08,2184.21,completed,Home,South,32,5
2714,2024-04-09,2964.12,refunded,Food,East,22,2
2715,2024-04-09,4001.9,completed,Books,South,34,2
2716,2024-04-09,617.69,completed,Clothing,South,9,2
2717,2024-04-09,3489.77,completed,Food,South,16,5
2718,2024-04-09,278.63,completed,Food,West,36,5
2719,2024-04-09,3672.71,failed,Books,West,2,2
2720,2024-04-09,1053.68,completed,Home,Central,37,4
2721,2024-04-09,2471.94,completed,Clothing,Central,6,4
2722,2024-04-09,1342.29,completed,Sports,South,8,3
2723,2024-04-09,1616.32,completed,Clothing,South,6,3
2724,2024-04-09,3147.33,pending,Food,West,37,5
2725,2024-04-09,2161.56,completed,Electronics,East,1,5
2726,2024-04-09,2442.97,pending,Clothing,Central,37,3
2727,2024-04-09,4994.72,completed,Sports,Central,41,3
2728,2024-04-09,616.85,pending,Books,East,27,5
2729,2024-04-09,1927.51,completed,Home,West,6,2
2730,2024-04-09,2655.75,completed,Clothing,Central,42,1
2731,2024-04-09,4070.39,completed,Food,East,12,4
2732,2024-04-09,1419.14,completed,Electronics,South,45,3
2733,2024-04-09,1975.3,completed,Clothing,Central,31,1
2734,2024-04-09,4108.1,pending,Electronics,North,9,3
2735,2024-04-09,2656.55,failed,Clothing,West,5,5
2736,2024-04-09,4281.77,completed,Electronics,North,9,1
2737,2024-04-09,331.1,completed,Sports,South,29,5
2738,2024-04-09,1442.53,completed,Home,Central,5,4
2739,2024-04-09,2793.19,failed,Electronics,South,23,5
2740,2024-04-09,618.71,completed,Food,West,46,4
2741,2024-04-10,2414.12,completed,Home,East,49,5
2742,2024-04-10,98.0,failed,Electronics,North,9,2
2743,2024-04-10,2528.26,completed,Sports,West,31,3
2744,2024-04-10,4602.37,pending,Books,South,27,2
2745,2024-04-10,4742.11,completed,Sports,Central,24,4
2746,2024-04-10,1602.37,completed,Food,South,5,5
2747,2024-04-10,27.25,completed,Electronics,East,19,4
2748,2024-04-10,4561.62,failed,Books,Central,29,3
2749,2024-04-10,2840.28,completed,Home,East,33,4
2750,2024-04-10,2907.3,completed,Books,South,21,4
2751,2024-04-10,4077.19,pending,Electronics,South,46,1
2752,2024-04-10,1972.83,completed,Electronics,North,12,4
2753,2024-04-10,2106.38,completed,Food,West,27,3
2754,2024-04-10,4258.92,completed,Sports,North,34,2
2755,2024-04-10,2462.78,completed,Clothing,West,11,2
2756,2024-04-10,3681.68,refunded,Food,East,24,4
2757,2024-04-10,4526.12,completed,Home,North,6,4
2758,2024-04-10,1974.02,completed,Home,North,24,5
2759,2024-04-10,4445.77,completed,Home,North,33,2
2760,2024-04-10,1643.72,completed,Books,Central,48,5
2761,2024-04-10,4648.59,failed,Home,North,2,2
2762,2024-04-10,1533.8,completed,Food,Central,16,1
2763,2024-04-10,1178.78,completed,Home,North,15,2
2764,2024-04-10,3606.9,completed,Food,East,49,2
2765,2024-04-10,4610.77,completed,Home,East,43,1
2766,2024-04-10,3843.06,pending,Books,West,42,1
2767,2024-04-10,3703.21,completed,Home,East,43,1
2768,2024-04-11,4865.4,pending,Food,North,8,2
2769,2024-04-11,2791.64,pending,Home,South,10,1
2770,2024-04-11,4439.22,refunded,Books,North,18,2
2771,2024-04-11,195.1,completed,Sports,Central,34,3
2772,2024-04-11,669.46,completed,Home,North,16,3
2773,2024-04-11,1364.74,completed,Electronics,West,40,1
2774,2024-04-11,4731.16,pending,Food,East,36,2
2775,2024-04-11,992.68,completed,Electronics,South,35,4
2776,2024-04-11,1921.58,completed,Clothing,North,14,4
2777,2024-04-11,187.29,pending,Electronics,East,26,3
2778,2024-04-11,400.16,completed,Food,West,14,5
2779,2024-04-11,2917.41,completed,Food,East,31,3
2780,2024-04-11,497.71,pending,Electronics,West,37,1
2781,2024-04-11,4497.03,refunded,Food,West,22,1
2782,2024-04-11,4430.15,pending,Food,Central,39,2
2783,2024-04-11,3114.85,completed,Electronics,South,15,2
2784,2024-04-11,1987.47,completed,Home,West,37,1
2785,2024-04-11,4440.23,completed,Clothing,South,11,4
2786,2024-04-11,2444.21,completed,Clothing,East,25,5
2787,2024-04-11,961.17,pending,Electronics,East,43,3
2788,2024-04-11,1734.84,completed,Electronics,South,37,3
2789,2024-04-11,1822.08,pending,Sports,West,24,5
2790,2024-04-11,2903.25,pending,Electronics,Central,29,2
2791,2024-04-11,2012.02,completed,Electronics,East,32,3
2792,2024-04-11,4093.21,pending,Books,North,43,2
2793,2024-04-11,3136.29,completed,Food,East,15,5
2794,2024-04-11,1268.1,completed,Sports,North,35,5
2795,2024-04-11,2016.38,completed,Sports,East,46,4
2796,2024-04-12,3619.0,pending,Sports,West,31,4
2797,2024-04-12,1218.81,refunded,Electronics,East,36,5
2798,2024-04-12,467.25,failed,Books,Central,31,3
2799,2024-04-12,3558.61,completed,Home,South,46,3
2800,2024-04-12,2039.22,refunded,Sports,North,15,2
2801,2024-04-12,630.15,failed,Home,West,47,1
2802,2024-04-12,2402.55,completed,Home,Central,29,5
2803,2024-04-12,2805.97,completed,Home,North,30,1
2804,2024-04-12,138.53,refunded,Food,South,48,5
2805,2024-04-12,3957.69,completed,Clothing,East,4,3
2806,2024-04-12,2462.64,refunded,Books,West,47,1
2807,2024-04-12,137.49,completed,Clothing,Central,47,4
2808,2024-04-12,4310.31,completed,Books,West,6,3
2809,2024-04-12,2930.43,completed,Home,Central,32,1
2810,2024-04-12,4816.63,completed,Food,East,20,1
2811,2024-04-12,1413.28,pending,Food,South,11,4
2812,2024-04-12,2068.92,completed,Books,Central,12,3
2813,2024-04-12,3318.06,completed,Books,South,1,3
2814,2024-04-12,4570.77,failed,Books,South,38,5
2815,2024-04-12,3957.92,completed,Food,West,14,5
2816,2024-04-12,3218.67,completed,Electronics,West,28,1
2817,2024-04-12,3979.63,failed,Clothing,West,21,2
2818,2024-04-12,483.26,failed,Electronics,East,44,2
2819,2024-04-12,3623.65,pending,Electronics,West,7,3
2820,2024-04-12,2897.35,completed,Sports,West,7,3
2821,2024-04-12,1378.52,completed,Electronics,South,36,4
2822,2024-04-12,1200.36,pending,Electronics,Central,31,2
2823,2024-04-13,1448.47,pending,Clothing,East,28,2
2824,2024-04-13,623.13,pending,Books,South,24,1
2825,2024-04-13,1373.54,completed,Electronics,South,27,1
2826,2024-04-13,365.55,completed,Electronics,North,29,2
2827,2024-04-13,3366.97,pending,Home,East,46,4
2828,2024-04-13,2566.35,failed,Sports,West,41,2
2829,2024-04-13,647.13,completed,Clothing,Central,45,2
2830,2024-04-13,3489.01,completed,Books,North,42,2
2831,2024-04-13,898.28,completed,Sports,West,11,5
2832,2024-04-13,2479.48,pending,Clothing,South,1,5
2833,2024-04-13,4601.33,failed,Books,North,27,3
2834,2024-04-13,3806.99,completed,Home,East,42,5
2835,2024-04-13,2924.85,completed,Electronics,North,21,5
2836,2024-04-13,2928.75,completed,Electronics,North,49,4
2837,2024-04-13,330.32,completed,Home,South,13,4
2838,2024-04-13,2140.78,pending,Home,Central,38,1
2839,2024-04-13,1542.54,completed,Sports,North,6,1
2840,2024-04-13,2378.43,failed,Home,South,10,1
2841,2024-04-13,4757.61,completed,Sports,Central,45,4
2842,2024-04-13,3934.72,pending,Books,South,15,4
2843,2024-04-13,3053.78,completed,Electronics,South,47,3
2844,2024-04-13,3526.4,completed,Home,West,5,4
2845,2024-04-13,3655.69,completed,Clothing,North,45,5
2846,2024-04-13,2287.3,completed,Sports,North,49,1
2847,2024-04-13,4333.12,completed,Electronics,South,49,4
2848,2024-04-13,3090.36,pending,Food,West,21,5
2849,2024-04-13,3692.79,completed,Books,North,23,4
2850,2024-04-13,65.13,pending,Electronics,North,45,4
2851,2024-04-14,2694.21,completed,Food,North,7,4
2852,2024-04-14,1827.28,completed,Electronics,West,38,2
2853,2024-04-14,286.46,completed,Food,West,5,2
2854,2024-04-14,3234.21,pending,Electronics,South,18,5
2855,2024-04-14,4644.51,completed,Clothing,North,39,2
2856,2024-04-14,3666.45,completed,Books,West,13,4
2857,2024-04-14,408.66,completed,Food,West,5,3
2858,2024-04-14,292.89,completed,Electronics,North,23,5
2859,2024-04-14,1731.71,completed,Sports,West,32,2
2860,2024-04-14,1200.35,completed,Food,Central,17,5
2861,2024-04-14,147.58,pending,Clothing,West,33,5
2862,2024-04-14,209.96,completed,Clothing,South,28,1
2863,2024-04-14,1732.28,completed,Electronics,South,34,4
2864,2024-04-14,676.36,completed,Home,South,2,3
2865,2024-04-14,981.39,completed,Sports,South,10,3
2866,2024-04-14,4348.9,completed,Electronics,North,31,1
2867,2024-04-14,4968.45,pending,Home,Central,20,4
2868,2024-04-14,4024.85,completed,Sports,North,44,2
2869,2024-04-14,1171.51,pending,Sports,South,14,3
2870,2024-04-14,887.45,completed,Electronics,North,12,2
2871,2024-04-14,2896.59,failed,Clothing,East,2,5
2872,2024-04-14,3921.72,completed,Books,North,17,3
2873,2024-04-14,3290.64,completed,Sports,West,4,3
2874,2024-04-14,4020.72,completed,Food,East,45,5
2875,2024-04-14,2440.12,pending,Sports,East,25,1
2876,2024-04-14,4938.96,completed,Books,West,35,1
2877,2024-04-14,3936.47,completed,Home,Central,30,1
2878,2024-04-15,264.2,completed,Electronics,North,1,3
2879,2024-04-15,1826.63,completed,Clothing,West,29,1
2880,2024-04-15,2802.51,completed,Books,North,21,5
2881,2024-04-15,1128.75,failed,Sports,North,40,4
2882,2024-04-15,2022.72,completed,Books,North,6,3
2883,2024-04-15,3151.76,completed,Clothing,South,22,2
2884,2024-04-15,2765.32,pending,Home,East,12,2
2885,2024-04-15,4308.63,completed,Electronics,South,18,5
2886,2024-04-15,1319.93,completed,Electronics,South,38,3
2887,2024-04-15,4606.5,completed,Food,Central,5,3
2888,2024-04-15,1617.5,pending,Electronics,North,5,1
2889,2024-04-15,4602.77,completed,Clothing,North,39,2
2890,2024-04-15,1248.95,completed,Home,East,17,3
2891,2024-04-15,2542.64,completed,Food,West,3,3
2892,2024-04-15,4661.88,completed,Food,East,8,3
2893,2024-04-15,1394.72,completed,Food,West,5,1
2894,2024-04-15,4245.27,completed,Sports,North,38,2
2895,2024-04-15,2511.14,completed,Food,East,39,2
2896,2024-04-15,2104.78,completed,Clothing,West,20,2
2897,2024-04-15,3321.81,pending,Electronics,South,26,1
2898,2024-04-15,1000.77,completed,Books,East,24,1
2899,2024-04-15,3297.56,pending,Sports,North,20,5
2900,2024-04-15,891.37,completed,Food,West,7,5
2901,2024-04-15,3557.22,completed,Clothing,Central,7,5
2902,2024-04-15,3057.14,pending,Sports,South,45,1
2903,2024-04-15,707.9,completed,Home,North,12,4
2904,2024-04-15,512.41,completed,Food,South,43,5
2905,2024-04-16,3040.69,completed,Clothing,Central,37,1
2906,2024-04-16,616.21,completed,Sports,Central,39,5
2907,2024-04-16,3129.22,completed,Books,East,12,4
2908,2024-04-16,4995.12,completed,Clothing,West,41,3
2909,2024-04-16,623.65,failed,Sports,West,27,1
2910,2024-04-16,2374.32,failed,Clothing,North,49,5
2911,2024-04-16,4622.77,failed,Electronics,North,46,5
2912,2024-04-16,4686.14,completed,Clothing,West,27,3
2913,2024-04-16,159.26,pending,Sports,East,26,3
2914,2024-04-16,4041.96,pending,Books,West,43,1
2915,2024-04-16,1200.34,completed,Sports,South,28,1
2916,2024-04-16,3735.38,completed,Food,Central,43,2
2917,2024-04-16,1781.47,completed,Electronics,West,42,1
2918,2024-04-16,1132.2,pending,Sports,East,24,5
2919,2024-04-16,2358.9,completed,Sports,Central,49,3
2920,2024-04-16,887.83,completed,Home,East,9,5
2921,2024-04-16,2126.74,completed,Electronics,South,21,2
2922,2024-04-16,1980.15,pending,Electronics,South,28,5
2923,2024-04-16,4814.68,completed,Clothing,North,41,3
2924,2024-04-16,2715.2,failed,Sports,East,39,3
2925,2024-04-16,3488.38,completed,Electronics,West,5,1
2926,2024-04-16,882.95,refunded,Home,North,33,2
2927,2024-04-16,4986.54,completed,Home,East,12,2
2928,2024-04-16,2493.43,completed,Sports,Central,36,2
2929,2024-04-16,385.4,failed,Home,West,42,2
2930,2024-04-16,3050.34,completed,Sports,West,10,5
2931,2024-04-16,1597.55,completed,Electronics,South,18,4
2932,2024-04-16,1476.72,completed,Home,West,6,2
2933,2024-04-17,1591.92,pending,Sports,South,7,3
2934,2024-04-17,2257.58,completed,Home,West,16,4
2935,2024-04-17,1442.76,completed,Electronics,Central,10,5
2936,2024-04-17,3895.6,completed,Food,South,27,5
2937,2024-04-17,903.01,failed,Clothing,West,12,2
2938,2024-04-17,718.28,failed,Books,North,11,5
2939,2024-04-17,531.32,pending,Books,West,47,2
2940,2024-04-17,2057.7,failed,Books,East,10,3
2941,2024-04-17,573.25,completed,Electronics,Central,33,2
2942,2024-04-17,135.04,completed,Electronics,East,49,2
2943,2024-04-17,1479.08,completed,Home,North,46,1
2944,2024-04-17,4900.35,pending,Clothing,Central,38,3
2945,2024-04-17,64.48,completed,Home,South,43,5
2946,2024-04-17,328.7,completed,Books,West,18,3
2947,2024-04-17,2919.84,completed,Electronics,West,46,2
2948,2024-04-17,2494.42,refunded,Food,South,7,2
2949,2024-04-17,530.52,completed,Home,North,20,3
2950,2024-04-17,4474.68,completed,Books,East,8,1
2951,2024-04-17,3375.41,completed,Home,East,30,2
2952,2024-04-17,2478.48,completed,Sports,East,20,2
2953,2024-04-17,2723.22,completed,Home,Central,40,3
2954,2024-04-17,3982.9,completed,Sports,West,11,1
2955,2024-04-17,499.42,completed,Sports,South,14,5
2956,2024-04-17,4666.5,completed,Clothing,West,2,1
2957,2024-04-17,572.05,completed,Books,South,10,4
2958,2024-04-17,2298.15,failed,Clothing,West,40,5
2959,2024-04-17,1245.43,pending,Books,South,12,5
2960,2024-04-18,3329.41,completed,Books,Central,13,4
2961,2024-04-18,4200.75,completed,Sports,East,6,5
2962,2024-04-18,3087.19,completed,Food,South,43,5
2963,2024-04-18,1127.65,completed,Clothing,Central,24,2
2964,2024-04-18,3899.1,completed,Home,Central,47,4
2965,2024-04-18,4713.88,completed,Clothing,North,9,1
2966,2024-04-18,813.33,completed,Books,North,24,4
2967,2024-04-18,1275.02,completed,Home,Central,35,4
2968,2024-04-18,2652.69,completed,Clothing,Central,13,3
2969,2024-04-18,3701.46,completed,Food,South,37,1
2970,2024-04-18,643.66,completed,Electronics,South,32,4
2971,2024-04-18,262.75,completed,Clothing,West,38,1
2972,2024-04-18,2839.12,completed,Sports,West,47,1
2973,2024-04-18,3988.16,completed,Electronics,East,40,3
2974,2024-04-18,1495.17,completed,Clothing,West,37,4
2975,2024-04-18,2919.09,completed,Electronics,South,24,2
2976,2024-04-18,4019.22,pending,Clothing,South,8,4
2977,2024-04-18,153.82,completed,Sports,East,13,4
2978,2024-04-18,1687.46,completed,Clothing,South,41,3
2979,2024-04-18,1522.95,pending,Food,Central,6,3
2980,2024-04-18,3618.06,completed,Sports,West,28,4
2981,2024-04-18,3334.43,completed,Home,East,39,4
2982,2024-04-18,4135.77,completed,Books,South,23,5
2983,2024-04-18,2747.73,completed,Food,East,30,4
2984,2024-04-18,1147.17,completed,Electronics,South,9,3
2985,2024-04-18,2171.19,completed,Food,South,41,2
2986,2024-04-18,1986.29,completed,Books,West,27,2
2987,2024-04-18,3342.06,completed,Electronics,North,13,3
2988,2024-04-19,4770.08,completed,Books,West,37,2
2989,2024-04-19,2293.94,failed,Electronics,West,40,1
2990,2024-04-19,3197.83,completed,Sports,North,19,5
2991,2024-04-19,896.7,completed,Home,North,36,4
2992,2024-04-19,2876.23,completed,Electronics,East,47,5
2993,2024-04-19,3644.78,pending,Home,North,40,5
2994,2024-04-19,3821.09,completed,Clothing,Central,9,5
2995,2024-04-19,4868.39,completed,Electronics,East,19,5
2996,2024-04-19,4937.94,completed,Sports,East,2,4
2997,2024-04-19,2582.15,refunded,Clothing,East,41,5
2998,2024-04-19,4304.38,completed,Food,South,25,5
2999,2024-04-19,3688.27,completed,Home,West,9,3
3000,2024-04-19,2627.75,pending,Home,West,9,4
3001,2024-04-19,160.04,completed,Books,North,1,3
3002,2024-04-19,4885.31,completed,Sports,North,32,2
3003,2024-04-19,4826.48,completed,Clothing,Central,16,1
3004,2024-04-19,2595.53,pending,Electronics,Central,22,2
3005,2024-04-19,1728.74,refunded,Sports,Central,12,4
3006,2024-04-19,567.81,completed,Food,South,21,5
3007,2024-04-19,285.11,completed,Home,Central,20,5
3008,2024-04-19,4019.0,completed,Clothing,West,23,5
3009,2024-04-19,2053.1,completed,Clothing,South,20,1
3010,2024-04-19,2818.53,completed,Sports,West,6,2
3011,2024-04-19,1514.37,failed,Books,West,43,4
3012,2024-04-19,3073.84,completed,Electronics,West,14,2
3013,2024-04-19,3796.26,completed,Books,Central,1,2
3014,2024-04-19,4465.53,completed,Home,Central,22,5
3015,2024-04-20,2485.46,pending,Books,West,15,5
3016,2024-04-20,1507.92,completed,Sports,East,38,3
3017,2024-04-20,393.26,completed,Electronics,West,18,1
3018,2024-04-20,4271.53,completed,Books,Central,44,4
3019,2024-04-20,4269.3,completed,Sports,East,15,3
3020,2024-04-20,1773.39,pending,Books,West,14,1
3021,2024-04-20,1044.23,completed,Home,South,5,4
3022,2024-04-20,3370.22,completed,Home,Central,8,3
3023,2024-04-20,3785.73,pending,Books,Central,15,4
3024,2024-04-20,3611.89,completed,Home,North,18,3
3025,2024-04-20,365.7,completed,Electronics,North,13,3
3026,2024-04-20,4921.3,completed,Home,Central,19,2
3027,2024-04-20,2727.16,pending,Electronics,West,4,2
3028,2024-04-20,3045.64,completed,Sports,West,23,2
3029,2024-04-20,236.17,completed,Food,North,5,1
3030,2024-04-20,68.9,refunded,Food,Central,30,5
3031,2024-04-20,640.4,completed,Home,West,12,2
3032,2024-04-20,1960.99,completed,Clothing,South,21,1
3033,2024-04-20,4724.42,completed,Books,Central,24,3
3034,2024-04-20,3642.83,completed,Clothing,West,13,4
3035,2024-04-20,4996.15,completed,Clothing,Central,9,4
3036,2024-04-20,3402.57,completed,Home,East,4,3
3037,2024-04-20,507.8,completed,Electronics,East,46,1
3038,2024-04-20,3475.54,pending,Home,West,40,2
3039,2024-04-20,3210.24,completed,Electronics,North,3,4
3040,2024-04-20,4432.68,completed,Clothing,West,37,5
3041,2024-04-20,2725.78,completed,Food,Central,22,4
3042,2024-04-21,1235.41,completed,Clothing,Central,42,4
3043,2024-04-21,3666.26,pending,Clothing,South,19,5
3044,2024-04-21,3769.49,pending,Books,East,10,4
3045,2024-04-21,2575.89,completed,Electronics,South,38,3
3046,2024-04-21,483.18,completed,Books,East,42,3
3047,2024-04-21,2074.74,completed,Food,West,2,2
3048,2024-04-21,4201.22,completed,Books,Central,45,5
3049,2024-04-21,1525.12,completed,Food,Central,18,1
3050,2024-04-21,3660.95,completed,Home,East,42,5
3051,2024-04-21,1275.01,completed,Clothing,South,30,4
3052,2024-04-21,1650.26,completed,Books,East,2,4
3053,2024-04-21,1691.86,completed,Food,South,47,4
3054,2024-04-21,686.32,completed,Books,East,17,3
3055,2024-04-21,1762.31,pending,Food,South,7,4
3056,2024-04-21,3620.84,failed,Books,West,48,5
3057,2024-04-21,2012.54,completed,Clothing,West,18,2
3058,2024-04-21,1505.68,completed,Books,Central,27,1
3059,2024-04-21,3506.54,completed,Home,North,25,3
3060,2024-04-21,2582.24,failed,Books,South,38,5
3061,2024-04-21,2184.97,completed,Clothing,North,15,1
3062,2024-04-21,3982.82,failed,Sports,South,16,2
3063,2024-04-21,1915.91,completed,Clothing,North,47,5
3064,2024-04-21,2726.3,pending,Home,North,22,3
3065,2024-04-21,168.56,completed,Sports,East,9,3
3066,2024-04-21,1703.69,completed,Home,North,19,1
3067,2024-04-21,1192.15,completed,Home,East,20,5
3068,2024-04-21,4429.89,completed,Sports,North,40,3
3069,2024-04-21,115.05,completed,Books,West,6,3
3070,2024-04-22,3503.23,pending,Clothing,West,8,2
3071,2024-04-22,3783.43,completed,Food,Central,30,1
3072,2024-04-22,1669.18,refunded,Home,South,23,2
3073,2024-04-22,1292.92,completed,Books,South,3,1
3074,2024-04-22,832.53,completed,Sports,East,44,3
3075,2024-04-22,1392.75,completed,Clothing,Central,1,2
3076,2024-04-22,4570.56,completed,Food,Central,43,5
3077,2024-04-22,226.25,completed,Clothing,East,31,2
3078,2024-04-22,2289.01,completed,Books,Central,40,2
3079,2024-04-22,1329.26,completed,Books,South,43,2
3080,2024-04-22,3482.4,completed,Food,East,6,2
3081,2024-04-22,1676.17,completed,Sports,North,30,4
3082,2024-04-22,1736.35,completed,Home,North,29,2
3083,2024-04-22,300.89,completed,Home,West,22,4
3084,2024-04-22,4553.38,failed,Food,East,16,3
3085,2024-04-22,2612.72,completed,Food,East,32,5
3086,2024-04-22,354.24,completed,Food,Central,48,2
3087,2024-04-22,3761.1,pending,Home,East,49,3
3088,2024-04-22,3902.37,pending,Sports,Central,29,1
3089,2024-04-22,2311.09,completed,Home,East,24,3
3090,2024-04-22,4895.85,completed,Clothing,South,45,4
3091,2024-04-22,1137.74,failed,Books,North,9,3
3092,2024-04-22,4222.63,failed,Books,Central,9,1
3093,2024-04-22,4233.69,refunded,Food,West,13,4
3094,2024-04-22,2610.92,completed,Food,South,41,3
3095,2024-04-22,2705.14,completed,Home,West,11,3
3096,2024-04-22,570.27,completed,Food,Central,21,1
3097,2024-04-23,674.73,completed,Food,North,9,2
3098,2024-04-23,2119.69,completed,Electronics,Central,24,4
3099,2024-04-23,4591.33,completed,Books,North,22,2
3100,2024-04-23,1080.48,failed,Electronics,North,41,1
3101,2024-04-23,2380.27,completed,Sports,East,4,2
3102,2024-04-23,330.58,completed,Books,South,10,4
3103,2024-04-23,1503.18,completed,Home,South,36,2
3104,2024-04-23,1866.31,refunded,Books,East,8,1
3105,2024-04-23,4814.77,failed,Sports,East,20,4
3106,2024-04-23,973.27,completed,Home,South,3,4
3107,2024-04-23,512.58,completed,Clothing,East,31,3
3108,2024-04-23,278.23,refunded,Clothing,Central,27,1
3109,2024-04-23,2615.0,completed,Books,West,26,2
3110,2024-04-23,2602.07,completed,Electronics,East,35,2
3111,2024-04-23,987.29,completed,Clothing,West,17,2
3112,2024-04-23,1245.11,completed,Food,Central,46,4
3113,2024-04-23,1601.07,completed,Clothing,North,47,5
3114,2024-04-23,57.16,completed,Electronics,North,38,4
3115,2024-04-23,4087.11,completed,Sports,Central,45,1
3116,2024-04-23,3866.13,pending,Clothing,Central,31,2
3117,2024-04-23,1608.07,completed,Electronics,West,46,1
3118,2024-04-23,2875.75,completed,Sports,West,25,3
3119,2024-04-23,1647.62,completed,Clothing,Central,39,2
3120,2024-04-23,143.69,completed,Food,North,23,2
3121,2024-04-23,2953.05,completed,Sports,East,36,3
3122,2024-04-23,3610.88,pending,Clothing,North,22,1
3123,2024-04-23,1675.91,pending,Books,Central,17,3
3124,2024-04-24,1214.45,completed,Sports,North,40,3
3125,2024-04-24,1328.5,completed,Sports,North,8,3
3126,2024-04-24,1751.99,completed,Food,East,18,5
3127,2024-04-24,2343.12,completed,Food,South,46,3
3128,2024-04-24,3777.05,completed,Electronics,Central,16,3
3129,2024-04-24,1003.05,completed,Electronics,South,28,3
3130,2024-04-24,3534.67,pending,Clothing,West,44,2
3131,2024-04-24,4823.09,pending,Home,South,45,5
3132,2024-04-24,909.57,completed,Home,East,43,3
3133,2024-04-24,2542.92,refunded,Home,Central,10,5
3134,2024-04-24,1812.77,refunded,Clothing,West,37,4
3135,2024-04-24,3006.27,completed,Books,North,38,5
3136,2024-04-24,4405.42,refunded,Food,Central,33,1
3137,2024-04-24,4432.85,completed,Clothing,Central,40,4
3138,2024-04-24,2220.82,completed,Clothing,East,18,3
3139,2024-04-24,3789.18,pending,Home,South,38,3
3140,2024-04-24,2561.41,completed,Books,West,38,1
3141,2024-04-24,3862.32,completed,Sports,East,42,5
3142,2024-04-24,4422.96,pending,Clothing,North,39,4
3143,2024-04-24,3561.92,completed,Home,South,29,3
3144,2024-04-24,313.18,completed,Clothing,North,25,5
3145,2024-04-24,1234.02,completed,Clothing,South,29,3
3146,2024-04-24,3931.04,completed,Books,North,20,2
3147,2024-04-24,108.03,completed,Home,Central,48,3
3148,2024-04-24,2594.52,pending,Sports,Central,6,2
3149,2024-04-24,3055.99,failed,Home,North,46,3
3150,2024-04-24,4101.78,completed,Books,West,29,2
3151,2024-04-24,4035.02,completed,Clothing,Central,14,3
3152,2024-04-25,375.17,completed,Food,Central,26,2
3153,2024-04-25,3401.68,completed,Food,Central,6,5
3154,2024-04-25,3953.6,completed,Home,South,32,3
3155,2024-04-25,536.14,completed,Clothing,East,48,1
3156,2024-04-25,2432.21,completed,Clothing,North,1,4
3157,2024-04-25,3250.3,completed,Food,Central,25,3
3158,2024-04-25,1718.57,completed,Food,North,31,3
3159,2024-04-25,1858.96,completed,Books,East,30,1
3160,2024-04-25,523.36,pending,Clothing,East,41,3
3161,2024-04-25,3874.08,pending,Sports,South,35,4
3162,2024-04-25,1193.22,completed,Books,Central,29,1
3163,2024-04-25,2180.26,failed,Food,East,47,3
3164,2024-04-25,2586.74,pending,Food,North,23,1
3165,2024-04-25,445.38,pending,Home,Central,12,1
3166,2024-04-25,2161.35,pending,Sports,Central,49,5
3167,2024-04-25,770.3,pending,Books,South,37,3
3168,2024-04-25,1170.29,failed,Food,South,31,5
3169,2024-04-25,1787.87,completed,Clothing,West,17,2
3170,2024-04-25,2453.76,completed,Electronics,North,40,1
3171,2024-04-25,2176.68,pending,Home,West,5,1
3172,2024-04-25,367.18,completed,Home,North,11,5
3173,2024-04-25,1758.34,completed,Clothing,South,45,5
3174,2024-04-25,205.71,completed,Clothing,North,10,5
3175,2024-04-25,1261.43,completed,Home,West,2,3
3176,2024-04-25,434.7,pending,Clothing,West,46,4
3177,2024-04-25,845.26,completed,Sports,East,17,1
3178,2024-04-25,2517.43,completed,Home,Central,46,3
3179,2024-04-26,4637.28,pending,Home,North,1,3
3180,2024-04-26,981.88,completed,Books,Central,7,2
3181,2024-04-26,3656.72,failed,Electronics,Central,27,1
3182,2024-04-26,228.07,completed,Home,North,48,5
3183,2024-04-26,1685.89,completed,Clothing,East,23,2
3184,2024-04-26,2012.91,completed,Clothing,East,36,2
3185,2024-04-26,550.68,completed,Clothing,West,1,3
3186,2024-04-26,3187.5,failed,Electronics,East,15,2
3187,2024-04-26,736.91,completed,Clothing,South,26,1
3188,2024-04-26,4005.38,refunded,Food,South,11,3
3189,2024-04-26,2961.71,completed,Electronics,East,10,5
3190,2024-04-26,3709.05,completed,Clothing,East,32,5
3191,2024-04-26,829.52,completed,Electronics,South,12,2
3192,2024-04-26,1592.33,completed,Sports,South,5,5
3193,2024-04-26,3530.32,completed,Sports,East,11,2
3194,2024-04-26,2272.19,completed,Clothing,South,35,5
3195,2024-04-26,3165.38,completed,Home,East,30,2
3196,2024-04-26,2073.16,completed,Electronics,Central,41,2
3197,2024-04-26,3364.34,pending,Electronics,West,3,3
3198,2024-04-26,3211.22,completed,Food,West,25,4
3199,2024-04-26,1504.53,completed,Home,North,47,3
3200,2024-04-26,4409.58,completed,Clothing,West,41,5
3201,2024-04-26,3664.62,failed,Home,West,30,5
3202,2024-04-26,350.42,completed,Clothing,East,34,5
3203,2024-04-26,198.14,completed,Books,South,5,2
3204,2024-04-26,3583.45,completed,Clothing,East,29,4
3205,2024-04-26,3163.84,refunded,Books,South,5,2
3206,2024-04-26,4623.04,completed,Clothing,South,21,3
3207,2024-04-27,3380.59,pending,Clothing,Central,16,1
3208,2024-04-27,1048.88,completed,Food,North,32,5
3209,2024-04-27,219.79,pending,Clothing,West,39,2
3210,2024-04-27,2666.71,completed,Books,Central,48,3
3211,2024-04-27,2486.52,completed,Food,North,48,2
3212,2024-04-27,4687.52,refunded,Books,West,6,2
3213,2024-04-27,3544.77,completed,Electronics,North,2,2
3214,2024-04-27,4501.26,completed,Books,East,9,3
3215,2024-04-27,3785.27,refunded,Sports,South,40,4
3216,2024-04-27,3306.5,completed,Electronics,West,33,5
3217,2024-04-27,2820.03,pending,Clothing,West,30,2
3218,2024-04-27,2904.38,completed,Electronics,Central,49,1
3219,2024-04-27,2542.21,completed,Clothing,North,24,1
3220,2024-04-27,4196.46,completed,Home,South,25,3
3221,2024-04-27,1180.81,pending,Electronics,West,35,4
3222,2024-04-27,4576.8,completed,Clothing,Central,20,5
3223,2024-04-27,2801.87,completed,Electronics,South,9,3
3224,2024-04-27,2192.79,completed,Sports,North,48,3
3225,2024-04-27,1063.02,completed,Books,North,48,2
3226,2024-04-27,1387.55,completed,Electronics,North,14,2
3227,2024-04-27,2924.93,completed,Clothing,North,7,4
3228,2024-04-27,767.1,completed,Sports,Central,17,4
3229,2024-04-27,26.52,completed,Sports,Central,20,4
3230,2024-04-27,1303.54,completed,Books,North,21,4
3231,2024-04-27,1527.48,failed,Books,Central,48,5
3232,2024-04-27,4707.16,pending,Food,West,26,3
3233,2024-04-27,2913.3,refunded,Home,East,40,5
3234,2024-04-28,2034.77,pending,Food,East,3,2
3235,2024-04-28,4915.17,refunded,Home,South,9,4
3236,2024-04-28,1843.35,completed,Home,East,20,5
3237,2024-04-28,4791.11,completed,Home,Central,5,1
3238,2024-04-28,4707.91,completed,Sports,Central,29,1
3239,2024-04-28,3452.58,completed,Food,West,12,1
3240,2024-04-28,2630.92,pending,Books,South,7,4
3241,2024-04-28,4110.51,completed,Food,South,6,1
3242,2024-04-28,1626.31,refunded,Home,North,23,4
3243,2024-04-28,1845.61,completed,Home,South,16,3
3244,2024-04-28,1042.35,completed,Electronics,South,16,1
3245,2024-04-28,1284.45,completed,Sports,Central,16,2
3246,2024-04-28,690.92,completed,Sports,Central,6,1
3247,2024-04-28,4254.9,pending,Books,West,6,2
3248,2024-04-28,16.23,completed,Home,Central,45,2
3249,2024-04-28,2128.13,completed,Electronics,East,6,5
3250,2024-04-28,1827.45,completed,Home,South,18,1
3251,2024-04-28,1944.5,completed,Electronics,East,11,4
3252,2024-04-28,4220.37,pending,Clothing,East,25,5
3253,2024-04-28,4107.1,completed,Books,South,37,2
3254,2024-04-28,3320.35,pending,Sports,East,26,5
3255,2024-04-28,3448.66,completed,Home,Central,38,5
3256,2024-04-28,4019.63,completed,Electronics,Central,9,5
3257,2024-04-28,1931.37,completed,Sports,Central,31,2
3258,2024-04-28,2258.17,completed,Sports,West,28,5
3259,2024-04-28,1231.21,completed,Food,West,1,5
3260,2024-04-28,1197.88,completed,Books,Central,13,2
3261,2024-04-29,4673.74,refunded,Food,South,26,4
3262,2024-04-29,3805.64,refunded,Food,North,30,4
3263,2024-04-29,2270.41,completed,Clothing,North,11,1
3264,2024-04-29,204.58,pending,Food,East,6,3
3265,2024-04-29,3716.58,refunded,Books,North,7,5
3266,2024-04-29,4743.09,completed,Clothing,West,39,1
3267,2024-04-29,4634.43,completed,Sports,South,5,5
3268,2024-04-29,3573.67,completed,Food,North,43,3
3269,2024-04-29,3242.21,completed,Home,South,8,2
3270,2024-04-29,612.99,failed,Electronics,East,49,1
3271,2024-04-29,437.46,completed,Food,East,31,4
3272,2024-04-29,1333.36,completed,Clothing,Central,44,5
3273,2024-04-29,2823.08,pending,Books,East,23,3
3274,2024-04-29,4566.94,pending,Books,West,33,5
3275,2024-04-29,4356.77,completed,Electronics,West,17,2
3276,2024-04-29,1537.25,completed,Books,North,8,5
3277,2024-04-29,1837.55,completed,Books,South,37,5
3278,2024-04-29,1558.62,completed,Books,East,5,1
3279,2024-04-29,2655.55,completed,Books,South,21,2
3280,2024-04-29,4046.54,pending,Sports,East,4,1
3281,2024-04-29,3917.76,completed,Sports,South,26,4
3282,2024-04-29,4432.67,completed,Electronics,North,42,2
3283,2024-04-29,2613.38,failed,Books,South,9,5
3284,2024-04-29,3294.19,refunded,Home,South,38,5
3285,2024-04-29,4769.99,completed,Food,East,16,1
3286,2024-04-29,3381.01,completed,Food,North,11,3
3287,2024-04-29,843.63,completed,Books,West,45,3
3288,2024-04-29,1641.0,completed,Clothing,Central,12,4
3289,2024-04-30,387.72,completed,Food,East,29,3
3290,2024-04-30,561.38,completed,Clothing,East,5,1
3291,2024-04-30,2464.26,completed,Food,North,8,4
3292,2024-04-30,3695.46,completed,Sports,North,48,3
3293,2024-04-30,952.82,pending,Home,North,22,2
3294,2024-04-30,1606.88,completed,Food,East,13,3
3295,2024-04-30,1689.39,completed,Home,East,43,5
3296,2024-04-30,4202.21,completed,Clothing,North,42,5
3297,2024-04-30,928.34,completed,Clothing,East,13,2
3298,2024-04-30,179.85,completed,Home,Central,38,4
3299,2024-04-30,3122.97,completed,Books,Central,14,4
3300,2024-04-30,2638.99,completed,Books,West,40,1
3301,2024-04-30,23.52,completed,Food,West,15,3
3302,2024-04-30,3825.81,completed,Books,East,31,3
3303,2024-04-30,2125.08,completed,Home,South,48,3
3304,2024-04-30,2743.63,failed,Clothing,West,11,4
3305,2024-04-30,3357.36,failed,Sports,Central,11,5
3306,2024-04-30,266.21,completed,Food,South,11,4
3307,2024-04-30,870.99,completed,Food,East,24,1
3308,2024-04-30,2321.08,completed,Clothing,East,46,3
3309,2024-04-30,867.78,failed,Home,West,42,5
3310,2024-04-30,591.75,completed,Clothing,North,28,5
3311,2024-04-30,1631.57,completed,Food,West,24,5
3312,2024-04-30,2139.04,completed,Home,South,33,3
3313,2024-04-30,4250.86,completed,Food,East,42,5
3314,2024-04-30,2978.74,completed,Electronics,North,26,1
3315,2024-04-30,4647.69,completed,Home,Central,26,3
3316,2024-05-01,2291.41,pending,Electronics,North,17,5
3317,2024-05-01,2367.36,completed,Home,South,46,3
3318,2024-05-01,1564.13,pending,Food,West,35,5
3319,2024-05-01,416.99,completed,Books,South,31,1
3320,2024-05-01,868.32,completed,Books,South,43,2
3321,2024-05-01,347.86,pending,Clothing,East,31,3
3322,2024-05-01,3520.21,completed,Clothing,North,12,4
3323,2024-05-01,1751.51,completed,Electronics,South,35,2
3324,2024-05-01,167.27,completed,Clothing,North,8,3
3325,2024-05-01,3763.47,completed,Electronics,East,9,3
3326,2024-05-01,1281.66,pending,Electronics,South,4,3
3327,2024-05-01,4468.67,refunded,Food,West,7,3
3328,2024-05-01,4117.19,completed,Sports,North,45,5
3329,2024-05-01,1525.76,completed,Food,North,2,3
3330,2024-05-01,1186.23,pending,Sports,South,34,5
3331,2024-05-01,4965.47,completed,Clothing,Central,44,2
3332,2024-05-01,4100.03,completed,Books,Central,35,1
3333,2024-05-01,4633.86,pending,Books,North,13,4
3334,2024-05-01,95.02,completed,Sports,North,3,4
3335,2024-05-01,2995.67,completed,Sports,North,23,1
3336,2024-05-01,1340.54,completed,Home,East,20,1
3337,2024-05-01,1879.9,completed,Books,Central,37,1
3338,2024-05-01,464.47,pending,Clothing,West,3,3
3339,2024-05-01,3744.34,pending,Electronics,South,39,2
3340,2024-05-01,2632.96,pending,Sports,Central,34,5
3341,2024-05-01,3962.19,failed,Clothing,South,16,5
3342,2024-05-01,591.27,completed,Electronics,South,17,2
3343,2024-05-01,4986.39,pending,Food,Central,34,3
3344,2024-05-02,1749.3,completed,Home,South,49,2
3345,2024-05-02,4757.7,pending,Clothing,West,18,1
3346,2024-05-02,3385.52,completed,Books,East,36,5
3347,2024-05-02,553.08,refunded,Food,Central,30,4
3348,2024-05-02,3912.13,pending,Sports,West,7,3
3349,2024-05-02,2807.71,completed,Sports,Central,41,1
3350,2024-05-02,951.63,completed,Food,East,9,1
3351,2024-05-02,944.31,completed,Food,South,5,4
3352,2024-05-02,4766.24,completed,Food,South,6,3
3353,2024-05-02,4992.83,completed,Sports,East,20,1
3354,2024-05-02,2884.82,completed,Sports,Central,13,3
3355,2024-05-02,943.9,pending,Clothing,North,23,2
3356,2024-05-02,1707.89,completed,Clothing,East,48,4
3357,2024-05-02,1067.67,completed,Sports,South,4,3
3358,2024-05-02,3041.38,completed,Books,North,49,2
3359,2024-05-02,2007.39,completed,Sports,West,16,1
3360,2024-05-02,1896.56,completed,Electronics,Central,15,1
3361,2024-05-02,4009.08,completed,Home,Central,4,3
3362,2024-05-02,4818.21,pending,Home,East,12,4
3363,2024-05-02,993.16,completed,Home,North,48,2
3364,2024-05-02,2077.97,completed,Clothing,Central,13,2
3365,2024-05-02,2687.28,completed,Books,West,40,1
3366,2024-05-02,1236.9,failed,Books,South,25,1
3367,2024-05-02,2015.48,completed,Clothing,Central,2,4
3368,2024-05-02,288.43,completed,Home,South,24,5
3369,2024-05-02,215.69,completed,Electronics,East,5,4
3370,2024-05-02,3933.94,completed,Sports,North,22,5
3371,2024-05-03,1702.08,completed,Books,East,24,4
3372,2024-05-03,3540.05,completed,Food,West,4,5
3373,2024-05-03,423.74,completed,Sports,West,30,2
3374,2024-05-03,3356.63,completed,Books,Central,13,4
3375,2024-05-03,3270.32,completed,Electronics,West,40,2
3376,2024-05-03,4109.06,completed,Food,Central,23,2
3377,2024-05-03,1030.99,completed,Home,Central,43,2
3378,2024-05-03,2760.08,completed,Electronics,West,11,5
3379,2024-05-03,4506.9,completed,Electronics,South,33,4
3380,2024-05-03,1107.22,completed,Sports,West,31,1
3381,2024-05-03,633.07,completed,Electronics,North,1,3
3382,2024-05-03,1730.38,pending,Home,South,8,4
3383,2024-05-03,4827.08,pending,Books,East,15,4
3384,2024-05-03,795.38,completed,Sports,South,18,5
3385,2024-05-03,605.48,completed,Sports,South,44,4
3386,2024-05-03,4988.76,completed,Home,North,38,5
3387,2024-05-03,1971.85,completed,Home,Central,10,4
3388,2024-05-03,754.75,completed,Home,East,29,3
3389,2024-05-03,2797.51,completed,Sports,East,3,1
3390,2024-05-03,79.15,pending,Food,Central,45,5
3391,2024-05-03,2133.62,completed,Clothing,West,34,3
3392,2024-05-03,190.73,completed,Food,West,15,1
3393,2024-05-03,2831.04,completed,Home,East,33,3
3394,2024-05-03,3127.6,pending,Food,East,1,1
3395,2024-05-03,27.6,completed,Electronics,East,13,2
3396,2024-05-03,2568.4,completed,Electronics,South,25,4
3397,2024-05-03,4725.32,completed,Books,Central,31,4
3398,2024-05-04,1996.46,completed,Electronics,East,11,5
3399,2024-05-04,4772.97,completed,Sports,East,29,2
3400,2024-05-04,4817.72,completed,Electronics,South,7,1
3401,2024-05-04,1208.85,completed,Sports,South,7,2
3402,2024-05-04,2891.12,pending,Books,Central,1,2
3403,2024-05-04,4153.26,completed,Sports,West,38,2
3404,2024-05-04,3548.69,failed,Books,West,29,5
3405,2024-05-04,3803.04,completed,Food,West,11,5
3406,2024-05-04,1312.03,completed,Electronics,South,19,5
3407,2024-05-04,4591.89,completed,Books,North,39,4
3408,2024-05-04,1185.86,completed,Clothing,East,16,3
3409,2024-05-04,3227.59,pending,Home,West,14,2
3410,2024-05-04,4424.71,completed,Sports,North,19,5
3411,2024-05-04,1803.88,completed,Home,North,11,1
3412,2024-05-04,2765.15,completed,Books,North,38,3
3413,2024-05-04,3455.66,completed,Home,North,43,1
3414,2024-05-04,4643.15,completed,Sports,East,12,2
3415,2024-05-04,2245.7,failed,Sports,East,46,5
3416,2024-05-04,3019.99,completed,Clothing,East,25,3
3417,2024-05-04,717.55,completed,Sports,North,33,1
3418,2024-05-04,335.46,completed,Books,North,49,2
3419,2024-05-04,116.96,pending,Sports,West,45,1
3420,2024-05-04,2388.15,failed,Clothing,South,3,4
3421,2024-05-04,2733.14,pending,Clothing,North,6,3
3422,2024-05-04,440.92,completed,Home,South,33,2
3423,2024-05-04,913.67,completed,Food,South,31,4
3424,2024-05-04,1338.84,pending,Home,South,34,3
3425,2024-05-04,4457.46,pending,Clothing,North,9,4
3426,2024-05-05,505.31,completed,Clothing,South,21,4
3427,2024-05-05,2453.56,pending,Food,North,24,1
3428,2024-05-05,3947.45,pending,Electronics,East,40,5
3429,2024-05-05,4352.16,failed,Food,East,32,1
3430,2024-05-05,3468.75,pending,Electronics,West,33,1
3431,2024-05-05,1335.1,pending,Electronics,West,17,1
3432,2024-05-05,615.88,failed,Clothing,South,35,4
3433,2024-05-05,797.91,completed,Food,Central,5,1
3434,2024-05-05,3853.67,completed,Books,Central,7,5
3435,2024-05-05,1489.7,failed,Food,East,21,4
3436,2024-05-05,1695.98,completed,Clothing,East,27,4
3437,2024-05-05,885.86,failed,Home,East,15,2
3438,2024-05-05,2178.88,completed,Clothing,West,9,2
3439,2024-05-05,1679.36,completed,Books,North,25,2
3440,2024-05-05,1791.51,completed,Food,East,4,4
3441,2024-05-05,178.61,completed,Electronics,East,11,2
3442,2024-05-05,2318.22,completed,Sports,Central,21,5
3443,2024-05-05,568.34,completed,Electronics,Central,25,2
3444,2024-05-05,2683.03,completed,Electronics,East,5,1
3445,2024-05-05,3349.23,pending,Electronics,East,40,2
3446,2024-05-05,2735.07,completed,Electronics,West,1,5
3447,2024-05-05,740.89,completed,Clothing,North,25,2
3448,2024-05-05,3086.31,completed,Electronics,East,48,2
3449,2024-05-05,2069.86,pending,Clothing,East,44,4
3450,2024-05-05,1803.37,completed,Electronics,Central,43,5
3451,2024-05-05,752.39,pending,Clothing,West,35,2
3452,2024-05-05,4971.71,completed,Electronics,West,10,3
3453,2024-05-06,1969.43,pending,Clothing,North,31,4
3454,2024-05-06,2287.29,completed,Sports,Central,8,1
3455,2024-05-06,480.97,pending,Electronics,West,48,2
3456,2024-05-06,3380.61,completed,Home,North,17,4
3457,2024-05-06,1420.47,failed,Books,West,3,2
3458,2024-05-06,3703.42,completed,Clothing,East,6,3
3459,2024-05-06,344.96,completed,Electronics,North,5,3
3460,2024-05-06,1491.22,completed,Clothing,East,17,4
3461,2024-05-06,3730.82,completed,Sports,Central,9,3
3462,2024-05-06,1986.08,completed,Electronics,South,35,2
3463,2024-05-06,181.09,completed,Books,South,35,2
3464,2024-05-06,3949.82,pending,Electronics,South,12,1
3465,2024-05-06,4828.33,completed,Food,West,6,1
3466,2024-05-06,1888.8,completed,Home,Central,39,1
3467,2024-05-06,3111.76,completed,Sports,West,3,5
3468,2024-05-06,1869.53,completed,Books,South,46,3
3469,2024-05-06,2779.36,completed,Clothing,East,15,5
3470,2024-05-06,3695.43,completed,Clothing,East,2,1
3471,2024-05-06,3168.23,completed,Clothing,West,35,5
3472,2024-05-06,1580.41,completed,Clothing,East,27,4
3473,2024-05-06,983.99,completed,Books,West,44,3
3474,2024-05-06,2726.23,refunded,Clothing,East,4,3
3475,2024-05-06,3300.89,completed,Home,North,21,5
3476,2024-05-06,2876.74,completed,Electronics,Central,28,2
3477,2024-05-06,649.42,completed,Books,South,16,2
3478,2024-05-06,1781.68,completed,Books,Central,2,4
3479,2024-05-06,3725.8,completed,Books,East,6,1
3480,2024-05-06,742.28,completed,Books,East,25,4
3481,2024-05-07,4418.07,completed,Food,Central,27,4
3482,2024-05-07,2338.0,completed,Electronics,South,21,3
3483,2024-05-07,3957.9,completed,Books,North,31,3
3484,2024-05-07,1710.62,completed,Clothing,North,47,4
3485,2024-05-07,1802.49,completed,Clothing,Central,4,5
3486,2024-05-07,4835.47,completed,Sports,North,9,3
3487,2024-05-07,2841.08,completed,Electronics,West,25,5
3488,2024-05-07,518.51,refunded,Books,East,6,1
3489,2024-05-07,4788.75,completed,Food,North,20,1
3490,2024-05-07,1880.5,refunded,Clothing,North,4,3
3491,2024-05-07,3554.02,completed,Home,Central,3,5
3492,2024-05-07,651.52,completed,Books,East,7,2
3493,2024-05-07,4278.06,completed,Food,East,6,4
3494,2024-05-07,4795.77,failed,Home,South,29,4
3495,2024-05-07,1920.41,failed,Food,East,29,4
3496,2024-05-07,732.14,completed,Clothing,North,48,4
3497,2024-05-07,2792.66,completed,Electronics,Central,42,2
3498,2024-05-07,817.32,completed,Sports,West,30,3
3499,2024-05-07,2216.28,failed,Home,West,45,1
3500,2024-05-07,3117.06,completed,Home,Central,32,3
3501,2024-05-07,705.1,pending,Electronics,Central,46,5
3502,2024-05-07,4740.61,completed,Food,East,31,2
3503,2024-05-07,3530.89,completed,Home,Central,42,5
3504,2024-05-07,1812.79,pending,Home,South,9,4
3505,2024-05-07,2084.28,completed,Clothing,Central,48,3
3506,2024-05-07,4242.11,failed,Food,North,47,4
3507,2024-05-07,2385.26,completed,Books,South,3,4
3508,2024-05-08,4935.53,completed,Electronics,North,49,2
3509,2024-05-08,320.25,completed,Food,Central,21,1
3510,2024-05-08,1363.97,completed,Sports,West,8,2
3511,2024-05-08,2597.05,pending,Sports,North,36,4
3512,2024-05-08,687.87,pending,Clothing,East,13,5
3513,2024-05-08,1787.58,failed,Books,South,33,5
3514,2024-05-08,2604.69,completed,Clothing,West,28,5
3515,2024-05-08,1312.35,completed,Sports,North,33,4
3516,2024-05-08,831.39,completed,Books,East,46,1
3517,2024-05-08,1349.04,completed,Sports,West,35,3
3518,2024-05-08,422.03,completed,Books,North,29,2
3519,2024-05-08,987.71,completed,Food,North,13,3
3520,2024-05-08,314.47,completed,Electronics,Central,19,5
3521,2024-05-08,4763.13,refunded,Sports,North,8,2
3522,2024-05-08,813.46,completed,Sports,Central,19,4
3523,2024-05-08,16.33,pending,Food,South,1,1
3524,2024-05-08,4787.34,completed,Electronics,West,20,1
3525,2024-05-08,3795.32,completed,Books,West,1,3
3526,2024-05-08,1342.43,completed,Clothing,Central,46,3
3527,2024-05-08,4395.8,failed,Home,East,13,2
3528,2024-05-08,4359.41,completed,Books,Central,38,1
3529,2024-05-08,3707.56,completed,Home,East,8,3
3530,2024-05-08,2965.19,completed,Sports,East,40,3
3531,2024-05-08,2927.73,pending,Home,Central,2,3
3532,2024-05-08,4844.82,completed,Food,Central,3,1
3533,2024-05-08,2331.09,pending,Home,North,14,4
3534,2024-05-08,4044.73,completed,Food,West,16,2
3535,2024-05-09,571.33,pending,Food,Central,40,4
3536,2024-05-09,3507.13,completed,Home,East,39,1
3537,2024-05-09,4947.93,completed,Food,West,26,1
3538,2024-05-09,59.79,failed,Clothing,East,6,5
3539,2024-05-09,1296.93,completed,Books,Central,40,1
3540,2024-05-09,3926.88,completed,Books,West,13,1
3541,2024-05-09,3671.72,completed,Books,West,33,2
3542,2024-05-09,3673.64,completed,Books,North,41,3
3543,2024-05-09,4912.49,completed,Food,North,13,2
3544,2024-05-09,488.32,completed,Home,West,28,1
3545,2024-05-09,3378.72,completed,Home,North,37,3
3546,2024-05-09,3209.52,completed,Sports,East,27,1
3547,2024-05-09,1036.75,completed,Food,Central,20,4
3548,2024-05-09,1072.5,completed,Electronics,South,15,1
3549,2024-05-09,3254.56,completed,Electronics,North,34,3
3550,2024-05-09,3276.05,completed,Sports,East,5,1
3551,2024-05-09,3004.36,refunded,Electronics,North,28,2
3552,2024-05-09,2314.84,completed,Books,Central,43,3
3553,2024-05-09,3439.13,completed,Food,West,12,1
3554,2024-05-09,1616.23,refunded,Sports,Central,9,3
3555,2024-05-09,1186.66,pending,Home,East,29,2
3556,2024-05-09,2981.16,failed,Electronics,Central,26,2
3557,2024-05-09,3090.23,completed,Food,West,8,2
3558,2024-05-09,4063.17,failed,Home,West,30,5
3559,2024-05-09,2086.21,pending,Food,South,4,4
3560,2024-05-09,3822.97,completed,Sports,Central,24,3
3561,2024-05-09,4589.38,completed,Sports,Central,4,2
3562,2024-05-09,2134.05,completed,Home,North,40,5
3563,2024-05-10,2717.47,completed,Electronics,West,48,3
3564,2024-05-10,4552.21,completed,Home,East,1,3
3565,2024-05-10,1508.25,completed,Electronics,South,32,5
3566,2024-05-10,3616.06,refunded,Electronics,South,18,2
3567,2024-05-10,2890.33,failed,Clothing,South,6,5
3568,2024-05-10,2075.86,failed,Sports,North,35,1
3569,2024-05-10,4322.34,completed,Electronics,South,44,4
3570,2024-05-10,792.07,completed,Sports,West,3,1
3571,2024-05-10,186.65,failed,Clothing,South,8,1
3572,2024-05-10,1043.64,completed,Sports,North,46,4
3573,2024-05-10,4382.58,completed,Sports,North,2,4
3574,2024-05-10,1724.56,completed,Food,Central,19,4
3575,2024-05-10,3423.0,completed,Home,South,45,1
3576,2024-05-10,1161.89,completed,Clothing,Central,30,1
3577,2024-05-10,2459.56,failed,Electronics,South,10,2
3578,2024-05-10,2619.05,completed,Books,South,1,5
3579,2024-05-10,1234.42,pending,Electronics,East,26,5
3580,2024-05-10,1943.14,completed,Clothing,North,27,5
3581,2024-05-10,1316.24,completed,Books,North,25,4
3582,2024-05-10,512.37,failed,Home,West,11,2
3583,2024-05-10,2163.95,pending,Sports,South,47,4
3584,2024-05-10,2822.5,failed,Books,Central,17,2
3585,2024-05-10,459.39,completed,Books,South,45,2
3586,2024-05-10,1795.89,completed,Food,West,46,5
3587,2024-05-10,2318.87,failed,Sports,South,10,2
3588,2024-05-10,4663.31,completed,Electronics,West,36,5
3589,2024-05-10,3055.51,pending,Electronics,South,24,5
3590,2024-05-11,4711.91,completed,Electronics,West,32,3
3591,2024-05-11,2626.67,pending,Books,South,27,2
3592,2024-05-11,4018.26,completed,Clothing,Central,49,5
3593,2024-05-11,490.3,completed,Electronics,East,30,5
3594,2024-05-11,2826.45,completed,Electronics,North,9,5
3595,2024-05-11,1771.15,failed,Books,West,42,2
3596,2024-05-11,3644.87,completed,Books,Central,3,5
3597,2024-05-11,4389.2,completed,Books,South,36,2
3598,2024-05-11,3564.17,completed,Sports,West,38,4
3599,2024-05-11,450.53,completed,Books,South,27,4
3600,2024-05-11,3109.06,completed,Home,East,2,3
3601,2024-05-11,3723.07,completed,Books,North,17,2
3602,2024-05-11,158.91,pending,Books,South,39,3
3603,2024-05-11,856.94,completed,Clothing,West,42,1
3604,2024-05-11,3404.63,completed,Books,Central,25,4
3605,2024-05-11,1581.43,pending,Clothing,South,23,1
3606,2024-05-11,320.3,completed,Clothing,North,12,2
3607,2024-05-11,4448.21,completed,Home,West,23,4
3608,2024-05-11,4761.35,completed,Home,West,32,4
3609,2024-05-11,1873.63,pending,Food,South,47,4
3610,2024-05-11,4964.45,failed,Clothing,North,25,3
3611,2024-05-11,4284.33,pending,Books,South,4,3
3612,2024-05-11,2783.73,failed,Sports,East,10,3
3613,2024-05-11,3738.71,completed,Electronics,North,25,5
3614,2024-05-11,4681.85,completed,Sports,East,40,5
3615,2024-05-11,3639.33,pending,Electronics,South,30,3
3616,2024-05-11,1694.04,completed,Electronics,North,15,5
3617,2024-05-11,973.19,pending,Food,North,47,2
3618,2024-05-12,2164.44,completed,Books,North,13,2
3619,2024-05-12,941.47,completed,Food,West,2,1
3620,2024-05-12,117.4,completed,Home,South,35,4
3621,2024-05-12,2285.17,completed,Food,South,3,3
3622,2024-05-12,1652.98,completed,Sports,South,21,3
3623,2024-05-12,485.45,completed,Books,North,8,4
3624,2024-05-12,4358.59,completed,Food,South,17,2
3625,2024-05-12,623.5,completed,Clothing,Central,17,2
3626,2024-05-12,3155.69,completed,Food,East,28,4
3627,2024-05-12,2850.89,completed,Food,West,48,1
3628,2024-05-12,4895.16,pending,Electronics,East,33,4
3629,2024-05-12,1276.66,completed,Sports,North,8,2
3630,2024-05-12,1185.16,completed,Clothing,West,7,5
3631,2024-05-12,3139.72,completed,Electronics,East,17,2
3632,2024-05-12,2795.69,completed,Home,South,44,3
3633,2024-05-12,4060.93,refunded,Sports,North,22,4
3634,2024-05-12,873.6,completed,Food,West,19,5
3635,2024-05-12,1510.08,completed,Sports,East,13,5
3636,2024-05-12,34.97,failed,Electronics,West,10,2
3637,2024-05-12,3610.7,completed,Food,East,25,5
3638,2024-05-12,1634.08,completed,Food,West,7,3
3639,2024-05-12,1188.08,pending,Food,West,23,3
3640,2024-05-12,3028.61,completed,Food,Central,45,4
3641,2024-05-12,1266.0,completed,Food,Central,7,5
3642,2024-05-12,293.18,pending,Food,Central,4,3
3643,2024-05-12,1188.91,completed,Food,Central,9,2
3644,2024-05-12,4250.11,completed,Electronics,Central,35,1
3645,2024-05-13,2980.87,completed,Electronics,South,3,5
3646,2024-05-13,2361.11,pending,Food,West,2,2
3647,2024-05-13,2462.14,completed,Sports,East,5,5
3648,2024-05-13,4984.85,failed,Home,South,44,2
3649,2024-05-13,167.14,completed,Home,North,1,1
3650,2024-05-13,814.47,completed,Clothing,North,45,5
3651,2024-05-13,4328.88,completed,Books,Central,30,1
3652,2024-05-13,2678.81,completed,Food,West,14,5
3653,2024-05-13,4975.36,failed,Electronics,Central,45,2
3654,2024-05-13,3422.78,completed,Sports,East,4,2
3655,2024-05-13,3619.89,completed,Electronics,North,10,1
3656,2024-05-13,2903.04,failed,Electronics,East,2,4
3657,2024-05-13,96.58,completed,Home,Central,15,1
3658,2024-05-13,4540.97,completed,Home,West,47,3
3659,2024-05-13,2619.79,completed,Books,South,27,5
3660,2024-05-13,55.18,completed,Books,West,32,2
3661,2024-05-13,1057.37,pending,Sports,West,11,1
3662,2024-05-13,1758.4,completed,Books,South,47,4
3663,2024-05-13,1438.07,completed,Sports,East,47,4
3664,2024-05-13,148.54,completed,Electronics,Central,24,5
3665,2024-05-13,1408.38,completed,Home,East,23,3
3666,2024-05-13,4482.57,failed,Electronics,Central,40,2
3667,2024-05-13,2948.3,refunded,Sports,West,22,2
3668,2024-05-13,1641.57,completed,Home,North,47,1
3669,2024-05-13,449.67,pending,Electronics,East,15,3
3670,2024-05-13,3758.96,completed,Clothing,East,13,5
3671,2024-05-13,3594.6,failed,Clothing,West,10,4
3672,2024-05-14,21.82,completed,Food,Central,5,4
3673,2024-05-14,4967.12,completed,Clothing,South,43,4
3674,2024-05-14,1335.62,completed,Books,West,14,2
3675,2024-05-14,1319.38,completed,Home,Central,26,4
3676,2024-05-14,1512.16,completed,Electronics,East,27,1
3677,2024-05-14,4808.97,completed,Home,North,7,3
3678,2024-05-14,4207.12,completed,Sports,Central,35,4
3679,2024-05-14,3190.07,pending,Food,South,8,1
3680,2024-05-14,2476.38,pending,Books,West,48,4
3681,2024-05-14,1641.85,completed,Electronics,West,24,1
3682,2024-05-14,1681.98,completed,Home,West,39,2
3683,2024-05-14,1635.06,completed,Electronics,West,27,4
3684,2024-05-14,4314.37,completed,Electronics,East,5,4
3685,2024-05-14,3409.76,completed,Sports,North,40,5
3686,2024-05-14,2039.96,completed,Clothing,West,46,1
3687,2024-05-14,4967.81,completed,Electronics,East,27,5
3688,2024-05-14,895.64,completed,Clothing,Central,42,3
3689,2024-05-14,392.62,pending,Books,South,16,4
3690,2024-05-14,1847.03,failed,Clothing,North,11,2
3691,2024-05-14,4909.4,completed,Home,North,37,4
3692,2024-05-14,129.85,completed,Home,West,44,5
3693,2024-05-14,414.2,refunded,Food,North,15,4
3694,2024-05-14,1713.83,completed,Books,West,12,2
3695,2024-05-14,4937.25,refunded,Books,South,12,5
3696,2024-05-14,1723.81,completed,Clothing,North,26,2
3697,2024-05-14,3393.61,pending,Food,South,33,1
3698,2024-05-14,4321.51,completed,Clothing,Central,38,4
3699,2024-05-14,3356.09,completed,Home,North,8,2
3700,2024-05-15,458.19,completed,Books,Central,5,1
3701,2024-05-15,751.19,completed,Food,Central,36,1
3702,2024-05-15,1301.65,completed,Clothing,North,35,4
3703,2024-05-15,3981.9,completed,Electronics,South,21,1
3704,2024-05-15,4011.43,completed,Electronics,West,26,1
3705,2024-05-15,859.55,failed,Clothing,East,9,5
3706,2024-05-15,1901.74,completed,Books,South,25,1
3707,2024-05-15,707.64,pending,Home,East,16,4
3708,2024-05-15,2370.72,completed,Sports,South,31,3
3709,2024-05-15,1827.81,completed,Electronics,North,48,2
3710,2024-05-15,4960.58,completed,Electronics,North,4,5
3711,2024-05-15,1949.66,pending,Books,Central,45,2
3712,2024-05-15,259.65,completed,Books,West,7,1
3713,2024-05-15,2607.24,completed,Electronics,Central,9,2
3714,2024-05-15,4536.84,completed,Books,Central,9,2
3715,2024-05-15,1853.75,refunded,Electronics,North,2,4
3716,2024-05-15,4094.3,completed,Books,East,8,4
3717,2024-05-15,2089.49,completed,Home,South,39,1
3718,2024-05-15,2846.13,completed,Electronics,South,23,5
3719,2024-05-15,2516.69,completed,Clothing,South,22,5
3720,2024-05-15,4372.08,completed,Sports,North,30,3
3721,2024-05-15,2844.56,completed,Sports,East,11,2
3722,2024-05-15,1901.56,completed,Books,North,7,3
3723,2024-05-15,3837.31,completed,Home,North,18,3
3724,2024-05-15,261.19,completed,Food,South,37,2
3725,2024-05-15,1369.9,completed,Books,West,8,3
3726,2024-05-15,1439.3,pending,Food,East,42,2
3727,2024-05-16,2848.97,completed,Home,Central,1,5
3728,2024-05-16,4172.52,completed,Food,Central,5,1
3729,2024-05-16,2773.54,completed,Electronics,South,17,1
3730,2024-05-16,2297.07,pending,Home,Central,9,1
3731,2024-05-16,335.9,completed,Food,South,22,1
3732,2024-05-16,4850.56,pending,Sports,North,19,4
3733,2024-05-16,1484.75,completed,Food,Central,25,2
3734,2024-05-16,657.04,completed,Clothing,South,33,3
3735,2024-05-16,4166.01,completed,Clothing,South,11,5
3736,2024-05-16,4452.82,completed,Electronics,West,5,4
3737,2024-05-16,1499.98,completed,Electronics,Central,3,5
3738,2024-05-16,2747.41,completed,Food,West,18,4
3739,2024-05-16,3919.44,refunded,Sports,North,40,4
3740,2024-05-16,118.29,completed,Clothing,South,49,1
3741,2024-05-16,4934.74,failed,Sports,East,39,2
3742,2024-05-16,1626.52,failed,Books,Central,26,3
3743,2024-05-16,2404.04,completed,Sports,North,26,5
3744,2024-05-16,262.33,pending,Books,East,9,3
3745,2024-05-16,244.22,completed,Home,Central,16,4
3746,2024-05-16,567.15,completed,Clothing,East,30,1
3747,2024-05-16,1612.39,pending,Sports,South,2,4
3748,2024-05-16,4608.44,completed,Home,Central,18,5
3749,2024-05-16,2582.02,completed,Books,North,32,2
3750,2024-05-16,1635.47,completed,Home,South,44,4
3751,2024-05-16,2261.2,refunded,Sports,North,42,2
3752,2024-05-16,1332.59,completed,Food,West,47,5
3753,2024-05-16,3123.86,completed,Sports,Central,32,4
3754,2024-05-16,2540.8,completed,Food,Central,12,3
3755,2024-05-17,1898.95,completed,Home,North,11,3
3756,2024-05-17,3433.76,completed,Electronics,Central,46,5
3757,2024-05-17,1964.5,failed,Home,East,34,2
3758,2024-05-17,4034.66,completed,Home,North,39,1
3759,2024-05-17,2996.09,pending,Clothing,North,25,4
3760,2024-05-17,1018.71,completed,Electronics,North,8,5
3761,2024-05-17,824.32,completed,Books,East,29,5
3762,2024-05-17,1287.22,completed,Books,West,41,5
3763,2024-05-17,4592.02,completed,Food,East,12,1
3764,2024-05-17,4118.83,completed,Books,North,9,1
3765,2024-05-17,4861.36,pending,Books,South,23,2
3766,2024-05-17,3724.17,completed,Food,West,1,4
3767,2024-05-17,4573.06,failed,Food,East,5,3
3768,2024-05-17,1783.21,completed,Electronics,Central,39,1
3769,2024-05-17,3103.24,completed,Books,West,43,2
3770,2024-05-17,1963.6,failed,Books,North,17,4
3771,2024-05-17,4325.69,refunded,Home,West,4,1
3772,2024-05-17,4984.9,completed,Food,North,46,5
3773,2024-05-17,3730.15,completed,Electronics,North,45,3
3774,2024-05-17,3909.86,completed,Electronics,East,22,1
3775,2024-05-17,4405.91,pending,Home,Central,47,2
3776,2024-05-17,485.69,completed,Home,Central,30,3
3777,2024-05-17,2414.16,completed,Sports,West,34,4
3778,2024-05-17,3665.16,completed,Food,East,37,1
3779,2024-05-17,3029.14,pending,Home,West,13,3
3780,2024-05-17,2706.23,completed,Sports,Central,42,4
3781,2024-05-17,1935.22,completed,Clothing,Central,8,5
3782,2024-05-18,1110.05,completed,Clothing,West,9,1
3783,2024-05-18,4612.8,pending,Home,North,6,1
3784,2024-05-18,3673.3,completed,Electronics,South,11,5
3785,2024-05-18,3071.54,completed,Sports,South,38,5
3786,2024-05-18,436.0,completed,Electronics,South,44,2
3787,2024-05-18,567.24,completed,Sports,Central,6,3
3788,2024-05-18,2167.42,completed,Food,West,15,1
3789,2024-05-18,637.38,completed,Electronics,East,12,4
3790,2024-05-18,753.1,completed,Electronics,South,32,5
3791,2024-05-18,415.78,pending,Clothing,Central,43,3
3792,2024-05-18,1477.33,completed,Home,South,4,4
3793,2024-05-18,65.45,refunded,Home,West,17,4
3794,2024-05-18,3664.02,completed,Clothing,South,33,3
3795,2024-05-18,3000.72,completed,Clothing,North,45,3
3796,2024-05-18,2543.2,pending,Electronics,East,10,4
3797,2024-05-18,4934.56,failed,Books,North,25,2
3798,2024-05-18,2414.63,completed,Sports,Central,40,5
3799,2024-05-18,4349.58,pending,Books,South,41,3
3800,2024-05-18,954.96,pending,Sports,Central,37,5
3801,2024-05-18,1331.38,completed,Home,West,38,3
3802,2024-05-18,1649.36,completed,Home,West,29,2
3803,2024-05-18,4951.8,completed,Clothing,North,2,1
3804,2024-05-18,4538.98,completed,Clothing,South,8,2
3805,2024-05-18,2248.5,completed,Food,North,40,4
3806,2024-05-18,4223.83,completed,Electronics,East,13,3
3807,2024-05-18,1173.68,completed,Food,South,35,4
3808,2024-05-18,2967.12,completed,Sports,North,3,3
3809,2024-05-19,817.67,completed,Clothing,South,30,3
3810,2024-05-19,2880.28,completed,Sports,East,16,2
3811,2024-05-19,1119.07,completed,Home,East,29,1
3812,2024-05-19,2932.92,completed,Food,West,19,1
3813,2024-05-19,2149.08,pending,Clothing,Central,37,4
3814,2024-05-19,2798.26,refunded,Home,South,23,3
3815,2024-05-19,814.36,refunded,Sports,Central,39,1
3816,2024-05-19,2537.37,completed,Sports,South,49,5
3817,2024-05-19,1588.68,completed,Food,East,21,2
3818,2024-05-19,728.27,completed,Food,Central,36,2
3819,2024-05-19,2506.97,completed,Sports,North,23,3
3820,2024-05-19,700.76,completed,Sports,North,20,2
3821,2024-05-19,2142.25,failed,Clothing,East,34,3
3822,2024-05-19,1622.49,completed,Electronics,West,42,2
3823,2024-05-19,2719.65,completed,Electronics,North,16,1
3824,2024-05-19,2424.17,pending,Food,West,18,4
3825,2024-05-19,681.54,pending,Food,North,21,4
3826,2024-05-19,1402.28,failed,Clothing,East,18,5
3827,2024-05-19,2788.14,failed,Electronics,South,10,1
3828,2024-05-19,4171.26,completed,Clothing,North,4,1
3829,2024-05-19,305.5,completed,Home,Central,15,3
3830,2024-05-19,463.42,completed,Clothing,Central,37,4
3831,2024-05-19,3986.66,refunded,Books,South,46,4
3832,2024-05-19,1705.75,completed,Sports,West,10,4
3833,2024-05-19,1291.72,completed,Books,Central,20,3
3834,2024-05-19,1155.85,failed,Sports,West,12,5
3835,2024-05-19,4853.83,completed,Clothing,West,43,2
3836,2024-05-19,2558.62,completed,Clothing,West,17,1
3837,2024-05-20,812.86,completed,Electronics,East,6,3
3838,2024-05-20,2035.98,completed,Food,North,41,5
3839,2024-05-20,1310.62,completed,Books,North,8,3
3840,2024-05-20,851.78,completed,Books,East,43,5
3841,2024-05-20,4893.13,completed,Home,East,27,4
3842,2024-05-20,2231.05,pending,Electronics,West,27,5
3843,2024-05-20,3459.32,completed,Books,North,24,4
3844,2024-05-20,4493.83,failed,Food,South,46,4
3845,2024-05-20,1036.06,completed,Sports,South,9,4
3846,2024-05-20,648.81,failed,Clothing,West,21,2
3847,2024-05-20,1308.68,completed,Electronics,East,4,1
3848,2024-05-20,3565.7,failed,Books,South,30,3
3849,2024-05-20,1916.11,failed,Clothing,West,32,5
3850,2024-05-20,2450.55,completed,Home,Central,46,1
3851,2024-05-20,111.08,refunded,Sports,West,33,2
3852,2024-05-20,31.21,pending,Food,Central,26,1
3853,2024-05-20,2041.31,refunded,Food,East,34,3
3854,2024-05-20,760.31,pending,Sports,Central,23,5
3855,2024-05-20,3957.59,failed,Food,West,47,3
3856,2024-05-20,4756.91,completed,Sports,West,2,5
3857,2024-05-20,4629.24,completed,Sports,East,18,3
3858,2024-05-20,2333.08,completed,Home,East,44,1
3859,2024-05-20,1441.41,pending,Clothing,West,33,2
3860,2024-05-20,2424.21,completed,Books,Central,10,3
3861,2024-05-20,529.12,completed,Food,West,37,2
3862,2024-05-20,4720.21,completed,Clothing,South,23,2
3863,2024-05-20,3359.8,failed,Clothing,North,30,4
3864,2024-05-21,1439.88,pending,Electronics,Central,39,2
3865,2024-05-21,3798.67,completed,Clothing,South,37,5
3866,2024-05-21,1232.57,completed,Electronics,Central,26,5
3867,2024-05-21,3759.77,refunded,Clothing,North,39,1
3868,2024-05-21,2015.09,completed,Electronics,South,39,5
3869,2024-05-21,4320.99,completed,Electronics,North,27,3
3870,2024-05-21,4949.05,failed,Books,South,41,3
3871,2024-05-21,1607.82,refunded,Home,North,21,3
3872,2024-05-21,2760.36,completed,Food,Central,42,5
3873,2024-05-21,1197.28,completed,Books,East,38,1
3874,2024-05-21,4003.81,refunded,Books,South,4,1
3875,2024-05-21,2464.82,completed,Books,South,23,1
3876,2024-05-21,4919.14,completed,Electronics,North,11,4
3877,2024-05-21,4435.6,pending,Food,South,11,4
3878,2024-05-21,1370.73,completed,Sports,North,45,1
3879,2024-05-21,606.3,completed,Clothing,North,40,5
3880,2024-05-21,3103.07,completed,Electronics,Central,13,2
3881,2024-05-21,1597.07,completed,Books,West,31,1
3882,2024-05-21,1275.97,completed,Sports,South,35,3
3883,2024-05-21,2730.15,completed,Sports,South,8,4
3884,2024-05-21,2695.63,completed,Sports,South,26,1
3885,2024-05-21,2692.63,refunded,Clothing,South,33,2
3886,2024-05-21,1478.25,failed,Books,South,46,1
3887,2024-05-21,785.29,failed,Home,Central,24,2
3888,2024-05-21,926.48,pending,Clothing,East,13,2
3889,2024-05-21,3603.52,completed,Sports,North,25,5
3890,2024-05-21,2345.55,completed,Books,East,40,3
3891,2024-05-21,2352.15,pending,Clothing,North,8,4
3892,2024-05-22,4883.97,refunded,Home,North,21,2
3893,2024-05-22,4590.56,completed,Electronics,West,6,4
3894,2024-05-22,334.12,pending,Sports,East,12,2
3895,2024-05-22,3990.36,refunded,Books,North,5,3
3896,2024-05-22,1247.12,completed,Electronics,West,25,1
3897,2024-05-22,3614.27,pending,Food,East,35,4
3898,2024-05-22,874.99,refunded,Clothing,South,27,1
3899,2024-05-22,735.41,pending,Food,North,6,3
3900,2024-05-22,4696.62,completed,Sports,West,6,3
3901,2024-05-22,2795.94,refunded,Books,South,22,2
3902,2024-05-22,1754.71,pending,Clothing,West,10,2
3903,2024-05-22,4456.68,completed,Sports,South,8,1
3904,2024-05-22,1456.26,refunded,Sports,West,45,4
3905,2024-05-22,328.83,completed,Electronics,West,19,5
3906,2024-05-22,1980.06,failed,Home,North,33,2
3907,2024-05-22,3539.34,pending,Electronics,North,22,1
3908,2024-05-22,3313.59,completed,Clothing,East,35,1
3909,2024-05-22,2373.81,failed,Clothing,South,17,2
3910,2024-05-22,2555.73,completed,Electronics,Central,18,2
3911,2024-05-22,2652.05,refunded,Books,North,43,2
3912,2024-05-22,1878.85,completed,Food,North,27,1
3913,2024-05-22,423.99,completed,Sports,East,38,4
3914,2024-05-22,797.49,refunded,Clothing,Central,2,1
3915,2024-05-22,3624.12,completed,Home,East,17,2
3916,2024-05-22,4052.17,completed,Books,East,8,4
3917,2024-05-22,1983.62,pending,Electronics,Central,2,4
3918,2024-05-22,1653.07,completed,Clothing,West,48,1
3919,2024-05-23,3042.36,completed,Food,Central,40,1
3920,2024-05-23,118.64,completed,Books,South,11,4
3921,2024-05-23,2851.94,completed,Sports,North,14,1
3922,2024-05-23,2350.49,completed,Electronics,West,25,2
3923,2024-05-23,2215.23,completed,Sports,South,15,5
3924,2024-05-23,17.2,completed,Clothing,North,46,2
3925,2024-05-23,4714.91,completed,Home,West,24,2
3926,2024-05-23,875.2,completed,Food,West,33,1
3927,2024-05-23,573.84,completed,Home,Central,35,3
3928,2024-05-23,1935.31,pending,Electronics,North,9,2
3929,2024-05-23,3896.07,completed,Clothing,Central,27,1
3930,2024-05-23,3827.35,refunded,Home,North,23,3
3931,2024-05-23,2563.93,completed,Clothing,West,36,1
3932,2024-05-23,2750.47,completed,Clothing,North,23,3
3933,2024-05-23,2281.49,pending,Books,East,3,1
3934,2024-05-23,136.22,completed,Clothing,Central,24,2
3935,2024-05-23,1396.52,completed,Food,North,42,1
3936,2024-05-23,1950.85,completed,Sports,Central,42,2
3937,2024-05-23,2776.72,refunded,Food,North,13,2
3938,2024-05-23,3298.53,completed,Food,South,28,2
3939,2024-05-23,4938.31,completed,Sports,North,32,5
3940,2024-05-23,2541.77,completed,Home,North,38,1
3941,2024-05-23,3362.81,completed,Home,South,16,3
3942,2024-05-23,4803.61,failed,Electronics,Central,18,3
3943,2024-05-23,1400.65,failed,Books,Central,43,5
3944,2024-05-23,2274.13,pending,Food,North,35,5
3945,2024-05-23,3607.68,completed,Food,East,8,4
3946,2024-05-24,2830.19,completed,Clothing,North,21,4
3947,2024-05-24,4466.91,completed,Clothing,Central,2,5
3948,2024-05-24,2834.74,completed,Sports,South,38,1
3949,2024-05-24,4612.58,completed,Home,Central,17,4
3950,2024-05-24,751.31,completed,Books,South,37,2
3951,2024-05-24,4019.6,completed,Clothing,North,47,4
3952,2024-05-24,1074.21,pending,Clothing,Central,17,3
3953,2024-05-24,255.11,completed,Clothing,North,49,3
3954,2024-05-24,567.14,completed,Books,West,18,5
3955,2024-05-24,2907.72,completed,Sports,West,17,5
3956,2024-05-24,1461.29,completed,Sports,South,41,1
3957,2024-05-24,728.35,completed,Books,West,3,2
3958,2024-05-24,3149.16,completed,Home,West,30,1
3959,2024-05-24,2444.91,completed,Home,West,8,2
3960,2024-05-24,1908.88,failed,Clothing,West,31,3
3961,2024-05-24,2683.19,completed,Home,South,14,2
3962,2024-05-24,4308.46,pending,Electronics,South,47,3
3963,2024-05-24,3626.21,refunded,Sports,East,16,3
3964,2024-05-24,2480.97,failed,Books,North,11,5
3965,2024-05-24,4114.7,completed,Electronics,North,37,4
3966,2024-05-24,4314.14,completed,Clothing,North,26,3
3967,2024-05-24,1887.66,pending,Home,North,33,1
3968,2024-05-24,757.43,completed,Sports,South,10,1
3969,2024-05-24,584.07,completed,Books,South,13,4
3970,2024-05-24,3197.89,completed,Sports,North,12,4
3971,2024-05-24,4682.11,completed,Clothing,West,37,5
3972,2024-05-24,202.35,completed,Clothing,East,30,2
3973,2024-05-24,2491.31,completed,Books,South,17,3
3974,2024-05-25,979.3,pending,Food,South,6,5
3975,2024-05-25,2662.25,completed,Clothing,East,30,2
3976,2024-05-25,4284.74,completed,Electronics,West,8,3
3977,2024-05-25,3936.82,refunded,Food,North,48,4
3978,2024-05-25,4856.74,pending,Sports,South,12,5
3979,2024-05-25,2427.8,completed,Food,East,18,3
3980,2024-05-25,3320.36,completed,Books,West,25,1
3981,2024-05-25,4493.57,pending,Clothing,Central,12,5
3982,2024-05-25,3491.11,pending,Home,West,47,3
3983,2024-05-25,4821.34,failed,Sports,West,29,3
3984,2024-05-25,1235.29,completed,Food,West,34,4
3985,2024-05-25,683.51,completed,Food,West,6,2
3986,2024-05-25,754.14,completed,Books,East,33,1
3987,2024-05-25,4263.53,refunded,Electronics,West,38,3
3988,2024-05-25,273.66,completed,Books,South,19,3
3989,2024-05-25,4051.49,completed,Clothing,Central,38,5
3990,2024-05-25,2325.89,pending,Books,South,5,4
3991,2024-05-25,3459.25,pending,Food,West,32,5
3992,2024-05-25,3730.3,completed,Food,North,39,4
3993,2024-05-25,2127.75,completed,Books,West,29,3
3994,2024-05-25,738.96,failed,Food,North,2,1
3995,2024-05-25,3088.73,completed,Sports,East,24,5
3996,2024-05-25,4783.06,completed,Clothing,South,37,1
3997,2024-05-25,137.48,failed,Electronics,North,5,5
3998,2024-05-25,1142.54,completed,Sports,West,18,2
3999,2024-05-25,4373.29,completed,Books,West,37,4
4000,2024-05-25,358.16,completed,Sports,West,24,2
4001,2024-05-26,60.56,completed,Food,West,23,3
4002,2024-05-26,4390.24,completed,Sports,East,26,3
4003,2024-05-26,3842.9,completed,Electronics,Central,28,4
4004,2024-05-26,1276.86,completed,Home,Central,13,1
4005,2024-05-26,4832.63,completed,Home,North,5,5
4006,2024-05-26,3564.99,completed,Clothing,South,33,2
4007,2024-05-26,604.32,completed,Clothing,West,40,4
4008,2024-05-26,2308.01,completed,Electronics,West,14,2
4009,2024-05-26,4326.67,completed,Home,Central,15,5
4010,2024-05-26,3342.02,completed,Electronics,East,8,5
4011,2024-05-26,2933.16,completed,Sports,East,12,1
4012,2024-05-26,2090.83,pending,Electronics,North,18,2
4013,2024-05-26,1247.74,completed,Home,Central,40,3
4014,2024-05-26,3071.86,refunded,Clothing,East,41,4
4015,2024-05-26,777.66,completed,Food,Central,44,5
4016,2024-05-26,4051.47,refunded,Electronics,Central,21,5
4017,2024-05-26,1055.78,completed,Clothing,West,8,2
4018,2024-05-26,611.61,completed,Home,North,48,4
4019,2024-05-26,369.43,completed,Books,East,5,5
4020,2024-05-26,4076.4,completed,Clothing,East,2,1
4021,2024-05-26,2344.32,failed,Home,West,38,2
4022,2024-05-26,1999.32,completed,Home,South,1,4
4023,2024-05-26,2610.73,completed,Food,North,28,2
4024,2024-05-26,2940.69,pending,Food,West,44,5
4025,2024-05-26,4404.8,completed,Home,Central,47,5
4026,2024-05-26,1725.55,completed,Books,North,10,2
4027,2024-05-26,943.64,completed,Clothing,South,9,5
4028,2024-05-27,4346.58,completed,Books,East,11,5
4029,2024-05-27,2408.08,pending,Food,West,23,2
4030,2024-05-27,2901.72,completed,Food,South,39,4
4031,2024-05-27,799.21,failed,Books,East,10,3
4032,2024-05-27,4312.07,completed,Food,South,9,4
4033,2024-05-27,4692.47,completed,Books,South,21,3
4034,2024-05-27,2243.41,completed,Books,East,31,3
4035,2024-05-27,110.54,pending,Home,South,15,3
4036,2024-05-27,145.01,completed,Home,South,3,2
4037,2024-05-27,1518.48,completed,Home,North,46,3
4038,2024-05-27,2464.21,completed,Sports,East,43,2
4039,2024-05-27,2169.72,completed,Food,West,24,5
4040,2024-05-27,2848.69,failed,Food,South,28,4
4041,2024-05-27,1294.36,completed,Electronics,South,17,2
4042,2024-05-27,1056.62,completed,Sports,Central,23,5
4043,2024-05-27,4870.9,completed,Home,South,39,3
4044,2024-05-27,1410.15,completed,Books,East,18,2
4045,2024-05-27,4733.16,pending,Home,South,39,2
4046,2024-05-27,2861.86,completed,Books,North,16,4
4047,2024-05-27,359.25,failed,Electronics,South,11,4
4048,2024-05-27,2979.11,completed,Home,South,13,4
4049,2024-05-27,4927.87,completed,Food,South,24,4
4050,2024-05-27,4199.98,pending,Books,West,48,2
4051,2024-05-27,1524.69,completed,Books,Central,33,2
4052,2024-05-27,486.58,completed,Food,North,15,4
4053,2024-05-27,2307.59,failed,Food,North,7,2
4054,2024-05-27,502.49,pending,Sports,South,12,2
4055,2024-05-27,1495.38,refunded,Clothing,East,20,2
4056,2024-05-28,4591.38,completed,Food,Central,23,2
4057,2024-05-28,3271.23,completed,Electronics,Central,12,5
4058,2024-05-28,3919.35,completed,Clothing,North,13,2
4059,2024-05-28,2707.52,completed,Sports,West,9,2
4060,2024-05-28,848.95,completed,Books,Central,14,2
4061,2024-05-28,760.48,pending,Food,North,41,5
4062,2024-05-28,3831.15,completed,Home,South,14,3
4063,2024-05-28,2152.25,failed,Clothing,South,10,1
4064,2024-05-28,2505.0,completed,Books,South,7,2
4065,2024-05-28,902.78,completed,Electronics,South,3,4
4066,2024-05-28,1814.75,completed,Home,Central,44,4
4067,2024-05-28,669.82,completed,Home,North,37,1
4068,2024-05-28,1030.58,completed,Sports,East,10,5
4069,2024-05-28,4445.54,completed,Clothing,Central,13,3
4070,2024-05-28,3586.27,completed,Food,North,2,4
4071,2024-05-28,4261.15,completed,Food,West,2,2
4072,2024-05-28,4372.13,completed,Food,West,39,3
4073,2024-05-28,2952.09,completed,Electronics,South,19,4
4074,2024-05-28,1528.0,completed,Books,West,23,4
4075,2024-05-28,2467.82,failed,Electronics,South,39,4
4076,2024-05-28,104.11,failed,Home,East,18,5
4077,2024-05-28,4088.53,completed,Electronics,Central,48,4
4078,2024-05-28,4015.13,completed,Food,West,27,3
4079,2024-05-28,2546.57,completed,Clothing,East,10,2
4080,2024-05-28,1893.96,pending,Clothing,North,28,1
4081,2024-05-28,871.28,completed,Home,North,16,2
4082,2024-05-28,387.17,completed,Electronics,North,19,2
4083,2024-05-29,1631.6,completed,Sports,North,33,5
4084,2024-05-29,4688.0,pending,Books,South,42,2
4085,2024-05-29,353.09,completed,Sports,East,25,1
4086,2024-05-29,4746.2,completed,Food,Central,42,5
4087,2024-05-29,2648.11,completed,Electronics,Central,19,3
4088,2024-05-29,2209.98,completed,Books,North,18,4
4089,2024-05-29,623.56,completed,Electronics,Central,42,1
4090,2024-05-29,366.17,completed,Food,Central,11,3
4091,2024-05-29,2726.86,completed,Books,East,8,5
4092,2024-05-29,2997.08,completed,Books,South,24,2
4093,2024-05-29,2176.14,completed,Sports,South,6,3
4094,2024-05-29,1443.78,completed,Clothing,East,8,5
4095,2024-05-29,76.03,pending,Home,South,31,1
4096,2024-05-29,1340.72,completed,Food,West,14,4
4097,2024-05-29,3576.96,pending,Sports,West,7,3
4098,2024-05-29,3034.01,failed,Food,North,19,2
4099,2024-05-29,798.9,refunded,Food,North,42,2
4100,2024-05-29,3969.26,completed,Books,North,19,3
4101,2024-05-29,750.96,failed,Home,South,16,3
4102,2024-05-29,3979.36,completed,Food,South,9,2
4103,2024-05-29,2567.98,completed,Electronics,East,15,1
4104,2024-05-29,3587.51,completed,Books,East,25,5
4105,2024-05-29,424.27,completed,Food,South,20,4
4106,2024-05-29,3707.53,completed,Sports,South,31,3
4107,2024-05-29,3610.08,failed,Sports,West,22,4
4108,2024-05-29,884.51,completed,Food,North,30,1
4109,2024-05-29,696.32,completed,Home,South,41,5
4110,2024-05-29,3745.99,pending,Sports,South,40,2
4111,2024-05-30,2086.62,completed,Sports,West,49,2
4112,2024-05-30,3241.95,failed,Home,Central,4,3
4113,2024-05-30,55.16,refunded,Home,Central,13,5
4114,2024-05-30,926.41,completed,Sports,East,8,3
4115,2024-05-30,3732.16,completed,Home,Central,37,2
4116,2024-05-30,1002.34,completed,Sports,Central,22,2
4117,2024-05-30,410.61,refunded,Home,Central,1,2
4118,2024-05-30,883.75,completed,Sports,South,24,4
4119,2024-05-30,4163.68,completed,Food,South,27,4
4120,2024-05-30,1739.19,completed,Food,South,11,2
4121,2024-05-30,2655.08,completed,Sports,West,16,3
4122,2024-05-30,2891.7,completed,Home,East,15,5
4123,2024-05-30,1869.47,completed,Books,West,26,5
4124,2024-05-30,477.55,pending,Clothing,North,8,5
4125,2024-05-30,1291.45,pending,Sports,North,24,3
4126,2024-05-30,797.48,completed,Clothing,South,27,3
4127,2024-05-30,4548.51,pending,Sports,Central,27,5
4128,2024-05-30,3703.04,completed,Clothing,South,24,2
4129,2024-05-30,4117.03,completed,Home,South,36,3
4130,2024-05-30,4063.12,completed,Food,West,34,1
4131,2024-05-30,20.85,completed,Food,Central,24,3
4132,2024-05-30,3747.55,completed,Sports,North,31,1
4133,2024-05-30,2415.46,completed,Sports,South,5,3
4134,2024-05-30,3875.43,completed,Clothing,Central,14,4
4135,2024-05-30,4799.62,completed,Electronics,Central,12,1
4136,2024-05-30,1795.01,completed,Home,Central,38,5
4137,2024-05-30,3027.88,pending,Home,South,21,4
4138,2024-05-31,1529.97,completed,Books,East,8,3
4139,2024-05-31,4470.1,completed,Electronics,Central,30,2
4140,2024-05-31,1277.57,completed,Home,East,31,5
4141,2024-05-31,1762.74,pending,Food,Central,42,5
4142,2024-05-31,4440.85,completed,Books,West,31,5
4143,2024-05-31,513.24,completed,Sports,North,46,4
4144,2024-05-31,2475.14,completed,Books,South,12,3
4145,2024-05-31,2910.61,completed,Clothing,East,24,2
4146,2024-05-31,2899.3,completed,Home,East,10,2
4147,2024-05-31,609.17,completed,Books,Central,21,5
4148,2024-05-31,207.06,pending,Home,South,6,5
4149,2024-05-31,2089.04,completed,Electronics,West,19,2
4150,2024-05-31,2274.76,failed,Sports,Central,31,2
4151,2024-05-31,4713.89,completed,Clothing,West,16,3
4152,2024-05-31,3780.76,completed,Electronics,East,18,5
4153,2024-05-31,2997.19,failed,Home,Central,29,5
4154,2024-05-31,1058.47,completed,Electronics,East,49,1
4155,2024-05-31,4508.23,pending,Electronics,East,10,4
4156,2024-05-31,975.7,completed,Electronics,West,32,2
4157,2024-05-31,4737.4,completed,Food,North,47,3
4158,2024-05-31,4730.22,failed,Electronics,West,1,1
4159,2024-05-31,4889.68,completed,Electronics,South,20,1
4160,2024-05-31,1422.26,completed,Books,South,19,2
4161,2024-05-31,696.05,completed,Clothing,North,48,4
4162,2024-05-31,3147.6,completed,Food,West,1,3
4163,2024-05-31,2119.94,completed,Electronics,North,49,2
4164,2024-05-31,1948.61,pending,Sports,Central,31,2
4165,2024-06-01,2785.98,completed,Food,North,2,1
4166,2024-06-01,3450.43,completed,Home,East,45,4
4167,2024-06-01,1667.3,pending,Sports,East,39,2
4168,2024-06-01,1682.22,pending,Food,North,37,2
4169,2024-06-01,3055.7,refunded,Clothing,Central,15,4
4170,2024-06-01,365.84,pending,Home,Central,14,3
4171,2024-06-01,3502.73,completed,Food,Central,40,1
4172,2024-06-01,3997.07,completed,Home,Central,9,4
4173,2024-06-01,4399.96,pending,Electronics,North,23,1
4174,2024-06-01,3771.63,completed,Sports,North,43,5
4175,2024-06-01,2538.65,completed,Food,Central,48,3
4176,2024-06-01,4370.33,pending,Home,South,6,5
4177,2024-06-01,2460.03,completed,Electronics,West,38,5
4178,2024-06-01,3937.56,completed,Home,South,35,2
4179,2024-06-01,327.42,completed,Home,West,42,5
4180,2024-06-01,3548.09,completed,Food,Central,12,3
4181,2024-06-01,429.66,completed,Books,North,40,4
4182,2024-06-01,148.24,refunded,Books,Central,15,1
4183,2024-06-01,2516.19,completed,Books,South,21,2
4184,2024-06-01,606.04,completed,Books,South,3,2
4185,2024-06-01,1632.34,completed,Books,Central,34,2
4186,2024-06-01,3873.47,completed,Food,Central,9,2
4187,2024-06-01,2755.91,completed,Home,West,20,3
4188,2024-06-01,3669.56,completed,Home,North,2,5
4189,2024-06-01,3919.93,completed,Sports,South,27,1
4190,2024-06-01,2406.47,completed,Electronics,South,26,4
4191,2024-06-01,4928.35,completed,Clothing,Central,33,5
4192,2024-06-01,1018.46,completed,Food,North,23,5
4193,2024-06-02,433.7,completed,Electronics,Central,38,2
4194,2024-06-02,1599.24,completed,Home,Central,27,2
4195,2024-06-02,3814.92,completed,Clothing,South,7,2
4196,2024-06-02,490.24,completed,Sports,North,4,5
4197,2024-06-02,2339.04,completed,Home,Central,10,4
4198,2024-06-02,2861.0,completed,Clothing,Central,40,4
4199,2024-06-02,4041.74,completed,Sports,East,21,5
4200,2024-06-02,4231.01,completed,Books,West,7,1
4201,2024-06-02,1202.28,completed,Books,Central,20,5
4202,2024-06-02,1377.73,completed,Electronics,Central,41,2
4203,2024-06-02,3422.98,completed,Books,South,40,4
4204,2024-06-02,4300.3,completed,Books,East,16,4
4205,2024-06-02,850.11,failed,Electronics,North,14,2
4206,2024-06-02,3615.97,pending,Home,East,22,2
4207,2024-06-02,1195.98,completed,Sports,North,15,4
4208,2024-06-02,911.53,completed,Books,North,32,2
4209,2024-06-02,1694.4,refunded,Food,South,34,4
4210,2024-06-02,3975.33,pending,Home,North,30,5
4211,2024-06-02,3715.33,completed,Food,South,42,2
4212,2024-06-02,2398.72,completed,Electronics,West,28,3
4213,2024-06-02,3573.79,failed,Home,Central,33,2
4214,2024-06-02,2035.17,completed,Books,South,20,2
4215,2024-06-02,1060.44,completed,Books,West,12,1
4216,2024-06-02,4216.64,completed,Sports,East,24,2
4217,2024-06-02,278.41,completed,Electronics,West,32,3
4218,2024-06-02,4506.1,completed,Electronics,North,4,4
4219,2024-06-02,3946.49,pending,Food,West,24,3
4220,2024-06-03,3620.67,completed,Home,East,8,4
4221,2024-06-03,2849.93,completed,Home,East,13,1
4222,2024-06-03,4051.97,failed,Clothing,North,36,5
4223,2024-06-03,150.82,completed,Home,Central,17,2
4224,2024-06-03,2959.16,completed,Home,North,33,4
4225,2024-06-03,1312.59,completed,Sports,North,26,1
4226,2024-06-03,3199.95,completed,Clothing,North,17,5
4227,2024-06-03,3376.87,completed,Sports,West,24,3
4228,2024-06-03,1081.56,pending,Home,North,39,3
4229,2024-06-03,782.48,completed,Books,Central,28,3
4230,2024-06-03,2941.41,completed,Home,West,40,3
4231,2024-06-03,4703.48,completed,Clothing,South,15,5
4232,2024-06-03,3320.59,completed,Home,North,26,4
4233,2024-06-03,2425.95,completed,Clothing,North,16,1
4234,2024-06-03,4678.09,refunded,Sports,West,49,2
4235,2024-06-03,4096.39,completed,Food,East,44,2
4236,2024-06-03,3666.67,completed,Food,West,14,4
4237,2024-06-03,2192.59,completed,Sports,South,10,3
4238,2024-06-03,2462.06,completed,Food,North,15,3
4239,2024-06-03,1330.45,completed,Home,Central,4,2
4240,2024-06-03,4086.25,completed,Books,East,1,1
4241,2024-06-03,1430.47,completed,Books,Central,2,1
4242,2024-06-03,3521.72,pending,Clothing,North,8,2
4243,2024-06-03,4376.05,completed,Books,West,34,5
4244,2024-06-03,2765.3,completed,Clothing,South,41,4
4245,2024-06-03,790.98,refunded,Sports,South,3,3
4246,2024-06-03,134.15,completed,Food,West,31,5
4247,2024-06-03,3369.46,completed,Books,North,29,5
4248,2024-06-04,1130.93,completed,Books,East,10,3
4249,2024-06-04,204.94,completed,Electronics,East,33,3
4250,2024-06-04,1722.98,completed,Sports,Central,34,3
4251,2024-06-04,2914.79,completed,Home,North,47,5
4252,2024-06-04,2762.15,pending,Sports,Central,9,5
4253,2024-06-04,845.38,completed,Clothing,Central,2,4
4254,2024-06-04,3023.89,completed,Books,South,20,1
4255,2024-06-04,2059.76,completed,Electronics,West,35,4
4256,2024-06-04,2393.37,pending,Books,Central,49,1
4257,2024-06-04,4373.38,completed,Food,Central,31,1
4258,2024-06-04,401.86,completed,Home,South,16,2
4259,2024-06-04,2644.08,completed,Books,South,12,1
4260,2024-06-04,876.38,completed,Electronics,South,34,1
4261,2024-06-04,922.04,completed,Home,South,35,2
4262,2024-06-04,3056.21,completed,Books,East,1,3
4263,2024-06-04,3351.85,completed,Home,Central,45,1
4264,2024-06-04,3035.06,pending,Electronics,East,15,2
4265,2024-06-04,4618.23,refunded,Clothing,Central,27,3
4266,2024-06-04,3975.36,completed,Electronics,Central,15,1
4267,2024-06-04,1001.06,pending,Clothing,Central,16,5
4268,2024-06-04,3182.96,completed,Food,Central,42,1
4269,2024-06-04,3105.5,pending,Books,South,25,2
4270,2024-06-04,3236.16,completed,Food,East,9,2
4271,2024-06-04,2151.11,completed,Food,South,17,2
4272,2024-06-04,4738.63,completed,Sports,Central,16,3
4273,2024-06-04,2324.02,completed,Food,West,38,2
4274,2024-06-04,3948.88,completed,Sports,Central,8,1
4275,2024-06-05,2411.73,completed,Electronics,Central,20,4
4276,2024-06-05,3939.26,pending,Sports,West,24,4
4277,2024-06-05,1984.25,failed,Sports,Central,6,5
4278,2024-06-05,14.07,completed,Books,West,14,4
4279,2024-06-05,2504.3,completed,Clothing,North,28,5
4280,2024-06-05,2744.51,pending,Electronics,East,9,4
4281,2024-06-05,586.91,completed,Home,West,29,4
4282,2024-06-05,3329.27,completed,Electronics,West,22,3
4283,2024-06-05,4270.14,completed,Electronics,East,43,4
4284,2024-06-05,4343.02,completed,Clothing,North,24,3
4285,2024-06-05,1890.71,completed,Clothing,East,24,2
4286,2024-06-05,2055.95,completed,Clothing,South,16,4
4287,2024-06-05,4293.34,completed,Clothing,West,3,3
4288,2024-06-05,4991.66,pending,Food,South,48,2
4289,2024-06-05,272.5,failed,Home,Central,14,5
4290,2024-06-05,318.28,pending,Food,Central,8,1
4291,2024-06-05,280.75,completed,Electronics,Central,5,1
4292,2024-06-05,2317.78,pending,Electronics,South,35,3
4293,2024-06-05,3924.91,completed,Home,South,20,1
4294,2024-06-05,477.47,completed,Electronics,North,26,5
4295,2024-06-05,3447.85,completed,Home,North,6,2
4296,2024-06-05,864.09,completed,Electronics,East,19,3
4297,2024-06-05,174.48,completed,Electronics,South,16,3
4298,2024-06-05,2981.97,pending,Electronics,South,34,2
4299,2024-06-05,2973.36,completed,Home,West,35,1
4300,2024-06-05,1423.64,completed,Electronics,Central,8,2
4301,2024-06-05,1617.96,pending,Home,North,43,1
4302,2024-06-06,1776.41,pending,Electronics,South,46,1
4303,2024-06-06,4646.86,completed,Sports,South,5,4
4304,2024-06-06,4332.94,completed,Food,East,41,5
4305,2024-06-06,2642.27,pending,Clothing,North,40,3
4306,2024-06-06,4817.65,completed,Sports,Central,37,2
4307,2024-06-06,2912.78,completed,Sports,West,49,2
4308,2024-06-06,516.65,refunded,Food,Central,47,5
4309,2024-06-06,2440.93,pending,Electronics,West,19,2
4310,2024-06-06,4473.66,completed,Clothing,Central,47,5
4311,2024-06-06,3316.66,failed,Electronics,South,9,2
4312,2024-06-06,4763.81,completed,Books,West,10,3
4313,2024-06-06,2659.11,completed,Food,South,37,2
4314,2024-06-06,4560.12,completed,Books,South,44,3
4315,2024-06-06,3835.27,completed,Books,East,10,4
4316,2024-06-06,4115.35,completed,Sports,West,39,2
4317,2024-06-06,4957.36,completed,Food,West,39,1
4318,2024-06-06,1518.19,completed,Clothing,East,22,4
4319,2024-06-06,3144.0,completed,Books,South,43,4
4320,2024-06-06,1289.7,pending,Home,South,27,2
4321,2024-06-06,4270.95,completed,Sports,East,27,4
4322,2024-06-06,2933.52,failed,Clothing,East,28,2
4323,2024-06-06,887.42,failed,Clothing,East,29,4
4324,2024-06-06,2112.02,failed,Home,Central,26,2
4325,2024-06-06,916.9,completed,Sports,North,45,1
4326,2024-06-06,2295.18,completed,Books,North,21,2
4327,2024-06-06,397.16,completed,Sports,South,13,1
4328,2024-06-06,4826.75,failed,Clothing,Central,31,1
4329,2024-06-06,2987.12,pending,Home,North,24,2
4330,2024-06-07,4953.4,completed,Clothing,West,41,3
4331,2024-06-07,877.1,pending,Home,Central,43,1
4332,2024-06-07,1928.23,completed,Clothing,South,47,1
4333,2024-06-07,4656.88,completed,Clothing,Central,42,2
4334,2024-06-07,3462.9,completed,Books,East,33,4
4335,2024-06-07,359.49,completed,Food,East,23,2
4336,2024-06-07,4417.09,completed,Home,East,47,3
4337,2024-06-07,952.29,completed,Home,South,20,5
4338,2024-06-07,1316.44,completed,Home,East,48,4
4339,2024-06-07,3661.46,completed,Books,North,48,3
4340,2024-06-07,3556.35,completed,Home,North,32,1
4341,2024-06-07,3306.37,pending,Sports,South,49,4
4342,2024-06-07,36.98,failed,Clothing,North,14,3
4343,2024-06-07,1254.41,completed,Books,East,3,2
4344,2024-06-07,1731.03,completed,Food,East,26,1
4345,2024-06-07,2007.67,completed,Clothing,East,16,2
4346,2024-06-07,378.93,completed,Sports,North,45,3
4347,2024-06-07,3380.14,pending,Food,West,33,2
4348,2024-06-07,4457.34,completed,Clothing,North,7,3
4349,2024-06-07,4948.46,completed,Home,South,31,4
4350,2024-06-07,3991.92,completed,Food,Central,37,4
4351,2024-06-07,1020.97,pending,Sports,Central,20,5
4352,2024-06-07,2561.32,completed,Clothing,East,47,1
4353,2024-06-07,4579.52,failed,Food,South,36,4
4354,2024-06-07,342.31,completed,Food,Central,36,5
4355,2024-06-07,1149.36,completed,Food,Central,16,2
4356,2024-06-07,1331.03,completed,Sports,West,47,3
4357,2024-06-08,3051.78,completed,Food,South,33,2
4358,2024-06-08,4758.08,completed,Electronics,South,36,4
4359,2024-06-08,2418.12,completed,Electronics,North,40,3
4360,2024-06-08,2823.85,completed,Electronics,Central,49,2
4361,2024-06-08,3202.91,completed,Home,Central,34,1
4362,2024-06-08,4259.15,completed,Electronics,East,48,4
4363,2024-06-08,1438.79,completed,Home,East,12,3
4364,2024-06-08,3134.98,completed,Books,East,31,5
4365,2024-06-08,4627.25,completed,Electronics,South,23,2
4366,2024-06-08,4695.28,completed,Food,North,30,5
4367,2024-06-08,1919.39,completed,Sports,South,44,3
4368,2024-06-08,567.85,failed,Food,South,44,4
4369,2024-06-08,4622.71,completed,Sports,West,4,2
4370,2024-06-08,4605.62,pending,Food,North,38,3
4371,2024-06-08,495.25,completed,Food,Central,47,4
4372,2024-06-08,415.9,failed,Clothing,North,30,1
4373,2024-06-08,933.84,completed,Books,East,30,5
4374,2024-06-08,3237.78,failed,Sports,Central,35,2
4375,2024-06-08,1520.08,failed,Sports,South,48,3
4376,2024-06-08,1208.6,completed,Clothing,West,4,4
4377,2024-06-08,4000.15,completed,Food,North,40,2
4378,2024-06-08,1227.0,completed,Sports,South,47,2
4379,2024-06-08,4802.48,completed,Clothing,Central,2,4
4380,2024-06-08,2197.81,completed,Sports,South,21,2
4381,2024-06-08,2118.74,completed,Home,West,35,3
4382,2024-06-08,4718.74,completed,Clothing,East,5,2
4383,2024-06-08,609.45,completed,Food,North,10,3
4384,2024-06-08,583.56,completed,Sports,South,19,2
4385,2024-06-09,2173.53,completed,Sports,East,46,4
4386,2024-06-09,2939.46,completed,Clothing,East,26,3
4387,2024-06-09,2545.25,completed,Food,Central,44,1
4388,2024-06-09,4775.01,completed,Books,South,49,4
4389,2024-06-09,4965.88,pending,Sports,East,31,4
4390,2024-06-09,213.91,pending,Sports,East,30,2
4391,2024-06-09,835.75,refunded,Electronics,North,35,3
4392,2024-06-09,2772.61,completed,Electronics,Central,3,2
4393,2024-06-09,4751.15,completed,Home,South,16,3
4394,2024-06-09,1406.74,completed,Sports,East,4,5
4395,2024-06-09,1841.7,completed,Home,West,8,1
4396,2024-06-09,1162.99,failed,Electronics,Central,20,1
4397,2024-06-09,4837.45,completed,Books,North,46,4
4398,2024-06-09,777.74,refunded,Electronics,East,43,4
4399,2024-06-09,2827.17,failed,Food,North,20,4
4400,2024-06-09,124.54,completed,Food,East,18,3
4401,2024-06-09,3012.35,completed,Clothing,Central,48,4
4402,2024-06-09,1968.34,completed,Clothing,East,49,3
4403,2024-06-09,2832.6,pending,Electronics,Central,28,1
4404,2024-06-09,410.47,completed,Electronics,West,1,5
4405,2024-06-09,464.44,completed,Books,South,20,2
4406,2024-06-09,470.29,failed,Clothing,Central,27,1
4407,2024-06-09,4177.57,pending,Clothing,West,36,4
4408,2024-06-09,3623.64,failed,Sports,North,48,5
4409,2024-06-09,650.59,completed,Food,West,32,2
4410,2024-06-09,1587.07,pending,Home,East,24,3
4411,2024-06-09,2187.8,completed,Books,Central,25,5
4412,2024-06-10,502.19,completed,Home,West,25,5
4413,2024-06-10,4201.47,completed,Sports,North,30,4
4414,2024-06-10,1821.05,completed,Home,East,16,3
4415,2024-06-10,3355.75,completed,Sports,West,10,1
4416,2024-06-10,3213.46,completed,Books,East,40,1
4417,2024-06-10,4572.36,failed,Food,North,37,5
4418,2024-06-10,3712.26,refunded,Sports,North,46,3
4419,2024-06-10,181.8,completed,Food,South,35,3
4420,2024-06-10,783.8,completed,Clothing,South,21,5
4421,2024-06-10,2229.96,completed,Electronics,East,44,1
4422,2024-06-10,474.17,completed,Home,South,45,1
4423,2024-06-10,1965.23,pending,Clothing,South,33,2
4424,2024-06-10,4887.31,failed,Food,East,7,5
4425,2024-06-10,1035.29,refunded,Sports,North,45,5
4426,2024-06-10,3526.61,completed,Sports,West,34,4
4427,2024-06-10,1307.1,pending,Sports,North,13,1
4428,2024-06-10,180.47,completed,Sports,Central,16,5
4429,2024-06-10,501.06,pending,Home,West,6,5
4430,2024-06-10,528.44,completed,Home,North,6,5
4431,2024-06-10,1502.08,completed,Food,West,19,4
4432,2024-06-10,4803.15,refunded,Electronics,East,31,1
4433,2024-06-10,3107.1,completed,Electronics,East,30,5
4434,2024-06-10,623.75,failed,Clothing,South,27,2
4435,2024-06-10,360.58,completed,Books,South,30,5
4436,2024-06-10,4854.17,pending,Food,Central,28,3
4437,2024-06-10,865.1,failed,Books,North,31,2
4438,2024-06-10,1359.59,completed,Sports,West,37,5
4439,2024-06-11,4210.01,completed,Sports,East,43,2
4440,2024-06-11,2778.92,pending,Sports,Central,24,2
4441,2024-06-11,1141.1,completed,Home,East,31,1
4442,2024-06-11,3325.64,completed,Electronics,East,19,5
4443,2024-06-11,1863.93,completed,Food,Central,42,1
4444,2024-06-11,2912.03,completed,Home,West,37,1
4445,2024-06-11,492.9,completed,Electronics,East,9,1
4446,2024-06-11,4402.2,completed,Food,Central,36,3
4447,2024-06-11,2981.43,completed,Sports,Central,7,1
4448,2024-06-11,31.63,refunded,Home,North,26,4
4449,2024-06-11,2799.79,completed,Sports,South,43,2
4450,2024-06-11,1816.74,completed,Home,Central,31,3
4451,2024-06-11,4528.57,pending,Electronics,Central,3,5
4452,2024-06-11,701.36,pending,Home,East,25,1
4453,2024-06-11,1675.23,completed,Food,South,40,3
4454,2024-06-11,3825.07,completed,Sports,Central,31,3
4455,2024-06-11,1133.92,completed,Clothing,North,44,1
4456,2024-06-11,1572.64,refunded,Sports,North,20,1
4457,2024-06-11,3858.5,failed,Electronics,West,25,3
4458,2024-06-11,3564.53,completed,Books,North,40,3
4459,2024-06-11,1804.82,completed,Electronics,North,31,4
4460,2024-06-11,2342.4,pending,Books,North,35,2
4461,2024-06-11,2766.23,pending,Home,Central,13,1
4462,2024-06-11,4440.91,completed,Books,North,35,5
4463,2024-06-11,3310.91,refunded,Electronics,Central,20,2
4464,2024-06-11,2966.57,pending,Books,North,49,1
4465,2024-06-11,4056.58,completed,Clothing,Central,22,2
4466,2024-06-11,1528.59,completed,Clothing,South,25,3
4467,2024-06-12,2225.43,completed,Books,East,1,2
4468,2024-06-12,3436.4,pending,Clothing,North,47,5
4469,2024-06-12,2025.35,completed,Food,South,8,3
4470,2024-06-12,2400.61,pending,Clothing,North,20,4
4471,2024-06-12,810.32,failed,Books,South,18,1
4472,2024-06-12,3054.01,pending,Sports,East,45,1
4473,2024-06-12,3204.77,completed,Home,East,32,3
4474,2024-06-12,4282.37,completed,Food,West,28,5
4475,2024-06-12,436.2,completed,Electronics,Central,34,5
4476,2024-06-12,4498.9,completed,Clothing,North,28,2
4477,2024-06-12,438.79,completed,Home,South,20,5
4478,2024-06-12,3729.04,completed,Sports,East,43,3
4479,2024-06-12,2949.19,completed,Books,East,27,4
4480,2024-06-12,2036.26,completed,Home,East,47,3
4481,2024-06-12,4618.15,completed,Clothing,South,4,5
4482,2024-06-12,2288.28,failed,Electronics,South,10,1
4483,2024-06-12,133.49,completed,Books,West,23,3
4484,2024-06-12,2607.74,completed,Home,North,7,4
4485,2024-06-12,2666.97,failed,Electronics,North,12,3
4486,2024-06-12,3724.43,completed,Electronics,West,39,4
4487,2024-06-12,1797.66,completed,Sports,East,16,1
4488,2024-06-12,378.94,completed,Sports,West,18,4
4489,2024-06-12,1753.84,completed,Electronics,West,6,4
4490,2024-06-12,3017.03,pending,Home,South,7,4
4491,2024-06-12,2728.32,failed,Home,East,44,4
4492,2024-06-12,4236.49,pending,Clothing,East,12,2
4493,2024-06-12,1358.31,completed,Home,North,3,5
4494,2024-06-13,2850.62,completed,Home,North,18,2
4495,2024-06-13,4878.19,completed,Food,Central,20,4
4496,2024-06-13,1575.18,completed,Sports,West,38,2
4497,2024-06-13,2186.14,failed,Food,Central,15,4
4498,2024-06-13,4971.18,completed,Home,West,4,2
4499,2024-06-13,730.6,completed,Electronics,Central,48,5
4500,2024-06-13,2872.21,pending,Clothing,East,25,2
4501,2024-06-13,1858.04,completed,Clothing,North,19,3
4502,2024-06-13,240.25,refunded,Electronics,West,1,2
4503,2024-06-13,3806.31,refunded,Electronics,North,12,2
4504,2024-06-13,1002.17,completed,Books,Central,35,5
4505,2024-06-13,4461.36,failed,Books,West,42,5
4506,2024-06-13,2095.07,refunded,Books,East,48,1
4507,2024-06-13,731.68,failed,Sports,West,32,4
4508,2024-06-13,1237.61,failed,Sports,East,18,5
4509,2024-06-13,4166.03,completed,Clothing,West,19,3
4510,2024-06-13,1875.66,completed,Food,East,46,2
4511,2024-06-13,1288.77,failed,Books,South,19,4
4512,2024-06-13,1252.24,completed,Electronics,North,44,4
4513,2024-06-13,2920.12,failed,Books,North,43,1
4514,2024-06-13,1291.55,completed,Food,Central,18,2
4515,2024-06-13,4677.31,completed,Clothing,South,24,1
4516,2024-06-13,256.34,pending,Books,East,11,5
4517,2024-06-13,787.72,completed,Clothing,North,33,1
4518,2024-06-13,2150.49,completed,Clothing,South,17,1
4519,2024-06-13,1049.3,pending,Sports,East,11,5
4520,2024-06-13,3895.32,completed,Books,Central,45,2
4521,2024-06-13,4583.55,pending,Clothing,Central,28,4
4522,2024-06-14,3004.92,failed,Books,East,21,5
4523,2024-06-14,4271.56,completed,Clothing,South,7,1
4524,2024-06-14,4004.93,completed,Sports,North,25,2
4525,2024-06-14,801.55,completed,Food,Central,3,2
4526,2024-06-14,399.96,pending,Clothing,West,8,2
4527,2024-06-14,3148.87,completed,Electronics,South,6,5
4528,2024-06-14,4912.79,completed,Clothing,Central,12,2
4529,2024-06-14,4161.22,failed,Books,West,48,2
4530,2024-06-14,3085.34,completed,Sports,Central,46,1
4531,2024-06-14,563.61,pending,Sports,South,26,4
4532,2024-06-14,3900.77,completed,Food,South,45,2
4533,2024-06-14,3418.02,failed,Home,East,23,1
4534,2024-06-14,4670.06,completed,Sports,Central,15,2
4535,2024-06-14,3549.94,completed,Clothing,Central,33,5
4536,2024-06-14,526.61,completed,Clothing,East,35,2
4537,2024-06-14,3049.89,pending,Books,West,20,5
4538,2024-06-14,2024.77,completed,Sports,East,34,1
4539,2024-06-14,2112.7,pending,Food,South,30,2
4540,2024-06-14,3168.44,failed,Electronics,East,21,3
4541,2024-06-14,4499.35,pending,Sports,Central,43,1
4542,2024-06-14,3801.31,completed,Food,North,35,4
4543,2024-06-14,121.29,failed,Electronics,South,5,5
4544,2024-06-14,743.52,pending,Clothing,South,44,4
4545,2024-06-14,1822.31,pending,Books,East,47,5
4546,2024-06-14,3426.6,failed,Books,East,38,1
4547,2024-06-14,3174.63,completed,Electronics,Central,23,3
4548,2024-06-14,2523.4,completed,Sports,North,27,4
4549,2024-06-15,2156.36,completed,Books,West,8,3
4550,2024-06-15,3949.92,pending,Books,East,32,5
4551,2024-06-15,487.53,completed,Electronics,North,20,4
4552,2024-06-15,2979.25,pending,Electronics,Central,42,5
4553,2024-06-15,4044.38,completed,Clothing,North,24,4
4554,2024-06-15,1369.31,completed,Home,Central,37,5
4555,2024-06-15,1019.23,completed,Clothing,South,29,4
4556,2024-06-15,3370.56,completed,Electronics,North,47,1
4557,2024-06-15,886.4,completed,Clothing,South,42,5
4558,2024-06-15,2446.23,completed,Sports,Central,42,5
4559,2024-06-15,4614.91,completed,Clothing,Central,14,4
4560,2024-06-15,312.83,pending,Sports,East,3,2
4561,2024-06-15,4546.66,completed,Electronics,South,26,3
4562,2024-06-15,959.92,completed,Home,North,36,1
4563,2024-06-15,2416.91,completed,Books,East,37,1
4564,2024-06-15,669.83,completed,Home,West,7,2
4565,2024-06-15,3552.25,failed,Sports,North,43,2
4566,2024-06-15,4988.89,refunded,Electronics,North,41,2
4567,2024-06-15,1517.47,completed,Books,West,46,2
4568,2024-06-15,4624.23,completed,Home,West,5,4
4569,2024-06-15,3652.52,pending,Food,East,27,2
4570,2024-06-15,4827.46,refunded,Electronics,West,15,5
4571,2024-06-15,3362.26,completed,Books,East,35,5
4572,2024-06-15,3413.21,pending,Books,West,16,4
4573,2024-06-15,4719.28,completed,Sports,North,48,5
4574,2024-06-15,3639.8,completed,Electronics,Central,46,4
4575,2024-06-15,4238.79,completed,Books,West,44,2
4576,2024-06-16,1430.02,completed,Food,Central,49,1
4577,2024-06-16,852.72,completed,Clothing,North,27,3
4578,2024-06-16,3203.88,completed,Sports,East,27,4
4579,2024-06-16,1270.51,completed,Books,South,24,3
4580,2024-06-16,2154.9,completed,Home,East,26,2
4581,2024-06-16,4279.35,completed,Clothing,East,30,1
4582,2024-06-16,3159.09,completed,Clothing,East,27,2
4583,2024-06-16,4719.95,completed,Home,Central,12,5
4584,2024-06-16,1780.02,completed,Food,West,32,3
4585,2024-06-16,1410.3,completed,Food,Central,17,5
4586,2024-06-16,1076.43,failed,Sports,East,4,5
4587,2024-06-16,4882.08,pending,Electronics,West,49,1
4588,2024-06-16,2153.89,completed,Books,South,15,2
4589,2024-06-16,4601.19,failed,Food,East,28,3
4590,2024-06-16,1731.1,completed,Home,East,30,5
4591,2024-06-16,1445.76,completed,Electronics,West,9,2
4592,2024-06-16,3856.47,pending,Clothing,East,12,3
4593,2024-06-16,3094.14,refunded,Clothing,South,24,3
4594,2024-06-16,2628.07,completed,Clothing,Central,30,1
4595,2024-06-16,2206.7,completed,Clothing,West,49,3
4596,2024-06-16,2337.51,pending,Books,North,45,4
4597,2024-06-16,4173.9,completed,Food,South,49,4
4598,2024-06-16,774.03,failed,Food,East,38,4
4599,2024-06-16,264.7,completed,Home,Central,37,5
4600,2024-06-16,39.69,refunded,Home,Central,27,5
4601,2024-06-16,2480.06,completed,Clothing,South,19,5
4602,2024-06-16,4091.84,failed,Electronics,East,14,2
4603,2024-06-16,3358.14,pending,Sports,North,36,1
4604,2024-06-17,4952.34,refunded,Electronics,North,21,1
4605,2024-06-17,3053.73,completed,Books,South,47,4
4606,2024-06-17,2550.37,completed,Clothing,Central,5,3
4607,2024-06-17,2912.3,completed,Clothing,East,27,3
4608,2024-06-17,4412.04,pending,Sports,South,8,2
4609,2024-06-17,83.05,completed,Sports,South,21,2
4610,2024-06-17,2337.84,completed,Clothing,West,49,3
4611,2024-06-17,2061.74,completed,Food,East,12,2
4612,2024-06-17,4767.06,pending,Electronics,East,45,3
4613,2024-06-17,944.42,pending,Home,South,46,4
4614,2024-06-17,137.48,completed,Home,Central,31,2
4615,2024-06-17,3162.09,completed,Electronics,North,47,3
4616,2024-06-17,3128.84,completed,Sports,West,31,5
4617,2024-06-17,1603.5,refunded,Home,Central,44,4
4618,2024-06-17,2703.35,failed,Home,Central,14,1
4619,2024-06-17,2987.41,completed,Food,East,15,2
4620,2024-06-17,1771.67,completed,Electronics,West,20,2
4621,2024-06-17,2108.35,completed,Books,Central,45,3
4622,2024-06-17,717.57,pending,Clothing,North,11,2
4623,2024-06-17,3857.41,failed,Food,Central,49,2
4624,2024-06-17,1952.02,completed,Books,North,47,3
4625,2024-06-17,3231.05,completed,Books,North,25,3
4626,2024-06-17,2138.88,completed,Electronics,North,40,3
4627,2024-06-17,819.66,completed,Books,North,4,3
4628,2024-06-17,3506.19,refunded,Home,West,15,4
4629,2024-06-17,2092.51,failed,Clothing,North,18,2
4630,2024-06-17,934.92,completed,Home,West,18,1
4631,2024-06-18,4668.15,completed,Electronics,North,7,1
4632,2024-06-18,4467.66,completed,Books,South,1,5
4633,2024-06-18,3638.52,completed,Electronics,South,20,2
4634,2024-06-18,2884.55,pending,Home,Central,14,1
4635,2024-06-18,3129.69,completed,Sports,North,47,1
4636,2024-06-18,1807.43,completed,Home,South,14,4
4637,2024-06-18,1322.12,completed,Electronics,North,40,2
4638,2024-06-18,2964.4,completed,Books,South,8,3
4639,2024-06-18,3702.64,completed,Sports,East,48,4
4640,2024-06-18,2480.76,completed,Electronics,West,45,2
4641,2024-06-18,4478.78,completed,Home,East,3,1
4642,2024-06-18,1948.15,failed,Electronics,West,2,2
4643,2024-06-18,1888.6,completed,Electronics,South,44,3
4644,2024-06-18,2133.35,completed,Clothing,North,28,3
4645,2024-06-18,3523.95,completed,Home,West,34,5
4646,2024-06-18,147.01,pending,Sports,Central,21,1
4647,2024-06-18,1775.51,completed,Food,West,4,5
4648,2024-06-18,3717.17,completed,Books,North,20,2
4649,2024-06-18,2778.28,completed,Electronics,Central,39,5
4650,2024-06-18,1556.29,failed,Sports,North,8,3
4651,2024-06-18,3287.03,completed,Electronics,East,17,1
4652,2024-06-18,4506.65,completed,Sports,West,39,3
4653,2024-06-18,2530.58,completed,Food,Central,28,4
4654,2024-06-18,3698.78,completed,Sports,East,16,3
4655,2024-06-18,1000.09,failed,Electronics,Central,33,1
4656,2024-06-18,2370.24,failed,Clothing,East,34,5
4657,2024-06-18,1463.55,pending,Books,North,35,4
4658,2024-06-18,4964.02,completed,Sports,North,16,5
4659,2024-06-19,1101.48,failed,Electronics,Central,45,5
4660,2024-06-19,4737.58,completed,Electronics,North,45,4
4661,2024-06-19,2049.52,completed,Food,Central,31,3
4662,2024-06-19,2496.76,completed,Sports,East,12,5
4663,2024-06-19,2624.22,completed,Books,Central,18,1
4664,2024-06-19,1216.63,completed,Food,Central,41,2
4665,2024-06-19,1202.29,completed,Books,North,40,2
4666,2024-06-19,1886.41,pending,Food,West,37,2
4667,2024-06-19,3728.55,completed,Books,North,24,1
4668,2024-06-19,3506.85,failed,Sports,South,43,3
4669,2024-06-19,4988.05,completed,Clothing,Central,17,2
4670,2024-06-19,451.0,completed,Electronics,Central,49,4
4671,2024-06-19,3798.89,completed,Clothing,North,46,5
4672,2024-06-19,982.72,pending,Sports,Central,29,4
4673,2024-06-19,2559.99,completed,Home,North,49,4
4674,2024-06-19,989.95,completed,Books,South,36,4
4675,2024-06-19,4681.14,completed,Home,East,14,2
4676,2024-06-19,2540.9,pending,Food,South,28,1
4677,2024-06-19,2352.85,completed,Sports,North,14,2
4678,2024-06-19,1543.93,completed,Books,North,44,2
4679,2024-06-19,2250.28,failed,Electronics,North,47,3
4680,2024-06-19,562.38,refunded,Clothing,East,31,2
4681,2024-06-19,3424.11,pending,Sports,West,1,3
4682,2024-06-19,2857.63,completed,Books,South,42,3
4683,2024-06-19,506.82,pending,Sports,Central,12,4
4684,2024-06-19,520.86,completed,Clothing,West,13,2
4685,2024-06-19,1471.88,completed,Clothing,South,2,4
4686,2024-06-20,2370.81,completed,Home,South,3,4
4687,2024-06-20,1121.11,refunded,Food,South,46,3
4688,2024-06-20,665.36,completed,Sports,West,5,4
4689,2024-06-20,490.74,completed,Electronics,Central,27,2
4690,2024-06-20,1532.49,completed,Home,South,32,2
4691,2024-06-20,3151.76,completed,Home,South,31,4
4692,2024-06-20,3395.04,pending,Sports,East,41,4
4693,2024-06-20,1421.51,completed,Clothing,South,41,3
4694,2024-06-20,2208.5,completed,Electronics,West,12,2
4695,2024-06-20,3146.01,failed,Clothing,North,35,1
4696,2024-06-20,1806.62,failed,Books,Central,29,1
4697,2024-06-20,4893.26,failed,Home,South,11,4
4698,2024-06-20,3466.72,completed,Sports,South,26,4
4699,2024-06-20,2896.32,failed,Food,South,35,3
4700,2024-06-20,2494.54,completed,Books,West,33,4
4701,2024-06-20,2464.81,completed,Sports,North,29,3
4702,2024-06-20,1465.72,completed,Sports,West,12,4
4703,2024-06-20,395.43,refunded,Electronics,West,40,3
4704,2024-06-20,4191.19,completed,Books,West,11,1
4705,2024-06-20,4528.0,refunded,Home,East,22,4
4706,2024-06-20,4872.8,refunded,Books,West,39,3
4707,2024-06-20,2025.83,failed,Food,East,45,4
4708,2024-06-20,4732.57,completed,Books,North,3,4
4709,2024-06-20,3514.79,completed,Sports,North,43,3
4710,2024-06-20,2116.39,completed,Electronics,South,35,1
4711,2024-06-20,4593.45,completed,Clothing,West,9,5
4712,2024-06-20,4842.96,completed,Books,West,4,5
4713,2024-06-21,2674.32,completed,Electronics,East,10,5
4714,2024-06-21,3900.43,failed,Food,West,6,1
4715,2024-06-21,3885.23,failed,Sports,Central,16,3
4716,2024-06-21,3048.08,completed,Books,West,12,1
4717,2024-06-21,2119.65,completed,Sports,East,6,4
4718,2024-06-21,680.37,completed,Electronics,North,17,4
4719,2024-06-21,4989.78,failed,Food,North,41,4
4720,2024-06-21,367.61,completed,Home,North,49,3
4721,2024-06-21,682.95,completed,Books,North,43,4
4722,2024-06-21,1880.19,completed,Home,West,23,4
4723,2024-06-21,1998.76,pending,Food,West,32,5
4724,2024-06-21,1343.1,completed,Electronics,West,22,3
4725,2024-06-21,399.61,refunded,Clothing,East,29,1
4726,2024-06-21,4498.08,refunded,Home,East,38,5
4727,2024-06-21,2571.16,failed,Clothing,South,18,2
4728,2024-06-21,4849.51,completed,Home,North,14,5
4729,2024-06-21,4391.05,failed,Books,Central,43,5
4730,2024-06-21,2475.13,completed,Sports,West,30,4
4731,2024-06-21,1947.23,completed,Home,Central,26,2
4732,2024-06-21,1282.69,completed,Home,West,35,3
4733,2024-06-21,4965.32,completed,Books,South,1,5
4734,2024-06-21,3029.24,completed,Books,East,42,2
4735,2024-06-21,4205.18,completed,Electronics,South,42,2
4736,2024-06-21,4923.5,refunded,Electronics,North,6,4
4737,2024-06-21,1127.49,completed,Home,South,14,5
4738,2024-06-21,4624.96,completed,Electronics,South,33,4
4739,2024-06-21,3974.44,failed,Electronics,Central,40,2
4740,2024-06-21,2278.69,pending,Electronics,North,1,4
4741,2024-06-22,4744.47,completed,Electronics,North,9,5
4742,2024-06-22,2953.58,completed,Food,West,25,1
4743,2024-06-22,1974.49,completed,Electronics,South,6,4
4744,2024-06-22,807.93,completed,Electronics,North,18,4
4745,2024-06-22,3642.2,completed,Home,South,26,3
4746,2024-06-22,3872.41,completed,Electronics,North,40,2
4747,2024-06-22,1042.49,completed,Electronics,East,11,5
4748,2024-06-22,1865.49,completed,Books,Central,36,3
4749,2024-06-22,284.66,completed,Clothing,East,14,5
4750,2024-06-22,2790.7,completed,Clothing,Central,34,4
4751,2024-06-22,3004.33,completed,Food,Central,10,2
4752,2024-06-22,4242.79,completed,Clothing,Central,9,5
4753,2024-06-22,140.49,pending,Sports,West,39,2
4754,2024-06-22,607.04,refunded,Sports,East,16,1
4755,2024-06-22,167.52,completed,Electronics,North,46,1
4756,2024-06-22,4722.8,completed,Books,South,15,2
4757,2024-06-22,2569.31,pending,Clothing,Central,11,2
4758,2024-06-22,1237.54,completed,Books,North,10,1
4759,2024-06-22,105.32,completed,Books,West,18,5
4760,2024-06-22,491.63,pending,Food,South,21,4
4761,2024-06-22,3603.59,completed,Books,Central,11,1
4762,2024-06-22,2406.61,completed,Sports,North,21,1
4763,2024-06-22,3674.78,completed,Sports,East,34,5
4764,2024-06-22,1333.3,completed,Electronics,Central,18,1
4765,2024-06-22,2203.35,completed,Books,East,1,1
4766,2024-06-22,3123.07,completed,Food,Central,39,1
4767,2024-06-22,1069.46,completed,Home,South,2,4
4768,2024-06-23,1444.74,completed,Food,East,34,4
4769,2024-06-23,716.62,completed,Clothing,West,11,3
4770,2024-06-23,3561.86,completed,Sports,South,39,1
4771,2024-06-23,2915.63,completed,Food,Central,25,3
4772,2024-06-23,2228.92,completed,Clothing,West,40,3
4773,2024-06-23,2841.01,failed,Books,Central,18,2
4774,2024-06-23,857.25,completed,Home,West,11,1
4775,2024-06-23,4066.3,failed,Clothing,Central,4,1
4776,2024-06-23,3779.79,refunded,Electronics,East,47,4
4777,2024-06-23,918.2,completed,Food,East,43,4
4778,2024-06-23,4429.7,completed,Food,Central,32,1
4779,2024-06-23,1975.94,completed,Clothing,East,42,2
4780,2024-06-23,2323.55,failed,Books,South,40,2
4781,2024-06-23,2660.99,refunded,Electronics,Central,3,5
4782,2024-06-23,3966.56,completed,Food,South,46,5
4783,2024-06-23,828.41,failed,Electronics,North,48,1
4784,2024-06-23,1332.44,pending,Home,North,40,1
4785,2024-06-23,4682.72,completed,Books,West,32,5
4786,2024-06-23,4689.62,failed,Books,South,28,1
4787,2024-06-23,4046.77,completed,Books,South,20,2
4788,2024-06-23,850.48,completed,Sports,East,24,4
4789,2024-06-23,2978.94,pending,Sports,South,12,1
4790,2024-06-23,2235.39,pending,Home,Central,27,2
4791,2024-06-23,412.91,completed,Books,Central,16,4
4792,2024-06-23,386.98,completed,Electronics,North,43,2
4793,2024-06-23,4285.62,completed,Food,North,3,4
4794,2024-06-23,461.59,completed,Food,East,4,1
4795,2024-06-23,1364.24,completed,Home,Central,42,5
4796,2024-06-24,762.12,completed,Food,South,19,3
4797,2024-06-24,2879.77,completed,Home,South,28,3
4798,2024-06-24,3802.51,completed,Sports,West,14,2
4799,2024-06-24,1333.26,completed,Food,East,11,3
4800,2024-06-24,3912.41,failed,Home,West,22,5
4801,2024-06-24,883.09,completed,Food,Central,7,5
4802,2024-06-24,1790.11,completed,Food,North,30,1
4803,2024-06-24,1221.98,completed,Electronics,North,7,3
4804,2024-06-24,2277.16,completed,Electronics,North,38,5
4805,2024-06-24,4905.23,completed,Books,East,20,4
4806,2024-06-24,3686.62,pending,Sports,West,1,1
4807,2024-06-24,1036.75,completed,Home,North,23,5
4808,2024-06-24,4832.51,completed,Sports,West,22,2
4809,2024-06-24,3409.89,pending,Food,North,3,1
4810,2024-06-24,2276.33,completed,Clothing,North,15,1
4811,2024-06-24,4582.1,failed,Food,Central,15,2
4812,2024-06-24,3816.53,failed,Clothing,South,37,4
4813,2024-06-24,3648.68,completed,Books,East,38,2
4814,2024-06-24,1012.65,pending,Electronics,South,14,2
4815,2024-06-24,648.54,failed,Sports,South,46,3
4816,2024-06-24,4329.44,failed,Electronics,East,12,1
4817,2024-06-24,3403.98,completed,Food,South,26,2
4818,2024-06-24,4088.04,completed,Clothing,North,9,3
4819,2024-06-24,3831.11,completed,Books,West,8,4
4820,2024-06-24,4516.51,completed,Sports,East,25,2
4821,2024-06-24,1883.85,completed,Food,East,13,1
4822,2024-06-24,1757.48,completed,Clothing,North,3,4
4823,2024-06-25,1191.94,completed,Home,West,49,2
4824,2024-06-25,536.09,completed,Home,West,35,3
4825,2024-06-25,2419.65,completed,Home,East,34,5
4826,2024-06-25,2496.12,completed,Food,East,44,1
4827,2024-06-25,581.16,completed,Electronics,South,36,5
4828,2024-06-25,3021.59,completed,Sports,West,10,5
4829,2024-06-25,1823.2,completed,Clothing,Central,45,5
4830,2024-06-25,2286.64,completed,Clothing,West,25,2
4831,2024-06-25,2555.02,completed,Sports,North,42,3
4832,2024-06-25,1559.59,completed,Electronics,Central,44,1
4833,2024-06-25,3428.43,completed,Home,East,1,3
4834,2024-06-25,2554.16,completed,Clothing,Central,42,3
4835,2024-06-25,2212.74,completed,Clothing,West,4,4
4836,2024-06-25,2053.88,completed,Books,West,39,5
4837,2024-06-25,128.33,refunded,Sports,South,33,1
4838,2024-06-25,3858.43,pending,Books,West,10,3
4839,2024-06-25,4832.78,failed,Books,South,46,1
4840,2024-06-25,663.55,completed,Books,South,22,5
4841,2024-06-25,1454.32,completed,Food,West,19,4
4842,2024-06-25,4236.13,completed,Food,Central,49,1
4843,2024-06-25,3546.35,completed,Electronics,East,28,5
4844,2024-06-25,1568.86,completed,Books,Central,12,2
4845,2024-06-25,3251.17,completed,Food,East,43,5
4846,2024-06-25,4587.03,completed,Home,South,7,4
4847,2024-06-25,1106.17,pending,Home,North,30,4
4848,2024-06-25,3401.39,completed,Electronics,South,21,4
4849,2024-06-25,4061.76,completed,Books,North,41,2
4850,2024-06-26,485.57,completed,Electronics,West,8,1
4851,2024-06-26,4673.2,completed,Food,North,29,4
4852,2024-06-26,4797.06,completed,Food,South,24,4
4853,2024-06-26,3668.01,completed,Clothing,Central,25,4
4854,2024-06-26,2582.87,completed,Sports,Central,31,4
4855,2024-06-26,3023.75,completed,Electronics,Central,19,4
4856,2024-06-26,3245.7,completed,Home,Central,20,1
4857,2024-06-26,779.12,completed,Home,East,15,1
4858,2024-06-26,1481.47,completed,Sports,North,13,1
4859,2024-06-26,513.38,completed,Home,South,47,2
4860,2024-06-26,1858.6,completed,Clothing,East,23,3
4861,2024-06-26,3728.07,pending,Books,North,18,4
4862,2024-06-26,4428.71,completed,Sports,Central,39,3
4863,2024-06-26,1862.67,completed,Food,East,7,1
4864,2024-06-26,3084.38,completed,Clothing,East,41,3
4865,2024-06-26,2978.24,completed,Food,North,1,3
4866,2024-06-26,2367.98,completed,Electronics,North,1,5
4867,2024-06-26,3474.1,pending,Books,West,13,2
4868,2024-06-26,762.54,completed,Electronics,West,3,1
4869,2024-06-26,383.49,completed,Clothing,West,25,3
4870,2024-06-26,1746.69,completed,Home,South,45,4
4871,2024-06-26,4846.87,completed,Electronics,East,9,3
4872,2024-06-26,4766.06,completed,Sports,East,12,5
4873,2024-06-26,3169.04,refunded,Clothing,South,6,2
4874,2024-06-26,2897.75,completed,Electronics,Central,20,2
4875,2024-06-26,3169.74,completed,Books,East,21,5
4876,2024-06-26,2152.59,completed,Clothing,Central,6,4
4877,2024-06-26,1449.05,completed,Sports,East,47,5
4878,2024-06-27,37.72,completed,Home,West,17,3
4879,2024-06-27,105.84,failed,Sports,Central,11,2
4880,2024-06-27,4861.1,completed,Sports,North,38,2
4881,2024-06-27,3725.45,failed,Books,East,33,2
4882,2024-06-27,3453.86,completed,Clothing,South,3,3
4883,2024-06-27,4223.74,completed,Food,North,47,2
4884,2024-06-27,3038.6,completed,Home,South,22,1
4885,2024-06-27,3341.52,completed,Books,North,40,2
4886,2024-06-27,3952.66,completed,Books,West,31,5
4887,2024-06-27,634.56,completed,Books,West,40,3
4888,2024-06-27,946.3,completed,Books,West,15,1
4889,2024-06-27,2784.27,completed,Electronics,Central,11,2
4890,2024-06-27,493.45,completed,Books,West,41,2
4891,2024-06-27,3300.52,completed,Electronics,South,42,1
4892,2024-06-27,4162.68,completed,Sports,West,1,3
4893,2024-06-27,4189.58,refunded,Home,West,5,2
4894,2024-06-27,1623.34,failed,Clothing,South,21,3
4895,2024-06-27,1021.41,completed,Clothing,Central,16,4
4896,2024-06-27,4794.01,pending,Electronics,East,42,3
4897,2024-06-27,4562.82,completed,Clothing,East,28,2
4898,2024-06-27,1574.41,completed,Books,Central,6,4
4899,2024-06-27,4471.85,pending,Clothing,East,23,1
4900,2024-06-27,4406.24,completed,Food,Central,10,5
4901,2024-06-27,1696.78,pending,Sports,South,35,4
4902,2024-06-27,1822.31,completed,Sports,West,33,3
4903,2024-06-27,4660.16,failed,Electronics,Central,29,2
4904,2024-06-27,3711.95,completed,Home,Central,16,4
4905,2024-06-28,3091.46,completed,Home,North,31,1
4906,2024-06-28,4764.95,completed,Books,West,13,1
4907,2024-06-28,4325.83,completed,Sports,South,14,4
4908,2024-06-28,383.02,completed,Books,West,26,5
4909,2024-06-28,2498.98,completed,Food,West,10,5
4910,2024-06-28,4479.61,completed,Books,West,31,2
4911,2024-06-28,564.7,completed,Home,Central,44,4
4912,2024-06-28,370.41,completed,Electronics,South,36,3
4913,2024-06-28,4296.69,completed,Sports,North,10,2
4914,2024-06-28,3889.14,completed,Food,Central,19,5
4915,2024-06-28,844.35,completed,Home,West,37,1
4916,2024-06-28,913.67,pending,Books,East,29,4
4917,2024-06-28,4164.71,completed,Electronics,East,39,5
4918,2024-06-28,1053.71,completed,Books,North,45,3
4919,2024-06-28,728.47,failed,Home,Central,36,3
4920,2024-06-28,4538.71,completed,Sports,North,47,3
4921,2024-06-28,4027.21,completed,Sports,West,16,1
4922,2024-06-28,2024.89,completed,Electronics,West,31,1
4923,2024-06-28,3133.94,failed,Home,Central,20,2
4924,2024-06-28,2157.68,pending,Books,West,27,4
4925,2024-06-28,1379.57,completed,Sports,Central,28,4
4926,2024-06-28,4934.14,pending,Home,East,37,3
4927,2024-06-28,2732.74,completed,Home,East,32,4
4928,2024-06-28,3191.44,pending,Books,East,45,3
4929,2024-06-28,2047.26,pending,Books,Central,34,4
4930,2024-06-28,2508.7,completed,Electronics,West,12,2
4931,2024-06-28,1445.71,completed,Electronics,Central,26,1
4932,2024-06-28,2152.11,completed,Books,West,19,4
4933,2024-06-29,3142.78,completed,Home,East,27,3
4934,2024-06-29,4062.5,completed,Home,South,2,2
4935,2024-06-29,4013.63,completed,Home,West,48,1
4936,2024-06-29,66.98,refunded,Electronics,South,48,3
4937,2024-06-29,2679.13,completed,Food,West,26,3
4938,2024-06-29,1872.85,completed,Books,North,41,1
4939,2024-06-29,3039.15,completed,Books,East,38,5
4940,2024-06-29,4409.55,refunded,Food,West,4,4
4941,2024-06-29,3877.44,pending,Home,South,7,4
4942,2024-06-29,1660.35,pending,Clothing,South,43,1
4943,2024-06-29,3698.42,completed,Home,North,9,4
4944,2024-06-29,515.88,completed,Food,Central,35,3
4945,2024-06-29,649.5,completed,Books,North,48,4
4946,2024-06-29,1135.53,pending,Food,South,43,5
4947,2024-06-29,2004.73,completed,Food,Central,47,3
4948,2024-06-29,2558.29,completed,Books,East,42,3
4949,2024-06-29,1995.26,completed,Books,East,1,1
4950,2024-06-29,3142.71,completed,Sports,South,13,4
4951,2024-06-29,629.64,completed,Electronics,North,48,5
4952,2024-06-29,2612.19,completed,Electronics,South,15,5
4953,2024-06-29,1369.3,completed,Food,East,4,1
4954,2024-06-29,1829.6,failed,Clothing,South,17,5
4955,2024-06-29,2549.33,completed,Sports,East,5,3
4956,2024-06-29,671.96,completed,Books,West,35,1
4957,2024-06-29,1947.28,completed,Electronics,East,42,3
4958,2024-06-29,3806.07,pending,Electronics,South,33,3
4959,2024-06-29,1395.07,failed,Home,Central,35,3
4960,2024-06-30,3825.19,completed,Books,North,24,2
4961,2024-06-30,1162.23,completed,Home,East,35,4
4962,2024-06-30,3773.32,pending,Books,North,27,1
4963,2024-06-30,980.06,completed,Food,North,17,3
4964,2024-06-30,4756.56,completed,Food,East,23,2
4965,2024-06-30,777.29,completed,Sports,North,3,4
4966,2024-06-30,4999.22,pending,Home,East,16,4
4967,2024-06-30,1152.66,pending,Food,South,31,5
4968,2024-06-30,3553.91,completed,Food,Central,40,5
4969,2024-06-30,1532.49,completed,Food,South,12,5
4970,2024-06-30,420.11,refunded,Home,North,28,5
4971,2024-06-30,134.21,completed,Electronics,North,30,4
4972,2024-06-30,744.96,completed,Clothing,South,38,1
4973,2024-06-30,2046.3,refunded,Sports,North,12,5
4974,2024-06-30,2905.26,pending,Home,West,8,2
4975,2024-06-30,2397.81,completed,Clothing,North,42,2
4976,2024-06-30,3155.99,pending,Books,West,13,5
4977,2024-06-30,488.17,completed,Clothing,South,8,3
4978,2024-06-30,3385.37,completed,Home,North,20,3
4979,2024-06-30,3928.07,completed,Electronics,South,16,2
4980,2024-06-30,1160.96,failed,Books,South,11,5
4981,2024-06-30,3961.66,completed,Books,East,4,2
4982,2024-06-30,1257.53,completed,Home,South,30,2
4983,2024-06-30,2225.94,completed,Books,Central,12,4
4984,2024-06-30,4030.98,completed,Food,Central,36,2
4985,2024-06-30,3439.23,completed,Food,South,16,5
4986,2024-06-30,2523.62,completed,Books,Central,12,3
4987,2024-07-01,1854.63,pending,Home,Central,41,4
4988,2024-07-01,2822.68,completed,Electronics,Central,1,5
4989,2024-07-01,2603.66,failed,Sports,South,5,5
4990,2024-07-01,4857.5,failed,Books,North,30,2
4991,2024-07-01,4132.5,completed,Clothing,West,3,2
4992,2024-07-01,590.99,completed,Food,West,49,3
4993,2024-07-01,2067.79,completed,Books,East,21,3
4994,2024-07-01,2940.66,completed,Sports,East,17,4
4995,2024-07-01,3529.76,completed,Home,South,16,5
4996,2024-07-01,895.04,completed,Food,West,32,2
4997,2024-07-01,4155.5,completed,Sports,Central,17,1
4998,2024-07-01,3153.67,pending,Books,South,3,3
4999,2024-07-01,346.51,failed,Sports,Central,1,1
5000,2024-07-01,304.9,completed,Home,North,28,5
5001,2024-07-01,3434.03,completed,Electronics,West,7,4
5002,2024-07-01,3780.19,completed,Home,North,28,2
5003,2024-07-01,1558.97,completed,Clothing,North,48,3
5004,2024-07-01,818.16,pending,Home,East,28,3
5005,2024-07-01,1106.98,pending,Food,South,40,4
5006,2024-07-01,1967.2,completed,Clothing,Central,24,1
5007,2024-07-01,3163.06,completed,Electronics,West,10,2
5008,2024-07-01,946.72,refunded,Home,North,23,5
5009,2024-07-01,3958.68,completed,Sports,South,32,3
5010,2024-07-01,1251.88,completed,Food,East,43,4
5011,2024-07-01,4049.73,refunded,Home,North,21,2
5012,2024-07-01,4620.94,failed,Home,North,1,5
5013,2024-07-01,829.16,completed,Clothing,North,27,4
5014,2024-07-01,4589.48,completed,Books,North,19,5
5015,2024-07-02,3529.79,pending,Books,Central,41,5
5016,2024-07-02,4437.08,completed,Sports,West,21,4
5017,2024-07-02,1740.59,completed,Books,South,31,1
5018,2024-07-02,4319.67,completed,Clothing,South,41,1
5019,2024-07-02,2389.14,completed,Clothing,East,29,2
5020,2024-07-02,956.43,completed,Clothing,West,20,3
5021,2024-07-02,4982.94,completed,Food,South,18,2
5022,2024-07-02,4740.9,completed,Books,South,5,1
5023,2024-07-02,632.84,pending,Home,East,10,1
5024,2024-07-02,2286.42,pending,Electronics,North,7,3
5025,2024-07-02,4931.12,pending,Food,South,11,1
5026,2024-07-02,2746.77,completed,Books,West,6,5
5027,2024-07-02,2490.47,refunded,Food,Central,34,2
5028,2024-07-02,984.84,refunded,Electronics,West,30,2
5029,2024-07-02,2103.42,completed,Sports,Central,39,2
5030,2024-07-02,2495.99,refunded,Clothing,Central,26,2
5031,2024-07-02,3573.11,completed,Sports,West,15,4
5032,2024-07-02,2255.67,completed,Clothing,West,13,2
5033,2024-07-02,3178.59,completed,Sports,South,5,3
5034,2024-07-02,516.57,completed,Clothing,North,10,3
5035,2024-07-02,3821.29,failed,Books,South,25,5
5036,2024-07-02,26.34,completed,Electronics,Central,45,5
5037,2024-07-02,3214.35,pending,Clothing,West,18,2
5038,2024-07-02,4133.31,pending,Sports,East,29,3
5039,2024-07-02,3836.3,completed,Clothing,East,13,1
5040,2024-07-02,745.11,completed,Food,North,42,4
5041,2024-07-02,4222.79,completed,Food,North,4,3
5042,2024-07-03,405.19,completed,Clothing,Central,13,2
5043,2024-07-03,341.12,completed,Books,Central,49,5
5044,2024-07-03,4114.81,failed,Clothing,West,24,2
5045,2024-07-03,920.78,completed,Books,South,38,2
5046,2024-07-03,2240.82,completed,Sports,Central,13,2
5047,2024-07-03,4683.8,completed,Sports,East,41,4
5048,2024-07-03,1052.73,completed,Clothing,East,8,1
5049,2024-07-03,3905.11,pending,Sports,East,22,5
5050,2024-07-03,2926.35,failed,Sports,West,20,5
5051,2024-07-03,2034.42,pending,Books,West,45,1
5052,2024-07-03,2301.56,completed,Sports,West,1,4
5053,2024-07-03,2057.45,failed,Food,North,47,1
5054,2024-07-03,4138.24,pending,Electronics,East,44,1
5055,2024-07-03,4071.79,completed,Books,North,16,4
5056,2024-07-03,1873.36,pending,Home,North,23,3
5057,2024-07-03,3489.27,completed,Food,West,37,5
5058,2024-07-03,2664.02,completed,Books,East,7,4
5059,2024-07-03,3743.61,completed,Sports,Central,14,1
5060,2024-07-03,259.73,pending,Home,North,23,5
5061,2024-07-03,1686.81,completed,Food,Central,40,2
5062,2024-07-03,1685.67,pending,Clothing,South,43,1
5063,2024-07-03,2988.09,completed,Books,West,25,2
5064,2024-07-03,1046.11,completed,Sports,Central,47,1
5065,2024-07-03,2663.15,completed,Sports,North,48,2
5066,2024-07-03,4899.5,completed,Books,South,1,2
5067,2024-07-03,227.09,completed,Home,South,29,5
5068,2024-07-03,2522.18,completed,Clothing,Central,48,2
5069,2024-07-04,700.06,completed,Clothing,Central,13,3
5070,2024-07-04,2916.18,failed,Home,North,16,1
5071,2024-07-04,1211.91,completed,Clothing,West,16,1
5072,2024-07-04,4513.52,completed,Sports,East,35,5
5073,2024-07-04,1596.77,completed,Clothing,West,22,2
5074,2024-07-04,4791.98,refunded,Sports,West,37,5
5075,2024-07-04,30.63,completed,Home,West,18,2
5076,2024-07-04,4162.25,completed,Home,Central,45,4
5077,2024-07-04,1315.8,completed,Books,South,13,1
5078,2024-07-04,1016.1,completed,Clothing,North,21,4
5079,2024-07-04,4421.89,completed,Food,East,42,5
5080,2024-07-04,1528.83,failed,Sports,West,38,3
5081,2024-07-04,2923.55,completed,Books,South,19,4
5082,2024-07-04,3686.53,completed,Clothing,Central,34,4
5083,2024-07-04,2101.82,completed,Books,North,23,3
5084,2024-07-04,515.68,failed,Home,North,16,5
5085,2024-07-04,4612.46,completed,Electronics,Central,15,4
5086,2024-07-04,3241.03,completed,Books,North,41,5
5087,2024-07-04,4463.06,completed,Books,Central,40,2
5088,2024-07-04,3840.96,completed,Home,South,44,2
5089,2024-07-04,3872.17,completed,Clothing,North,20,1
5090,2024-07-04,2953.51,completed,Clothing,South,28,4
5091,2024-07-04,40.91,completed,Food,Central,5,2
5092,2024-07-04,4414.47,completed,Clothing,North,41,1
5093,2024-07-04,4156.31,completed,Home,West,9,5
5094,2024-07-04,3637.77,completed,Sports,East,31,1
5095,2024-07-04,4392.02,completed,Food,West,43,5
5096,2024-07-04,929.2,refunded,Food,South,39,2
5097,2024-07-05,1416.48,completed,Electronics,West,41,4
5098,2024-07-05,794.04,pending,Electronics,West,31,3
5099,2024-07-05,3236.63,completed,Books,West,47,3
5100,2024-07-05,2197.58,completed,Books,East,34,2
5101,2024-07-05,522.19,refunded,Sports,East,33,3
5102,2024-07-05,2882.43,completed,Electronics,East,2,5
5103,2024-07-05,1701.54,completed,Electronics,Central,32,2
5104,2024-07-05,2457.63,completed,Books,Central,5,3
5105,2024-07-05,1314.3,pending,Electronics,South,20,5
5106,2024-07-05,814.13,failed,Home,East,21,3
5107,2024-07-05,2259.56,completed,Food,West,20,5
5108,2024-07-05,1138.48,completed,Books,South,39,4
5109,2024-07-05,2031.02,failed,Sports,North,34,4
5110,2024-07-05,1917.55,completed,Books,North,4,4
5111,2024-07-05,4702.72,completed,Electronics,North,19,4
5112,2024-07-05,942.35,completed,Clothing,East,1,4
5113,2024-07-05,1439.35,completed,Food,East,40,2
5114,2024-07-05,3961.4,completed,Electronics,West,11,2
5115,2024-07-05,1486.35,completed,Books,Central,21,5
5116,2024-07-05,2406.51,completed,Electronics,West,43,2
5117,2024-07-05,3812.12,completed,Electronics,East,37,4
5118,2024-07-05,31.89,completed,Sports,Central,44,2
5119,2024-07-05,4783.23,pending,Electronics,Central,17,2
5120,2024-07-05,2319.54,pending,Electronics,West,15,4
5121,2024-07-05,3799.65,completed,Food,West,25,4
5122,2024-07-05,4604.83,completed,Home,East,34,2
5123,2024-07-05,4385.25,pending,Clothing,South,44,4
5124,2024-07-06,1109.69,completed,Food,South,35,1
5125,2024-07-06,2780.38,failed,Sports,Central,44,2
5126,2024-07-06,2059.17,refunded,Home,Central,1,3
5127,2024-07-06,2666.49,completed,Clothing,Central,43,5
5128,2024-07-06,3900.36,completed,Electronics,East,19,2
5129,2024-07-06,1778.85,completed,Clothing,West,8,3
5130,2024-07-06,2391.28,completed,Sports,North,8,3
5131,2024-07-06,3043.82,completed,Food,Central,20,2
5132,2024-07-06,1360.11,completed,Home,Central,17,3
5133,2024-07-06,3036.96,refunded,Food,West,4,4
5134,2024-07-06,753.07,completed,Food,South,13,2
5135,2024-07-06,3112.02,refunded,Sports,West,25,2
5136,2024-07-06,724.73,completed,Home,North,4,5
5137,2024-07-06,3880.54,completed,Sports,North,14,4
5138,2024-07-06,978.17,completed,Clothing,North,49,3
5139,2024-07-06,3234.13,pending,Clothing,East,46,2
5140,2024-07-06,2910.18,completed,Electronics,South,25,3
5141,2024-07-06,2132.4,failed,Books,West,23,5
5142,2024-07-06,3230.84,completed,Home,South,8,4
5143,2024-07-06,4234.11,completed,Clothing,West,46,3
5144,2024-07-06,609.64,completed,Clothing,East,12,4
5145,2024-07-06,3385.38,completed,Home,West,9,1
5146,2024-07-06,2056.52,pending,Electronics,South,2,1
5147,2024-07-06,3372.88,completed,Clothing,West,44,4
5148,2024-07-06,4376.44,failed,Food,Central,15,3
5149,2024-07-06,3267.66,completed,Home,East,21,5
5150,2024-07-06,807.54,completed,Home,East,4,5
5151,2024-07-06,2086.51,refunded,Home,East,15,5
5152,2024-07-07,2751.75,pending,Home,East,13,5
5153,2024-07-07,643.12,completed,Electronics,North,49,4
5154,2024-07-07,3221.62,completed,Electronics,West,22,1
5155,2024-07-07,3569.08,failed,Home,East,11,4
5156,2024-07-07,3814.95,completed,Food,North,33,2
5157,2024-07-07,608.31,completed,Electronics,Central,12,5
5158,2024-07-07,3528.67,completed,Books,South,41,2
5159,2024-07-07,1837.26,completed,Home,West,46,5
5160,2024-07-07,1064.03,completed,Sports,West,3,5
5161,2024-07-07,2626.49,completed,Food,East,24,3
5162,2024-07-07,2867.87,completed,Clothing,South,13,5
5163,2024-07-07,2289.25,completed,Sports,Central,42,2
5164,2024-07-07,4205.82,completed,Electronics,North,7,3
5165,2024-07-07,787.43,completed,Electronics,North,21,5
5166,2024-07-07,2041.7,completed,Sports,East,18,4
5167,2024-07-07,1342.41,completed,Clothing,North,24,1
5168,2024-07-07,253.51,completed,Electronics,South,9,1
5169,2024-07-07,1701.93,pending,Home,North,6,3
5170,2024-07-07,3593.2,completed,Books,Central,12,4
5171,2024-07-07,2621.01,completed,Sports,North,34,3
5172,2024-07-07,2099.55,pending,Sports,North,45,1
5173,2024-07-07,2378.78,completed,Sports,Central,48,1
5174,2024-07-07,1569.38,completed,Sports,North,32,1
5175,2024-07-07,619.6,pending,Sports,South,1,4
5176,2024-07-07,2956.24,completed,Books,East,43,2
5177,2024-07-07,4078.81,completed,Electronics,North,45,2
5178,2024-07-07,3947.38,failed,Sports,South,27,5
5179,2024-07-08,1174.38,completed,Food,Central,28,5
5180,2024-07-08,2177.1,completed,Books,Central,41,1
5181,2024-07-08,2765.09,completed,Clothing,West,18,5
5182,2024-07-08,4014.24,refunded,Sports,North,18,2
5183,2024-07-08,990.57,completed,Sports,Central,37,4
5184,2024-07-08,669.84,failed,Books,East,12,4
5185,2024-07-08,4658.8,completed,Clothing,South,41,1
5186,2024-07-08,737.14,pending,Food,West,27,2
5187,2024-07-08,4945.66,pending,Clothing,West,15,2
5188,2024-07-08,2998.88,completed,Books,North,47,1
5189,2024-07-08,2500.0,completed,Electronics,West,8,2
5190,2024-07-08,952.81,completed,Food,Central,41,3
5191,2024-07-08,4303.93,completed,Home,West,27,4
5192,2024-07-08,869.1,completed,Clothing,West,12,1
5193,2024-07-08,2012.33,pending,Food,West,31,4
5194,2024-07-08,249.69,completed,Food,South,47,2
5195,2024-07-08,122.51,completed,Home,South,9,3
5196,2024-07-08,3650.59,pending,Home,East,26,5
5197,2024-07-08,1046.64,completed,Home,South,35,3
5198,2024-07-08,3007.95,completed,Books,North,21,3
5199,2024-07-08,3619.79,completed,Food,West,12,5
5200,2024-07-08,2464.02,completed,Sports,South,15,4
5201,2024-07-08,3285.59,completed,Electronics,West,21,2
5202,2024-07-08,1213.33,completed,Books,South,31,1
5203,2024-07-08,4091.13,completed,Clothing,South,30,3
5204,2024-07-08,1039.11,completed,Food,South,29,4
5205,2024-07-08,2957.16,completed,Books,North,18,3
5206,2024-07-09,4180.96,failed,Food,West,41,1
5207,2024-07-09,3968.07,pending,Clothing,West,22,1
5208,2024-07-09,265.84,refunded,Clothing,Central,45,5
5209,2024-07-09,1842.24,completed,Food,West,16,2
5210,2024-07-09,4264.37,completed,Electronics,South,37,4
5211,2024-07-09,4256.19,completed,Home,Central,28,5
5212,2024-07-09,3185.68,completed,Home,North,10,4
5213,2024-07-09,551.57,pending,Sports,West,5,1
5214,2024-07-09,2027.29,completed,Clothing,North,7,2
5215,2024-07-09,4806.15,completed,Sports,West,23,1
5216,2024-07-09,541.63,completed,Books,Central,27,3
5217,2024-07-09,4009.0,completed,Clothing,West,34,5
5218,2024-07-09,2094.93,completed,Food,North,8,1
5219,2024-07-09,3726.26,completed,Electronics,North,10,3
5220,2024-07-09,281.01,completed,Electronics,West,31,2
5221,2024-07-09,61.47,completed,Food,East,29,3
5222,2024-07-09,1510.14,refunded,Electronics,North,8,1
5223,2024-07-09,4352.2,completed,Home,West,29,4
5224,2024-07-09,3402.2,completed,Home,West,12,1
5225,2024-07-09,3063.0,completed,Clothing,West,16,3
5226,2024-07-09,4988.42,completed,Food,South,5,1
5227,2024-07-09,1743.01,completed,Sports,Central,4,2
5228,2024-07-09,4252.76,completed,Clothing,South,42,4
5229,2024-07-09,557.23,completed,Sports,Central,47,5
5230,2024-07-09,861.93,completed,Electronics,North,29,2
5231,2024-07-09,2395.7,completed,Books,North,5,2
5232,2024-07-09,4797.8,pending,Electronics,Central,17,5
5233,2024-07-09,3519.98,completed,Sports,North,18,5
5234,2024-07-10,571.53,completed,Sports,East,20,3
5235,2024-07-10,4774.99,completed,Food,West,10,3
5236,2024-07-10,3830.93,pending,Home,North,7,3
5237,2024-07-10,3685.67,refunded,Books,North,46,5
5238,2024-07-10,2761.93,completed,Clothing,North,42,3
5239,2024-07-10,1973.73,completed,Books,West,3,2
5240,2024-07-10,558.39,completed,Food,West,15,3
5241,2024-07-10,3102.77,completed,Sports,West,7,5
5242,2024-07-10,647.18,completed,Books,South,4,2
5243,2024-07-10,2953.83,completed,Sports,Central,32,1
5244,2024-07-10,2702.85,completed,Clothing,East,18,3
5245,2024-07-10,2986.66,completed,Electronics,South,27,3
5246,2024-07-10,4135.65,completed,Food,North,12,1
5247,2024-07-10,2061.78,completed,Electronics,East,36,3
5248,2024-07-10,2188.62,completed,Food,South,20,3
5249,2024-07-10,309.3,completed,Food,Central,6,4
5250,2024-07-10,1445.82,failed,Books,West,43,2
5251,2024-07-10,414.3,completed,Sports,West,15,1
5252,2024-07-10,717.37,failed,Home,North,37,1
5253,2024-07-10,2139.72,refunded,Electronics,East,34,3
5254,2024-07-10,2041.9,completed,Food,South,12,4
5255,2024-07-10,4679.93,failed,Sports,East,13,2
5256,2024-07-10,605.41,completed,Clothing,Central,16,4
5257,2024-07-10,755.02,completed,Home,Central,44,3
5258,2024-07-10,3756.82,completed,Books,West,22,1
5259,2024-07-10,121.77,completed,Food,South,37,3
5260,2024-07-10,3258.22,completed,Electronics,Central,8,3
5261,2024-07-11,3740.33,failed,Books,West,4,1
5262,2024-07-11,3148.65,refunded,Electronics,North,14,5
5263,2024-07-11,1446.15,completed,Clothing,North,9,2
5264,2024-07-11,526.9,pending,Food,Central,16,5
5265,2024-07-11,4970.93,completed,Electronics,North,14,2
5266,2024-07-11,4298.18,completed,Electronics,West,10,2
5267,2024-07-11,3655.88,completed,Home,North,48,1
5268,2024-07-11,943.33,completed,Food,North,14,2
5269,2024-07-11,2160.24,completed,Electronics,North,2,4
5270,2024-07-11,3552.0,pending,Clothing,East,21,2
5271,2024-07-11,516.15,completed,Books,Central,38,1
5272,2024-07-11,4787.07,pending,Home,South,42,3
5273,2024-07-11,4776.61,completed,Food,South,19,4
5274,2024-07-11,760.97,completed,Clothing,Central,34,5
5275,2024-07-11,993.31,pending,Food,East,7,3
5276,2024-07-11,1826.74,completed,Sports,West,4,2
5277,2024-07-11,2258.91,pending,Electronics,West,37,5
5278,2024-07-11,2209.27,completed,Books,West,25,4
5279,2024-07-11,3444.14,completed,Food,North,1,5
5280,2024-07-11,2356.36,failed,Home,Central,12,4
5281,2024-07-11,929.43,completed,Food,West,20,2
5282,2024-07-11,1312.5,completed,Books,South,1,1
5283,2024-07-11,2061.86,completed,Sports,West,15,4
5284,2024-07-11,2601.3,completed,Sports,North,28,1
5285,2024-07-11,4615.85,refunded,Electronics,Central,3,5
5286,2024-07-11,490.1,completed,Food,East,10,1
5287,2024-07-11,4023.64,completed,Electronics,North,28,2
5288,2024-07-11,1561.17,completed,Electronics,Central,32,3
5289,2024-07-12,3637.87,completed,Food,East,33,5
5290,2024-07-12,1298.7,completed,Food,West,13,2
5291,2024-07-12,1931.87,completed,Sports,West,7,2
5292,2024-07-12,2221.85,completed,Sports,North,12,2
5293,2024-07-12,3756.37,completed,Home,South,28,1
5294,2024-07-12,839.61,completed,Clothing,Central,29,5
5295,2024-07-12,1739.3,failed,Books,East,47,3
5296,2024-07-12,2647.47,completed,Electronics,East,29,2
5297,2024-07-12,3291.39,completed,Food,Central,39,4
5298,2024-07-12,389.59,completed,Electronics,South,42,2
5299,2024-07-12,482.68,completed,Home,East,22,5
5300,2024-07-12,3595.22,completed,Books,East,10,4
5301,2024-07-12,1837.08,completed,Electronics,Central,11,1
5302,2024-07-12,836.42,refunded,Food,East,49,5
5303,2024-07-12,1323.37,pending,Sports,West,14,2
5304,2024-07-12,2995.09,completed,Sports,Central,19,4
5305,2024-07-12,4766.95,completed,Sports,North,18,1
5306,2024-07-12,3662.24,pending,Books,South,48,4
5307,2024-07-12,3987.31,completed,Home,West,7,5
5308,2024-07-12,3046.16,completed,Home,West,8,2
5309,2024-07-12,1862.2,completed,Food,North,32,2
5310,2024-07-12,4811.42,failed,Home,North,47,1
5311,2024-07-12,415.56,completed,Sports,East,32,1
5312,2024-07-12,4045.02,pending,Electronics,East,48,5
5313,2024-07-12,1298.77,failed,Sports,South,25,3
5314,2024-07-12,3043.21,completed,Clothing,Central,15,5
5315,2024-07-12,4912.11,refunded,Home,South,9,1
5316,2024-07-13,4213.04,completed,Clothing,West,10,2
5317,2024-07-13,4252.2,pending,Food,Central,41,4
5318,2024-07-13,4117.11,completed,Home,Central,30,5
5319,2024-07-13,2274.43,completed,Sports,Central,42,4
5320,2024-07-13,1971.33,completed,Electronics,North,7,2
5321,2024-07-13,2597.56,completed,Home,West,11,1
5322,2024-07-13,1432.71,completed,Food,East,15,1
5323,2024-07-13,2395.94,completed,Books,Central,36,5
5324,2024-07-13,642.71,completed,Electronics,East,49,4
5325,2024-07-13,4463.75,refunded,Electronics,North,33,4
5326,2024-07-13,3681.0,pending,Food,North,38,3
5327,2024-07-13,319.53,completed,Food,West,42,3
5328,2024-07-13,3303.15,completed,Electronics,East,40,1
5329,2024-07-13,3795.9,failed,Electronics,South,15,2
5330,2024-07-13,4309.44,pending,Sports,South,43,3
5331,2024-07-13,1652.33,completed,Books,West,46,3
5332,2024-07-13,3157.37,pending,Books,North,34,3
5333,2024-07-13,1387.67,completed,Books,North,8,2
5334,2024-07-13,4245.91,completed,Home,North,36,2
5335,2024-07-13,4377.05,completed,Food,East,26,1
5336,2024-07-13,392.0,completed,Home,East,36,1
5337,2024-07-13,1432.51,pending,Clothing,West,3,5
5338,2024-07-13,523.03,pending,Sports,North,20,5
5339,2024-07-13,1999.82,failed,Books,East,26,4
5340,2024-07-13,35.69,completed,Clothing,South,5,5
5341,2024-07-13,3916.29,pending,Electronics,West,25,4
5342,2024-07-13,2162.94,refunded,Electronics,Central,30,5
5343,2024-07-14,2676.12,completed,Books,North,29,3
5344,2024-07-14,3715.66,completed,Electronics,East,40,4
5345,2024-07-14,3564.5,failed,Books,East,21,2
5346,2024-07-14,1580.16,completed,Sports,East,12,5
5347,2024-07-14,3916.01,pending,Sports,South,8,4
5348,2024-07-14,3207.38,completed,Electronics,East,9,5
5349,2024-07-14,1098.67,completed,Electronics,West,18,1
5350,2024-07-14,155.97,failed,Clothing,North,47,3
5351,2024-07-14,3783.25,completed,Food,West,38,3
5352,2024-07-14,836.58,completed,Electronics,Central,7,3
5353,2024-07-14,571.95,completed,Food,Central,31,3
5354,2024-07-14,2107.85,completed,Electronics,West,27,4
5355,2024-07-14,4609.37,completed,Electronics,South,11,2
5356,2024-07-14,3593.59,completed,Food,East,37,2
5357,2024-07-14,3992.33,completed,Books,Central,1,5
5358,2024-07-14,1356.76,completed,Food,North,5,1
5359,2024-07-14,4176.91,completed,Sports,West,31,5
5360,2024-07-14,2082.75,pending,Clothing,West,28,5
5361,2024-07-14,4897.2,completed,Electronics,North,30,3
5362,2024-07-14,2853.07,failed,Home,South,34,3
5363,2024-07-14,3035.11,failed,Food,South,45,5
5364,2024-07-14,4576.51,completed,Books,East,3,1
5365,2024-07-14,4742.53,completed,Sports,West,39,4
5366,2024-07-14,98.06,pending,Clothing,South,21,5
5367,2024-07-14,1169.96,completed,Electronics,North,13,2
5368,2024-07-14,3075.08,pending,Home,East,24,5
5369,2024-07-14,28.04,refunded,Sports,Central,27,3
5370,2024-07-14,1594.48,completed,Books,Central,28,4
5371,2024-07-15,989.61,completed,Home,East,14,5
5372,2024-07-15,2622.15,completed,Food,South,2,5
5373,2024-07-15,2990.59,completed,Electronics,South,33,3
5374,2024-07-15,953.18,completed,Sports,South,44,5
5375,2024-07-15,2686.57,pending,Sports,South,45,2
5376,2024-07-15,1989.66,completed,Food,East,43,1
5377,2024-07-15,4954.9,completed,Clothing,East,11,4
5378,2024-07-15,334.86,completed,Sports,South,42,4
5379,2024-07-15,4205.02,completed,Electronics,West,33,3
5380,2024-07-15,4997.41,pending,Electronics,Central,26,1
5381,2024-07-15,2712.54,pending,Home,West,15,1
5382,2024-07-15,3406.06,completed,Clothing,North,39,4
5383,2024-07-15,648.46,completed,Sports,East,6,1
5384,2024-07-15,1760.6,completed,Books,North,40,2
5385,2024-07-15,915.63,completed,Home,South,45,2
5386,2024-07-15,2920.77,failed,Home,West,48,2
5387,2024-07-15,4711.03,pending,Food,Central,44,1
5388,2024-07-15,157.67,completed,Sports,West,40,5
5389,2024-07-15,2477.29,completed,Electronics,South,37,3
5390,2024-07-15,3620.55,refunded,Home,South,6,1
5391,2024-07-15,2158.79,completed,Home,East,17,4
5392,2024-07-15,2698.96,completed,Clothing,North,7,5
5393,2024-07-15,2270.34,completed,Books,South,18,1
5394,2024-07-15,2991.48,completed,Home,North,25,1
5395,2024-07-15,352.2,failed,Clothing,Central,44,5
5396,2024-07-15,2738.51,completed,Electronics,South,35,1
5397,2024-07-15,2563.78,completed,Home,East,40,3
5398,2024-07-16,917.46,completed,Clothing,South,41,1
5399,2024-07-16,2678.41,completed,Electronics,West,40,1
5400,2024-07-16,2321.11,completed,Food,East,1,5
5401,2024-07-16,2969.95,completed,Food,South,47,1
5402,2024-07-16,2823.49,completed,Clothing,West,22,3
5403,2024-07-16,2028.9,completed,Home,Central,13,4
5404,2024-07-16,3907.86,pending,Electronics,West,21,3
5405,2024-07-16,1793.71,pending,Home,South,28,3
5406,2024-07-16,2377.94,completed,Books,North,35,5
5407,2024-07-16,2137.79,completed,Clothing,West,21,3
5408,2024-07-16,2434.5,completed,Food,East,28,3
5409,2024-07-16,4002.91,failed,Electronics,North,21,5
5410,2024-07-16,3551.21,completed,Home,North,40,5
5411,2024-07-16,220.77,pending,Sports,North,5,1
5412,2024-07-16,2477.95,completed,Home,West,35,1
5413,2024-07-16,632.52,completed,Electronics,South,28,1
5414,2024-07-16,3649.42,completed,Home,South,24,1
5415,2024-07-16,4933.6,refunded,Sports,Central,19,1
5416,2024-07-16,3097.82,completed,Books,West,12,4
5417,2024-07-16,1905.51,completed,Books,North,13,3
5418,2024-07-16,370.85,failed,Clothing,East,32,5
5419,2024-07-16,1669.52,completed,Books,South,8,2
5420,2024-07-16,2631.2,pending,Home,Central,12,4
5421,2024-07-16,4405.48,failed,Sports,East,22,3
5422,2024-07-16,2569.84,pending,Food,North,32,2
5423,2024-07-16,4922.31,completed,Books,South,20,4
5424,2024-07-16,1852.14,refunded,Food,East,8,5
5425,2024-07-16,12.45,completed,Food,South,40,1
5426,2024-07-17,3146.84,completed,Books,South,11,2
5427,2024-07-17,1103.5,pending,Food,Central,47,4
5428,2024-07-17,1226.49,completed,Books,North,22,3
5429,2024-07-17,96.94,completed,Home,South,40,3
5430,2024-07-17,2662.05,completed,Electronics,East,26,4
5431,2024-07-17,1245.06,completed,Food,West,13,4
5432,2024-07-17,4971.51,completed,Clothing,West,47,3
5433,2024-07-17,4179.93,completed,Electronics,South,16,4
5434,2024-07-17,3608.74,failed,Electronics,West,30,5
5435,2024-07-17,1775.92,completed,Food,West,40,1
5436,2024-07-17,367.27,completed,Electronics,North,21,4
5437,2024-07-17,3348.02,completed,Sports,East,40,3
5438,2024-07-17,121.28,failed,Food,West,41,5
5439,2024-07-17,2213.59,completed,Clothing,North,13,2
5440,2024-07-17,273.32,completed,Home,West,7,2
5441,2024-07-17,2802.94,failed,Books,East,4,4
5442,2024-07-17,2802.11,completed,Sports,North,1,4
5443,2024-07-17,2657.77,completed,Sports,East,26,1
5444,2024-07-17,3575.79,refunded,Clothing,South,13,4
5445,2024-07-17,1148.49,completed,Books,West,21,2
5446,2024-07-17,1218.42,completed,Electronics,South,27,3
5447,2024-07-17,2086.65,completed,Books,West,15,5
5448,2024-07-17,3516.83,completed,Home,West,32,3
5449,2024-07-17,592.59,completed,Clothing,West,20,5
5450,2024-07-17,4430.58,pending,Sports,South,40,5
5451,2024-07-17,1268.54,completed,Electronics,North,8,4
5452,2024-07-17,648.16,completed,Books,South,30,2
5453,2024-07-18,2998.88,failed,Electronics,South,16,4
5454,2024-07-18,1385.15,pending,Home,East,6,1
5455,2024-07-18,2049.73,completed,Food,Central,8,4
5456,2024-07-18,314.96,completed,Home,West,39,3
5457,2024-07-18,2330.17,completed,Home,Central,43,5
5458,2024-07-18,1525.44,completed,Electronics,South,1,5
5459,2024-07-18,857.41,failed,Books,North,12,1
5460,2024-07-18,1937.71,completed,Books,Central,35,5
5461,2024-07-18,3852.64,completed,Food,Central,38,4
5462,2024-07-18,3820.61,pending,Sports,West,26,5
5463,2024-07-18,1808.83,refunded,Food,East,2,5
5464,2024-07-18,4871.44,completed,Home,North,25,4
5465,2024-07-18,638.17,completed,Books,West,22,4
5466,2024-07-18,4275.21,pending,Food,Central,37,1
5467,2024-07-18,4894.97,refunded,Home,East,41,1
5468,2024-07-18,2869.07,pending,Sports,West,3,4
5469,2024-07-18,310.07,completed,Clothing,North,47,5
5470,2024-07-18,4605.99,completed,Food,South,21,4
5471,2024-07-18,2190.44,refunded,Electronics,West,30,4
5472,2024-07-18,867.72,pending,Food,South,47,3
5473,2024-07-18,4458.2,completed,Books,North,30,3
5474,2024-07-18,2140.13,failed,Books,East,1,5
5475,2024-07-18,2501.94,failed,Sports,West,12,3
5476,2024-07-18,2859.39,completed,Clothing,North,43,5
5477,2024-07-18,4533.94,completed,Food,South,7,5
5478,2024-07-18,2523.71,completed,Sports,Central,32,5
5479,2024-07-18,4442.14,failed,Sports,North,22,2
5480,2024-07-19,859.45,completed,Food,North,45,1
5481,2024-07-19,3087.36,completed,Sports,Central,48,5
5482,2024-07-19,2632.26,completed,Home,North,3,1
5483,2024-07-19,1631.94,completed,Food,East,47,4
5484,2024-07-19,1070.52,completed,Sports,East,40,1
5485,2024-07-19,359.0,failed,Clothing,West,47,5
5486,2024-07-19,1316.06,completed,Books,West,27,2
5487,2024-07-19,3406.14,pending,Clothing,West,48,5
5488,2024-07-19,1398.26,completed,Sports,Central,13,4
5489,2024-07-19,3643.26,completed,Food,West,6,1
5490,2024-07-19,4377.01,completed,Home,North,24,3
5491,2024-07-19,3474.58,completed,Home,East,12,1
5492,2024-07-19,4027.3,completed,Food,North,46,3
5493,2024-07-19,2870.3,completed,Electronics,South,30,4
5494,2024-07-19,4733.56,completed,Sports,West,22,4
5495,2024-07-19,3817.08,completed,Home,Central,3,3
5496,2024-07-19,1620.15,refunded,Home,South,7,2
5497,2024-07-19,3619.51,completed,Clothing,North,32,3
5498,2024-07-19,3362.57,pending,Electronics,North,4,5
5499,2024-07-19,3759.58,failed,Electronics,East,35,3
5500,2024-07-19,1603.62,refunded,Food,North,1,2
5501,2024-07-19,2552.81,completed,Clothing,South,20,4
5502,2024-07-19,4403.12,completed,Electronics,Central,11,2
5503,2024-07-19,4878.81,completed,Clothing,South,13,5
5504,2024-07-19,1806.09,pending,Food,West,27,5
5505,2024-07-19,2438.65,failed,Electronics,North,20,1
5506,2024-07-19,1660.82,completed,Sports,South,18,4
5507,2024-07-19,3592.52,pending,Home,East,11,4
5508,2024-07-20,203.56,refunded,Clothing,East,43,1
5509,2024-07-20,4769.52,completed,Books,East,13,1
5510,2024-07-20,2751.35,completed,Electronics,Central,39,1
5511,2024-07-20,1362.03,completed,Electronics,Central,48,2
5512,2024-07-20,196.08,completed,Clothing,Central,23,4
5513,2024-07-20,2808.11,pending,Home,West,15,5
5514,2024-07-20,2935.02,completed,Sports,East,12,4
5515,2024-07-20,3479.27,completed,Sports,West,13,4
5516,2024-07-20,2631.72,pending,Electronics,Central,21,5
5517,2024-07-20,2583.37,completed,Clothing,West,31,1
5518,2024-07-20,1527.61,completed,Books,West,32,1
5519,2024-07-20,978.25,completed,Food,West,10,1
5520,2024-07-20,1262.51,refunded,Sports,East,2,5
5521,2024-07-20,1880.04,completed,Books,East,40,2
5522,2024-07-20,3869.0,pending,Books,South,44,2
5523,2024-07-20,600.09,completed,Books,South,5,3
5524,2024-07-20,3221.98,completed,Home,Central,33,2
5525,2024-07-20,199.43,completed,Books,North,21,5
5526,2024-07-20,225.01,completed,Sports,North,48,4
5527,2024-07-20,1375.51,failed,Food,East,40,4
5528,2024-07-20,1792.39,completed,Electronics,East,33,5
5529,2024-07-20,957.54,completed,Books,North,17,4
5530,2024-07-20,4432.32,completed,Home,North,18,3
5531,2024-07-20,1530.54,completed,Sports,South,24,3
5532,2024-07-20,2347.11,completed,Books,North,22,1
5533,2024-07-20,4970.64,pending,Home,Central,5,2
5534,2024-07-20,1276.96,completed,Home,North,1,4
5535,2024-07-21,3097.78,failed,Home,Central,34,2
5536,2024-07-21,3735.16,completed,Home,South,3,3
5537,2024-07-21,1362.5,completed,Clothing,West,23,3
5538,2024-07-21,296.84,completed,Electronics,West,6,5
5539,2024-07-21,3958.91,failed,Food,South,23,5
5540,2024-07-21,1452.22,completed,Clothing,North,20,3
5541,2024-07-21,1613.1,completed,Electronics,West,4,2
5542,2024-07-21,2079.57,pending,Books,Central,15,4
5543,2024-07-21,204.86,completed,Electronics,East,4,5
5544,2024-07-21,4258.57,completed,Electronics,Central,20,5
5545,2024-07-21,4318.03,pending,Clothing,West,5,3
5546,2024-07-21,4358.1,completed,Food,East,20,2
5547,2024-07-21,921.28,pending,Books,West,5,4
5548,2024-07-21,4881.3,completed,Home,West,18,1
5549,2024-07-21,3310.81,pending,Books,West,17,3
5550,2024-07-21,2968.82,pending,Books,West,26,4
5551,2024-07-21,3614.11,completed,Clothing,Central,21,3
5552,2024-07-21,3782.22,pending,Clothing,East,46,4
5553,2024-07-21,2086.48,completed,Books,East,44,3
5554,2024-07-21,2923.77,failed,Clothing,South,26,5
5555,2024-07-21,2929.87,completed,Electronics,South,2,4
5556,2024-07-21,48.97,pending,Sports,West,41,2
5557,2024-07-21,58.74,refunded,Home,Central,34,5
5558,2024-07-21,2358.82,pending,Home,South,39,3
5559,2024-07-21,2796.77,failed,Sports,Central,45,1
5560,2024-07-21,3539.03,completed,Home,South,21,1
5561,2024-07-21,3766.05,pending,Sports,West,24,4
5562,2024-07-21,2933.05,completed,Electronics,North,12,4
5563,2024-07-22,1429.13,completed,Food,West,4,2
5564,2024-07-22,3100.36,completed,Electronics,East,2,1
5565,2024-07-22,1306.41,completed,Clothing,West,35,2
5566,2024-07-22,4089.7,failed,Home,North,3,3
5567,2024-07-22,2122.35,pending,Sports,East,44,1
5568,2024-07-22,4475.83,failed,Home,Central,11,3
5569,2024-07-22,648.4,completed,Food,South,26,1
5570,2024-07-22,3530.32,pending,Clothing,East,43,3
5571,2024-07-22,2152.31,completed,Food,East,10,3
5572,2024-07-22,645.62,completed,Clothing,West,6,1
5573,2024-07-22,2799.49,completed,Home,West,19,1
5574,2024-07-22,1067.15,completed,Books,East,41,4
5575,2024-07-22,1468.86,completed,Electronics,East,14,2
5576,2024-07-22,2286.54,pending,Clothing,West,23,3
5577,2024-07-22,1828.16,completed,Food,North,32,1
5578,2024-07-22,1949.69,refunded,Sports,Central,32,2
5579,2024-07-22,1991.17,failed,Home,South,41,2
5580,2024-07-22,94.7,completed,Clothing,East,8,4
5581,2024-07-22,1842.9,completed,Sports,North,48,3
5582,2024-07-22,1973.59,completed,Sports,South,39,5
5583,2024-07-22,2967.75,pending,Sports,East,48,5
5584,2024-07-22,2409.78,completed,Clothing,West,5,5
5585,2024-07-22,870.99,completed,Food,Central,38,1
5586,2024-07-22,2943.68,failed,Electronics,Central,26,5
5587,2024-07-22,185.06,completed,Books,Central,39,1
5588,2024-07-22,1673.03,completed,Food,North,6,4
5589,2024-07-22,3104.37,failed,Food,East,25,3
5590,2024-07-23,3123.67,completed,Electronics,West,42,5
5591,2024-07-23,910.25,failed,Home,West,40,3
5592,2024-07-23,1702.55,completed,Books,North,29,4
5593,2024-07-23,2293.91,completed,Clothing,Central,33,2
5594,2024-07-23,2063.03,refunded,Electronics,Central,27,3
5595,2024-07-23,3430.2,completed,Food,Central,42,5
5596,2024-07-23,3703.54,completed,Electronics,West,14,1
5597,2024-07-23,213.9,completed,Clothing,West,47,4
5598,2024-07-23,3728.88,refunded,Sports,Central,26,4
5599,2024-07-23,4393.74,completed,Electronics,North,49,2
5600,2024-07-23,4570.39,completed,Books,North,2,4
5601,2024-07-23,289.35,completed,Sports,West,27,3
5602,2024-07-23,4419.74,completed,Books,North,24,5
5603,2024-07-23,826.89,completed,Electronics,South,24,4
5604,2024-07-23,1698.35,completed,Clothing,East,11,5
5605,2024-07-23,1914.49,completed,Clothing,Central,19,3
5606,2024-07-23,1501.94,completed,Home,North,44,2
5607,2024-07-23,1480.62,completed,Sports,Central,7,3
5608,2024-07-23,855.37,completed,Home,North,14,5
5609,2024-07-23,3298.49,completed,Electronics,West,31,1
5610,2024-07-23,2906.45,failed,Food,North,26,1
5611,2024-07-23,3071.47,completed,Food,West,49,1
5612,2024-07-23,2611.57,pending,Sports,North,1,2
5613,2024-07-23,1111.97,completed,Electronics,Central,14,3
5614,2024-07-23,2935.68,failed,Sports,North,37,3
5615,2024-07-23,3272.1,pending,Food,East,8,3
5616,2024-07-23,269.1,completed,Home,South,8,5
5617,2024-07-24,4938.82,completed,Clothing,East,13,1
5618,2024-07-24,2903.13,completed,Home,East,49,5
5619,2024-07-24,3195.28,refunded,Home,West,24,2
5620,2024-07-24,2852.71,completed,Food,North,15,3
5621,2024-07-24,3456.69,completed,Home,North,42,1
5622,2024-07-24,3287.65,completed,Food,West,33,3
5623,2024-07-24,3997.77,completed,Books,North,14,2
5624,2024-07-24,816.12,completed,Home,West,48,3
5625,2024-07-24,826.98,completed,Clothing,North,49,2
5626,2024-07-24,1105.7,completed,Food,South,38,5
5627,2024-07-24,4817.63,completed,Electronics,East,19,4
5628,2024-07-24,1791.61,completed,Books,South,18,5
5629,2024-07-24,1587.71,pending,Clothing,East,15,5
5630,2024-07-24,1154.25,completed,Electronics,Central,46,2
5631,2024-07-24,2412.21,refunded,Home,East,4,3
5632,2024-07-24,4527.53,completed,Clothing,South,11,1
5633,2024-07-24,3374.15,completed,Sports,North,9,5
5634,2024-07-24,946.93,completed,Electronics,Central,32,1
5635,2024-07-24,4188.39,completed,Clothing,Central,5,1
5636,2024-07-24,4728.07,failed,Electronics,South,37,5
5637,2024-07-24,3568.14,completed,Sports,North,7,2
5638,2024-07-24,2972.18,completed,Food,North,18,4
5639,2024-07-24,3362.14,completed,Home,West,10,4
5640,2024-07-24,3682.52,completed,Books,Central,41,1
5641,2024-07-24,4298.42,pending,Clothing,North,32,4
5642,2024-07-24,3296.77,pending,Sports,West,24,4
5643,2024-07-24,2662.06,pending,Home,East,46,1
5644,2024-07-24,920.42,completed,Books,West,43,3
5645,2024-07-25,1877.38,completed,Sports,West,28,1
5646,2024-07-25,432.12,pending,Sports,East,11,3
5647,2024-07-25,3645.35,completed,Electronics,East,6,1
5648,2024-07-25,4961.54,completed,Clothing,Central,44,3
5649,2024-07-25,488.87,pending,Sports,South,35,4
5650,2024-07-25,2206.58,completed,Sports,North,27,4
5651,2024-07-25,3503.38,completed,Clothing,West,5,1
5652,2024-07-25,159.31,refunded,Electronics,North,22,2
5653,2024-07-25,2203.46,failed,Books,West,47,5
5654,2024-07-25,3975.94,completed,Clothing,North,12,5
5655,2024-07-25,1473.11,failed,Electronics,Central,16,1
5656,2024-07-25,3301.91,completed,Food,West,6,5
5657,2024-07-25,3040.63,pending,Clothing,Central,15,1
5658,2024-07-25,3503.15,completed,Home,South,15,1
5659,2024-07-25,1208.39,refunded,Sports,East,39,1
5660,2024-07-25,849.99,pending,Electronics,West,20,4
5661,2024-07-25,94.39,completed,Home,Central,34,5
5662,2024-07-25,2406.94,completed,Clothing,North,30,3
5663,2024-07-25,942.32,completed,Electronics,East,14,2
5664,2024-07-25,3259.52,completed,Electronics,South,36,3
5665,2024-07-25,2750.4,completed,Food,South,43,3
5666,2024-07-25,4170.24,completed,Food,North,3,1
5667,2024-07-25,4011.67,completed,Home,East,35,2
5668,2024-07-25,1812.45,completed,Clothing,Central,47,3
5669,2024-07-25,1488.38,completed,Sports,Central,28,4
5670,2024-07-25,420.04,completed,Electronics,West,13,4
5671,2024-07-25,3784.3,completed,Sports,North,5,1
5672,2024-07-26,2486.06,completed,Food,North,34,1
5673,2024-07-26,1688.12,completed,Books,West,6,5
5674,2024-07-26,3520.77,completed,Food,West,40,3
5675,2024-07-26,1377.78,completed,Sports,North,40,2
5676,2024-07-26,2395.39,completed,Books,East,21,4
5677,2024-07-26,2185.45,completed,Food,Central,31,2
5678,2024-07-26,1358.45,refunded,Home,Central,22,1
5679,2024-07-26,3954.3,failed,Electronics,West,38,3
5680,2024-07-26,3539.61,completed,Home,North,3,5
5681,2024-07-26,2602.47,completed,Books,South,26,3
5682,2024-07-26,3459.31,completed,Electronics,North,20,4
5683,2024-07-26,456.1,completed,Food,North,23,3
5684,2024-07-26,2154.85,failed,Food,North,46,4
5685,2024-07-26,3004.76,completed,Electronics,Central,25,4
5686,2024-07-26,1975.15,completed,Home,Central,19,3
5687,2024-07-26,3573.48,failed,Home,West,35,3
5688,2024-07-26,2615.86,completed,Books,Central,44,1
5689,2024-07-26,1920.58,completed,Electronics,East,40,4
5690,2024-07-26,2082.59,failed,Food,North,35,5
5691,2024-07-26,3584.06,completed,Sports,West,45,1
5692,2024-07-26,338.38,refunded,Food,East,44,1
5693,2024-07-26,4192.38,completed,Books,North,11,4
5694,2024-07-26,296.22,completed,Home,West,10,4
5695,2024-07-26,672.04,completed,Clothing,South,23,3
5696,2024-07-26,4052.95,completed,Home,North,33,1
5697,2024-07-26,1878.56,completed,Home,North,46,4
5698,2024-07-26,2302.53,completed,Clothing,North,5,4
5699,2024-07-26,1870.06,completed,Home,East,43,3
5700,2024-07-27,474.3,completed,Clothing,North,24,3
5701,2024-07-27,3046.7,failed,Sports,East,32,3
5702,2024-07-27,3448.46,failed,Sports,West,36,3
5703,2024-07-27,957.77,pending,Home,West,11,5
5704,2024-07-27,3762.98,pending,Electronics,Central,8,5
5705,2024-07-27,508.01,completed,Books,Central,17,4
5706,2024-07-27,3876.35,completed,Home,North,47,5
5707,2024-07-27,3509.67,completed,Electronics,South,36,5
5708,2024-07-27,4561.46,completed,Electronics,North,24,1
5709,2024-07-27,4069.35,completed,Electronics,South,38,3
5710,2024-07-27,4224.03,completed,Food,East,22,5
5711,2024-07-27,4788.96,completed,Books,Central,5,3
5712,2024-07-27,4223.23,completed,Sports,East,44,1
5713,2024-07-27,3984.07,completed,Food,South,41,1
5714,2024-07-27,988.67,pending,Home,South,43,4
5715,2024-07-27,3777.82,completed,Electronics,West,31,5
5716,2024-07-27,3167.21,completed,Books,South,45,5
5717,2024-07-27,4808.2,pending,Food,West,47,5
5718,2024-07-27,3602.97,completed,Books,North,33,2
5719,2024-07-27,1305.29,completed,Books,Central,38,5
5720,2024-07-27,828.99,pending,Sports,South,33,4
5721,2024-07-27,1413.98,pending,Sports,Central,19,2
5722,2024-07-27,2405.9,completed,Home,Central,12,4
5723,2024-07-27,3266.02,completed,Food,East,32,1
5724,2024-07-27,1083.31,pending,Electronics,East,37,3
5725,2024-07-27,1171.77,completed,Electronics,South,38,2
5726,2024-07-27,1516.31,completed,Books,Central,31,5
5727,2024-07-28,4038.34,completed,Electronics,Central,35,1
5728,2024-07-28,1833.45,completed,Sports,Central,17,4
5729,2024-07-28,401.12,completed,Electronics,Central,1,3
5730,2024-07-28,2729.73,failed,Home,East,48,4
5731,2024-07-28,39.68,completed,Home,East,9,2
5732,2024-07-28,3371.78,completed,Food,Central,24,1
5733,2024-07-28,4211.96,completed,Home,East,45,4
5734,2024-07-28,840.25,failed,Home,North,36,2
5735,2024-07-28,4224.55,completed,Sports,North,46,4
5736,2024-07-28,3398.33,completed,Books,West,33,3
5737,2024-07-28,501.78,completed,Clothing,Central,1,3
5738,2024-07-28,1147.19,pending,Food,Central,1,5
5739,2024-07-28,1144.42,completed,Food,South,40,2
5740,2024-07-28,1036.61,completed,Home,West,23,4
5741,2024-07-28,1679.41,completed,Books,West,26,4
5742,2024-07-28,4539.29,completed,Electronics,East,30,3
5743,2024-07-28,1128.46,failed,Electronics,West,28,3
5744,2024-07-28,4634.24,failed,Home,West,49,5
5745,2024-07-28,2752.8,completed,Food,North,2,2
5746,2024-07-28,2590.01,completed,Books,North,8,5
5747,2024-07-28,3372.17,completed,Home,South,5,5
5748,2024-07-28,4030.33,completed,Books,South,34,3
5749,2024-07-28,4788.6,completed,Food,West,26,3
5750,2024-07-28,23.42,completed,Sports,South,22,1
5751,2024-07-28,1996.68,completed,Food,West,44,2
5752,2024-07-28,903.36,completed,Home,North,24,4
5753,2024-07-28,767.23,completed,Electronics,East,42,2
5754,2024-07-29,743.66,completed,Home,West,8,2
5755,2024-07-29,3551.79,failed,Electronics,West,17,1
5756,2024-07-29,265.19,completed,Food,West,26,2
5757,2024-07-29,4185.26,completed,Clothing,West,42,2
5758,2024-07-29,3765.31,completed,Sports,Central,3,5
5759,2024-07-29,2052.26,pending,Food,East,22,1
5760,2024-07-29,2133.04,failed,Sports,West,21,5
5761,2024-07-29,3395.03,completed,Books,South,39,4
5762,2024-07-29,63.75,pending,Food,Central,20,4
5763,2024-07-29,1941.8,completed,Sports,South,16,4
5764,2024-07-29,908.88,completed,Clothing,North,9,2
5765,2024-07-29,912.08,completed,Clothing,North,37,4
5766,2024-07-29,2757.44,completed,Sports,North,49,2
5767,2024-07-29,1237.18,pending,Home,Central,38,2
5768,2024-07-29,1882.17,completed,Books,South,35,1
5769,2024-07-29,3589.41,completed,Home,North,28,5
5770,2024-07-29,3107.15,completed,Clothing,North,47,1
5771,2024-07-29,1656.81,completed,Electronics,East,12,3
5772,2024-07-29,257.52,pending,Home,West,37,1
5773,2024-07-29,143.06,completed,Sports,North,14,5
5774,2024-07-29,2442.86,completed,Food,East,25,4
5775,2024-07-29,2113.44,completed,Home,East,7,3
5776,2024-07-29,3984.27,completed,Home,Central,31,1
5777,2024-07-29,419.31,completed,Food,North,21,5
5778,2024-07-29,4251.14,completed,Electronics,North,9,1
5779,2024-07-29,1070.54,pending,Books,South,39,3
5780,2024-07-29,1760.15,refunded,Home,Central,8,5
5781,2024-07-29,4301.04,completed,Books,North,36,2
5782,2024-07-30,4189.9,pending,Food,West,24,4
5783,2024-07-30,2579.37,pending,Clothing,East,48,1
5784,2024-07-30,417.51,pending,Clothing,Central,10,4
5785,2024-07-30,2956.48,completed,Sports,South,27,4
5786,2024-07-30,3811.1,completed,Food,East,38,3
5787,2024-07-30,1318.94,completed,Books,East,21,3
5788,2024-07-30,923.48,failed,Books,South,15,5
5789,2024-07-30,2490.24,failed,Clothing,South,16,4
5790,2024-07-30,3749.04,completed,Clothing,West,5,4
5791,2024-07-30,2529.4,failed,Sports,North,44,1
5792,2024-07-30,1204.93,completed,Books,Central,29,1
5793,2024-07-30,4345.89,completed,Sports,Central,23,1
5794,2024-07-30,4361.31,failed,Books,North,28,3
5795,2024-07-30,3295.08,completed,Electronics,Central,2,3
5796,2024-07-30,380.71,completed,Books,East,13,3
5797,2024-07-30,1168.3,completed,Electronics,Central,4,4
5798,2024-07-30,3097.13,refunded,Food,South,7,5
5799,2024-07-30,3908.7,completed,Sports,Central,44,2
5800,2024-07-30,2376.56,completed,Clothing,East,31,3
5801,2024-07-30,1527.18,completed,Home,East,3,1
5802,2024-07-30,4423.76,completed,Sports,East,37,4
5803,2024-07-30,1912.85,completed,Home,West,34,1
5804,2024-07-30,4582.04,completed,Books,South,10,5
5805,2024-07-30,2666.38,completed,Food,North,16,4
5806,2024-07-30,3075.25,completed,Electronics,North,37,1
5807,2024-07-30,633.54,failed,Home,Central,16,5
5808,2024-07-30,1345.25,completed,Books,North,33,5
5809,2024-07-31,4873.68,completed,Sports,North,22,2
5810,2024-07-31,3596.15,completed,Clothing,North,38,3
5811,2024-07-31,2390.6,pending,Clothing,South,26,4
5812,2024-07-31,2611.92,completed,Food,North,4,5
5813,2024-07-31,448.1,completed,Food,East,32,1
5814,2024-07-31,3918.82,completed,Home,North,48,4
5815,2024-07-31,366.12,completed,Clothing,South,39,1
5816,2024-07-31,1941.09,completed,Clothing,East,33,3
5817,2024-07-31,2059.15,completed,Electronics,East,6,5
5818,2024-07-31,3019.39,pending,Food,East,13,2
5819,2024-07-31,2083.51,pending,Electronics,North,45,3
5820,2024-07-31,4803.96,pending,Electronics,North,43,1
5821,2024-07-31,3991.54,completed,Food,West,3,5
5822,2024-07-31,4797.03,pending,Food,North,29,4
5823,2024-07-31,2598.49,completed,Food,South,41,1
5824,2024-07-31,1518.15,failed,Home,South,8,1
5825,2024-07-31,4906.74,completed,Home,North,47,4
5826,2024-07-31,415.31,completed,Books,North,42,2
5827,2024-07-31,4636.13,completed,Home,North,28,4
5828,2024-07-31,487.95,completed,Home,South,36,3
5829,2024-07-31,4036.46,completed,Electronics,West,3,5
5830,2024-07-31,3901.86,failed,Books,North,14,2
5831,2024-07-31,3301.9,completed,Food,Central,6,2
5832,2024-07-31,3914.94,pending,Electronics,North,27,3
5833,2024-07-31,449.41,completed,Books,North,40,5
5834,2024-07-31,1873.82,completed,Books,West,20,2
5835,2024-07-31,1689.1,completed,Books,Central,20,4
5836,2024-07-31,4907.84,completed,Clothing,North,1,2
5837,2024-08-01,2367.95,completed,Home,West,8,4
5838,2024-08-01,257.75,completed,Food,East,24,4
5839,2024-08-01,1303.97,pending,Clothing,West,23,1
5840,2024-08-01,4221.98,completed,Clothing,Central,12,2
5841,2024-08-01,4459.32,completed,Clothing,West,9,3
5842,2024-08-01,4637.51,completed,Electronics,North,8,1
5843,2024-08-01,729.15,refunded,Home,South,34,2
5844,2024-08-01,3443.55,completed,Clothing,South,5,1
5845,2024-08-01,2017.65,completed,Sports,West,19,4
5846,2024-08-01,3680.02,failed,Food,West,11,2
5847,2024-08-01,4123.67,completed,Electronics,East,16,5
5848,2024-08-01,1313.66,failed,Sports,North,38,1
5849,2024-08-01,2506.69,refunded,Sports,North,40,2
5850,2024-08-01,1643.16,completed,Sports,East,18,4
5851,2024-08-01,2285.03,completed,Food,Central,41,3
5852,2024-08-01,1460.17,refunded,Electronics,West,7,3
5853,2024-08-01,1704.78,completed,Sports,North,38,1
5854,2024-08-01,1368.65,completed,Sports,Central,9,1
5855,2024-08-01,1499.23,completed,Home,South,15,1
5856,2024-08-01,2894.04,pending,Electronics,Central,32,3
5857,2024-08-01,3005.41,completed,Home,Central,16,3
5858,2024-08-01,4604.48,failed,Electronics,North,20,5
5859,2024-08-01,1958.99,completed,Electronics,North,5,1
5860,2024-08-01,3290.77,completed,Sports,Central,31,3
5861,2024-08-01,4827.69,pending,Sports,North,23,2
5862,2024-08-01,2337.14,completed,Food,North,3,5
5863,2024-08-01,3897.97,failed,Sports,East,13,5
5864,2024-08-02,4849.06,completed,Clothing,East,36,1
5865,2024-08-02,3950.98,completed,Electronics,East,18,4
5866,2024-08-02,411.71,completed,Food,East,48,4
5867,2024-08-02,973.63,pending,Home,South,45,1
5868,2024-08-02,1481.47,pending,Books,North,39,3
5869,2024-08-02,3434.22,failed,Sports,South,45,4
5870,2024-08-02,3360.48,completed,Books,South,36,3
5871,2024-08-02,694.39,failed,Books,East,22,4
5872,2024-08-02,2252.25,completed,Sports,West,10,3
5873,2024-08-02,2114.88,failed,Electronics,North,31,5
5874,2024-08-02,3452.44,failed,Electronics,South,20,3
5875,2024-08-02,1312.13,completed,Electronics,Central,48,4
5876,2024-08-02,1196.5,completed,Electronics,West,8,5
5877,2024-08-02,2987.65,refunded,Sports,East,26,3
5878,2024-08-02,423.32,completed,Food,Central,38,2
5879,2024-08-02,3347.58,pending,Food,East,27,4
5880,2024-08-02,2202.75,completed,Home,North,37,4
5881,2024-08-02,2686.36,completed,Food,Central,2,4
5882,2024-08-02,4011.92,completed,Sports,North,7,2
5883,2024-08-02,913.05,completed,Books,West,3,1
5884,2024-08-02,1057.63,completed,Clothing,South,37,2
5885,2024-08-02,4506.39,pending,Food,West,34,4
5886,2024-08-02,3707.48,completed,Clothing,North,28,3
5887,2024-08-02,1320.86,completed,Sports,South,21,1
5888,2024-08-02,3606.44,completed,Food,North,49,4
5889,2024-08-02,2291.37,completed,Books,East,24,3
5890,2024-08-02,3090.25,completed,Home,East,49,5
5891,2024-08-03,3935.36,pending,Food,South,7,2
5892,2024-08-03,233.33,pending,Home,West,4,4
5893,2024-08-03,3059.79,completed,Clothing,North,41,5
5894,2024-08-03,1698.94,completed,Electronics,West,42,4
5895,2024-08-03,2585.58,completed,Clothing,North,32,5
5896,2024-08-03,1825.13,refunded,Food,North,8,3
5897,2024-08-03,4705.84,completed,Electronics,South,20,1
5898,2024-08-03,2989.81,failed,Food,East,27,2
5899,2024-08-03,4234.53,pending,Clothing,Central,40,1
5900,2024-08-03,1291.06,refunded,Clothing,West,25,4
5901,2024-08-03,1829.41,pending,Clothing,South,31,4
5902,2024-08-03,3937.47,completed,Food,West,14,2
5903,2024-08-03,1179.86,completed,Clothing,Central,2,3
5904,2024-08-03,4999.97,completed,Sports,East,36,5
5905,2024-08-03,3303.8,completed,Books,West,4,2
5906,2024-08-03,4485.13,refunded,Books,East,27,5
5907,2024-08-03,531.53,completed,Sports,East,22,1
5908,2024-08-03,2075.01,completed,Food,West,31,1
5909,2024-08-03,1686.25,completed,Clothing,West,30,2
5910,2024-08-03,4855.11,completed,Sports,South,34,1
5911,2024-08-03,732.3,completed,Home,North,5,1
5912,2024-08-03,3743.33,completed,Food,North,20,3
5913,2024-08-03,3157.92,completed,Sports,Central,16,3
5914,2024-08-03,4258.27,completed,Books,North,3,2
5915,2024-08-03,4886.66,completed,Electronics,Central,48,1
5916,2024-08-03,4031.39,completed,Clothing,East,13,2
5917,2024-08-03,1268.24,completed,Sports,Central,4,4
5918,2024-08-03,4172.88,pending,Food,West,9,3
5919,2024-08-04,2638.53,completed,Clothing,West,36,3
5920,2024-08-04,3270.01,completed,Books,East,37,4
5921,2024-08-04,1409.41,failed,Books,East,11,4
5922,2024-08-04,4081.92,completed,Home,North,13,1
5923,2024-08-04,2227.87,pending,Home,South,25,4
5924,2024-08-04,4043.75,pending,Electronics,Central,18,5
5925,2024-08-04,2142.0,completed,Food,East,30,3
5926,2024-08-04,3086.54,completed,Sports,South,22,4
5927,2024-08-04,523.94,completed,Food,Central,26,5
5928,2024-08-04,471.41,completed,Food,North,41,4
5929,2024-08-04,4765.32,completed,Sports,West,33,2
5930,2024-08-04,3633.07,pending,Sports,West,42,1
5931,2024-08-04,871.75,completed,Home,West,12,4
5932,2024-08-04,2992.7,completed,Electronics,North,11,1
5933,2024-08-04,3908.17,completed,Food,Central,25,2
5934,2024-08-04,2997.56,pending,Books,Central,21,2
5935,2024-08-04,2247.75,completed,Home,West,41,1
5936,2024-08-04,4177.88,completed,Food,West,12,5
5937,2024-08-04,263.37,completed,Electronics,East,22,5
5938,2024-08-04,3170.35,completed,Clothing,South,48,5
5939,2024-08-04,2370.31,pending,Home,Central,17,2
5940,2024-08-04,3244.35,completed,Electronics,South,27,2
5941,2024-08-04,1459.34,completed,Home,West,23,3
5942,2024-08-04,820.75,failed,Books,North,1,3
5943,2024-08-04,4871.23,failed,Clothing,North,11,2
5944,2024-08-04,4322.51,pending,Food,East,5,3
5945,2024-08-04,4545.62,completed,Food,North,47,4
5946,2024-08-05,3846.11,completed,Home,East,42,2
5947,2024-08-05,333.95,refunded,Sports,East,13,4
5948,2024-08-05,3143.28,completed,Sports,North,20,5
5949,2024-08-05,1913.28,completed,Electronics,West,43,4
5950,2024-08-05,1678.1,completed,Electronics,West,45,4
5951,2024-08-05,1253.61,pending,Home,North,28,3
5952,2024-08-05,911.49,completed,Clothing,South,33,3
5953,2024-08-05,705.85,completed,Clothing,Central,49,1
5954,2024-08-05,614.83,completed,Clothing,North,27,1
5955,2024-08-05,3560.7,completed,Books,West,15,3
5956,2024-08-05,4652.78,failed,Sports,South,40,1
5957,2024-08-05,1907.78,completed,Clothing,West,43,2
5958,2024-08-05,539.03,failed,Books,North,36,3
5959,2024-08-05,1113.58,completed,Sports,Central,40,1
5960,2024-08-05,3737.49,failed,Food,Central,29,4
5961,2024-08-05,1749.15,failed,Electronics,East,30,3
5962,2024-08-05,3317.49,completed,Clothing,East,5,4
5963,2024-08-05,1036.06,completed,Home,West,7,1
5964,2024-08-05,3786.32,pending,Food,Central,40,5
5965,2024-08-05,3279.32,completed,Sports,West,47,3
5966,2024-08-05,1118.96,completed,Clothing,West,41,4
5967,2024-08-05,4660.55,pending,Home,East,35,1
5968,2024-08-05,2618.07,failed,Clothing,North,44,5
5969,2024-08-05,1107.12,completed,Electronics,North,26,3
5970,2024-08-05,2837.73,completed,Sports,North,5,4
5971,2024-08-05,2082.47,failed,Books,North,14,1
5972,2024-08-05,4586.55,completed,Home,East,48,5
5973,2024-08-05,1556.18,failed,Books,South,43,1
5974,2024-08-06,4432.69,completed,Sports,North,22,2
5975,2024-08-06,3714.5,completed,Books,East,5,2
5976,2024-08-06,3402.66,completed,Electronics,West,11,1
5977,2024-08-06,927.32,completed,Food,South,39,5
5978,2024-08-06,439.82,completed,Home,Central,35,5
5979,2024-08-06,4323.54,completed,Home,South,42,3
5980,2024-08-06,2857.0,completed,Food,South,38,2
5981,2024-08-06,4826.81,failed,Home,Central,39,5
5982,2024-08-06,2586.8,completed,Clothing,Central,1,2
5983,2024-08-06,2961.0,completed,Clothing,South,14,2
5984,2024-08-06,4985.57,completed,Sports,Central,16,3
5985,2024-08-06,3582.3,completed,Electronics,East,31,3
5986,2024-08-06,1806.55,completed,Electronics,South,23,3
5987,2024-08-06,4140.7,completed,Clothing,East,8,1
5988,2024-08-06,1484.51,pending,Electronics,East,42,1
5989,2024-08-06,2630.13,completed,Books,North,19,3
5990,2024-08-06,1197.36,completed,Sports,South,1,4
5991,2024-08-06,4973.47,pending,Books,West,40,1
5992,2024-08-06,4673.27,completed,Electronics,South,37,2
5993,2024-08-06,4370.58,refunded,Home,West,47,3
5994,2024-08-06,2011.7,completed,Food,North,46,1
5995,2024-08-06,3645.35,completed,Clothing,South,20,5
5996,2024-08-06,1311.31,completed,Books,South,47,5
5997,2024-08-06,1956.1,completed,Electronics,West,39,3
5998,2024-08-06,4024.62,pending,Home,West,12,2
5999,2024-08-06,291.48,completed,Food,East,34,5
6000,2024-08-06,257.01,completed,Clothing,Central,31,3
6001,2024-08-07,3308.78,completed,Sports,Central,14,3
6002,2024-08-07,3875.25,failed,Clothing,South,24,1
6003,2024-08-07,1923.88,completed,Sports,East,11,2
6004,2024-08-07,3376.63,completed,Food,North,31,5
6005,2024-08-07,4515.87,completed,Home,South,24,3
6006,2024-08-07,508.93,completed,Food,West,27,1
6007,2024-08-07,4154.28,completed,Books,Central,33,3
6008,2024-08-07,2912.88,pending,Books,West,45,1
6009,2024-08-07,2117.55,completed,Home,East,21,3
6010,2024-08-07,268.04,completed,Home,South,36,3
6011,2024-08-07,1926.54,completed,Food,East,25,3
6012,2024-08-07,3971.51,completed,Sports,Central,27,1
6013,2024-08-07,2714.4,completed,Clothing,Central,11,2
6014,2024-08-07,889.78,pending,Home,West,49,1
6015,2024-08-07,1168.79,completed,Books,East,27,5
6016,2024-08-07,4239.63,completed,Food,North,46,2
6017,2024-08-07,2170.21,pending,Home,West,33,4
6018,2024-08-07,486.48,completed,Sports,East,8,3
6019,2024-08-07,4866.93,completed,Clothing,North,32,2
6020,2024-08-07,1274.78,completed,Home,North,32,5
6021,2024-08-07,3984.47,pending,Clothing,Central,40,3
6022,2024-08-07,73.88,completed,Electronics,North,46,3
6023,2024-08-07,1289.94,completed,Food,East,2,1
6024,2024-08-07,1692.24,completed,Food,South,42,4
6025,2024-08-07,4298.53,completed,Electronics,East,30,3
6026,2024-08-07,3742.26,completed,Books,North,44,5
6027,2024-08-07,1547.03,completed,Food,South,20,5
6028,2024-08-08,3939.54,pending,Books,Central,31,5
6029,2024-08-08,4052.2,completed,Food,North,9,4
6030,2024-08-08,2564.98,completed,Books,East,4,5
6031,2024-08-08,2544.36,completed,Electronics,Central,3,4
6032,2024-08-08,2552.52,completed,Sports,Central,1,4
6033,2024-08-08,845.31,completed,Books,Central,23,4
6034,2024-08-08,4065.53,pending,Clothing,East,15,1
6035,2024-08-08,3575.88,pending,Electronics,North,15,2
6036,2024-08-08,4248.43,completed,Home,West,31,1
6037,2024-08-08,4080.21,completed,Books,Central,45,5
6038,2024-08-08,3929.33,pending,Sports,East,46,2
6039,2024-08-08,3904.08,completed,Food,West,29,2
6040,2024-08-08,4722.81,pending,Clothing,North,20,4
6041,2024-08-08,3031.0,pending,Clothing,West,21,1
6042,2024-08-08,4141.4,completed,Electronics,North,31,3
6043,2024-08-08,4008.69,completed,Books,South,45,4
6044,2024-08-08,1358.47,completed,Sports,South,27,3
6045,2024-08-08,2832.98,pending,Electronics,North,20,1
6046,2024-08-08,3651.16,completed,Electronics,West,12,5
6047,2024-08-08,526.3,completed,Electronics,North,5,3
6048,2024-08-08,2657.6,completed,Food,Central,16,1
6049,2024-08-08,24.17,pending,Books,Central,40,1
6050,2024-08-08,1209.11,completed,Books,North,19,5
6051,2024-08-08,2436.99,pending,Home,East,42,5
6052,2024-08-08,1541.58,failed,Home,North,38,3
6053,2024-08-08,3857.74,completed,Home,North,39,4
6054,2024-08-08,3190.65,completed,Clothing,Central,33,3
6055,2024-08-08,1345.02,completed,Food,South,2,3
6056,2024-08-09,95.22,completed,Sports,South,24,2
6057,2024-08-09,1281.02,completed,Clothing,Central,36,2
6058,2024-08-09,2600.18,refunded,Home,South,49,1
6059,2024-08-09,3813.53,completed,Electronics,South,38,1
6060,2024-08-09,3020.81,completed,Food,North,15,3
6061,2024-08-09,288.53,refunded,Sports,Central,29,4
6062,2024-08-09,2337.94,completed,Electronics,South,36,5
6063,2024-08-09,4797.98,completed,Home,East,42,5
6064,2024-08-09,4521.19,completed,Electronics,North,6,4
6065,2024-08-09,3714.55,completed,Clothing,East,46,4
6066,2024-08-09,1426.24,completed,Food,West,23,4
6067,2024-08-09,120.61,completed,Books,South,45,3
6068,2024-08-09,2287.27,completed,Clothing,North,39,2
6069,2024-08-09,1878.45,completed,Books,South,26,3
6070,2024-08-09,3382.48,pending,Clothing,West,24,4
6071,2024-08-09,362.24,completed,Food,Central,14,4
6072,2024-08-09,4617.66,failed,Food,West,29,3
6073,2024-08-09,3681.94,failed,Clothing,Central,15,5
6074,2024-08-09,4855.28,completed,Books,North,24,1
6075,2024-08-09,4327.92,completed,Food,West,12,4
6076,2024-08-09,2156.84,pending,Clothing,Central,12,3
6077,2024-08-09,3315.86,completed,Food,Central,45,1
6078,2024-08-09,4229.69,completed,Food,Central,43,1
6079,2024-08-09,1027.34,completed,Food,East,29,1
6080,2024-08-09,58.05,completed,Books,Central,33,4
6081,2024-08-09,1544.84,completed,Clothing,East,1,5
6082,2024-08-09,2192.9,pending,Books,South,37,5
6083,2024-08-10,3126.61,completed,Food,Central,48,1
6084,2024-08-10,1324.49,completed,Sports,West,47,5
6085,2024-08-10,2215.88,completed,Books,West,3,4
6086,2024-08-10,3246.91,completed,Clothing,East,34,2
6087,2024-08-10,4123.87,completed,Clothing,Central,24,2
6088,2024-08-10,1142.41,pending,Food,South,4,4
6089,2024-08-10,4001.52,completed,Food,West,39,1
6090,2024-08-10,4696.61,completed,Books,East,31,4
6091,2024-08-10,2053.72,completed,Clothing,South,13,2
6092,2024-08-10,2764.42,completed,Home,West,25,4
6093,2024-08-10,59.82,completed,Home,North,18,5
6094,2024-08-10,3553.95,pending,Books,North,11,1
6095,2024-08-10,4361.35,completed,Books,West,21,1
6096,2024-08-10,109.74,failed,Clothing,East,30,3
6097,2024-08-10,4219.9,pending,Books,North,3,3
6098,2024-08-10,753.62,completed,Electronics,Central,33,3
6099,2024-08-10,4212.07,completed,Electronics,Central,25,1
6100,2024-08-10,2714.1,completed,Books,West,28,5
6101,2024-08-10,1857.1,completed,Electronics,South,8,2
6102,2024-08-10,4706.9,completed,Home,Central,8,5
6103,2024-08-10,3065.67,pending,Sports,South,27,5
6104,2024-08-10,202.89,completed,Sports,North,32,4
6105,2024-08-10,3832.34,pending,Home,West,32,5
6106,2024-08-10,920.17,completed,Food,East,2,1
6107,2024-08-10,4617.14,completed,Home,South,24,2
6108,2024-08-10,840.62,completed,Electronics,West,8,3
6109,2024-08-10,2443.41,completed,Sports,South,27,3
6110,2024-08-11,2617.66,pending,Electronics,South,40,5
6111,2024-08-11,2823.26,completed,Electronics,North,48,5
6112,2024-08-11,2671.14,pending,Sports,North,25,1
6113,2024-08-11,2200.84,completed,Sports,North,25,5
6114,2024-08-11,3567.03,completed,Clothing,North,29,5
6115,2024-08-11,786.24,completed,Electronics,North,3,2
6116,2024-08-11,3938.48,failed,Clothing,East,17,1
6117,2024-08-11,196.88,completed,Food,South,16,2
6118,2024-08-11,4212.06,completed,Clothing,North,28,5
6119,2024-08-11,3751.65,completed,Home,North,8,1
6120,2024-08-11,3979.04,refunded,Home,North,2,5
6121,2024-08-11,1491.68,refunded,Food,West,17,2
6122,2024-08-11,4250.04,pending,Clothing,Central,2,5
6123,2024-08-11,3458.88,completed,Clothing,South,35,3
6124,2024-08-11,4843.02,failed,Clothing,Central,45,2
6125,2024-08-11,109.86,completed,Electronics,West,34,4
6126,2024-08-11,3954.71,completed,Food,West,15,5
6127,2024-08-11,3120.28,failed,Home,South,35,2
6128,2024-08-11,4945.3,completed,Sports,East,40,2
6129,2024-08-11,2220.78,failed,Electronics,East,44,4
6130,2024-08-11,1405.48,completed,Food,East,26,1
6131,2024-08-11,4399.93,failed,Clothing,West,20,4
6132,2024-08-11,1635.21,completed,Sports,East,4,3
6133,2024-08-11,3516.91,completed,Books,East,23,2
6134,2024-08-11,1665.92,pending,Sports,West,4,5
6135,2024-08-11,4729.15,completed,Electronics,South,19,4
6136,2024-08-11,2635.24,completed,Food,West,4,1
6137,2024-08-11,1605.76,completed,Food,West,19,5
6138,2024-08-12,4113.87,pending,Home,North,25,3
6139,2024-08-12,321.75,failed,Sports,West,17,1
6140,2024-08-12,477.85,completed,Electronics,South,17,4
6141,2024-08-12,4185.21,completed,Electronics,West,37,2
6142,2024-08-12,1623.84,completed,Sports,West,48,5
6143,2024-08-12,891.01,completed,Food,South,13,4
6144,2024-08-12,2939.9,completed,Books,East,6,2
6145,2024-08-12,1280.34,pending,Food,East,2,5
6146,2024-08-12,4936.04,completed,Clothing,Central,20,1
6147,2024-08-12,4104.8,completed,Electronics,North,25,2
6148,2024-08-12,4446.98,completed,Food,South,1,2
6149,2024-08-12,4169.6,failed,Sports,East,25,2
6150,2024-08-12,4430.44,completed,Books,West,31,4
6151,2024-08-12,1696.52,completed,Clothing,South,23,5
6152,2024-08-12,3370.33,completed,Clothing,West,5,4
6153,2024-08-12,4535.84,completed,Sports,North,23,1
6154,2024-08-12,3432.89,pending,Books,West,34,2
6155,2024-08-12,4985.8,completed,Home,West,25,3
6156,2024-08-12,4329.01,completed,Books,West,36,3
6157,2024-08-12,363.98,completed,Home,Central,47,3
6158,2024-08-12,2513.31,failed,Sports,Central,49,2
6159,2024-08-12,1384.95,completed,Home,West,13,1
6160,2024-08-12,4376.53,failed,Clothing,West,11,1
6161,2024-08-12,4686.87,completed,Food,West,9,1
6162,2024-08-12,2837.42,completed,Food,Central,33,1
6163,2024-08-12,300.12,completed,Electronics,Central,30,4
6164,2024-08-12,1739.93,completed,Books,East,15,3
6165,2024-08-13,950.99,completed,Electronics,North,8,5
6166,2024-08-13,2651.08,completed,Sports,North,15,5
6167,2024-08-13,4924.35,completed,Clothing,South,8,1
6168,2024-08-13,1722.87,refunded,Food,East,42,3
6169,2024-08-13,3672.53,refunded,Clothing,South,24,2
6170,2024-08-13,4156.96,pending,Clothing,East,44,3
6171,2024-08-13,4152.57,completed,Food,South,44,4
6172,2024-08-13,756.14,completed,Home,Central,14,5
6173,2024-08-13,1194.85,completed,Electronics,East,6,3
6174,2024-08-13,1124.15,failed,Electronics,West,30,3
6175,2024-08-13,1493.42,completed,Clothing,East,7,1
6176,2024-08-13,243.56,completed,Sports,West,37,1
6177,2024-08-13,2701.51,completed,Sports,East,34,2
6178,2024-08-13,3707.24,completed,Sports,West,17,2
6179,2024-08-13,1311.48,completed,Sports,Central,25,3
6180,2024-08-13,3202.75,completed,Clothing,West,8,1
6181,2024-08-13,2732.48,completed,Books,West,12,2
6182,2024-08-13,504.86,failed,Food,Central,41,5
6183,2024-08-13,1206.49,completed,Sports,West,18,1
6184,2024-08-13,1215.01,completed,Books,North,26,5
6185,2024-08-13,2448.51,completed,Home,Central,40,4
6186,2024-08-13,3142.98,completed,Sports,Central,14,2
6187,2024-08-13,1513.86,completed,Home,East,25,5
6188,2024-08-13,644.35,completed,Home,Central,2,3
6189,2024-08-13,1353.4,completed,Food,North,6,3
6190,2024-08-13,210.53,completed,Food,Central,43,1
6191,2024-08-13,3745.84,failed,Clothing,Central,40,4
6192,2024-08-13,3499.56,completed,Food,North,22,2
6193,2024-08-14,3356.6,failed,Clothing,West,21,2
6194,2024-08-14,3092.72,completed,Food,Central,28,1
6195,2024-08-14,1495.5,completed,Home,West,26,4
6196,2024-08-14,586.26,completed,Clothing,South,7,1
6197,2024-08-14,2999.09,completed,Home,South,9,4
6198,2024-08-14,3665.55,completed,Electronics,North,5,4
6199,2024-08-14,4056.11,completed,Electronics,East,30,3
6200,2024-08-14,3635.39,completed,Home,South,18,3
6201,2024-08-14,3296.73,completed,Books,East,30,2
6202,2024-08-14,4123.73,completed,Clothing,North,12,4
6203,2024-08-14,3811.26,failed,Clothing,East,18,4
6204,2024-08-14,4725.06,completed,Electronics,South,2,5
6205,2024-08-14,40.18,completed,Clothing,North,20,1
6206,2024-08-14,741.88,completed,Electronics,Central,9,5
6207,2024-08-14,2902.96,completed,Sports,North,47,3
6208,2024-08-14,2011.29,pending,Home,West,33,1
6209,2024-08-14,1709.12,pending,Clothing,East,27,5
6210,2024-08-14,3732.08,completed,Electronics,East,13,3
6211,2024-08-14,2682.83,completed,Home,South,15,4
6212,2024-08-14,2637.17,completed,Sports,Central,48,5
6213,2024-08-14,258.68,completed,Food,South,10,4
6214,2024-08-14,2311.87,completed,Sports,Central,45,5
6215,2024-08-14,3044.03,pending,Sports,South,44,2
6216,2024-08-14,1407.62,completed,Sports,Central,17,4
6217,2024-08-14,1202.52,refunded,Clothing,West,9,1
6218,2024-08-14,2757.56,refunded,Food,Central,39,2
6219,2024-08-14,4560.67,completed,Books,North,44,2
6220,2024-08-15,590.7,completed,Books,Central,9,3
6221,2024-08-15,1552.47,completed,Books,West,46,1
6222,2024-08-15,300.11,refunded,Clothing,North,23,2
6223,2024-08-15,1633.66,completed,Food,North,38,1
6224,2024-08-15,3477.26,completed,Food,East,22,2
6225,2024-08-15,1600.17,failed,Electronics,West,35,1
6226,2024-08-15,1998.53,completed,Sports,South,43,2
6227,2024-08-15,4678.13,failed,Books,Central,11,5
6228,2024-08-15,1741.94,pending,Books,North,20,4
6229,2024-08-15,2702.37,completed,Sports,South,27,1
6230,2024-08-15,4668.79,pending,Food,North,8,4
6231,2024-08-15,2547.48,pending,Books,Central,7,5
6232,2024-08-15,859.07,completed,Sports,East,35,3
6233,2024-08-15,723.98,pending,Books,North,41,2
6234,2024-08-15,4495.49,completed,Sports,Central,32,5
6235,2024-08-15,4429.32,pending,Electronics,West,29,5
6236,2024-08-15,1262.63,pending,Home,East,16,4
6237,2024-08-15,3119.81,failed,Books,East,43,3
6238,2024-08-15,840.98,pending,Sports,West,37,3
6239,2024-08-15,1165.16,failed,Electronics,South,24,2
6240,2024-08-15,4604.1,completed,Food,South,32,5
6241,2024-08-15,2014.81,completed,Food,Central,39,5
6242,2024-08-15,1050.51,completed,Clothing,South,8,2
6243,2024-08-15,2625.37,completed,Home,West,28,3
6244,2024-08-15,4256.52,failed,Food,Central,10,3
6245,2024-08-15,4166.43,completed,Home,North,18,4
6246,2024-08-15,3313.47,completed,Food,South,33,1
6247,2024-08-16,4069.11,completed,Books,North,40,3
6248,2024-08-16,3899.96,failed,Books,West,30,5
6249,2024-08-16,4818.63,completed,Books,North,45,3
6250,2024-08-16,3282.64,refunded,Books,North,2,2
6251,2024-08-16,2993.52,completed,Sports,Central,11,5
6252,2024-08-16,4529.27,completed,Clothing,North,13,1
6253,2024-08-16,1814.12,completed,Sports,East,36,3
6254,2024-08-16,2469.5,failed,Sports,East,5,4
6255,2024-08-16,4297.08,completed,Sports,South,10,2
6256,2024-08-16,4895.05,completed,Food,East,48,5
6257,2024-08-16,2112.13,completed,Food,West,20,5
6258,2024-08-16,2953.07,completed,Sports,North,24,5
6259,2024-08-16,4190.23,completed,Books,North,46,3
6260,2024-08-16,2598.58,completed,Electronics,West,25,2
6261,2024-08-16,2028.63,completed,Sports,North,11,4
6262,2024-08-16,333.68,completed,Sports,North,8,5
6263,2024-08-16,1068.16,completed,Books,North,16,3
6264,2024-08-16,1663.83,completed,Books,West,23,2
6265,2024-08-16,2014.21,failed,Books,North,31,5
6266,2024-08-16,3883.28,pending,Food,West,48,2
6267,2024-08-16,842.39,pending,Sports,Central,22,1
6268,2024-08-16,371.24,completed,Electronics,East,43,2
6269,2024-08-16,2943.01,completed,Clothing,Central,1,1
6270,2024-08-16,50.43,completed,Home,East,24,1
6271,2024-08-16,4655.01,completed,Sports,Central,20,2
6272,2024-08-16,1287.53,completed,Electronics,North,44,3
6273,2024-08-16,4169.9,completed,Clothing,West,47,5
6274,2024-08-16,1903.85,completed,Electronics,East,21,4
6275,2024-08-17,4994.26,completed,Home,Central,47,4
6276,2024-08-17,2511.34,completed,Home,South,31,4
6277,2024-08-17,4814.68,completed,Books,Central,22,5
6278,2024-08-17,2349.7,completed,Sports,South,19,3
6279,2024-08-17,3574.11,completed,Books,East,1,4
6280,2024-08-17,327.55,completed,Home,North,34,4
6281,2024-08-17,2230.39,pending,Home,North,19,1
6282,2024-08-17,1361.23,completed,Home,West,35,5
6283,2024-08-17,3967.95,completed,Food,South,19,4
6284,2024-08-17,2666.85,completed,Food,Central,6,2
6285,2024-08-17,3203.64,completed,Electronics,Central,45,4
6286,2024-08-17,1276.56,completed,Sports,North,45,3
6287,2024-08-17,592.99,completed,Food,Central,16,1
6288,2024-08-17,3406.01,completed,Electronics,West,13,5
6289,2024-08-17,2216.93,failed,Sports,West,30,3
6290,2024-08-17,2090.98,completed,Home,East,38,2
6291,2024-08-17,4820.06,completed,Home,West,24,3
6292,2024-08-17,600.12,pending,Books,North,47,1
6293,2024-08-17,3222.74,completed,Home,South,25,5
6294,2024-08-17,310.65,completed,Home,East,15,2
6295,2024-08-17,3427.74,pending,Books,Central,35,2
6296,2024-08-17,2802.62,failed,Books,Central,48,4
6297,2024-08-17,3637.27,completed,Clothing,East,33,3
6298,2024-08-17,3756.61,completed,Books,Central,38,1
6299,2024-08-17,668.9,completed,Home,Central,49,3
6300,2024-08-17,1380.73,completed,Home,East,36,1
6301,2024-08-17,1269.45,pending,Home,North,43,2
6302,2024-08-18,3044.06,pending,Clothing,East,6,3
6303,2024-08-18,1299.21,completed,Sports,West,9,1
6304,2024-08-18,2584.24,completed,Food,South,23,2
6305,2024-08-18,2216.23,pending,Electronics,Central,39,1
6306,2024-08-18,2932.41,completed,Home,South,24,5
6307,2024-08-18,1763.28,failed,Clothing,Central,42,3
6308,2024-08-18,4625.5,completed,Home,East,44,3
6309,2024-08-18,4825.39,refunded,Books,East,16,1
6310,2024-08-18,1760.88,completed,Sports,North,25,5
6311,2024-08-18,4572.15,completed,Books,South,37,1
6312,2024-08-18,3967.24,failed,Food,West,19,3
6313,2024-08-18,1138.31,completed,Home,East,3,4
6314,2024-08-18,2818.42,completed,Electronics,South,21,3
6315,2024-08-18,1894.34,completed,Electronics,North,37,3
6316,2024-08-18,4006.67,completed,Books,West,48,3
6317,2024-08-18,4470.63,refunded,Home,West,11,2
6318,2024-08-18,3115.84,pending,Sports,West,31,1
6319,2024-08-18,3154.36,completed,Sports,North,30,5
6320,2024-08-18,3609.05,completed,Electronics,Central,25,1
6321,2024-08-18,2480.41,completed,Electronics,South,43,2
6322,2024-08-18,2358.59,pending,Clothing,South,38,2
6323,2024-08-18,2820.39,completed,Sports,South,3,2
6324,2024-08-18,4093.63,completed,Electronics,Central,14,1
6325,2024-08-18,3240.69,completed,Food,East,2,4
6326,2024-08-18,728.47,pending,Food,West,42,4
6327,2024-08-18,710.63,completed,Electronics,West,26,1
6328,2024-08-18,2085.33,completed,Books,West,31,5
6329,2024-08-18,3298.87,refunded,Clothing,West,11,2
6330,2024-08-19,1961.63,completed,Electronics,East,13,2
6331,2024-08-19,1914.91,completed,Food,West,13,3
6332,2024-08-19,4478.29,completed,Food,South,5,1
6333,2024-08-19,4342.44,completed,Clothing,East,20,5
6334,2024-08-19,2383.55,pending,Electronics,North,25,1
6335,2024-08-19,3594.24,completed,Electronics,East,36,5
6336,2024-08-19,2265.96,completed,Sports,East,38,3
6337,2024-08-19,3019.66,completed,Sports,East,19,2
6338,2024-08-19,1379.81,completed,Sports,Central,17,3
6339,2024-08-19,2492.7,completed,Clothing,East,1,4
6340,2024-08-19,3216.27,completed,Books,Central,48,5
6341,2024-08-19,2214.47,completed,Home,East,9,2
6342,2024-08-19,3799.34,completed,Home,North,27,5
6343,2024-08-19,1343.94,completed,Sports,North,29,3
6344,2024-08-19,74.25,completed,Electronics,South,42,5
6345,2024-08-19,4572.11,completed,Food,West,7,3
6346,2024-08-19,1811.56,completed,Home,East,7,4
6347,2024-08-19,1267.93,completed,Sports,South,49,4
6348,2024-08-19,2385.53,completed,Electronics,East,27,5
6349,2024-08-19,1254.36,completed,Home,Central,9,3
6350,2024-08-19,3668.89,completed,Food,North,48,5
6351,2024-08-19,1540.91,completed,Electronics,East,35,1
6352,2024-08-19,4958.54,completed,Electronics,West,22,2
6353,2024-08-19,1388.38,completed,Food,Central,11,1
6354,2024-08-19,1815.75,completed,Home,East,39,4
6355,2024-08-19,2696.52,pending,Books,Central,38,3
6356,2024-08-19,26.63,completed,Food,Central,35,3
6357,2024-08-20,30.64,completed,Books,North,38,3
6358,2024-08-20,1176.54,completed,Clothing,South,17,3
6359,2024-08-20,417.51,completed,Electronics,South,41,4
6360,2024-08-20,3802.74,completed,Food,Central,41,3
6361,2024-08-20,4360.37,pending,Clothing,North,5,5
6362,2024-08-20,2072.09,completed,Home,Central,22,2
6363,2024-08-20,2587.43,pending,Clothing,Central,42,3
6364,2024-08-20,3067.59,completed,Clothing,East,19,4
6365,2024-08-20,483.46,completed,Food,North,17,4
6366,2024-08-20,2354.38,completed,Food,Central,33,1
6367,2024-08-20,4797.28,completed,Books,East,5,4
6368,2024-08-20,1047.34,completed,Electronics,West,11,2
6369,2024-08-20,429.45,completed,Home,South,10,3
6370,2024-08-20,1410.05,pending,Clothing,East,45,5
6371,2024-08-20,2744.14,completed,Books,South,12,3
6372,2024-08-20,4343.77,completed,Home,East,4,5
6373,2024-08-20,1780.48,pending,Electronics,North,26,3
6374,2024-08-20,1730.59,pending,Food,East,44,5
6375,2024-08-20,1721.9,completed,Books,South,4,4
6376,2024-08-20,4206.19,completed,Electronics,South,27,5
6377,2024-08-20,2351.85,failed,Books,Central,48,2
6378,2024-08-20,1663.57,completed,Sports,North,33,1
6379,2024-08-20,892.98,completed,Electronics,Central,29,5
6380,2024-08-20,636.75,completed,Home,West,47,3
6381,2024-08-20,4870.94,pending,Food,South,4,5
6382,2024-08-20,2437.26,pending,Home,North,48,1
6383,2024-08-20,370.3,failed,Clothing,West,9,5
6384,2024-08-21,4532.74,completed,Electronics,West,42,3
6385,2024-08-21,4770.87,completed,Books,North,37,1
6386,2024-08-21,1193.51,completed,Food,Central,38,4
6387,2024-08-21,1587.19,pending,Books,South,20,3
6388,2024-08-21,4802.84,pending,Home,East,28,5
6389,2024-08-21,88.65,completed,Home,Central,27,4
6390,2024-08-21,1628.32,completed,Electronics,West,12,5
6391,2024-08-21,2156.21,completed,Electronics,East,48,5
6392,2024-08-21,3854.24,completed,Food,Central,22,3
6393,2024-08-21,1845.08,completed,Electronics,South,37,4
6394,2024-08-21,1698.67,failed,Home,South,29,2
6395,2024-08-21,3649.7,completed,Books,West,4,5
6396,2024-08-21,4248.04,completed,Electronics,South,12,2
6397,2024-08-21,475.4,failed,Books,East,49,5
6398,2024-08-21,720.93,completed,Sports,East,30,3
6399,2024-08-21,3302.25,pending,Sports,East,18,5
6400,2024-08-21,1578.56,completed,Home,Central,28,1
6401,2024-08-21,3345.49,completed,Books,South,27,2
6402,2024-08-21,877.95,completed,Books,West,36,2
6403,2024-08-21,4022.07,completed,Electronics,East,46,4
6404,2024-08-21,1613.88,failed,Home,North,31,1
6405,2024-08-21,1682.42,completed,Sports,South,8,2
6406,2024-08-21,902.56,completed,Sports,East,43,1
6407,2024-08-21,1064.71,completed,Home,North,7,2
6408,2024-08-21,2995.99,pending,Sports,East,21,5
6409,2024-08-21,2912.21,completed,Food,Central,12,5
6410,2024-08-21,4123.76,completed,Books,South,29,2
6411,2024-08-21,3155.1,completed,Home,East,47,4
6412,2024-08-22,2144.95,completed,Electronics,North,30,3
6413,2024-08-22,4019.1,completed,Electronics,South,1,2
6414,2024-08-22,92.79,completed,Food,Central,18,4
6415,2024-08-22,3511.95,completed,Books,North,12,2
6416,2024-08-22,2720.51,completed,Home,West,33,3
6417,2024-08-22,1112.26,completed,Clothing,Central,19,1
6418,2024-08-22,3191.08,completed,Clothing,West,17,5
6419,2024-08-22,4933.42,refunded,Clothing,West,47,5
6420,2024-08-22,1739.08,completed,Clothing,North,39,5
6421,2024-08-22,3196.14,pending,Electronics,North,27,3
6422,2024-08-22,2202.47,completed,Books,North,45,2
6423,2024-08-22,1968.27,completed,Home,Central,35,3
6424,2024-08-22,1542.74,completed,Food,North,13,3
6425,2024-08-22,1152.46,pending,Food,North,18,2
6426,2024-08-22,1185.57,completed,Sports,West,29,2
6427,2024-08-22,3873.51,completed,Electronics,North,18,2
6428,2024-08-22,1625.7,pending,Home,Central,43,5
6429,2024-08-22,2652.58,completed,Clothing,West,20,4
6430,2024-08-22,1075.43,failed,Electronics,Central,29,1
6431,2024-08-22,1070.21,completed,Books,West,3,2
6432,2024-08-22,2939.52,pending,Electronics,South,21,5
6433,2024-08-22,2917.99,completed,Food,West,15,2
6434,2024-08-22,2531.26,completed,Sports,South,34,5
6435,2024-08-22,3469.0,completed,Sports,Central,44,4
6436,2024-08-22,3188.76,failed,Electronics,East,20,5
6437,2024-08-22,1008.5,completed,Sports,West,2,5
6438,2024-08-22,286.92,completed,Clothing,North,24,4
6439,2024-08-23,1355.67,completed,Clothing,North,22,5
6440,2024-08-23,2161.92,completed,Food,West,49,3
6441,2024-08-23,1049.41,completed,Food,Central,8,5
6442,2024-08-23,2417.18,completed,Clothing,South,19,4
6443,2024-08-23,193.18,failed,Books,Central,3,1
6444,2024-08-23,2390.85,completed,Books,Central,45,1
6445,2024-08-23,1764.05,pending,Electronics,West,39,3
6446,2024-08-23,4795.94,failed,Clothing,East,37,1
6447,2024-08-23,4384.73,completed,Clothing,North,30,1
6448,2024-08-23,4756.08,pending,Books,North,21,4
6449,2024-08-23,3297.56,completed,Clothing,North,39,1
6450,2024-08-23,4860.05,completed,Sports,West,45,3
6451,2024-08-23,955.7,completed,Sports,South,9,4
6452,2024-08-23,2666.64,completed,Electronics,Central,8,5
6453,2024-08-23,3718.47,completed,Books,West,32,3
6454,2024-08-23,2416.91,completed,Food,Central,47,2
6455,2024-08-23,1076.6,completed,Clothing,Central,32,4
6456,2024-08-23,3272.57,failed,Electronics,North,35,2
6457,2024-08-23,4856.34,failed,Food,West,17,1
6458,2024-08-23,2620.77,completed,Sports,East,27,3
6459,2024-08-23,1248.07,completed,Electronics,West,8,2
6460,2024-08-23,212.18,failed,Electronics,North,22,1
6461,2024-08-23,529.64,refunded,Electronics,East,44,4
6462,2024-08-23,3888.35,pending,Home,Central,46,4
6463,2024-08-23,2431.44,completed,Clothing,North,30,5
6464,2024-08-23,1051.21,completed,Home,East,40,1
6465,2024-08-23,4301.79,failed,Clothing,South,23,4
6466,2024-08-23,2186.02,completed,Books,West,27,3
6467,2024-08-24,3980.79,completed,Food,East,18,2
6468,2024-08-24,4058.35,completed,Home,South,40,1
6469,2024-08-24,3592.41,completed,Clothing,East,3,1
6470,2024-08-24,4863.15,refunded,Food,South,28,3
6471,2024-08-24,4485.53,completed,Food,East,15,4
6472,2024-08-24,635.94,completed,Clothing,East,36,3
6473,2024-08-24,1725.32,completed,Clothing,Central,26,1
6474,2024-08-24,4771.7,completed,Electronics,West,32,3
6475,2024-08-24,3281.29,completed,Books,Central,36,2
6476,2024-08-24,2224.23,pending,Sports,South,10,5
6477,2024-08-24,4311.98,completed,Clothing,North,39,5
6478,2024-08-24,3198.06,completed,Food,South,11,4
6479,2024-08-24,1859.16,completed,Sports,East,32,4
6480,2024-08-24,1363.53,completed,Home,East,36,3
6481,2024-08-24,4257.0,completed,Electronics,North,6,4
6482,2024-08-24,4235.36,pending,Home,North,14,4
6483,2024-08-24,4592.35,pending,Food,East,11,5
6484,2024-08-24,3924.87,completed,Books,South,44,4
6485,2024-08-24,932.0,completed,Electronics,South,17,5
6486,2024-08-24,1948.51,refunded,Food,West,27,5
6487,2024-08-24,1647.12,completed,Clothing,South,21,2
6488,2024-08-24,1296.8,completed,Clothing,Central,7,1
6489,2024-08-24,3975.68,completed,Home,East,9,5
6490,2024-08-24,631.96,completed,Electronics,West,38,4
6491,2024-08-24,2401.25,completed,Clothing,South,19,1
6492,2024-08-24,4329.54,completed,Clothing,North,37,1
6493,2024-08-24,3946.96,completed,Sports,South,40,2
6494,2024-08-25,1344.2,completed,Books,North,32,1
6495,2024-08-25,187.38,completed,Food,East,9,4
6496,2024-08-25,2075.25,pending,Electronics,South,45,4
6497,2024-08-25,2971.59,completed,Food,South,30,3
6498,2024-08-25,4275.2,completed,Home,South,37,3
6499,2024-08-25,2646.06,completed,Food,East,46,4
6500,2024-08-25,1336.41,completed,Home,North,38,4
6501,2024-08-25,3456.87,completed,Electronics,South,24,5
6502,2024-08-25,2014.27,completed,Clothing,South,25,2
6503,2024-08-25,4127.93,pending,Electronics,East,2,3
6504,2024-08-25,128.39,completed,Books,East,38,1
6505,2024-08-25,2100.86,completed,Electronics,East,12,2
6506,2024-08-25,2116.57,completed,Food,West,21,4
6507,2024-08-25,2941.84,completed,Electronics,North,25,4
6508,2024-08-25,1799.47,pending,Books,North,23,3
6509,2024-08-25,2016.85,failed,Clothing,East,47,2
6510,2024-08-25,3677.11,completed,Sports,South,30,2
6511,2024-08-25,864.7,completed,Food,South,42,3
6512,2024-08-25,1199.47,pending,Books,South,38,3
6513,2024-08-25,520.91,completed,Clothing,South,33,5
6514,2024-08-25,1295.78,pending,Books,North,5,3
6515,2024-08-25,2531.9,completed,Electronics,South,8,4
6516,2024-08-25,953.9,completed,Electronics,Central,24,2
6517,2024-08-25,377.15,pending,Sports,North,41,2
6518,2024-08-25,4981.87,completed,Clothing,Central,1,4
6519,2024-08-25,2281.48,completed,Sports,West,41,3
6520,2024-08-25,4159.43,failed,Home,North,25,4
6521,2024-08-26,3696.48,completed,Electronics,West,27,2
6522,2024-08-26,835.56,completed,Home,South,22,1
6523,2024-08-26,2566.27,completed,Sports,East,24,2
6524,2024-08-26,2843.62,completed,Books,North,4,3
6525,2024-08-26,797.6,completed,Clothing,North,22,3
6526,2024-08-26,568.37,failed,Clothing,West,18,2
6527,2024-08-26,1323.51,completed,Clothing,East,21,3
6528,2024-08-26,1313.71,pending,Books,East,14,5
6529,2024-08-26,1395.15,completed,Electronics,Central,29,3
6530,2024-08-26,1269.76,completed,Food,Central,44,3
6531,2024-08-26,2738.61,completed,Books,Central,5,2
6532,2024-08-26,1479.03,completed,Books,East,22,1
6533,2024-08-26,3860.51,completed,Electronics,Central,13,5
6534,2024-08-26,271.38,completed,Clothing,North,5,4
6535,2024-08-26,3111.32,failed,Electronics,West,38,1
6536,2024-08-26,3864.5,completed,Home,Central,20,2
6537,2024-08-26,2191.47,completed,Home,North,26,5
6538,2024-08-26,1603.43,failed,Home,West,32,5
6539,2024-08-26,1522.41,completed,Home,Central,10,3
6540,2024-08-26,1645.69,completed,Home,South,45,1
6541,2024-08-26,595.64,completed,Clothing,Central,44,5
6542,2024-08-26,2909.57,pending,Home,North,43,1
6543,2024-08-26,3121.14,completed,Electronics,Central,14,4
6544,2024-08-26,1954.51,completed,Electronics,Central,22,5
6545,2024-08-26,4779.73,completed,Clothing,East,14,1
6546,2024-08-26,4558.06,completed,Clothing,Central,32,5
6547,2024-08-26,1496.4,completed,Sports,East,15,1
6548,2024-08-26,3664.43,completed,Sports,West,48,1
6549,2024-08-27,590.42,failed,Electronics,East,13,3
6550,2024-08-27,3791.49,failed,Food,North,8,2
6551,2024-08-27,3681.34,completed,Electronics,South,24,2
6552,2024-08-27,1789.58,completed,Home,North,44,5
6553,2024-08-27,1940.88,completed,Sports,North,2,2
6554,2024-08-27,2934.45,completed,Electronics,West,42,2
6555,2024-08-27,1408.3,completed,Sports,North,40,4
6556,2024-08-27,2867.95,completed,Clothing,North,45,5
6557,2024-08-27,4439.25,failed,Clothing,Central,28,4
6558,2024-08-27,2229.74,completed,Books,North,48,3
6559,2024-08-27,1029.0,completed,Clothing,East,20,3
6560,2024-08-27,2794.64,completed,Food,North,9,5
6561,2024-08-27,3267.7,completed,Home,West,1,4
6562,2024-08-27,2634.66,failed,Food,East,28,4
6563,2024-08-27,127.91,completed,Electronics,North,3,5
6564,2024-08-27,3349.71,completed,Books,West,9,5
6565,2024-08-27,194.1,completed,Electronics,North,48,4
6566,2024-08-27,2092.94,completed,Sports,Central,14,2
6567,2024-08-27,2077.84,completed,Sports,East,9,4
6568,2024-08-27,4233.57,pending,Food,North,39,5
6569,2024-08-27,4314.74,pending,Books,East,16,4
6570,2024-08-27,3877.46,completed,Electronics,Central,44,2
6571,2024-08-27,4100.45,completed,Books,West,14,1
6572,2024-08-27,1101.82,completed,Sports,South,23,1
6573,2024-08-27,3584.26,completed,Home,East,2,2
6574,2024-08-27,3748.93,completed,Sports,Central,37,4
6575,2024-08-27,3892.59,completed,Clothing,South,45,1
6576,2024-08-28,3975.97,pending,Books,West,11,2
6577,2024-08-28,824.58,completed,Clothing,East,33,2
6578,2024-08-28,1292.06,pending,Books,South,23,1
6579,2024-08-28,3920.6,refunded,Home,North,43,3
6580,2024-08-28,745.27,completed,Food,Central,1,4
6581,2024-08-28,628.56,completed,Sports,East,48,1
6582,2024-08-28,4885.3,refunded,Electronics,East,39,4
6583,2024-08-28,4839.27,completed,Sports,North,25,1
6584,2024-08-28,1690.3,completed,Sports,West,14,4
6585,2024-08-28,52.88,completed,Sports,South,14,1
6586,2024-08-28,1997.25,completed,Food,Central,2,2
6587,2024-08-28,139.11,failed,Sports,West,4,4
6588,2024-08-28,725.7,completed,Home,East,18,2
6589,2024-08-28,1128.33,completed,Electronics,South,31,4
6590,2024-08-28,4197.71,completed,Home,North,18,2
6591,2024-08-28,1882.75,completed,Food,West,5,5
6592,2024-08-28,51.02,failed,Clothing,North,36,4
6593,2024-08-28,3188.02,completed,Electronics,Central,6,2
6594,2024-08-28,362.44,pending,Clothing,South,18,1
6595,2024-08-28,4471.58,completed,Books,Central,48,4
6596,2024-08-28,1234.31,failed,Sports,Central,15,5
6597,2024-08-28,1196.33,refunded,Sports,East,18,3
6598,2024-08-28,1991.25,refunded,Sports,Central,1,5
6599,2024-08-28,546.16,refunded,Sports,West,2,3
6600,2024-08-28,125.46,completed,Electronics,East,39,5
6601,2024-08-28,4572.69,completed,Food,South,12,1
6602,2024-08-28,4319.41,completed,Books,East,4,3
6603,2024-08-28,4582.44,completed,Electronics,West,45,4
6604,2024-08-29,3386.43,pending,Clothing,South,17,3
6605,2024-08-29,74.97,completed,Clothing,East,6,3
6606,2024-08-29,4866.21,completed,Electronics,Central,13,3
6607,2024-08-29,3546.73,completed,Food,East,8,1
6608,2024-08-29,2082.01,completed,Food,South,47,3
6609,2024-08-29,3665.07,completed,Books,West,39,1
6610,2024-08-29,2839.71,failed,Electronics,East,30,5
6611,2024-08-29,3361.68,completed,Home,West,36,2
6612,2024-08-29,4122.28,pending,Clothing,Central,2,5
6613,2024-08-29,4681.55,completed,Books,West,22,2
6614,2024-08-29,3985.31,pending,Books,West,34,2
6615,2024-08-29,4480.46,pending,Electronics,South,37,4
6616,2024-08-29,2841.84,refunded,Clothing,West,44,1
6617,2024-08-29,1698.78,completed,Sports,North,40,3
6618,2024-08-29,3351.75,pending,Food,East,33,3
6619,2024-08-29,2785.58,completed,Clothing,North,9,2
6620,2024-08-29,290.5,completed,Sports,North,26,1
6621,2024-08-29,2883.65,completed,Sports,Central,26,5
6622,2024-08-29,2092.89,pending,Sports,South,17,4
6623,2024-08-29,1854.16,failed,Food,East,30,4
6624,2024-08-29,3625.06,completed,Food,East,31,4
6625,2024-08-29,4426.7,completed,Sports,West,39,5
6626,2024-08-29,993.73,completed,Books,West,3,4
6627,2024-08-29,3976.53,completed,Food,North,11,1
6628,2024-08-29,856.28,completed,Clothing,West,12,2
6629,2024-08-29,2886.47,pending,Home,West,12,4
6630,2024-08-29,4242.55,completed,Home,Central,46,4
6631,2024-08-30,4530.14,completed,Clothing,North,16,5
6632,2024-08-30,1549.14,completed,Electronics,North,35,2
6633,2024-08-30,4096.22,completed,Home,South,44,2
6634,2024-08-30,4395.16,completed,Electronics,East,5,3
6635,2024-08-30,872.15,completed,Clothing,West,39,5
6636,2024-08-30,1929.77,completed,Electronics,Central,33,4
6637,2024-08-30,3883.48,completed,Sports,West,49,4
6638,2024-08-30,83.45,failed,Electronics,East,45,2
6639,2024-08-30,3132.57,completed,Clothing,North,15,2
6640,2024-08-30,2079.07,completed,Books,South,33,5
6641,2024-08-30,2592.39,completed,Electronics,East,10,3
6642,2024-08-30,2097.65,pending,Home,West,29,2
6643,2024-08-30,984.99,completed,Sports,Central,48,3
6644,2024-08-30,1748.79,failed,Books,North,25,5
6645,2024-08-30,4306.64,completed,Books,Central,47,1
6646,2024-08-30,3058.7,pending,Clothing,South,29,5
6647,2024-08-30,2391.54,completed,Books,West,45,3
6648,2024-08-30,3533.2,completed,Sports,West,43,2
6649,2024-08-30,926.81,completed,Books,South,2,2
6650,2024-08-30,426.53,completed,Food,North,16,1
6651,2024-08-30,2747.51,completed,Clothing,South,4,5
6652,2024-08-30,67.4,completed,Books,Central,38,2
6653,2024-08-30,749.6,pending,Home,West,36,1
6654,2024-08-30,3588.12,completed,Food,South,32,4
6655,2024-08-30,4509.07,pending,Books,Central,6,4
6656,2024-08-30,1433.47,completed,Books,South,7,1
6657,2024-08-30,1919.3,completed,Food,West,42,3
6658,2024-08-31,3408.3,completed,Electronics,Central,12,5
6659,2024-08-31,4026.39,completed,Food,South,29,2
6660,2024-08-31,1308.46,completed,Home,North,44,3
6661,2024-08-31,4132.58,completed,Home,East,16,4
6662,2024-08-31,4863.69,completed,Clothing,East,16,4
6663,2024-08-31,448.92,completed,Books,East,10,2
6664,2024-08-31,1129.36,completed,Books,East,21,4
6665,2024-08-31,3633.47,completed,Home,West,30,1
6666,2024-08-31,193.15,pending,Electronics,North,17,4
6667,2024-08-31,1427.27,completed,Clothing,Central,12,1
6668,2024-08-31,4224.18,completed,Food,South,28,1
6669,2024-08-31,3411.46,completed,Books,West,3,1
6670,2024-08-31,3207.13,failed,Sports,East,4,4
6671,2024-08-31,3063.88,completed,Food,South,32,5
6672,2024-08-31,2514.52,completed,Books,Central,22,4
6673,2024-08-31,3836.04,completed,Home,South,48,5
6674,2024-08-31,4327.79,completed,Clothing,East,25,4
6675,2024-08-31,3979.72,pending,Books,South,17,5
6676,2024-08-31,2418.64,completed,Books,East,40,5
6677,2024-08-31,3894.8,completed,Sports,North,5,4
6678,2024-08-31,3779.19,completed,Sports,West,11,3
6679,2024-08-31,2284.26,completed,Food,North,38,3
6680,2024-08-31,1677.21,failed,Electronics,North,20,3
6681,2024-08-31,2056.58,failed,Electronics,Central,23,2
6682,2024-08-31,2471.1,completed,Electronics,North,26,3
6683,2024-08-31,743.29,pending,Food,South,30,1
6684,2024-08-31,1100.22,completed,Food,East,40,4
6685,2024-08-31,518.19,completed,Clothing,East,28,5
6686,2024-09-01,370.75,completed,Food,West,35,5
6687,2024-09-01,2834.94,pending,Sports,North,39,4
6688,2024-09-01,3493.39,completed,Electronics,South,3,3
6689,2024-09-01,3071.93,refunded,Clothing,East,26,3
6690,2024-09-01,3637.24,pending,Sports,North,18,2
6691,2024-09-01,2038.44,completed,Clothing,North,19,2
6692,2024-09-01,3997.75,failed,Books,West,11,3
6693,2024-09-01,3740.94,completed,Sports,Central,37,4
6694,2024-09-01,3557.91,failed,Clothing,West,7,5
6695,2024-09-01,3832.34,completed,Electronics,Central,6,3
6696,2024-09-01,1164.92,completed,Clothing,Central,14,1
6697,2024-09-01,2851.51,failed,Books,Central,47,3
6698,2024-09-01,3876.93,completed,Clothing,West,29,5
6699,2024-09-01,503.35,failed,Home,North,21,3
6700,2024-09-01,1242.89,completed,Electronics,West,41,5
6701,2024-09-01,2459.25,completed,Food,Central,2,5
6702,2024-09-01,2076.78,completed,Home,East,44,2
6703,2024-09-01,4572.2,completed,Sports,South,17,4
6704,2024-09-01,3755.71,pending,Electronics,Central,17,5
6705,2024-09-01,213.74,completed,Clothing,West,44,1
6706,2024-09-01,2331.88,failed,Electronics,West,12,4
6707,2024-09-01,3815.17,refunded,Home,Central,12,3
6708,2024-09-01,3348.36,completed,Sports,North,29,5
6709,2024-09-01,2692.88,failed,Clothing,East,12,5
6710,2024-09-01,435.12,completed,Food,West,33,3
6711,2024-09-01,4576.53,refunded,Food,East,30,4
6712,2024-09-01,2081.34,pending,Sports,South,28,4
6713,2024-09-02,734.22,completed,Electronics,East,23,2
6714,2024-09-02,431.13,refunded,Books,Central,41,2
6715,2024-09-02,3926.13,completed,Sports,West,38,4
6716,2024-09-02,3067.61,completed,Home,Central,20,2
6717,2024-09-02,1266.05,failed,Food,East,10,1
6718,2024-09-02,2669.83,completed,Food,North,17,1
6719,2024-09-02,4732.87,completed,Books,North,8,2
6720,2024-09-02,2470.65,completed,Books,North,28,3
6721,2024-09-02,1959.27,completed,Home,West,44,4
6722,2024-09-02,1546.14,completed,Clothing,West,33,1
6723,2024-09-02,919.57,completed,Food,North,40,2
6724,2024-09-02,4552.64,completed,Food,West,17,5
6725,2024-09-02,866.77,completed,Books,West,47,1
6726,2024-09-02,282.53,failed,Electronics,West,13,2
6727,2024-09-02,722.21,completed,Electronics,East,29,4
6728,2024-09-02,920.65,failed,Food,East,48,4
6729,2024-09-02,2129.86,completed,Electronics,North,1,5
6730,2024-09-02,4549.1,failed,Food,Central,35,5
6731,2024-09-02,682.75,pending,Electronics,West,24,2
6732,2024-09-02,739.4,completed,Electronics,West,31,3
6733,2024-09-02,2192.3,completed,Food,Central,41,2
6734,2024-09-02,4519.83,failed,Electronics,Central,14,1
6735,2024-09-02,4636.39,pending,Books,South,48,5
6736,2024-09-02,4754.65,completed,Books,South,46,2
6737,2024-09-02,643.13,failed,Electronics,South,26,4
6738,2024-09-02,3530.64,completed,Sports,South,26,5
6739,2024-09-02,3240.39,completed,Clothing,North,37,3
6740,2024-09-02,162.06,completed,Books,West,14,5
6741,2024-09-03,3364.78,failed,Home,North,17,3
6742,2024-09-03,3487.96,completed,Sports,West,18,4
6743,2024-09-03,3286.74,pending,Clothing,Central,5,4
6744,2024-09-03,1086.34,completed,Food,North,19,4
6745,2024-09-03,1668.48,completed,Clothing,South,48,5
6746,2024-09-03,2773.26,completed,Food,North,2,3
6747,2024-09-03,700.72,failed,Home,West,41,3
6748,2024-09-03,802.18,completed,Sports,Central,21,3
6749,2024-09-03,3496.76,failed,Books,West,17,4
6750,2024-09-03,836.89,completed,Clothing,East,13,3
6751,2024-09-03,93.27,refunded,Books,East,11,1
6752,2024-09-03,933.65,completed,Books,South,23,2
6753,2024-09-03,386.87,completed,Sports,West,13,1
6754,2024-09-03,1418.03,completed,Electronics,South,28,5
6755,2024-09-03,3804.05,completed,Home,South,38,3
6756,2024-09-03,3932.6,failed,Books,Central,17,5
6757,2024-09-03,366.05,completed,Food,Central,43,3
6758,2024-09-03,2855.73,failed,Sports,South,2,5
6759,2024-09-03,449.36,completed,Books,West,7,5
6760,2024-09-03,943.56,pending,Clothing,West,46,2
6761,2024-09-03,3923.22,completed,Home,Central,42,3
6762,2024-09-03,4860.32,refunded,Home,East,6,2
6763,2024-09-03,1365.38,pending,Home,East,21,2
6764,2024-09-03,3886.05,failed,Electronics,Central,18,5
6765,2024-09-03,1716.83,completed,Home,Central,6,3
6766,2024-09-03,3924.96,completed,Clothing,West,36,1
6767,2024-09-03,2855.62,pending,Food,Central,22,5
6768,2024-09-04,2736.17,completed,Sports,West,44,2
6769,2024-09-04,4045.79,completed,Food,South,18,4
6770,2024-09-04,3483.89,completed,Sports,West,32,1
6771,2024-09-04,4854.04,completed,Books,Central,45,1
6772,2024-09-04,1819.72,completed,Electronics,Central,12,2
6773,2024-09-04,4775.68,completed,Electronics,West,20,5
6774,2024-09-04,4139.93,completed,Electronics,South,33,3
6775,2024-09-04,2472.75,completed,Clothing,West,34,5
6776,2024-09-04,2509.07,completed,Food,North,20,1
6777,2024-09-04,4510.75,completed,Home,West,4,4
6778,2024-09-04,2941.35,completed,Food,South,37,3
6779,2024-09-04,1695.62,completed,Electronics,North,35,2
6780,2024-09-04,216.46,refunded,Books,Central,20,3
6781,2024-09-04,1505.16,completed,Food,West,40,2
6782,2024-09-04,1094.53,failed,Home,West,5,3
6783,2024-09-04,653.86,completed,Electronics,West,27,3
6784,2024-09-04,3366.39,refunded,Clothing,North,26,4
6785,2024-09-04,1984.53,completed,Sports,East,5,5
6786,2024-09-04,481.89,completed,Electronics,South,3,2
6787,2024-09-04,1641.64,completed,Books,Central,49,5
6788,2024-09-04,710.67,refunded,Sports,West,31,1
6789,2024-09-04,2997.03,completed,Electronics,Central,42,3
6790,2024-09-04,2140.29,completed,Books,North,16,4
6791,2024-09-04,4671.69,failed,Home,South,26,5
6792,2024-09-04,3047.63,completed,Books,East,44,4
6793,2024-09-04,3828.21,failed,Clothing,Central,22,3
6794,2024-09-04,1681.93,completed,Sports,North,25,3
6795,2024-09-05,3774.85,completed,Electronics,North,43,3
6796,2024-09-05,3676.57,completed,Home,West,2,1
6797,2024-09-05,4954.56,pending,Home,North,27,4
6798,2024-09-05,3309.24,completed,Electronics,South,32,5
6799,2024-09-05,4581.6,failed,Clothing,West,42,3
6800,2024-09-05,4335.91,completed,Sports,East,41,2
6801,2024-09-05,4594.46,completed,Sports,West,9,5
6802,2024-09-05,2870.1,completed,Books,North,3,2
6803,2024-09-05,1127.69,completed,Sports,West,10,4
6804,2024-09-05,2929.29,completed,Home,West,37,1
6805,2024-09-05,4609.15,refunded,Sports,South,12,1
6806,2024-09-05,4865.36,refunded,Books,West,38,4
6807,2024-09-05,4731.37,completed,Food,East,46,5
6808,2024-09-05,2211.04,completed,Home,Central,34,3
6809,2024-09-05,4023.61,completed,Books,West,6,3
6810,2024-09-05,2447.92,pending,Sports,West,25,5
6811,2024-09-05,3461.71,completed,Home,East,14,4
6812,2024-09-05,2163.37,refunded,Clothing,West,32,4
6813,2024-09-05,1519.83,completed,Sports,North,22,1
6814,2024-09-05,2215.26,completed,Books,East,24,2
6815,2024-09-05,1541.83,pending,Clothing,South,30,1
6816,2024-09-05,2121.66,completed,Books,North,19,4
6817,2024-09-05,3391.65,failed,Home,Central,47,1
6818,2024-09-05,1011.73,completed,Books,West,3,2
6819,2024-09-05,3386.81,completed,Sports,South,36,2
6820,2024-09-05,377.36,failed,Electronics,North,25,5
6821,2024-09-05,17.95,completed,Food,Central,34,3
6822,2024-09-05,1172.89,completed,Electronics,West,39,1
6823,2024-09-06,1019.78,pending,Food,Central,43,2
6824,2024-09-06,4167.44,refunded,Food,North,3,3
6825,2024-09-06,3782.65,refunded,Clothing,Central,19,3
6826,2024-09-06,3335.28,refunded,Food,North,2,5
6827,2024-09-06,3534.2,completed,Books,Central,17,5
6828,2024-09-06,3318.3,failed,Books,East,9,4
6829,2024-09-06,4133.99,completed,Food,Central,33,5
6830,2024-09-06,2674.14,completed,Books,Central,15,2
6831,2024-09-06,98.04,completed,Books,Central,24,3
6832,2024-09-06,4317.95,completed,Electronics,West,25,4
6833,2024-09-06,2357.41,completed,Food,North,4,5
6834,2024-09-06,4642.85,failed,Sports,West,41,1
6835,2024-09-06,4466.09,refunded,Sports,East,23,2
6836,2024-09-06,2002.71,completed,Sports,West,2,1
6837,2024-09-06,4666.03,completed,Clothing,Central,5,1
6838,2024-09-06,302.33,completed,Home,East,39,3
6839,2024-09-06,3315.03,completed,Food,South,46,3
6840,2024-09-06,3410.64,failed,Home,West,36,5
6841,2024-09-06,4202.25,pending,Electronics,South,15,2
6842,2024-09-06,2362.51,completed,Sports,East,25,3
6843,2024-09-06,1210.42,refunded,Clothing,West,14,4
6844,2024-09-06,230.45,completed,Books,Central,10,1
6845,2024-09-06,2341.78,pending,Electronics,West,43,4
6846,2024-09-06,2271.84,completed,Food,West,5,3
6847,2024-09-06,1788.37,completed,Sports,East,22,4
6848,2024-09-06,3185.75,completed,Books,South,8,5
6849,2024-09-06,2661.59,completed,Clothing,Central,25,3
6850,2024-09-07,586.62,completed,Clothing,South,17,3
6851,2024-09-07,250.12,completed,Clothing,South,20,1
6852,2024-09-07,4454.45,completed,Home,West,27,2
6853,2024-09-07,3713.43,completed,Clothing,Central,16,2
6854,2024-09-07,2321.35,completed,Books,East,18,5
6855,2024-09-07,2485.27,completed,Electronics,South,15,3
6856,2024-09-07,581.13,pending,Books,North,28,5
6857,2024-09-07,1324.92,completed,Books,Central,33,2
6858,2024-09-07,4125.63,completed,Books,West,44,3
6859,2024-09-07,640.44,completed,Home,North,49,2
6860,2024-09-07,530.44,completed,Sports,West,7,5
6861,2024-09-07,2795.1,completed,Clothing,South,35,4
6862,2024-09-07,4203.17,pending,Sports,North,44,2
6863,2024-09-07,1901.82,pending,Clothing,West,6,1
6864,2024-09-07,3232.91,completed,Electronics,South,10,2
6865,2024-09-07,4511.71,completed,Home,South,8,5
6866,2024-09-07,4457.37,refunded,Food,West,25,3
6867,2024-09-07,2344.69,pending,Food,South,40,4
6868,2024-09-07,1484.96,completed,Home,North,36,5
6869,2024-09-07,2871.18,completed,Books,North,35,4
6870,2024-09-07,4621.75,failed,Sports,Central,35,4
6871,2024-09-07,3407.51,failed,Home,East,41,2
6872,2024-09-07,4776.31,completed,Clothing,East,38,5
6873,2024-09-07,2900.02,completed,Electronics,Central,24,3
6874,2024-09-07,115.9,completed,Food,East,35,4
6875,2024-09-07,2245.14,pending,Electronics,South,2,3
6876,2024-09-07,4517.34,failed,Food,Central,1,4
6877,2024-09-07,178.48,completed,Books,West,23,5
6878,2024-09-08,3093.79,completed,Home,West,25,5
6879,2024-09-08,1895.87,pending,Clothing,South,40,2
6880,2024-09-08,2024.12,failed,Home,Central,19,1
6881,2024-09-08,2842.2,failed,Clothing,South,13,3
6882,2024-09-08,2063.76,completed,Electronics,Central,46,4
6883,2024-09-08,4601.5,failed,Home,West,35,5
6884,2024-09-08,1525.43,completed,Clothing,East,47,1
6885,2024-09-08,3798.81,refunded,Clothing,West,31,3
6886,2024-09-08,469.48,pending,Electronics,South,13,3
6887,2024-09-08,1670.89,completed,Books,Central,15,3
6888,2024-09-08,797.79,completed,Clothing,Central,35,3
6889,2024-09-08,1106.92,completed,Books,North,8,5
6890,2024-09-08,2826.83,completed,Food,North,12,4
6891,2024-09-08,1716.77,completed,Clothing,North,38,1
6892,2024-09-08,253.28,failed,Books,East,37,5
6893,2024-09-08,4318.38,completed,Electronics,West,33,4
6894,2024-09-08,3380.22,refunded,Sports,West,15,1
6895,2024-09-08,4776.52,completed,Sports,South,4,3
6896,2024-09-08,4004.23,completed,Electronics,Central,36,5
6897,2024-09-08,2801.27,completed,Home,North,13,2
6898,2024-09-08,2307.27,completed,Clothing,West,2,4
6899,2024-09-08,4733.58,completed,Home,East,28,4
6900,2024-09-08,2125.67,pending,Books,North,35,4
6901,2024-09-08,2729.05,completed,Home,Central,21,3
6902,2024-09-08,1675.34,completed,Food,West,21,4
6903,2024-09-08,1410.36,pending,Sports,East,23,3
6904,2024-09-08,4229.32,completed,Clothing,West,37,2
6905,2024-09-09,1242.59,completed,Sports,South,44,1
6906,2024-09-09,728.8,completed,Clothing,North,5,1
6907,2024-09-09,3642.91,completed,Electronics,South,9,4
6908,2024-09-09,4207.38,refunded,Sports,South,43,2
6909,2024-09-09,4639.34,completed,Electronics,West,17,2
6910,2024-09-09,3338.41,completed,Clothing,East,33,2
6911,2024-09-09,1748.41,completed,Food,Central,2,4
6912,2024-09-09,2558.29,failed,Sports,West,19,3
6913,2024-09-09,939.49,failed,Books,West,29,5
6914,2024-09-09,1068.39,completed,Home,West,17,1
6915,2024-09-09,4482.34,completed,Sports,South,14,1
6916,2024-09-09,4245.7,completed,Clothing,East,15,4
6917,2024-09-09,1402.1,completed,Sports,Central,34,2
6918,2024-09-09,1908.29,completed,Sports,Central,29,3
6919,2024-09-09,4794.37,completed,Home,South,15,4
6920,2024-09-09,1966.0,completed,Sports,West,2,4
6921,2024-09-09,1643.95,completed,Books,North,13,4
6922,2024-09-09,1011.08,pending,Books,North,35,1
6923,2024-09-09,2044.2,completed,Food,East,41,2
6924,2024-09-09,1824.47,completed,Clothing,West,39,3
6925,2024-09-09,3676.69,failed,Home,North,49,1
6926,2024-09-09,1741.48,failed,Clothing,South,13,5
6927,2024-09-09,2296.98,pending,Home,West,37,2
6928,2024-09-09,1613.58,completed,Sports,North,7,5
6929,2024-09-09,1603.68,completed,Books,North,45,3
6930,2024-09-09,1263.62,completed,Clothing,West,48,4
6931,2024-09-09,2495.58,completed,Sports,East,25,5
6932,2024-09-10,2150.82,pending,Sports,East,32,4
6933,2024-09-10,297.29,completed,Books,East,15,2
6934,2024-09-10,4653.45,completed,Home,Central,35,5
6935,2024-09-10,1750.5,completed,Books,Central,12,1
6936,2024-09-10,3790.16,completed,Home,East,31,1
6937,2024-09-10,4535.58,pending,Food,West,23,1
6938,2024-09-10,66.87,completed,Sports,East,13,1
6939,2024-09-10,625.35,failed,Electronics,South,38,2
6940,2024-09-10,960.84,refunded,Home,North,40,4
6941,2024-09-10,4430.19,completed,Sports,West,4,4
6942,2024-09-10,2732.88,completed,Home,Central,24,2
6943,2024-09-10,1561.6,completed,Home,West,33,5
6944,2024-09-10,230.15,failed,Food,South,13,1
6945,2024-09-10,187.13,completed,Books,West,13,2
6946,2024-09-10,2891.79,pending,Clothing,East,30,5
6947,2024-09-10,3518.59,completed,Home,Central,20,5
6948,2024-09-10,1933.99,failed,Clothing,East,44,1
6949,2024-09-10,1445.07,completed,Clothing,East,35,2
6950,2024-09-10,4034.71,completed,Food,Central,39,4
6951,2024-09-10,4329.06,completed,Food,North,43,5
6952,2024-09-10,1923.59,refunded,Clothing,South,35,3
6953,2024-09-10,3743.48,completed,Home,South,28,2
6954,2024-09-10,4348.57,completed,Home,West,14,2
6955,2024-09-10,1909.04,completed,Clothing,West,13,3
6956,2024-09-10,812.08,completed,Home,West,14,3
6957,2024-09-10,1848.41,completed,Clothing,Central,4,5
6958,2024-09-10,320.43,completed,Food,North,41,2
6959,2024-09-10,187.5,completed,Home,South,46,4
6960,2024-09-11,4126.23,completed,Sports,South,40,1
6961,2024-09-11,4265.3,pending,Food,South,15,5
6962,2024-09-11,3240.14,completed,Books,North,43,4
6963,2024-09-11,4285.01,failed,Sports,South,30,4
6964,2024-09-11,4677.98,completed,Books,North,47,3
6965,2024-09-11,3435.32,completed,Clothing,Central,37,1
6966,2024-09-11,4559.07,completed,Sports,North,18,2
6967,2024-09-11,4598.72,refunded,Food,South,28,3
6968,2024-09-11,1379.56,completed,Sports,South,30,3
6969,2024-09-11,4750.21,completed,Books,West,20,2
6970,2024-09-11,4919.38,pending,Sports,West,28,3
6971,2024-09-11,1405.99,pending,Sports,Central,37,4
6972,2024-09-11,3140.99,failed,Books,North,15,2
6973,2024-09-11,1108.79,completed,Clothing,Central,12,5
6974,2024-09-11,1974.84,pending,Clothing,South,27,1
6975,2024-09-11,3124.05,refunded,Electronics,Central,38,1
6976,2024-09-11,196.82,completed,Food,East,49,4
6977,2024-09-11,3235.61,completed,Clothing,East,43,3
6978,2024-09-11,2435.35,completed,Sports,South,46,4
6979,2024-09-11,627.63,completed,Books,North,17,4
6980,2024-09-11,3426.11,completed,Home,South,26,1
6981,2024-09-11,4712.92,completed,Electronics,South,15,2
6982,2024-09-11,21.23,completed,Sports,East,12,1
6983,2024-09-11,2194.41,failed,Clothing,West,3,2
6984,2024-09-11,639.45,completed,Sports,West,41,3
6985,2024-09-11,1042.96,completed,Sports,Central,20,3
6986,2024-09-11,2463.12,completed,Clothing,East,42,4
6987,2024-09-12,1463.61,pending,Home,South,13,2
6988,2024-09-12,3249.33,completed,Food,South,28,3
6989,2024-09-12,1327.55,pending,Books,South,20,1
6990,2024-09-12,3883.48,completed,Sports,Central,23,2
6991,2024-09-12,925.52,completed,Books,West,32,4
6992,2024-09-12,4537.16,pending,Home,Central,9,4
6993,2024-09-12,2006.74,pending,Electronics,South,22,4
6994,2024-09-12,286.74,completed,Books,South,17,2
6995,2024-09-12,507.61,failed,Sports,Central,48,3
6996,2024-09-12,2669.42,completed,Electronics,West,1,3
6997,2024-09-12,4556.06,completed,Food,North,43,3
6998,2024-09-12,2581.56,completed,Home,West,22,1
6999,2024-09-12,2256.39,refunded,Clothing,North,47,2
7000,2024-09-12,3866.27,completed,Electronics,North,7,2
7001,2024-09-12,1141.7,completed,Food,North,18,2
7002,2024-09-12,3386.45,failed,Books,North,26,3
7003,2024-09-12,1099.17,completed,Electronics,East,16,4
7004,2024-09-12,4228.21,completed,Food,North,13,3
7005,2024-09-12,4407.85,completed,Books,East,2,5
7006,2024-09-12,980.94,completed,Home,North,44,1
7007,2024-09-12,726.42,completed,Sports,South,30,4
7008,2024-09-12,3619.47,completed,Electronics,North,7,2
7009,2024-09-12,3267.7,completed,Home,South,41,4
7010,2024-09-12,3112.06,completed,Books,North,22,3
7011,2024-09-12,2551.84,completed,Home,East,48,1
7012,2024-09-12,654.01,completed,Clothing,East,7,4
7013,2024-09-12,3600.19,completed,Electronics,Central,16,2
7014,2024-09-13,820.01,completed,Food,West,28,2
7015,2024-09-13,2718.77,failed,Food,East,35,2
7016,2024-09-13,1739.61,completed,Food,East,16,4
7017,2024-09-13,1664.93,completed,Home,North,17,4
7018,2024-09-13,4162.98,completed,Food,East,6,5
7019,2024-09-13,2286.51,completed,Clothing,East,42,1
7020,2024-09-13,2472.36,refunded,Home,South,30,4
7021,2024-09-13,4482.0,pending,Home,South,45,2
7022,2024-09-13,2796.65,completed,Sports,West,27,4
7023,2024-09-13,4008.51,refunded,Electronics,West,41,1
7024,2024-09-13,4315.71,completed,Home,South,11,5
7025,2024-09-13,3478.96,pending,Electronics,West,15,3
7026,2024-09-13,728.71,completed,Sports,South,48,5
7027,2024-09-13,605.09,completed,Sports,East,9,2
7028,2024-09-13,2176.78,completed,Food,Central,39,1
7029,2024-09-13,325.31,completed,Clothing,West,43,2
7030,2024-09-13,1510.58,refunded,Electronics,East,31,2
7031,2024-09-13,1050.27,completed,Electronics,East,34,1
7032,2024-09-13,202.86,completed,Clothing,East,47,3
7033,2024-09-13,2001.66,completed,Food,North,1,5
7034,2024-09-13,1252.91,completed,Food,North,37,2
7035,2024-09-13,518.72,completed,Books,Central,42,1
7036,2024-09-13,3654.19,completed,Electronics,Central,24,2
7037,2024-09-13,4563.77,completed,Sports,Central,1,3
7038,2024-09-13,3107.59,completed,Electronics,South,48,5
7039,2024-09-13,4647.32,pending,Food,East,34,3
7040,2024-09-13,840.64,completed,Electronics,West,32,4
7041,2024-09-13,3842.76,failed,Home,South,37,2
7042,2024-09-14,2048.95,completed,Food,West,7,2
7043,2024-09-14,2452.76,failed,Food,East,42,1
7044,2024-09-14,3324.77,failed,Clothing,Central,5,2
7045,2024-09-14,3919.88,completed,Clothing,Central,4,5
7046,2024-09-14,308.49,pending,Clothing,Central,5,4
7047,2024-09-14,1947.02,completed,Electronics,Central,37,3
7048,2024-09-14,3827.25,completed,Food,North,18,3
7049,2024-09-14,2679.4,pending,Electronics,West,43,1
7050,2024-09-14,1715.03,completed,Electronics,North,1,2
7051,2024-09-14,212.25,pending,Electronics,West,13,1
7052,2024-09-14,46.74,completed,Electronics,Central,28,5
7053,2024-09-14,2131.26,completed,Sports,Central,22,2
7054,2024-09-14,2423.12,completed,Sports,South,22,5
7055,2024-09-14,1153.7,failed,Sports,West,6,2
7056,2024-09-14,4000.13,pending,Home,Central,18,2
7057,2024-09-14,3620.05,pending,Food,North,1,1
7058,2024-09-14,949.05,pending,Food,East,22,4
7059,2024-09-14,948.09,pending,Food,North,12,1
7060,2024-09-14,4325.59,completed,Food,South,21,2
7061,2024-09-14,4596.51,failed,Electronics,Central,33,5
7062,2024-09-14,4922.93,completed,Clothing,North,49,5
7063,2024-09-14,3435.09,completed,Food,West,26,1
7064,2024-09-14,4645.32,pending,Food,Central,21,3
7065,2024-09-14,751.03,failed,Food,Central,5,3
7066,2024-09-14,786.99,completed,Electronics,North,46,2
7067,2024-09-14,217.27,completed,Clothing,Central,43,1
7068,2024-09-14,2697.24,completed,Food,East,42,2
7069,2024-09-15,1114.16,completed,Clothing,Central,32,3
7070,2024-09-15,2848.37,completed,Food,West,21,2
7071,2024-09-15,48.33,completed,Clothing,West,4,5
7072,2024-09-15,2649.5,completed,Clothing,East,3,3
7073,2024-09-15,4445.67,completed,Home,North,43,2
7074,2024-09-15,3632.3,completed,Home,South,42,1
7075,2024-09-15,1841.36,completed,Sports,East,36,5
7076,2024-09-15,350.54,completed,Food,North,11,4
7077,2024-09-15,1233.19,pending,Sports,North,3,5
7078,2024-09-15,2521.76,completed,Electronics,North,3,4
7079,2024-09-15,1294.25,failed,Clothing,West,42,4
7080,2024-09-15,3884.2,pending,Sports,Central,43,2
7081,2024-09-15,4676.5,completed,Home,Central,30,2
7082,2024-09-15,889.32,completed,Electronics,East,33,2
7083,2024-09-15,37.83,completed,Food,East,40,4
7084,2024-09-15,429.52,failed,Electronics,North,9,2
7085,2024-09-15,4016.25,completed,Home,East,42,1
7086,2024-09-15,278.0,completed,Food,South,15,3
7087,2024-09-15,3734.07,pending,Sports,South,9,1
7088,2024-09-15,2031.99,completed,Sports,West,37,1
7089,2024-09-15,2136.06,completed,Electronics,East,45,5
7090,2024-09-15,3656.55,completed,Home,West,7,3
7091,2024-09-15,1606.95,pending,Home,Central,16,2
7092,2024-09-15,4054.35,refunded,Books,North,36,4
7093,2024-09-15,480.86,refunded,Home,Central,36,2
7094,2024-09-15,3596.1,completed,Home,South,23,5
7095,2024-09-15,4519.37,completed,Books,West,27,5
7096,2024-09-15,829.62,completed,Books,West,42,5
7097,2024-09-16,2778.74,failed,Home,Central,15,2
7098,2024-09-16,3208.48,completed,Clothing,Central,32,2
7099,2024-09-16,672.48,completed,Food,South,15,4
7100,2024-09-16,2720.86,completed,Books,East,49,4
7101,2024-09-16,1268.96,failed,Electronics,Central,3,1
7102,2024-09-16,3770.35,completed,Sports,North,42,4
7103,2024-09-16,2844.43,completed,Books,West,21,2
7104,2024-09-16,2058.73,failed,Electronics,Central,17,5
7105,2024-09-16,3715.23,completed,Home,East,11,3
7106,2024-09-16,3661.8,completed,Food,East,24,1
7107,2024-09-16,1060.28,completed,Electronics,East,43,3
7108,2024-09-16,137.84,completed,Electronics,West,47,1
7109,2024-09-16,1248.97,completed,Clothing,North,16,4
7110,2024-09-16,4414.1,completed,Food,South,8,2
7111,2024-09-16,1990.22,refunded,Food,North,4,3
7112,2024-09-16,1015.29,completed,Books,Central,21,2
7113,2024-09-16,1850.62,completed,Books,West,46,1
7114,2024-09-16,1921.93,completed,Sports,South,29,4
7115,2024-09-16,2275.81,completed,Food,West,10,2
7116,2024-09-16,2255.65,pending,Food,West,18,5
7117,2024-09-16,1497.48,pending,Sports,South,23,4
7118,2024-09-16,1504.42,failed,Electronics,East,5,3
7119,2024-09-16,4000.77,completed,Home,South,48,3
7120,2024-09-16,3318.52,completed,Food,South,11,3
7121,2024-09-16,3400.19,completed,Books,West,7,3
7122,2024-09-16,960.68,completed,Electronics,North,22,3
7123,2024-09-16,4959.39,completed,Electronics,South,28,1
7124,2024-09-17,443.76,completed,Electronics,Central,43,1
7125,2024-09-17,3415.82,failed,Food,North,8,4
7126,2024-09-17,3719.65,failed,Sports,East,29,2
7127,2024-09-17,1343.21,pending,Home,West,31,5
7128,2024-09-17,394.69,completed,Books,East,15,1
7129,2024-09-17,3689.65,completed,Food,East,12,1
7130,2024-09-17,2832.17,pending,Books,North,9,1
7131,2024-09-17,4828.48,completed,Clothing,East,21,5
7132,2024-09-17,3641.16,completed,Clothing,North,31,4
7133,2024-09-17,4649.12,completed,Home,North,23,3
7134,2024-09-17,3175.14,completed,Home,South,9,3
7135,2024-09-17,2495.07,completed,Home,West,15,2
7136,2024-09-17,4724.23,completed,Home,North,4,3
7137,2024-09-17,4096.04,completed,Sports,North,17,2
7138,2024-09-17,184.92,completed,Home,East,2,4
7139,2024-09-17,2919.41,pending,Electronics,West,38,4
7140,2024-09-17,755.59,completed,Electronics,North,35,3
7141,2024-09-17,4740.45,completed,Home,North,31,2
7142,2024-09-17,3382.63,completed,Electronics,West,44,2
7143,2024-09-17,2262.23,completed,Clothing,Central,30,2
7144,2024-09-17,4799.76,completed,Food,West,26,4
7145,2024-09-17,1688.39,completed,Books,South,27,5
7146,2024-09-17,2226.29,pending,Clothing,East,14,2
7147,2024-09-17,2001.31,failed,Home,Central,24,4
7148,2024-09-17,668.0,completed,Food,South,11,1
7149,2024-09-17,757.94,completed,Sports,North,23,1
7150,2024-09-17,2959.12,pending,Sports,West,14,5
7151,2024-09-18,356.95,completed,Electronics,West,13,2
7152,2024-09-18,4656.11,completed,Home,Central,15,5
7153,2024-09-18,1644.93,failed,Clothing,East,5,2
7154,2024-09-18,1611.61,completed,Books,West,30,3
7155,2024-09-18,707.01,failed,Books,East,8,1
7156,2024-09-18,1761.25,failed,Electronics,West,46,1
7157,2024-09-18,3458.83,failed,Home,West,25,5
7158,2024-09-18,4787.06,completed,Electronics,North,11,3
7159,2024-09-18,971.01,completed,Food,Central,48,4
7160,2024-09-18,896.21,completed,Clothing,East,18,3
7161,2024-09-18,703.68,pending,Clothing,East,28,4
7162,2024-09-18,2874.22,completed,Electronics,North,30,2
7163,2024-09-18,593.5,completed,Electronics,South,45,5
7164,2024-09-18,449.74,completed,Electronics,North,22,1
7165,2024-09-18,3722.23,completed,Sports,Central,40,4
7166,2024-09-18,3967.97,pending,Electronics,East,6,3
7167,2024-09-18,1579.67,refunded,Books,North,6,3
7168,2024-09-18,2911.5,completed,Clothing,South,8,5
7169,2024-09-18,3714.45,completed,Electronics,West,47,1
7170,2024-09-18,254.29,pending,Electronics,West,29,2
7171,2024-09-18,3177.16,completed,Home,West,24,4
7172,2024-09-18,1438.13,completed,Home,Central,30,5
7173,2024-09-18,2051.49,completed,Books,Central,18,5
7174,2024-09-18,1787.58,completed,Books,East,29,2
7175,2024-09-18,3594.52,completed,Clothing,West,28,3
7176,2024-09-18,2349.19,completed,Home,North,40,2
7177,2024-09-18,3802.74,failed,Food,North,29,2
7178,2024-09-18,1581.86,failed,Sports,South,10,5
7179,2024-09-19,2710.96,pending,Sports,South,16,2
7180,2024-09-19,4535.89,completed,Food,East,23,1
7181,2024-09-19,2196.01,failed,Clothing,Central,47,5
7182,2024-09-19,2885.76,completed,Food,East,23,4
7183,2024-09-19,3355.82,completed,Home,East,23,1
7184,2024-09-19,4562.43,completed,Sports,East,11,3
7185,2024-09-19,3184.32,pending,Sports,North,4,4
7186,2024-09-19,3065.84,pending,Clothing,Central,35,1
7187,2024-09-19,4169.3,completed,Clothing,South,46,2
7188,2024-09-19,4959.23,completed,Books,Central,16,4
7189,2024-09-19,4495.68,completed,Electronics,West,12,4
7190,2024-09-19,633.15,completed,Electronics,West,31,2
7191,2024-09-19,3385.48,completed,Books,Central,48,1
7192,2024-09-19,1649.6,completed,Sports,North,21,4
7193,2024-09-19,2078.19,completed,Food,West,47,4
7194,2024-09-19,3230.27,pending,Clothing,North,12,3
7195,2024-09-19,734.11,completed,Sports,Central,48,2
7196,2024-09-19,3466.47,completed,Clothing,South,11,5
7197,2024-09-19,1474.59,failed,Electronics,South,1,4
7198,2024-09-19,4097.97,completed,Sports,West,25,1
7199,2024-09-19,1864.76,completed,Food,East,10,5
7200,2024-09-19,259.31,completed,Electronics,Central,12,3
7201,2024-09-19,2997.92,pending,Books,South,24,4
7202,2024-09-19,3751.4,completed,Home,West,34,3
7203,2024-09-19,3087.35,completed,Food,North,35,1
7204,2024-09-19,3896.13,completed,Sports,Central,31,5
7205,2024-09-19,4022.59,completed,Sports,North,15,5
7206,2024-09-20,220.87,completed,Sports,South,39,5
7207,2024-09-20,19.22,completed,Food,West,48,3
7208,2024-09-20,1129.31,completed,Electronics,West,7,3
7209,2024-09-20,1131.31,completed,Electronics,North,10,2
7210,2024-09-20,2819.11,pending,Books,South,44,2
7211,2024-09-20,1153.21,completed,Books,South,8,1
7212,2024-09-20,1830.59,refunded,Electronics,West,26,3
7213,2024-09-20,2273.77,completed,Clothing,South,35,4
7214,2024-09-20,3008.13,pending,Clothing,North,32,4
7215,2024-09-20,4983.75,completed,Sports,South,14,2
7216,2024-09-20,3445.65,completed,Sports,West,48,1
7217,2024-09-20,1336.3,completed,Home,South,5,5
7218,2024-09-20,1760.48,completed,Clothing,Central,26,5
7219,2024-09-20,227.85,completed,Home,West,37,4
7220,2024-09-20,2103.43,pending,Sports,South,44,4
7221,2024-09-20,2949.8,completed,Electronics,West,1,5
7222,2024-09-20,4747.67,completed,Books,Central,16,3
7223,2024-09-20,1347.04,completed,Clothing,Central,47,3
7224,2024-09-20,1225.07,completed,Home,North,41,3
7225,2024-09-20,96.0,completed,Food,South,4,3
7226,2024-09-20,2877.57,completed,Food,West,46,5
7227,2024-09-20,4979.39,completed,Home,North,35,2
7228,2024-09-20,1861.75,completed,Clothing,East,10,3
7229,2024-09-20,2494.26,completed,Books,East,11,5
7230,2024-09-20,300.6,completed,Home,North,25,2
7231,2024-09-20,2859.72,completed,Books,North,35,4
7232,2024-09-20,1058.25,completed,Food,West,44,4
7233,2024-09-20,87.14,pending,Clothing,East,22,5
7234,2024-09-21,3422.39,completed,Clothing,North,18,1
7235,2024-09-21,747.22,completed,Home,North,36,3
7236,2024-09-21,514.75,completed,Food,East,35,2
7237,2024-09-21,1148.58,completed,Clothing,Central,37,3
7238,2024-09-21,696.31,completed,Food,South,5,2
7239,2024-09-21,3118.09,completed,Electronics,East,19,2
7240,2024-09-21,1342.66,completed,Clothing,North,15,4
7241,2024-09-21,3358.25,completed,Home,South,49,5
7242,2024-09-21,2734.4,pending,Sports,North,33,5
7243,2024-09-21,1774.63,completed,Home,South,34,4
7244,2024-09-21,975.45,completed,Sports,West,22,5
7245,2024-09-21,3366.96,completed,Electronics,East,46,4
7246,2024-09-21,2626.91,failed,Food,North,33,1
7247,2024-09-21,3607.04,completed,Electronics,North,31,4
7248,2024-09-21,2535.57,completed,Electronics,South,28,1
7249,2024-09-21,4012.31,completed,Clothing,Central,14,2
7250,2024-09-21,2753.21,refunded,Electronics,South,46,5
7251,2024-09-21,4068.58,completed,Home,South,23,5
7252,2024-09-21,2753.1,completed,Books,North,6,4
7253,2024-09-21,4809.1,completed,Home,West,9,4
7254,2024-09-21,4267.43,pending,Clothing,North,31,2
7255,2024-09-21,1278.05,pending,Books,North,39,4
7256,2024-09-21,3643.43,completed,Clothing,East,23,3
7257,2024-09-21,668.6,completed,Books,West,30,3
7258,2024-09-21,4556.36,completed,Books,West,46,4
7259,2024-09-21,1734.27,completed,Electronics,West,8,5
7260,2024-09-21,2392.36,completed,Books,North,42,4
7261,2024-09-22,112.64,completed,Clothing,East,26,3
7262,2024-09-22,4339.45,completed,Clothing,North,16,2
7263,2024-09-22,4740.59,pending,Home,East,8,2
7264,2024-09-22,2357.8,completed,Sports,Central,41,4
7265,2024-09-22,947.65,completed,Electronics,North,28,2
7266,2024-09-22,3472.03,refunded,Electronics,Central,29,1
7267,2024-09-22,1491.83,completed,Electronics,Central,33,3
7268,2024-09-22,4800.43,completed,Books,Central,15,5
7269,2024-09-22,1562.67,completed,Sports,North,6,1
7270,2024-09-22,2882.86,completed,Sports,West,5,5
7271,2024-09-22,256.73,completed,Electronics,South,35,5
7272,2024-09-22,4949.14,completed,Clothing,North,9,5
7273,2024-09-22,2885.04,completed,Clothing,North,6,1
7274,2024-09-22,4876.82,completed,Home,North,31,2
7275,2024-09-22,1510.59,failed,Electronics,East,21,4
7276,2024-09-22,2640.53,completed,Sports,South,25,2
7277,2024-09-22,101.75,completed,Clothing,North,6,5
7278,2024-09-22,3856.4,pending,Home,South,7,3
7279,2024-09-22,840.84,completed,Clothing,East,32,2
7280,2024-09-22,2132.39,completed,Food,South,44,2
7281,2024-09-22,3353.48,completed,Books,West,12,3
7282,2024-09-22,419.79,completed,Home,North,29,1
7283,2024-09-22,3920.29,failed,Food,South,10,2
7284,2024-09-22,4030.92,failed,Food,North,48,4
7285,2024-09-22,2661.17,pending,Food,South,27,1
7286,2024-09-22,3028.76,completed,Clothing,Central,14,1
7287,2024-09-22,480.13,completed,Home,West,6,2
7288,2024-09-23,2249.57,completed,Books,North,10,1
7289,2024-09-23,4207.31,completed,Home,North,40,3
7290,2024-09-23,455.67,refunded,Home,North,43,5
7291,2024-09-23,4943.66,completed,Food,Central,31,3
7292,2024-09-23,2434.73,completed,Home,North,37,2
7293,2024-09-23,73.83,completed,Electronics,North,10,1
7294,2024-09-23,1706.12,pending,Clothing,East,11,5
7295,2024-09-23,2508.07,completed,Food,East,7,4
7296,2024-09-23,4795.35,completed,Electronics,South,18,3
7297,2024-09-23,3529.11,completed,Electronics,East,30,2
7298,2024-09-23,2909.37,completed,Food,East,16,4
7299,2024-09-23,4832.92,completed,Electronics,North,6,4
7300,2024-09-23,1481.93,completed,Home,East,35,1
7301,2024-09-23,1904.71,completed,Books,Central,4,4
7302,2024-09-23,3843.39,completed,Home,Central,11,3
7303,2024-09-23,2976.47,completed,Books,West,3,2
7304,2024-09-23,1102.78,completed,Clothing,North,4,5
7305,2024-09-23,3757.82,failed,Books,West,3,5
7306,2024-09-23,1343.38,completed,Electronics,South,41,4
7307,2024-09-23,2798.8,completed,Books,North,10,4
7308,2024-09-23,4282.63,completed,Sports,West,1,2
7309,2024-09-23,1382.77,completed,Food,North,40,5
7310,2024-09-23,3808.21,pending,Clothing,East,30,1
7311,2024-09-23,4308.06,completed,Home,East,47,2
7312,2024-09-23,1592.57,completed,Clothing,East,16,1
7313,2024-09-23,991.08,refunded,Clothing,South,47,1
7314,2024-09-23,4330.13,completed,Sports,East,21,4
7315,2024-09-23,2337.34,pending,Clothing,North,30,2
7316,2024-09-24,1563.66,pending,Clothing,Central,4,3
7317,2024-09-24,61.8,completed,Electronics,West,7,4
7318,2024-09-24,978.09,completed,Sports,North,9,3
7319,2024-09-24,2568.41,refunded,Electronics,Central,36,2
7320,2024-09-24,4146.58,completed,Home,Central,25,5
7321,2024-09-24,2516.48,completed,Electronics,West,36,2
7322,2024-09-24,1389.56,completed,Electronics,North,19,3
7323,2024-09-24,4646.38,pending,Home,West,18,2
7324,2024-09-24,1852.51,completed,Books,North,23,3
7325,2024-09-24,822.76,completed,Sports,West,19,1
7326,2024-09-24,4727.27,completed,Sports,South,1,1
7327,2024-09-24,1988.19,completed,Clothing,Central,15,1
7328,2024-09-24,2417.23,pending,Books,West,46,4
7329,2024-09-24,4150.82,completed,Food,Central,38,2
7330,2024-09-24,1445.83,pending,Home,East,26,3
7331,2024-09-24,2648.31,completed,Home,North,21,3
7332,2024-09-24,4332.77,completed,Electronics,North,22,5
7333,2024-09-24,1288.0,failed,Books,Central,35,4
7334,2024-09-24,4472.52,completed,Home,Central,43,2
7335,2024-09-24,965.49,completed,Food,South,24,1
7336,2024-09-24,4273.43,completed,Books,Central,4,1
7337,2024-09-24,1973.41,completed,Sports,South,33,1
7338,2024-09-24,2745.28,pending,Clothing,East,22,1
7339,2024-09-24,2761.51,completed,Clothing,East,43,4
7340,2024-09-24,1032.51,completed,Books,North,29,4
7341,2024-09-24,873.24,completed,Home,South,1,3
7342,2024-09-24,3559.97,refunded,Books,East,14,3
7343,2024-09-25,4128.84,failed,Sports,North,14,2
7344,2024-09-25,693.35,completed,Electronics,East,13,2
7345,2024-09-25,3760.19,pending,Electronics,East,23,1
7346,2024-09-25,1641.29,completed,Home,North,8,2
7347,2024-09-25,2976.2,refunded,Sports,East,39,3
7348,2024-09-25,2677.82,completed,Electronics,North,35,2
7349,2024-09-25,3719.47,completed,Food,West,18,5
7350,2024-09-25,2714.21,failed,Clothing,East,33,2
7351,2024-09-25,476.15,failed,Books,South,43,4
7352,2024-09-25,1403.21,completed,Books,Central,21,2
7353,2024-09-25,1995.63,completed,Electronics,Central,23,5
7354,2024-09-25,2864.39,pending,Sports,South,5,3
7355,2024-09-25,855.81,completed,Clothing,East,28,4
7356,2024-09-25,1693.78,pending,Books,South,10,5
7357,2024-09-25,325.44,failed,Sports,Central,2,5
7358,2024-09-25,1619.59,completed,Books,Central,20,3
7359,2024-09-25,2565.88,completed,Home,Central,35,5
7360,2024-09-25,4682.89,completed,Food,West,13,4
7361,2024-09-25,896.93,refunded,Clothing,Central,8,1
7362,2024-09-25,147.82,pending,Books,East,37,3
7363,2024-09-25,1892.2,completed,Sports,West,9,3
7364,2024-09-25,3041.87,failed,Food,South,4,2
7365,2024-09-25,3042.08,failed,Electronics,West,1,4
7366,2024-09-25,1734.32,failed,Clothing,Central,20,5
7367,2024-09-25,197.66,completed,Books,East,20,3
7368,2024-09-25,4595.37,pending,Food,West,44,1
7369,2024-09-25,2513.9,completed,Home,South,36,4
7370,2024-09-25,3884.87,completed,Home,North,17,5
7371,2024-09-26,1990.54,completed,Books,South,17,1
7372,2024-09-26,4158.84,completed,Food,North,38,5
7373,2024-09-26,3925.59,completed,Clothing,Central,8,4
7374,2024-09-26,485.5,completed,Sports,West,15,1
7375,2024-09-26,265.82,completed,Home,West,35,2
7376,2024-09-26,756.02,completed,Books,South,32,1
7377,2024-09-26,4115.98,failed,Electronics,West,46,3
7378,2024-09-26,1354.91,completed,Clothing,North,28,2
7379,2024-09-26,1984.97,completed,Books,Central,13,4
7380,2024-09-26,2896.12,pending,Electronics,West,26,4
7381,2024-09-26,3262.88,pending,Books,South,16,4
7382,2024-09-26,2137.53,completed,Electronics,Central,8,3
7383,2024-09-26,2251.33,pending,Food,East,27,4
7384,2024-09-26,1647.37,failed,Food,East,3,5
7385,2024-09-26,479.22,pending,Books,East,11,3
7386,2024-09-26,750.1,completed,Clothing,South,7,5
7387,2024-09-26,4450.6,pending,Books,East,41,3
7388,2024-09-26,4874.51,pending,Clothing,North,37,3
7389,2024-09-26,4129.02,completed,Food,North,45,3
7390,2024-09-26,1535.93,completed,Home,West,49,1
7391,2024-09-26,899.96,completed,Electronics,West,44,3
7392,2024-09-26,2550.86,completed,Food,North,13,5
7393,2024-09-26,482.11,completed,Home,South,5,4
7394,2024-09-26,4575.67,completed,Clothing,West,13,3
7395,2024-09-26,3842.34,completed,Food,North,45,3
7396,2024-09-26,4868.34,failed,Clothing,Central,19,3
7397,2024-09-26,4280.99,completed,Electronics,South,36,1
7398,2024-09-27,2049.97,completed,Food,South,18,4
7399,2024-09-27,1577.94,pending,Books,West,29,1
7400,2024-09-27,4172.72,completed,Clothing,West,32,4
7401,2024-09-27,2943.61,completed,Books,South,45,1
7402,2024-09-27,4394.67,failed,Electronics,North,22,3
7403,2024-09-27,1632.74,completed,Books,East,47,5
7404,2024-09-27,2736.86,completed,Home,South,31,1
7405,2024-09-27,2317.06,completed,Sports,South,21,1
7406,2024-09-27,924.38,completed,Books,East,5,4
7407,2024-09-27,2709.96,pending,Home,North,49,4
7408,2024-09-27,426.18,completed,Sports,West,37,3
7409,2024-09-27,1881.24,completed,Electronics,West,48,1
7410,2024-09-27,2671.81,completed,Sports,South,38,3
7411,2024-09-27,734.75,completed,Sports,East,17,4
7412,2024-09-27,3770.71,completed,Electronics,West,47,2
7413,2024-09-27,962.15,pending,Food,Central,9,1
7414,2024-09-27,3645.43,pending,Books,West,33,1
7415,2024-09-27,129.54,completed,Books,Central,21,5
7416,2024-09-27,3447.52,completed,Electronics,North,29,1
7417,2024-09-27,2008.08,completed,Clothing,South,1,4
7418,2024-09-27,3952.65,completed,Electronics,Central,29,3
7419,2024-09-27,2814.21,completed,Books,South,25,3
7420,2024-09-27,1906.41,failed,Electronics,West,5,4
7421,2024-09-27,3322.37,completed,Books,North,15,1
7422,2024-09-27,1945.65,pending,Home,Central,17,1
7423,2024-09-27,1787.44,completed,Sports,South,9,3
7424,2024-09-27,2133.88,pending,Books,West,44,3
7425,2024-09-28,3554.89,completed,Sports,West,38,3
7426,2024-09-28,3078.56,pending,Sports,West,44,4
7427,2024-09-28,4583.39,failed,Sports,South,6,5
7428,2024-09-28,11.86,failed,Books,North,47,3
7429,2024-09-28,813.16,failed,Home,Central,25,4
7430,2024-09-28,2475.16,completed,Electronics,East,33,4
7431,2024-09-28,3351.56,completed,Food,West,48,2
7432,2024-09-28,457.28,refunded,Books,South,11,5
7433,2024-09-28,1478.08,failed,Home,Central,43,5
7434,2024-09-28,4942.97,completed,Electronics,West,41,2
7435,2024-09-28,1644.95,completed,Clothing,West,16,2
7436,2024-09-28,1906.8,completed,Electronics,West,29,4
7437,2024-09-28,1201.54,completed,Clothing,North,34,4
7438,2024-09-28,97.02,completed,Food,East,5,2
7439,2024-09-28,1434.12,pending,Clothing,South,3,1
7440,2024-09-28,813.68,completed,Electronics,South,3,3
7441,2024-09-28,1911.31,completed,Books,East,38,4
7442,2024-09-28,1169.88,completed,Sports,North,31,5
7443,2024-09-28,2025.25,completed,Clothing,West,17,2
7444,2024-09-28,1354.58,pending,Books,South,33,5
7445,2024-09-28,4578.88,completed,Food,East,32,4
7446,2024-09-28,1464.02,refunded,Sports,West,16,3
7447,2024-09-28,951.17,completed,Food,North,25,4
7448,2024-09-28,3812.54,pending,Home,South,46,5
7449,2024-09-28,4060.61,completed,Sports,South,44,5
7450,2024-09-28,2819.4,completed,Food,North,9,3
7451,2024-09-28,1730.83,pending,Food,West,13,3
7452,2024-09-28,4172.75,completed,Books,North,8,4
7453,2024-09-29,3352.65,completed,Electronics,North,47,2
7454,2024-09-29,1911.37,pending,Food,Central,19,3
7455,2024-09-29,1964.4,completed,Clothing,West,26,3
7456,2024-09-29,22.21,completed,Electronics,South,25,3
7457,2024-09-29,298.26,completed,Clothing,West,3,2
7458,2024-09-29,682.74,pending,Home,Central,23,1
7459,2024-09-29,1243.92,completed,Sports,South,5,3
7460,2024-09-29,4631.09,completed,Books,North,34,5
7461,2024-09-29,4109.87,refunded,Books,East,18,4
7462,2024-09-29,213.47,pending,Books,East,10,2
7463,2024-09-29,84.45,completed,Sports,South,10,4
7464,2024-09-29,2934.16,completed,Clothing,East,26,1
7465,2024-09-29,1888.64,completed,Books,South,9,4
7466,2024-09-29,4010.86,completed,Sports,South,25,2
7467,2024-09-29,4864.68,completed,Electronics,South,3,3
7468,2024-09-29,2476.34,completed,Books,North,45,1
7469,2024-09-29,895.26,failed,Electronics,South,8,3
7470,2024-09-29,4464.94,pending,Electronics,Central,40,1
7471,2024-09-29,2116.8,completed,Books,Central,49,4
7472,2024-09-29,2091.52,completed,Clothing,Central,44,2
7473,2024-09-29,3522.56,completed,Books,South,42,5
7474,2024-09-29,1855.89,completed,Food,West,43,3
7475,2024-09-29,1181.88,completed,Books,North,26,1
7476,2024-09-29,3711.07,refunded,Food,North,5,5
7477,2024-09-29,937.34,pending,Books,West,37,3
7478,2024-09-29,205.97,failed,Electronics,South,25,2
7479,2024-09-29,2493.14,pending,Clothing,Central,12,4
7480,2024-09-30,179.34,completed,Clothing,South,43,5
7481,2024-09-30,3956.81,pending,Books,West,21,4
7482,2024-09-30,4887.25,completed,Electronics,Central,41,4
7483,2024-09-30,4743.71,completed,Home,East,16,5
7484,2024-09-30,753.07,completed,Clothing,West,45,3
7485,2024-09-30,4660.62,completed,Home,Central,46,3
7486,2024-09-30,568.06,completed,Books,East,3,1
7487,2024-09-30,1778.5,pending,Clothing,East,49,3
7488,2024-09-30,430.82,completed,Books,East,21,5
7489,2024-09-30,4115.15,refunded,Clothing,West,4,2
7490,2024-09-30,1126.48,completed,Food,West,6,4
7491,2024-09-30,3327.85,completed,Sports,South,18,5
7492,2024-09-30,3815.81,completed,Home,North,7,2
7493,2024-09-30,1910.0,completed,Food,East,39,1
7494,2024-09-30,3948.54,completed,Electronics,South,28,2
7495,2024-09-30,1634.68,completed,Food,East,13,1
7496,2024-09-30,749.66,pending,Books,North,49,4
7497,2024-09-30,2304.67,completed,Books,North,23,2
7498,2024-09-30,3554.5,failed,Books,Central,38,5
7499,2024-09-30,208.11,completed,Electronics,East,19,4
7500,2024-09-30,4033.16,completed,Books,East,27,4
7501,2024-09-30,1285.65,refunded,Food,West,26,2
7502,2024-09-30,3409.24,pending,Clothing,North,41,2
7503,2024-09-30,579.1,completed,Home,South,39,2
7504,2024-09-30,1953.38,completed,Books,Central,31,1
7505,2024-09-30,2330.59,completed,Food,South,8,2
7506,2024-09-30,2347.54,completed,Food,Central,5,3
7507,2024-09-30,1373.45,completed,Books,North,4,3
7508,2024-10-01,2650.72,failed,Electronics,East,31,3
7509,2024-10-01,1394.06,completed,Home,Central,43,5
7510,2024-10-01,841.0,completed,Clothing,Central,4,3
7511,2024-10-01,675.39,completed,Electronics,North,30,4
7512,2024-10-01,4474.61,refunded,Food,North,19,3
7513,2024-10-01,661.92,refunded,Home,South,45,2
7514,2024-10-01,1982.01,completed,Food,West,19,4
7515,2024-10-01,1266.99,completed,Books,North,36,5
7516,2024-10-01,3084.07,pending,Electronics,West,49,3
7517,2024-10-01,1735.33,completed,Food,East,18,3
7518,2024-10-01,1438.72,refunded,Clothing,East,7,2
7519,2024-10-01,4845.37,pending,Electronics,West,47,4
7520,2024-10-01,4983.76,pending,Books,South,42,1
7521,2024-10-01,671.77,completed,Books,South,11,4
7522,2024-10-01,3467.0,completed,Sports,South,15,3
7523,2024-10-01,4450.29,completed,Home,North,27,5
7524,2024-10-01,4854.48,failed,Sports,West,24,1
7525,2024-10-01,1497.52,completed,Home,West,25,3
7526,2024-10-01,3924.32,completed,Books,South,44,3
7527,2024-10-01,1645.4,pending,Home,Central,41,5
7528,2024-10-01,3111.76,completed,Electronics,North,21,2
7529,2024-10-01,2569.69,pending,Sports,Central,36,3
7530,2024-10-01,3540.39,completed,Clothing,Central,34,3
7531,2024-10-01,4564.39,completed,Home,North,25,3
7532,2024-10-01,572.75,completed,Sports,West,44,2
7533,2024-10-01,1121.96,completed,Clothing,North,36,3
7534,2024-10-01,2932.9,completed,Clothing,South,10,2
7535,2024-10-02,1792.5,completed,Electronics,West,18,1
7536,2024-10-02,2793.71,failed,Sports,North,17,1
7537,2024-10-02,3916.11,failed,Clothing,South,46,2
7538,2024-10-02,3500.44,completed,Books,South,30,3
7539,2024-10-02,3835.27,completed,Electronics,North,1,4
7540,2024-10-02,814.32,completed,Books,East,19,4
7541,2024-10-02,161.51,completed,Clothing,West,34,1
7542,2024-10-02,4359.92,refunded,Clothing,West,22,3
7543,2024-10-02,2263.09,completed,Food,West,33,2
7544,2024-10-02,3182.02,refunded,Electronics,East,36,5
7545,2024-10-02,373.98,completed,Food,South,5,1
7546,2024-10-02,3541.54,completed,Sports,Central,43,3
7547,2024-10-02,517.27,failed,Food,North,34,3
7548,2024-10-02,3938.83,completed,Clothing,South,19,1
7549,2024-10-02,312.98,pending,Food,South,23,1
7550,2024-10-02,425.17,completed,Clothing,Central,14,5
7551,2024-10-02,1723.07,completed,Home,North,30,2
7552,2024-10-02,1067.98,completed,Electronics,West,36,3
7553,2024-10-02,4922.4,completed,Food,South,27,4
7554,2024-10-02,2262.09,completed,Sports,West,30,2
7555,2024-10-02,2349.52,completed,Food,South,38,3
7556,2024-10-02,241.93,completed,Home,East,37,3
7557,2024-10-02,2462.04,completed,Home,North,39,4
7558,2024-10-02,329.12,pending,Food,Central,47,1
7559,2024-10-02,3144.29,completed,Sports,North,35,5
7560,2024-10-02,4907.98,completed,Food,North,12,5
7561,2024-10-02,1654.6,failed,Home,East,13,4
7562,2024-10-03,4042.13,completed,Books,East,38,5
7563,2024-10-03,4827.85,completed,Books,East,6,4
7564,2024-10-03,4840.15,failed,Food,South,14,5
7565,2024-10-03,3732.16,completed,Food,South,41,1
7566,2024-10-03,4351.21,refunded,Clothing,South,13,3
7567,2024-10-03,1763.77,completed,Clothing,East,37,5
7568,2024-10-03,2923.44,completed,Home,Central,36,2
7569,2024-10-03,3317.8,pending,Food,North,20,5
7570,2024-10-03,1094.69,completed,Home,East,15,1
7571,2024-10-03,1573.93,completed,Electronics,East,17,1
7572,2024-10-03,1813.53,completed,Books,North,1,4
7573,2024-10-03,337.87,pending,Sports,East,29,5
7574,2024-10-03,2288.18,pending,Electronics,Central,21,2
7575,2024-10-03,3918.91,completed,Electronics,North,8,5
7576,2024-10-03,3252.41,failed,Food,North,18,2
7577,2024-10-03,3129.42,completed,Clothing,Central,6,5
7578,2024-10-03,3033.53,pending,Clothing,West,2,1
7579,2024-10-03,122.42,completed,Books,East,33,4
7580,2024-10-03,26.45,refunded,Books,West,18,5
7581,2024-10-03,853.91,failed,Home,West,10,3
7582,2024-10-03,4567.35,failed,Food,Central,18,5
7583,2024-10-03,4287.03,failed,Sports,South,40,1
7584,2024-10-03,2888.2,pending,Food,West,27,4
7585,2024-10-03,1933.17,completed,Sports,North,36,1
7586,2024-10-03,4818.45,failed,Home,South,25,4
7587,2024-10-03,339.27,completed,Food,North,43,1
7588,2024-10-03,494.63,failed,Home,South,9,5
7589,2024-10-03,3108.86,completed,Books,West,49,3
7590,2024-10-04,2742.11,completed,Clothing,East,35,2
7591,2024-10-04,4906.68,completed,Home,North,16,5
7592,2024-10-04,4014.68,completed,Books,North,45,3
7593,2024-10-04,4691.71,pending,Books,Central,27,5
7594,2024-10-04,3611.28,pending,Home,East,39,3
7595,2024-10-04,4634.98,completed,Books,South,20,3
7596,2024-10-04,3437.15,completed,Home,North,8,1
7597,2024-10-04,2633.13,completed,Electronics,South,23,2
7598,2024-10-04,2904.37,completed,Sports,West,28,4
7599,2024-10-04,4507.03,completed,Food,North,5,2
7600,2024-10-04,532.28,completed,Electronics,East,10,1
7601,2024-10-04,2831.25,completed,Food,West,12,2
7602,2024-10-04,1967.39,pending,Sports,West,20,3
7603,2024-10-04,3318.14,refunded,Electronics,East,10,2
7604,2024-10-04,3022.91,pending,Food,East,43,4
7605,2024-10-04,2004.09,completed,Sports,West,34,5
7606,2024-10-04,3449.66,pending,Clothing,East,6,1
7607,2024-10-04,2684.58,completed,Home,West,16,1
7608,2024-10-04,945.49,completed,Home,West,47,1
7609,2024-10-04,3193.92,completed,Books,South,41,1
7610,2024-10-04,143.13,completed,Books,South,17,5
7611,2024-10-04,4116.7,pending,Clothing,South,14,4
7612,2024-10-04,4533.37,pending,Home,Central,31,4
7613,2024-10-04,398.91,completed,Food,North,36,5
7614,2024-10-04,1291.33,completed,Electronics,North,25,4
7615,2024-10-04,642.82,completed,Food,West,26,5
7616,2024-10-04,3861.42,refunded,Sports,South,28,1
7617,2024-10-05,364.54,completed,Books,West,30,5
7618,2024-10-05,2710.14,completed,Books,North,31,4
7619,2024-10-05,1947.18,refunded,Sports,Central,17,1
7620,2024-10-05,3756.83,completed,Clothing,East,5,1
7621,2024-10-05,3199.27,completed,Clothing,North,32,4
7622,2024-10-05,2725.5,refunded,Home,South,10,3
7623,2024-10-05,2522.45,completed,Food,North,31,2
7624,2024-10-05,3877.36,completed,Sports,North,37,1
7625,2024-10-05,2391.31,completed,Books,North,38,3
7626,2024-10-05,2104.84,completed,Books,West,37,2
7627,2024-10-05,136.33,failed,Books,East,25,2
7628,2024-10-05,1350.1,pending,Home,Central,28,5
7629,2024-10-05,1855.64,completed,Books,West,38,1
7630,2024-10-05,2898.0,completed,Sports,North,47,4
7631,2024-10-05,3369.28,completed,Clothing,Central,48,4
7632,2024-10-05,4813.85,failed,Food,South,3,1
7633,2024-10-05,1390.7,completed,Books,South,16,1
7634,2024-10-05,2726.63,completed,Electronics,South,45,4
7635,2024-10-05,3782.63,completed,Home,South,32,3
7636,2024-10-05,1559.51,pending,Books,West,22,2
7637,2024-10-05,2747.15,failed,Electronics,North,30,3
7638,2024-10-05,2098.53,completed,Food,South,45,2
7639,2024-10-05,1992.27,completed,Home,Central,38,5
7640,2024-10-05,322.78,pending,Books,West,23,1
7641,2024-10-05,130.94,completed,Clothing,South,36,1
7642,2024-10-05,1483.88,completed,Electronics,East,38,3
7643,2024-10-05,4562.32,completed,Food,West,35,1
7644,2024-10-05,971.93,completed,Sports,North,49,2
7645,2024-10-06,324.37,completed,Clothing,West,22,4
7646,2024-10-06,3104.85,pending,Sports,North,43,5
7647,2024-10-06,4793.13,completed,Books,South,9,1
7648,2024-10-06,295.27,completed,Sports,South,5,4
7649,2024-10-06,3729.83,completed,Home,North,9,2
7650,2024-10-06,551.41,pending,Sports,West,39,5
7651,2024-10-06,685.31,completed,Sports,South,10,4
7652,2024-10-06,4681.06,completed,Clothing,West,23,1
7653,2024-10-06,3509.04,completed,Sports,South,19,4
7654,2024-10-06,2800.91,completed,Books,West,15,1
7655,2024-10-06,831.61,completed,Clothing,Central,10,2
7656,2024-10-06,2799.68,completed,Sports,North,35,4
7657,2024-10-06,320.74,completed,Home,North,34,5
7658,2024-10-06,1978.21,pending,Books,South,22,4
7659,2024-10-06,3525.21,completed,Home,West,34,5
7660,2024-10-06,2845.95,pending,Books,West,29,4
7661,2024-10-06,3379.07,completed,Home,Central,7,1
7662,2024-10-06,588.05,completed,Food,West,39,3
7663,2024-10-06,3795.4,completed,Electronics,Central,18,1
7664,2024-10-06,4781.85,pending,Books,East,41,1
7665,2024-10-06,4538.55,pending,Food,North,2,5
7666,2024-10-06,448.79,completed,Electronics,East,23,4
7667,2024-10-06,501.99,completed,Books,West,47,1
7668,2024-10-06,2571.69,completed,Electronics,North,22,5
7669,2024-10-06,2625.06,completed,Books,South,41,5
7670,2024-10-06,4287.06,completed,Food,East,21,4
7671,2024-10-06,1850.7,failed,Clothing,East,35,3
7672,2024-10-07,2577.24,completed,Books,South,34,5
7673,2024-10-07,1026.45,completed,Food,East,13,5
7674,2024-10-07,4733.51,completed,Clothing,South,47,3
7675,2024-10-07,613.41,pending,Electronics,West,15,2
7676,2024-10-07,4521.33,completed,Sports,East,14,1
7677,2024-10-07,4454.51,completed,Electronics,Central,9,2
7678,2024-10-07,261.9,completed,Home,East,15,5
7679,2024-10-07,3879.33,completed,Home,West,49,4
7680,2024-10-07,1694.24,completed,Electronics,East,32,4
7681,2024-10-07,1131.28,completed,Food,West,31,1
7682,2024-10-07,2018.17,pending,Food,East,22,3
7683,2024-10-07,4620.42,completed,Books,West,12,2
7684,2024-10-07,2000.53,pending,Home,West,3,1
7685,2024-10-07,1221.1,completed,Electronics,South,37,4
7686,2024-10-07,2627.72,failed,Home,East,4,1
7687,2024-10-07,2054.01,completed,Books,West,9,5
7688,2024-10-07,104.87,pending,Food,West,30,1
7689,2024-10-07,939.62,completed,Clothing,West,24,4
7690,2024-10-07,95.98,completed,Sports,North,19,1
7691,2024-10-07,2615.75,completed,Electronics,Central,33,2
7692,2024-10-07,3210.22,completed,Clothing,West,31,5
7693,2024-10-07,3594.48,refunded,Home,North,15,5
7694,2024-10-07,1047.43,completed,Sports,North,37,3
7695,2024-10-07,4027.02,completed,Food,South,48,2
7696,2024-10-07,2061.07,completed,Home,West,17,2
7697,2024-10-07,255.41,completed,Food,West,40,3
7698,2024-10-07,4639.21,completed,Clothing,North,29,2
7699,2024-10-08,3470.29,completed,Electronics,South,26,5
7700,2024-10-08,2817.15,completed,Clothing,West,21,2
7701,2024-10-08,210.66,failed,Clothing,South,32,2
7702,2024-10-08,79.74,completed,Electronics,East,46,3
7703,2024-10-08,2828.53,pending,Home,West,9,2
7704,2024-10-08,4395.15,failed,Food,West,48,3
7705,2024-10-08,3240.83,completed,Home,Central,11,2
7706,2024-10-08,37.65,completed,Clothing,South,34,5
7707,2024-10-08,3193.72,pending,Home,East,30,3
7708,2024-10-08,1749.56,completed,Food,East,19,1
7709,2024-10-08,618.93,refunded,Clothing,East,36,1
7710,2024-10-08,4059.67,completed,Books,Central,47,5
7711,2024-10-08,2886.49,completed,Clothing,South,41,3
7712,2024-10-08,3623.9,pending,Home,South,17,2
7713,2024-10-08,833.68,completed,Clothing,North,20,2
7714,2024-10-08,589.47,completed,Home,North,26,5
7715,2024-10-08,2577.4,completed,Sports,North,11,2
7716,2024-10-08,2644.07,completed,Food,West,47,4
7717,2024-10-08,2914.45,completed,Food,East,1,2
7718,2024-10-08,3723.73,completed,Sports,West,30,5
7719,2024-10-08,3321.35,completed,Electronics,South,14,4
7720,2024-10-08,3384.52,completed,Books,North,20,5
7721,2024-10-08,883.24,completed,Sports,West,8,2
7722,2024-10-08,2096.36,pending,Sports,South,2,3
7723,2024-10-08,3003.89,pending,Home,West,29,2
7724,2024-10-08,2598.03,pending,Sports,East,39,3
7725,2024-10-08,1528.13,completed,Food,North,6,2
7726,2024-10-08,4721.91,completed,Sports,North,5,1
7727,2024-10-09,709.56,completed,Clothing,North,12,2
7728,2024-10-09,4873.42,failed,Electronics,South,5,2
7729,2024-10-09,3912.49,completed,Electronics,South,22,3
7730,2024-10-09,2984.93,completed,Sports,North,12,2
7731,2024-10-09,646.08,completed,Clothing,South,25,1
7732,2024-10-09,2823.9,refunded,Clothing,Central,31,2
7733,2024-10-09,448.82,completed,Clothing,West,16,4
7734,2024-10-09,4660.32,completed,Sports,Central,44,1
7735,2024-10-09,1435.17,completed,Food,East,25,2
7736,2024-10-09,2003.58,failed,Home,East,1,2
7737,2024-10-09,3187.5,completed,Sports,East,22,4
7738,2024-10-09,103.54,failed,Books,East,34,5
7739,2024-10-09,2714.28,refunded,Clothing,South,23,5
7740,2024-10-09,3577.04,pending,Home,Central,26,4
7741,2024-10-09,1044.25,completed,Clothing,North,37,1
7742,2024-10-09,778.51,refunded,Sports,West,31,5
7743,2024-10-09,2443.38,completed,Electronics,Central,7,5
7744,2024-10-09,2687.43,completed,Sports,North,34,1
7745,2024-10-09,2200.89,completed,Sports,Central,7,3
7746,2024-10-09,1485.08,pending,Electronics,South,33,5
7747,2024-10-09,2055.06,refunded,Sports,Central,34,4
7748,2024-10-09,1568.34,refunded,Electronics,West,41,2
7749,2024-10-09,1255.81,completed,Books,East,49,3
7750,2024-10-09,2365.85,completed,Home,Central,6,1
7751,2024-10-09,1984.27,failed,Food,North,48,3
7752,2024-10-09,2182.6,completed,Sports,South,11,1
7753,2024-10-09,11.15,completed,Clothing,East,1,4
7754,2024-10-10,3466.59,completed,Books,North,42,1
7755,2024-10-10,243.9,completed,Food,North,45,1
7756,2024-10-10,1041.44,completed,Electronics,West,4,2
7757,2024-10-10,4019.22,pending,Home,North,23,2
7758,2024-10-10,4920.92,refunded,Electronics,South,49,5
7759,2024-10-10,4957.47,failed,Electronics,Central,35,4
7760,2024-10-10,2965.23,completed,Sports,North,23,4
7761,2024-10-10,1304.48,completed,Sports,West,38,4
7762,2024-10-10,4175.82,completed,Clothing,West,18,3
7763,2024-10-10,3255.13,completed,Sports,North,15,1
7764,2024-10-10,4931.11,completed,Food,East,22,2
7765,2024-10-10,2750.02,failed,Sports,East,43,4
7766,2024-10-10,2635.6,completed,Sports,East,14,3
7767,2024-10-10,228.54,completed,Books,South,30,2
7768,2024-10-10,980.07,completed,Clothing,North,41,3
7769,2024-10-10,3337.94,completed,Food,East,2,1
7770,2024-10-10,4968.93,completed,Books,North,31,5
7771,2024-10-10,2383.37,pending,Clothing,East,44,2
7772,2024-10-10,155.18,completed,Electronics,East,15,2
7773,2024-10-10,2003.68,completed,Sports,West,8,2
7774,2024-10-10,640.3,pending,Food,West,39,1
7775,2024-10-10,4799.0,completed,Books,West,17,3
7776,2024-10-10,715.15,completed,Sports,Central,35,2
7777,2024-10-10,598.13,completed,Food,East,25,3
7778,2024-10-10,2294.24,completed,Clothing,East,29,4
7779,2024-10-10,2714.15,refunded,Electronics,East,19,1
7780,2024-10-10,3589.32,failed,Books,East,22,3
7781,2024-10-10,1846.23,completed,Books,East,3,1
7782,2024-10-11,4485.97,completed,Books,North,42,4
7783,2024-10-11,2997.03,completed,Electronics,North,17,3
7784,2024-10-11,245.9,completed,Sports,North,11,3
7785,2024-10-11,180.49,completed,Home,North,3,2
7786,2024-10-11,2349.17,completed,Food,West,45,3
7787,2024-10-11,2202.74,completed,Electronics,North,36,2
7788,2024-10-11,2267.34,completed,Home,South,30,2
7789,2024-10-11,295.38,completed,Books,North,27,5
7790,2024-10-11,275.83,failed,Food,North,47,5
7791,2024-10-11,313.23,pending,Clothing,West,36,2
7792,2024-10-11,3672.3,pending,Electronics,South,46,2
7793,2024-10-11,3011.27,completed,Clothing,Central,25,4
7794,2024-10-11,690.96,completed,Electronics,West,5,1
7795,2024-10-11,2160.64,completed,Clothing,South,13,2
7796,2024-10-11,4715.26,completed,Home,North,17,2
7797,2024-10-11,355.01,refunded,Sports,Central,45,1
7798,2024-10-11,953.87,completed,Electronics,North,33,1
7799,2024-10-11,1954.18,completed,Sports,West,9,3
7800,2024-10-11,1187.17,completed,Sports,East,7,3
7801,2024-10-11,801.07,completed,Clothing,Central,23,4
7802,2024-10-11,4866.94,failed,Home,East,27,3
7803,2024-10-11,3834.51,completed,Electronics,North,21,2
7804,2024-10-11,3648.58,pending,Home,North,17,3
7805,2024-10-11,4662.21,completed,Clothing,Central,31,5
7806,2024-10-11,943.35,completed,Food,West,49,2
7807,2024-10-11,4449.74,completed,Food,West,45,5
7808,2024-10-11,4913.54,completed,Clothing,West,10,1
7809,2024-10-12,2935.72,completed,Home,Central,38,4
7810,2024-10-12,4517.15,completed,Electronics,North,6,1
7811,2024-10-12,4082.45,completed,Books,North,4,5
7812,2024-10-12,1596.25,pending,Food,West,23,2
7813,2024-10-12,1668.39,completed,Home,North,14,2
7814,2024-10-12,3382.32,completed,Food,North,12,4
7815,2024-10-12,2765.16,completed,Home,West,31,3
7816,2024-10-12,1930.86,failed,Food,West,40,1
7817,2024-10-12,244.79,failed,Sports,Central,27,4
7818,2024-10-12,124.51,completed,Books,South,1,1
7819,2024-10-12,498.96,completed,Food,West,49,5
7820,2024-10-12,2026.67,completed,Sports,South,32,1
7821,2024-10-12,146.78,completed,Clothing,Central,22,5
7822,2024-10-12,749.38,pending,Electronics,West,20,3
7823,2024-10-12,4840.69,completed,Sports,West,39,1
7824,2024-10-12,2258.39,completed,Clothing,West,46,2
7825,2024-10-12,4666.92,pending,Sports,Central,4,2
7826,2024-10-12,957.9,completed,Sports,South,45,3
7827,2024-10-12,1799.06,completed,Sports,West,22,5
7828,2024-10-12,3359.34,pending,Home,Central,40,2
7829,2024-10-12,4949.46,completed,Sports,South,3,3
7830,2024-10-12,3502.21,completed,Home,South,22,4
7831,2024-10-12,4512.01,completed,Home,West,28,5
7832,2024-10-12,255.11,completed,Home,East,21,2
7833,2024-10-12,1526.08,completed,Electronics,West,3,1
7834,2024-10-12,4415.14,completed,Sports,South,2,2
7835,2024-10-12,2620.85,completed,Home,North,43,4
7836,2024-10-13,857.63,refunded,Home,North,46,4
7837,2024-10-13,857.31,pending,Clothing,North,35,4
7838,2024-10-13,3795.69,pending,Home,Central,48,5
7839,2024-10-13,798.21,completed,Home,West,45,3
7840,2024-10-13,2493.37,pending,Books,South,11,3
7841,2024-10-13,914.64,completed,Food,West,28,1
7842,2024-10-13,1049.34,refunded,Sports,East,24,1
7843,2024-10-13,1992.45,completed,Electronics,North,46,5
7844,2024-10-13,599.24,completed,Clothing,West,29,5
7845,2024-10-13,3300.06,completed,Books,North,7,4
7846,2024-10-13,838.95,pending,Home,North,27,3
7847,2024-10-13,3762.55,completed,Food,South,25,1
7848,2024-10-13,2611.33,pending,Sports,West,24,4
7849,2024-10-13,1739.01,pending,Books,South,18,1
7850,2024-10-13,3075.06,completed,Home,South,30,3
7851,2024-10-13,2044.03,completed,Home,East,20,2
7852,2024-10-13,421.66,failed,Clothing,Central,39,3
7853,2024-10-13,1552.44,completed,Food,South,17,1
7854,2024-10-13,2628.11,pending,Food,South,21,2
7855,2024-10-13,530.19,completed,Books,North,6,2
7856,2024-10-13,3664.43,completed,Electronics,Central,4,2
7857,2024-10-13,1788.71,failed,Clothing,Central,20,4
7858,2024-10-13,1031.89,completed,Home,South,14,2
7859,2024-10-13,50.18,completed,Sports,Central,36,2
7860,2024-10-13,433.8,completed,Sports,North,6,1
7861,2024-10-13,1194.03,completed,Books,North,12,2
7862,2024-10-13,1841.18,completed,Sports,East,30,4
7863,2024-10-13,775.01,completed,Food,East,2,4
7864,2024-10-14,2729.47,failed,Food,North,25,1
7865,2024-10-14,980.03,completed,Food,East,32,2
7866,2024-10-14,4773.77,completed,Electronics,North,8,4
7867,2024-10-14,2828.35,completed,Clothing,East,9,2
7868,2024-10-14,3985.14,completed,Home,East,17,4
7869,2024-10-14,2114.89,completed,Sports,South,3,5
7870,2024-10-14,1032.36,refunded,Food,South,45,4
7871,2024-10-14,2253.28,completed,Electronics,East,33,3
7872,2024-10-14,2067.47,pending,Clothing,East,43,5
7873,2024-10-14,3122.06,completed,Books,Central,18,4
7874,2024-10-14,4553.99,completed,Home,West,29,2
7875,2024-10-14,1193.75,completed,Food,West,22,5
7876,2024-10-14,491.77,refunded,Clothing,Central,1,3
7877,2024-10-14,3579.34,completed,Food,South,20,3
7878,2024-10-14,11.96,completed,Clothing,South,39,3
7879,2024-10-14,3975.07,completed,Food,East,6,5
7880,2024-10-14,3642.16,completed,Food,East,3,4
7881,2024-10-14,4130.76,completed,Clothing,West,2,5
7882,2024-10-14,462.21,refunded,Food,West,45,3
7883,2024-10-14,1026.51,failed,Books,West,24,2
7884,2024-10-14,2762.74,completed,Home,East,29,1
7885,2024-10-14,1643.22,pending,Sports,Central,32,4
7886,2024-10-14,4230.7,completed,Home,South,13,3
7887,2024-10-14,2297.1,failed,Books,North,28,3
7888,2024-10-14,2153.13,completed,Clothing,North,5,1
7889,2024-10-14,931.91,completed,Electronics,North,12,3
7890,2024-10-14,2814.51,completed,Clothing,North,37,3
7891,2024-10-15,1736.28,failed,Food,East,40,3
7892,2024-10-15,2258.15,completed,Food,North,7,1
7893,2024-10-15,1363.76,completed,Books,West,13,3
7894,2024-10-15,3048.16,completed,Food,West,23,3
7895,2024-10-15,4191.93,completed,Clothing,South,31,5
7896,2024-10-15,112.57,completed,Sports,East,2,2
7897,2024-10-15,1162.27,completed,Books,North,31,1
7898,2024-10-15,3389.97,pending,Electronics,South,45,3
7899,2024-10-15,3536.13,pending,Books,East,43,4
7900,2024-10-15,1478.44,completed,Electronics,Central,38,3
7901,2024-10-15,1438.05,completed,Sports,West,31,1
7902,2024-10-15,3736.59,refunded,Clothing,East,8,4
7903,2024-10-15,2796.21,completed,Books,Central,30,3
7904,2024-10-15,1950.85,completed,Electronics,Central,32,5
7905,2024-10-15,286.57,completed,Home,East,12,1
7906,2024-10-15,3268.56,completed,Electronics,South,24,2
7907,2024-10-15,1471.79,failed,Books,South,26,1
7908,2024-10-15,2889.69,completed,Books,West,5,5
7909,2024-10-15,3614.69,completed,Electronics,West,9,3
7910,2024-10-15,2321.73,completed,Home,South,23,2
7911,2024-10-15,1273.84,pending,Food,Central,43,1
7912,2024-10-15,1078.62,completed,Sports,Central,19,1
7913,2024-10-15,3527.55,failed,Food,East,42,1
7914,2024-10-15,4458.8,completed,Clothing,South,12,4
7915,2024-10-15,4900.07,completed,Clothing,South,10,3
7916,2024-10-15,4018.32,completed,Electronics,North,46,2
7917,2024-10-15,3017.5,completed,Food,South,23,4
7918,2024-10-15,4322.98,completed,Books,West,12,2
7919,2024-10-16,1954.4,failed,Books,North,36,2
7920,2024-10-16,4412.12,completed,Clothing,South,33,4
7921,2024-10-16,2156.89,failed,Food,Central,5,3
7922,2024-10-16,2980.74,completed,Books,Central,48,4
7923,2024-10-16,857.92,completed,Clothing,North,6,4
7924,2024-10-16,2491.02,completed,Sports,North,1,3
7925,2024-10-16,1714.05,completed,Clothing,South,42,2
7926,2024-10-16,1838.86,completed,Home,North,7,2
7927,2024-10-16,2994.94,refunded,Clothing,East,24,1
7928,2024-10-16,4410.59,completed,Clothing,North,35,4
7929,2024-10-16,4131.49,pending,Home,South,36,3
7930,2024-10-16,1751.33,completed,Electronics,South,27,4
7931,2024-10-16,3671.87,completed,Electronics,Central,9,4
7932,2024-10-16,2742.64,completed,Clothing,Central,40,4
7933,2024-10-16,1748.02,completed,Clothing,West,33,1
7934,2024-10-16,4541.21,completed,Books,Central,24,5
7935,2024-10-16,814.68,completed,Home,Central,31,1
7936,2024-10-16,4027.7,completed,Electronics,Central,45,5
7937,2024-10-16,1069.03,completed,Books,Central,34,2
7938,2024-10-16,4463.34,completed,Clothing,Central,11,1
7939,2024-10-16,3609.48,pending,Sports,South,42,5
7940,2024-10-16,2330.06,completed,Clothing,South,24,2
7941,2024-10-16,395.83,completed,Clothing,East,46,4
7942,2024-10-16,909.03,completed,Electronics,East,43,5
7943,2024-10-16,833.15,pending,Electronics,East,48,2
7944,2024-10-16,3810.16,completed,Home,South,7,1
7945,2024-10-16,3113.85,refunded,Food,East,47,2
7946,2024-10-17,1095.91,pending,Home,West,29,1
7947,2024-10-17,1844.69,completed,Home,West,41,3
7948,2024-10-17,1553.56,completed,Books,Central,20,2
7949,2024-10-17,3265.93,completed,Books,Central,34,3
7950,2024-10-17,1658.64,completed,Home,North,29,4
7951,2024-10-17,3845.33,completed,Sports,South,13,5
7952,2024-10-17,3477.89,completed,Clothing,East,8,3
7953,2024-10-17,1220.6,refunded,Home,Central,40,2
7954,2024-10-17,1625.9,completed,Home,East,29,2
7955,2024-10-17,2751.81,completed,Electronics,North,39,4
7956,2024-10-17,4540.22,completed,Sports,Central,29,1
7957,2024-10-17,566.3,completed,Electronics,East,10,5
7958,2024-10-17,1799.36,failed,Clothing,Central,29,3
7959,2024-10-17,2999.89,completed,Books,South,1,5
7960,2024-10-17,1629.48,pending,Sports,Central,9,2
7961,2024-10-17,1454.87,completed,Clothing,North,29,5
7962,2024-10-17,2165.41,failed,Books,West,20,4
7963,2024-10-17,971.14,completed,Electronics,Central,39,3
7964,2024-10-17,3021.16,failed,Food,Central,23,4
7965,2024-10-17,4392.81,completed,Clothing,East,34,4
7966,2024-10-17,4554.68,completed,Home,Central,33,1
7967,2024-10-17,2362.36,completed,Sports,Central,3,1
7968,2024-10-17,1474.29,completed,Food,North,47,2
7969,2024-10-17,1918.16,completed,Food,East,21,3
7970,2024-10-17,1149.49,completed,Home,Central,5,3
7971,2024-10-17,2996.75,completed,Home,Central,33,5
7972,2024-10-17,682.24,completed,Sports,East,47,4
7973,2024-10-18,1597.69,completed,Books,South,42,2
7974,2024-10-18,861.25,refunded,Food,South,43,2
7975,2024-10-18,1034.3,completed,Books,North,10,1
7976,2024-10-18,3360.56,pending,Sports,East,20,3
7977,2024-10-18,4963.77,completed,Electronics,North,26,5
7978,2024-10-18,3380.34,completed,Electronics,East,28,1
7979,2024-10-18,1228.1,completed,Food,North,5,1
7980,2024-10-18,2044.21,failed,Books,East,13,1
7981,2024-10-18,3143.44,completed,Clothing,North,10,3
7982,2024-10-18,4338.28,completed,Electronics,South,25,5
7983,2024-10-18,3574.12,pending,Books,South,13,4
7984,2024-10-18,735.42,completed,Clothing,West,40,3
7985,2024-10-18,3023.58,completed,Electronics,West,25,4
7986,2024-10-18,993.91,completed,Food,West,1,3
7987,2024-10-18,1877.89,completed,Home,East,40,5
7988,2024-10-18,4824.46,completed,Electronics,North,44,3
7989,2024-10-18,4461.49,completed,Food,Central,15,5
7990,2024-10-18,1291.3,refunded,Home,West,27,5
7991,2024-10-18,3645.42,pending,Electronics,West,11,3
7992,2024-10-18,1654.3,completed,Home,East,31,3
7993,2024-10-18,49.21,completed,Sports,East,26,4
7994,2024-10-18,4252.08,refunded,Electronics,Central,24,2
7995,2024-10-18,4114.24,completed,Food,South,9,4
7996,2024-10-18,1477.86,completed,Electronics,West,12,1
7997,2024-10-18,3862.74,completed,Food,Central,7,4
7998,2024-10-18,167.12,completed,Home,Central,19,5
7999,2024-10-18,2703.52,completed,Home,West,1,2
8000,2024-10-18,4908.1,completed,Electronics,West,25,5
8001,2024-10-19,3944.51,completed,Sports,North,18,5
8002,2024-10-19,2882.05,refunded,Home,East,21,5
8003,2024-10-19,1835.45,completed,Books,Central,39,1
8004,2024-10-19,3679.36,completed,Books,South,29,1
8005,2024-10-19,4877.29,failed,Books,South,47,3
8006,2024-10-19,968.68,failed,Books,West,2,4
8007,2024-10-19,257.17,completed,Clothing,Central,3,4
8008,2024-10-19,1892.56,completed,Electronics,East,35,3
8009,2024-10-19,2589.2,completed,Electronics,Central,41,1
8010,2024-10-19,1233.64,completed,Food,East,27,3
8011,2024-10-19,3086.64,failed,Sports,West,19,3
8012,2024-10-19,1536.28,completed,Home,Central,45,5
8013,2024-10-19,4909.78,completed,Clothing,Central,14,5
8014,2024-10-19,1334.08,completed,Clothing,Central,25,5
8015,2024-10-19,4016.87,pending,Electronics,Central,48,5
8016,2024-10-19,4823.54,refunded,Home,East,2,1
8017,2024-10-19,2502.73,completed,Electronics,North,40,5
8018,2024-10-19,1004.27,completed,Books,North,40,1
8019,2024-10-19,4453.0,completed,Electronics,Central,25,1
8020,2024-10-19,2017.68,completed,Home,Central,47,1
8021,2024-10-19,2725.18,completed,Home,South,9,1
8022,2024-10-19,254.71,completed,Sports,North,31,5
8023,2024-10-19,1747.04,completed,Clothing,East,43,2
8024,2024-10-19,2784.22,completed,Food,East,19,5
8025,2024-10-19,3468.0,pending,Home,East,13,4
8026,2024-10-19,4756.22,completed,Home,South,27,4
8027,2024-10-19,2921.65,completed,Electronics,North,28,1
8028,2024-10-20,1364.28,completed,Home,South,43,1
8029,2024-10-20,2790.27,completed,Food,East,17,1
8030,2024-10-20,363.9,completed,Home,West,5,3
8031,2024-10-20,749.01,completed,Food,South,41,5
8032,2024-10-20,1765.68,failed,Electronics,Central,3,3
8033,2024-10-20,121.06,completed,Food,Central,9,3
8034,2024-10-20,385.87,refunded,Sports,West,41,4
8035,2024-10-20,46.64,refunded,Sports,South,36,1
8036,2024-10-20,917.13,completed,Books,East,9,4
8037,2024-10-20,4129.45,failed,Home,Central,6,4
8038,2024-10-20,1763.5,pending,Sports,West,35,1
8039,2024-10-20,4513.24,completed,Books,East,31,2
8040,2024-10-20,4425.84,pending,Home,West,45,2
8041,2024-10-20,4318.65,completed,Clothing,Central,24,5
8042,2024-10-20,1067.22,completed,Electronics,East,12,2
8043,2024-10-20,1718.54,completed,Home,South,3,5
8044,2024-10-20,2346.97,pending,Sports,South,46,3
8045,2024-10-20,2163.65,failed,Sports,Central,5,1
8046,2024-10-20,408.7,completed,Food,East,40,1
8047,2024-10-20,1202.06,completed,Books,South,31,1
8048,2024-10-20,3104.88,completed,Books,West,34,3
8049,2024-10-20,3385.93,failed,Books,Central,31,5
8050,2024-10-20,1829.63,completed,Clothing,West,27,3
8051,2024-10-20,1492.01,completed,Food,Central,33,2
8052,2024-10-20,2934.47,pending,Clothing,Central,11,3
8053,2024-10-20,3320.7,completed,Food,West,47,2
8054,2024-10-20,3557.81,completed,Books,Central,29,5
8055,2024-10-21,4056.7,completed,Clothing,South,10,2
8056,2024-10-21,2923.54,pending,Food,Central,3,3
8057,2024-10-21,1900.58,completed,Food,South,37,2
8058,2024-10-21,1745.97,completed,Clothing,Central,21,4
8059,2024-10-21,181.36,completed,Sports,West,39,4
8060,2024-10-21,2087.63,completed,Electronics,West,32,5
8061,2024-10-21,4345.22,completed,Books,Central,47,5
8062,2024-10-21,3142.04,completed,Electronics,Central,44,1
8063,2024-10-21,2969.39,completed,Food,Central,37,4
8064,2024-10-21,1126.83,completed,Books,East,10,1
8065,2024-10-21,2984.43,completed,Food,East,35,4
8066,2024-10-21,910.25,completed,Food,North,3,1
8067,2024-10-21,1711.71,completed,Books,South,10,2
8068,2024-10-21,2926.6,failed,Electronics,Central,1,4
8069,2024-10-21,236.46,refunded,Home,East,44,2
8070,2024-10-21,1563.95,completed,Food,North,40,4
8071,2024-10-21,451.73,completed,Electronics,South,17,1
8072,2024-10-21,828.12,completed,Food,East,18,4
8073,2024-10-21,1767.21,completed,Food,South,16,5
8074,2024-10-21,3467.18,refunded,Clothing,Central,6,4
8075,2024-10-21,1344.45,completed,Books,Central,15,2
8076,2024-10-21,110.2,completed,Electronics,West,40,3
8077,2024-10-21,2001.26,completed,Food,Central,6,2
8078,2024-10-21,1112.88,completed,Electronics,South,5,2
8079,2024-10-21,3893.63,completed,Clothing,North,12,3
8080,2024-10-21,4111.61,pending,Books,South,28,1
8081,2024-10-21,3358.15,pending,Clothing,North,45,2
8082,2024-10-21,3068.83,completed,Sports,West,32,5
8083,2024-10-22,3655.82,completed,Books,South,16,4
8084,2024-10-22,1886.19,completed,Clothing,West,45,2
8085,2024-10-22,3259.23,completed,Clothing,Central,24,1
8086,2024-10-22,2104.44,completed,Clothing,West,22,2
8087,2024-10-22,2154.85,failed,Books,South,47,1
8088,2024-10-22,3945.77,pending,Home,West,34,4
8089,2024-10-22,3957.48,completed,Clothing,North,28,3
8090,2024-10-22,2008.24,refunded,Home,North,1,4
8091,2024-10-22,4686.38,completed,Books,West,12,5
8092,2024-10-22,2712.29,failed,Books,West,26,3
8093,2024-10-22,2440.99,pending,Clothing,West,30,4
8094,2024-10-22,2512.72,pending,Food,West,22,3
8095,2024-10-22,3899.03,completed,Sports,East,23,4
8096,2024-10-22,4838.04,completed,Home,East,15,5
8097,2024-10-22,3453.38,completed,Books,West,1,5
8098,2024-10-22,1713.04,pending,Electronics,Central,46,3
8099,2024-10-22,2588.84,failed,Books,East,6,3
8100,2024-10-22,1542.95,completed,Clothing,East,33,5
8101,2024-10-22,3271.85,pending,Sports,South,33,1
8102,2024-10-22,4996.1,completed,Books,North,28,5
8103,2024-10-22,4326.04,pending,Electronics,West,34,4
8104,2024-10-22,2369.0,completed,Clothing,North,7,1
8105,2024-10-22,1717.5,completed,Home,North,18,3
8106,2024-10-22,2269.15,completed,Home,East,34,4
8107,2024-10-22,1588.04,failed,Food,West,29,3
8108,2024-10-22,4958.26,completed,Books,West,23,5
8109,2024-10-22,1017.52,completed,Food,Central,12,3
8110,2024-10-23,4050.7,completed,Home,Central,35,3
8111,2024-10-23,2077.59,completed,Home,South,1,2
8112,2024-10-23,3261.89,completed,Clothing,East,37,2
8113,2024-10-23,4614.92,completed,Clothing,South,40,3
8114,2024-10-23,2964.51,failed,Electronics,East,41,2
8115,2024-10-23,3087.98,completed,Sports,West,27,1
8116,2024-10-23,189.68,completed,Home,Central,22,4
8117,2024-10-23,652.84,completed,Books,South,9,2
8118,2024-10-23,2707.17,completed,Food,West,43,4
8119,2024-10-23,1859.51,completed,Food,North,36,5
8120,2024-10-23,3049.6,completed,Sports,Central,18,3
8121,2024-10-23,1927.39,completed,Electronics,North,18,1
8122,2024-10-23,883.06,completed,Clothing,West,33,3
8123,2024-10-23,3985.82,completed,Books,North,11,1
8124,2024-10-23,4227.26,completed,Electronics,Central,18,3
8125,2024-10-23,4840.48,completed,Food,Central,30,5
8126,2024-10-23,1011.61,completed,Books,West,44,2
8127,2024-10-23,1564.22,pending,Food,East,44,2
8128,2024-10-23,1411.17,completed,Clothing,North,21,1
8129,2024-10-23,4651.25,completed,Sports,Central,27,2
8130,2024-10-23,2991.06,completed,Home,South,11,1
8131,2024-10-23,4612.94,completed,Clothing,North,9,3
8132,2024-10-23,4452.76,completed,Clothing,East,49,3
8133,2024-10-23,1233.96,completed,Clothing,North,2,4
8134,2024-10-23,2144.85,failed,Clothing,Central,15,4
8135,2024-10-23,2073.98,completed,Home,East,31,1
8136,2024-10-23,2439.64,completed,Sports,South,45,5
8137,2024-10-23,4988.52,failed,Sports,South,37,2
8138,2024-10-24,877.13,completed,Food,East,42,5
8139,2024-10-24,3864.46,failed,Electronics,North,2,5
8140,2024-10-24,1145.84,completed,Electronics,South,27,2
8141,2024-10-24,3699.55,failed,Home,South,19,4
8142,2024-10-24,1021.53,pending,Clothing,South,14,3
8143,2024-10-24,2640.15,completed,Electronics,North,28,4
8144,2024-10-24,3342.2,pending,Books,South,4,3
8145,2024-10-24,2165.08,completed,Clothing,South,15,1
8146,2024-10-24,4831.15,pending,Electronics,Central,13,2
8147,2024-10-24,3530.69,completed,Food,Central,17,2
8148,2024-10-24,795.07,completed,Sports,Central,44,2
8149,2024-10-24,1866.99,completed,Food,North,31,4
8150,2024-10-24,1576.78,completed,Home,West,14,5
8151,2024-10-24,1484.55,completed,Food,North,43,1
8152,2024-10-24,1066.64,completed,Electronics,North,12,1
8153,2024-10-24,936.74,completed,Home,North,47,2
8154,2024-10-24,4352.1,completed,Clothing,Central,3,1
8155,2024-10-24,4946.78,failed,Food,South,45,5
8156,2024-10-24,808.55,pending,Food,North,26,2
8157,2024-10-24,3958.37,completed,Food,North,12,4
8158,2024-10-24,1145.46,pending,Books,North,27,3
8159,2024-10-24,2613.13,completed,Books,North,39,2
8160,2024-10-24,993.71,pending,Books,North,34,1
8161,2024-10-24,1362.84,completed,Clothing,East,49,3
8162,2024-10-24,2059.36,completed,Home,South,43,2
8163,2024-10-24,3528.17,completed,Food,Central,14,2
8164,2024-10-24,2375.42,refunded,Home,North,6,5
8165,2024-10-25,4052.17,completed,Electronics,North,35,1
8166,2024-10-25,492.0,completed,Clothing,North,19,2
8167,2024-10-25,2863.53,pending,Sports,South,28,1
8168,2024-10-25,542.46,completed,Clothing,South,31,3
8169,2024-10-25,597.83,completed,Books,Central,5,3
8170,2024-10-25,1551.43,completed,Clothing,Central,10,5
8171,2024-10-25,533.83,completed,Sports,North,42,1
8172,2024-10-25,3879.54,pending,Books,Central,14,4
8173,2024-10-25,2541.89,refunded,Food,Central,19,5
8174,2024-10-25,3226.33,completed,Clothing,Central,39,4
8175,2024-10-25,290.75,pending,Home,Central,12,5
8176,2024-10-25,1131.78,completed,Sports,West,2,5
8177,2024-10-25,2621.23,completed,Food,South,25,1
8178,2024-10-25,419.23,completed,Food,West,44,1
8179,2024-10-25,811.32,completed,Sports,South,27,1
8180,2024-10-25,119.19,completed,Electronics,East,39,5
8181,2024-10-25,4558.33,refunded,Sports,North,28,1
8182,2024-10-25,2161.88,completed,Sports,Central,16,1
8183,2024-10-25,234.65,failed,Sports,North,43,3
8184,2024-10-25,2307.85,completed,Food,South,17,1
8185,2024-10-25,4438.86,completed,Food,North,13,4
8186,2024-10-25,957.85,completed,Home,West,12,3
8187,2024-10-25,1196.95,completed,Sports,West,13,5
8188,2024-10-25,4911.34,pending,Sports,North,1,5
8189,2024-10-25,4271.01,pending,Food,East,43,3
8190,2024-10-25,2747.15,completed,Books,North,35,2
8191,2024-10-25,938.2,completed,Food,West,4,1
8192,2024-10-26,1105.43,completed,Electronics,East,39,1
8193,2024-10-26,4308.68,completed,Sports,North,39,1
8194,2024-10-26,3380.92,failed,Books,Central,9,1
8195,2024-10-26,1761.21,completed,Books,North,14,3
8196,2024-10-26,139.58,completed,Books,Central,20,2
8197,2024-10-26,688.75,pending,Sports,West,31,1
8198,2024-10-26,3648.85,completed,Home,North,23,5
8199,2024-10-26,3247.25,completed,Sports,South,13,5
8200,2024-10-26,1800.32,completed,Sports,South,5,4
8201,2024-10-26,2963.87,completed,Sports,Central,47,5
8202,2024-10-26,3778.04,completed,Home,Central,15,3
8203,2024-10-26,3222.7,failed,Electronics,South,39,3
8204,2024-10-26,1205.16,completed,Sports,East,15,2
8205,2024-10-26,4758.01,pending,Electronics,South,48,4
8206,2024-10-26,127.91,completed,Food,North,42,5
8207,2024-10-26,2785.82,pending,Electronics,South,11,5
8208,2024-10-26,1124.32,pending,Food,East,6,1
8209,2024-10-26,3540.53,completed,Food,North,37,1
8210,2024-10-26,2813.41,completed,Food,West,12,1
8211,2024-10-26,986.56,completed,Home,West,30,1
8212,2024-10-26,2534.38,completed,Clothing,West,23,2
8213,2024-10-26,2603.5,failed,Electronics,West,25,3
8214,2024-10-26,2107.3,completed,Electronics,Central,7,3
8215,2024-10-26,220.44,failed,Sports,North,5,4
8216,2024-10-26,1041.82,completed,Clothing,North,10,5
8217,2024-10-26,4844.39,pending,Food,East,29,1
8218,2024-10-26,950.57,completed,Sports,South,47,4
8219,2024-10-26,2299.23,completed,Home,West,13,4
8220,2024-10-27,1477.26,completed,Electronics,South,43,2
8221,2024-10-27,3786.67,pending,Sports,East,29,4
8222,2024-10-27,2894.66,completed,Food,South,7,4
8223,2024-10-27,3579.89,completed,Books,Central,31,2
8224,2024-10-27,3188.51,pending,Clothing,East,14,4
8225,2024-10-27,2523.46,failed,Electronics,West,25,3
8226,2024-10-27,4803.51,completed,Sports,East,43,1
8227,2024-10-27,3518.88,completed,Books,West,42,5
8228,2024-10-27,3447.24,refunded,Food,South,18,2
8229,2024-10-27,3455.5,completed,Food,Central,14,3
8230,2024-10-27,2339.3,pending,Books,East,22,2
8231,2024-10-27,3217.01,completed,Food,South,30,3
8232,2024-10-27,3026.47,completed,Home,South,9,5
8233,2024-10-27,4442.57,pending,Clothing,West,44,2
8234,2024-10-27,4894.46,pending,Books,Central,27,5
8235,2024-10-27,2420.36,completed,Books,East,12,3
8236,2024-10-27,3008.11,completed,Clothing,East,8,5
8237,2024-10-27,1458.42,pending,Clothing,Central,31,1
8238,2024-10-27,4228.71,completed,Books,East,26,3
8239,2024-10-27,3556.29,completed,Food,Central,12,4
8240,2024-10-27,4620.69,completed,Home,South,46,2
8241,2024-10-27,3028.98,completed,Clothing,North,30,4
8242,2024-10-27,3546.17,completed,Books,South,24,3
8243,2024-10-27,484.78,pending,Food,North,15,3
8244,2024-10-27,3037.58,failed,Food,West,41,5
8245,2024-10-27,1890.16,completed,Books,North,43,1
8246,2024-10-27,2545.38,completed,Sports,East,29,4
8247,2024-10-28,1639.6,completed,Clothing,West,47,1
8248,2024-10-28,1443.37,completed,Books,South,18,5
8249,2024-10-28,4105.39,refunded,Home,Central,3,3
8250,2024-10-28,2792.53,completed,Home,North,47,1
8251,2024-10-28,1273.53,completed,Books,West,35,2
8252,2024-10-28,3835.9,completed,Electronics,Central,49,3
8253,2024-10-28,383.26,pending,Home,South,37,4
8254,2024-10-28,1472.82,pending,Home,South,16,5
8255,2024-10-28,1688.16,completed,Home,West,34,5
8256,2024-10-28,896.16,pending,Sports,North,49,3
8257,2024-10-28,4215.02,completed,Electronics,West,22,1
8258,2024-10-28,3372.75,failed,Books,West,49,2
8259,2024-10-28,3354.82,pending,Clothing,Central,18,4
8260,2024-10-28,2967.61,pending,Sports,Central,16,2
8261,2024-10-28,1897.68,completed,Electronics,South,19,3
8262,2024-10-28,3298.47,refunded,Electronics,West,23,1
8263,2024-10-28,3684.06,pending,Sports,West,46,4
8264,2024-10-28,2697.02,pending,Clothing,South,3,5
8265,2024-10-28,2358.91,pending,Electronics,Central,8,5
8266,2024-10-28,1125.39,failed,Electronics,West,1,4
8267,2024-10-28,429.15,completed,Clothing,East,28,1
8268,2024-10-28,216.1,completed,Food,South,8,5
8269,2024-10-28,3574.08,completed,Sports,North,48,3
8270,2024-10-28,1749.75,completed,Books,East,14,1
8271,2024-10-28,3544.96,completed,Food,North,19,1
8272,2024-10-28,2544.45,completed,Home,North,44,2
8273,2024-10-28,2239.96,completed,Sports,West,33,1
8274,2024-10-28,3148.35,pending,Food,South,17,3
8275,2024-10-29,924.47,failed,Home,East,46,4
8276,2024-10-29,4898.53,failed,Sports,East,36,1
8277,2024-10-29,1657.83,completed,Food,East,2,4
8278,2024-10-29,3848.23,pending,Food,North,47,4
8279,2024-10-29,1246.86,failed,Electronics,East,2,4
8280,2024-10-29,2344.98,pending,Sports,West,26,2
8281,2024-10-29,2501.55,completed,Books,Central,6,1
8282,2024-10-29,1540.23,refunded,Electronics,East,42,1
8283,2024-10-29,1749.63,completed,Electronics,East,41,2
8284,2024-10-29,2182.09,completed,Electronics,East,21,2
8285,2024-10-29,4182.6,completed,Electronics,West,17,3
8286,2024-10-29,2505.25,pending,Clothing,East,13,5
8287,2024-10-29,451.99,failed,Sports,West,46,4
8288,2024-10-29,1091.22,pending,Home,West,38,4
8289,2024-10-29,4930.26,completed,Food,West,6,5
8290,2024-10-29,458.46,completed,Books,West,32,4
8291,2024-10-29,3242.17,refunded,Books,Central,46,1
8292,2024-10-29,1063.67,failed,Books,West,33,4
8293,2024-10-29,2165.33,failed,Sports,Central,17,4
8294,2024-10-29,1791.53,pending,Electronics,South,17,5
8295,2024-10-29,4886.12,completed,Books,West,43,4
8296,2024-10-29,2760.85,completed,Food,West,25,3
8297,2024-10-29,1257.07,completed,Sports,South,14,1
8298,2024-10-29,3021.84,completed,Home,East,20,3
8299,2024-10-29,366.27,completed,Food,East,14,2
8300,2024-10-29,4633.97,completed,Books,North,45,1
8301,2024-10-29,1727.77,completed,Clothing,South,4,4
8302,2024-10-30,4418.02,pending,Electronics,North,46,4
8303,2024-10-30,4047.93,completed,Electronics,Central,27,1
8304,2024-10-30,942.08,failed,Home,East,6,2
8305,2024-10-30,4811.87,completed,Clothing,East,29,5
8306,2024-10-30,4958.47,failed,Electronics,East,35,1
8307,2024-10-30,4028.4,completed,Clothing,South,42,4
8308,2024-10-30,2262.95,completed,Books,West,13,5
8309,2024-10-30,3366.0,pending,Food,East,29,5
8310,2024-10-30,412.45,completed,Electronics,West,36,4
8311,2024-10-30,4606.38,completed,Food,East,39,5
8312,2024-10-30,1116.57,pending,Home,East,13,3
8313,2024-10-30,3586.37,completed,Food,South,5,5
8314,2024-10-30,4009.64,completed,Home,East,22,4
8315,2024-10-30,4848.18,completed,Food,South,14,2
8316,2024-10-30,4120.8,completed,Clothing,South,21,2
8317,2024-10-30,4092.03,completed,Books,South,41,4
8318,2024-10-30,3529.86,refunded,Home,Central,41,5
8319,2024-10-30,2887.47,completed,Sports,South,11,2
8320,2024-10-30,219.0,completed,Home,West,18,3
8321,2024-10-30,4863.79,completed,Electronics,South,12,2
8322,2024-10-30,2250.36,completed,Sports,South,45,3
8323,2024-10-30,3985.97,refunded,Electronics,South,45,1
8324,2024-10-30,1892.65,pending,Sports,West,6,2
8325,2024-10-30,2285.74,pending,Clothing,South,29,1
8326,2024-10-30,2317.13,completed,Sports,East,12,5
8327,2024-10-30,4950.14,completed,Food,East,46,3
8328,2024-10-30,1064.63,completed,Electronics,East,12,3
8329,2024-10-31,2513.81,completed,Sports,North,15,2
8330,2024-10-31,781.91,completed,Food,Central,13,1
8331,2024-10-31,2475.67,completed,Electronics,South,23,3
8332,2024-10-31,2734.37,pending,Clothing,West,30,5
8333,2024-10-31,691.89,pending,Clothing,South,23,3
8334,2024-10-31,3494.29,completed,Clothing,Central,20,3
8335,2024-10-31,4141.66,completed,Food,Central,44,3
8336,2024-10-31,4081.98,pending,Food,East,23,3
8337,2024-10-31,3648.82,completed,Clothing,Central,40,4
8338,2024-10-31,713.01,completed,Clothing,West,49,2
8339,2024-10-31,3111.12,failed,Sports,Central,45,1
8340,2024-10-31,3494.8,pending,Books,East,41,1
8341,2024-10-31,3799.18,failed,Clothing,West,7,1
8342,2024-10-31,3549.91,failed,Food,East,22,1
8343,2024-10-31,3147.72,pending,Home,West,18,5
8344,2024-10-31,3641.44,completed,Electronics,East,37,2
8345,2024-10-31,4263.09,completed,Home,East,6,4
8346,2024-10-31,2850.9,completed,Electronics,West,7,5
8347,2024-10-31,735.03,completed,Clothing,Central,29,5
8348,2024-10-31,4081.63,pending,Books,North,16,5
8349,2024-10-31,3308.47,completed,Clothing,Central,40,3
8350,2024-10-31,3436.19,completed,Home,West,46,1
8351,2024-10-31,1478.09,completed,Sports,North,1,5
8352,2024-10-31,756.8,pending,Books,East,48,4
8353,2024-10-31,3905.8,completed,Food,Central,30,3
8354,2024-10-31,256.61,completed,Home,West,43,5
8355,2024-10-31,2017.71,completed,Food,East,39,3
8356,2024-10-31,2549.22,completed,Home,North,32,2
8357,2024-11-01,96.98,completed,Home,East,30,2
8358,2024-11-01,2989.06,completed,Sports,South,40,5
8359,2024-11-01,606.94,pending,Sports,Central,4,3
8360,2024-11-01,1214.83,completed,Books,East,7,3
8361,2024-11-01,4967.91,completed,Home,South,16,4
8362,2024-11-01,2805.76,completed,Books,East,20,2
8363,2024-11-01,4841.68,pending,Home,West,33,1
8364,2024-11-01,2468.25,completed,Clothing,North,30,5
8365,2024-11-01,4019.09,completed,Food,East,44,4
8366,2024-11-01,199.57,completed,Electronics,North,30,1
8367,2024-11-01,1463.39,pending,Electronics,North,21,1
8368,2024-11-01,1423.29,completed,Clothing,East,14,3
8369,2024-11-01,358.3,completed,Home,East,43,2
8370,2024-11-01,4760.99,completed,Clothing,East,31,2
8371,2024-11-01,2528.35,completed,Sports,Central,25,5
8372,2024-11-01,2968.93,completed,Clothing,South,14,3
8373,2024-11-01,2607.1,completed,Sports,West,27,1
8374,2024-11-01,1250.33,completed,Clothing,Central,37,3
8375,2024-11-01,4622.27,refunded,Food,West,6,2
8376,2024-11-01,3348.28,pending,Sports,South,24,4
8377,2024-11-01,626.77,refunded,Home,North,41,1
8378,2024-11-01,2314.33,completed,Food,West,27,1
8379,2024-11-01,17.35,completed,Books,South,3,1
8380,2024-11-01,3376.97,pending,Books,North,47,5
8381,2024-11-01,2622.68,completed,Food,Central,13,5
8382,2024-11-01,4521.94,completed,Food,North,48,5
8383,2024-11-01,4737.21,completed,Home,South,10,2
8384,2024-11-02,499.9,refunded,Food,West,40,5
8385,2024-11-02,456.59,pending,Sports,Central,16,1
8386,2024-11-02,4496.46,completed,Food,Central,22,3
8387,2024-11-02,2565.39,pending,Books,West,18,2
8388,2024-11-02,2353.69,pending,Books,South,23,4
8389,2024-11-02,2858.24,completed,Clothing,South,39,2
8390,2024-11-02,2337.34,completed,Clothing,East,26,5
8391,2024-11-02,3075.2,pending,Sports,West,4,3
8392,2024-11-02,4745.86,completed,Home,West,38,1
8393,2024-11-02,3033.85,completed,Sports,Central,6,3
8394,2024-11-02,1610.47,completed,Books,West,36,4
8395,2024-11-02,1074.79,completed,Home,North,41,3
8396,2024-11-02,4830.92,pending,Sports,West,14,3
8397,2024-11-02,2901.2,completed,Home,Central,15,3
8398,2024-11-02,2837.67,pending,Food,Central,23,4
8399,2024-11-02,176.32,completed,Sports,South,36,4
8400,2024-11-02,4592.75,completed,Home,North,34,1
8401,2024-11-02,2353.32,completed,Sports,South,31,5
8402,2024-11-02,4998.75,completed,Food,West,4,2
8403,2024-11-02,847.65,completed,Sports,North,45,1
8404,2024-11-02,1637.76,completed,Home,Central,6,5
8405,2024-11-02,1058.28,completed,Books,Central,32,1
8406,2024-11-02,1900.87,completed,Clothing,South,41,1
8407,2024-11-02,4883.41,completed,Clothing,East,36,4
8408,2024-11-02,2079.74,pending,Home,West,46,5
8409,2024-11-02,4137.23,completed,Clothing,West,6,2
8410,2024-11-02,3778.79,completed,Home,West,9,4
8411,2024-11-02,1496.77,failed,Books,North,10,4
8412,2024-11-03,2903.72,completed,Clothing,South,45,2
8413,2024-11-03,4260.02,completed,Clothing,North,48,5
8414,2024-11-03,3060.53,completed,Electronics,East,42,4
8415,2024-11-03,1332.0,completed,Books,West,33,4
8416,2024-11-03,4317.22,completed,Sports,Central,8,5
8417,2024-11-03,2785.26,completed,Sports,Central,21,1
8418,2024-11-03,4900.24,completed,Books,East,8,2
8419,2024-11-03,3281.57,completed,Books,East,5,1
8420,2024-11-03,2249.78,completed,Clothing,South,25,4
8421,2024-11-03,2185.17,completed,Sports,Central,38,4
8422,2024-11-03,4401.73,completed,Books,Central,39,5
8423,2024-11-03,4903.16,completed,Home,East,31,3
8424,2024-11-03,2057.66,pending,Home,South,25,2
8425,2024-11-03,823.46,pending,Home,Central,48,4
8426,2024-11-03,208.49,refunded,Home,North,41,5
8427,2024-11-03,1618.64,completed,Sports,East,38,1
8428,2024-11-03,1716.47,completed,Clothing,North,7,1
8429,2024-11-03,2135.06,completed,Clothing,East,4,1
8430,2024-11-03,733.68,completed,Sports,Central,13,4
8431,2024-11-03,2468.38,pending,Clothing,North,44,2
8432,2024-11-03,4717.39,completed,Books,South,36,1
8433,2024-11-03,1170.15,completed,Sports,North,13,5
8434,2024-11-03,3426.94,completed,Clothing,Central,25,3
8435,2024-11-03,199.53,completed,Electronics,North,1,2
8436,2024-11-03,3222.61,pending,Electronics,Central,21,1
8437,2024-11-03,4688.22,completed,Sports,South,27,3
8438,2024-11-03,1418.9,completed,Electronics,North,41,5
8439,2024-11-04,4083.01,completed,Sports,East,34,2
8440,2024-11-04,421.42,completed,Electronics,West,7,5
8441,2024-11-04,1797.6,completed,Sports,South,3,2
8442,2024-11-04,43.44,completed,Books,East,21,5
8443,2024-11-04,1782.0,completed,Clothing,South,47,4
8444,2024-11-04,1556.1,refunded,Clothing,West,45,5
8445,2024-11-04,3466.85,refunded,Books,North,1,3
8446,2024-11-04,1479.61,completed,Books,East,45,4
8447,2024-11-04,4117.24,completed,Home,Central,2,1
8448,2024-11-04,1464.37,completed,Sports,North,18,2
8449,2024-11-04,1124.36,pending,Books,South,1,5
8450,2024-11-04,2477.69,completed,Electronics,North,21,5
8451,2024-11-04,3285.73,pending,Home,East,36,4
8452,2024-11-04,4444.75,completed,Food,North,4,2
8453,2024-11-04,4069.41,failed,Home,North,49,3
8454,2024-11-04,2627.27,completed,Clothing,South,11,5
8455,2024-11-04,4891.67,completed,Food,West,41,4
8456,2024-11-04,1489.62,completed,Books,West,1,4
8457,2024-11-04,4997.32,completed,Sports,East,10,3
8458,2024-11-04,1932.07,completed,Electronics,South,27,4
8459,2024-11-04,1319.42,failed,Sports,Central,4,4
8460,2024-11-04,1920.16,completed,Books,South,49,4
8461,2024-11-04,2933.23,completed,Sports,East,40,5
8462,2024-11-04,2374.94,completed,Books,East,8,1
8463,2024-11-04,260.44,completed,Books,Central,16,1
8464,2024-11-04,1786.47,completed,Books,West,47,3
8465,2024-11-04,2464.18,refunded,Books,East,37,4
8466,2024-11-05,3319.83,completed,Electronics,Central,20,1
8467,2024-11-05,4765.72,completed,Food,West,15,2
8468,2024-11-05,4779.96,completed,Home,South,3,5
8469,2024-11-05,2575.03,completed,Clothing,North,48,5
8470,2024-11-05,2849.76,pending,Food,West,8,2
8471,2024-11-05,3493.19,completed,Clothing,West,4,1
8472,2024-11-05,4178.28,failed,Food,South,23,5
8473,2024-11-05,3728.68,completed,Sports,West,24,4
8474,2024-11-05,3605.35,completed,Sports,West,11,4
8475,2024-11-05,2241.9,completed,Electronics,West,12,1
8476,2024-11-05,4346.06,completed,Home,Central,33,4
8477,2024-11-05,3316.11,pending,Books,East,26,2
8478,2024-11-05,804.4,completed,Sports,South,12,3
8479,2024-11-05,2995.9,pending,Sports,East,20,4
8480,2024-11-05,1559.69,completed,Sports,East,38,3
8481,2024-11-05,1023.3,completed,Home,North,49,4
8482,2024-11-05,3247.76,completed,Sports,South,11,4
8483,2024-11-05,3214.83,completed,Home,South,10,2
8484,2024-11-05,4774.04,completed,Sports,East,29,2
8485,2024-11-05,4881.34,failed,Home,East,19,5
8486,2024-11-05,2049.85,completed,Books,East,26,4
8487,2024-11-05,900.81,completed,Clothing,North,25,3
8488,2024-11-05,710.89,completed,Books,Central,40,1
8489,2024-11-05,4871.55,pending,Electronics,Central,3,1
8490,2024-11-05,1985.48,completed,Food,West,30,5
8491,2024-11-05,1720.49,pending,Sports,West,49,5
8492,2024-11-05,3109.52,completed,Sports,East,26,4
8493,2024-11-05,296.0,completed,Food,North,9,3
8494,2024-11-06,3237.32,refunded,Food,North,45,4
8495,2024-11-06,4380.0,pending,Books,South,8,1
8496,2024-11-06,3624.1,pending,Electronics,South,44,3
8497,2024-11-06,2093.09,pending,Books,South,30,2
8498,2024-11-06,589.55,completed,Food,East,44,4
8499,2024-11-06,1213.8,completed,Sports,East,5,5
8500,2024-11-06,1334.47,completed,Books,Central,12,3
8501,2024-11-06,1930.76,pending,Clothing,North,41,3
8502,2024-11-06,675.4,completed,Books,West,36,2
8503,2024-11-06,2882.51,refunded,Food,South,32,2
8504,2024-11-06,1837.89,completed,Books,South,32,3
8505,2024-11-06,2486.89,completed,Books,East,48,1
8506,2024-11-06,1432.83,completed,Food,Central,42,3
8507,2024-11-06,2274.78,pending,Books,Central,12,5
8508,2024-11-06,3566.12,completed,Clothing,Central,31,1
8509,2024-11-06,450.24,completed,Food,North,33,2
8510,2024-11-06,2555.37,completed,Sports,East,10,1
8511,2024-11-06,3095.46,completed,Books,Central,14,2
8512,2024-11-06,3341.7,completed,Electronics,West,15,4
8513,2024-11-06,4614.73,completed,Food,South,36,5
8514,2024-11-06,3907.8,completed,Clothing,North,24,4
8515,2024-11-06,3697.58,pending,Home,East,25,2
8516,2024-11-06,4341.32,completed,Home,Central,28,2
8517,2024-11-06,4572.97,completed,Electronics,South,7,3
8518,2024-11-06,4198.35,completed,Food,North,21,5
8519,2024-11-06,3073.83,completed,Books,Central,19,2
8520,2024-11-06,4217.06,completed,Food,Central,43,2
8521,2024-11-07,1638.8,completed,Sports,West,4,5
8522,2024-11-07,4760.36,completed,Electronics,East,42,4
8523,2024-11-07,875.58,completed,Home,East,46,3
8524,2024-11-07,1153.78,pending,Clothing,West,37,5
8525,2024-11-07,801.04,failed,Clothing,North,47,3
8526,2024-11-07,3887.3,pending,Food,South,22,4
8527,2024-11-07,2178.13,completed,Home,North,9,2
8528,2024-11-07,3692.77,completed,Clothing,East,38,2
8529,2024-11-07,2555.22,completed,Clothing,Central,6,4
8530,2024-11-07,2022.34,pending,Clothing,East,43,5
8531,2024-11-07,4482.92,pending,Electronics,North,29,4
8532,2024-11-07,2166.4,failed,Home,East,30,4
8533,2024-11-07,3095.81,refunded,Books,East,26,2
8534,2024-11-07,4294.4,pending,Books,East,30,2
8535,2024-11-07,1070.85,completed,Electronics,East,43,3
8536,2024-11-07,2019.59,refunded,Electronics,Central,12,4
8537,2024-11-07,733.08,completed,Clothing,South,24,5
8538,2024-11-07,2718.02,completed,Home,East,18,2
8539,2024-11-07,3949.94,pending,Books,South,9,2
8540,2024-11-07,284.61,completed,Sports,North,34,2
8541,2024-11-07,311.05,completed,Clothing,Central,24,2
8542,2024-11-07,3708.55,completed,Electronics,East,45,2
8543,2024-11-07,3550.86,pending,Clothing,East,12,5
8544,2024-11-07,2016.95,completed,Clothing,Central,34,2
8545,2024-11-07,1809.86,completed,Books,South,37,1
8546,2024-11-07,1417.35,completed,Clothing,South,17,1
8547,2024-11-07,318.19,completed,Home,Central,32,2
8548,2024-11-07,2572.61,completed,Sports,South,39,2
8549,2024-11-08,3084.22,pending,Food,East,13,1
8550,2024-11-08,4328.17,completed,Books,South,24,4
8551,2024-11-08,2713.89,completed,Sports,South,20,5
8552,2024-11-08,768.26,pending,Sports,South,18,2
8553,2024-11-08,1547.81,completed,Electronics,South,24,2
8554,2024-11-08,3927.27,completed,Books,East,18,4
8555,2024-11-08,3094.77,completed,Food,Central,49,3
8556,2024-11-08,3857.85,completed,Clothing,South,40,4
8557,2024-11-08,2073.3,pending,Books,South,18,5
8558,2024-11-08,346.91,failed,Clothing,North,42,5
8559,2024-11-08,4461.72,failed,Clothing,East,20,2
8560,2024-11-08,1752.59,failed,Books,South,17,3
8561,2024-11-08,426.09,completed,Electronics,South,31,1
8562,2024-11-08,2938.57,completed,Food,East,11,3
8563,2024-11-08,3722.37,pending,Sports,East,7,2
8564,2024-11-08,2395.24,pending,Food,East,27,4
8565,2024-11-08,3073.17,completed,Clothing,North,11,3
8566,2024-11-08,2092.12,completed,Clothing,West,42,4
8567,2024-11-08,4070.27,completed,Food,East,18,3
8568,2024-11-08,3920.74,pending,Sports,West,6,3
8569,2024-11-08,3602.66,completed,Electronics,West,25,4
8570,2024-11-08,109.19,completed,Books,Central,24,4
8571,2024-11-08,2586.61,completed,Sports,West,10,1
8572,2024-11-08,3928.88,failed,Clothing,South,1,4
8573,2024-11-08,1231.92,completed,Sports,North,9,3
8574,2024-11-08,1303.41,pending,Food,West,30,4
8575,2024-11-08,4522.2,failed,Electronics,North,24,4
8576,2024-11-09,4210.16,failed,Sports,North,13,2
8577,2024-11-09,4940.79,completed,Sports,West,26,3
8578,2024-11-09,2492.13,completed,Sports,West,19,4
8579,2024-11-09,629.94,completed,Electronics,North,18,4
8580,2024-11-09,51.18,completed,Food,Central,16,3
8581,2024-11-09,3533.6,completed,Clothing,North,24,5
8582,2024-11-09,4085.2,completed,Books,Central,25,5
8583,2024-11-09,2147.15,completed,Food,Central,8,1
8584,2024-11-09,2134.73,completed,Books,West,34,1
8585,2024-11-09,4202.95,completed,Home,South,17,4
8586,2024-11-09,938.38,pending,Electronics,South,5,2
8587,2024-11-09,326.57,failed,Clothing,East,10,5
8588,2024-11-09,4828.82,pending,Books,North,33,4
8589,2024-11-09,2716.55,pending,Home,West,28,2
8590,2024-11-09,3864.16,completed,Electronics,East,14,5
8591,2024-11-09,4774.17,completed,Home,East,26,1
8592,2024-11-09,4054.0,completed,Sports,South,37,5
8593,2024-11-09,2343.37,completed,Clothing,North,33,4
8594,2024-11-09,3244.11,pending,Sports,West,6,4
8595,2024-11-09,3164.91,failed,Books,West,34,1
8596,2024-11-09,4628.39,completed,Electronics,North,40,4
8597,2024-11-09,713.98,completed,Electronics,South,12,3
8598,2024-11-09,3481.61,completed,Clothing,North,34,3
8599,2024-11-09,4315.48,completed,Books,South,25,4
8600,2024-11-09,1801.82,completed,Sports,West,5,1
8601,2024-11-09,3544.4,completed,Electronics,East,44,4
8602,2024-11-09,1256.73,completed,Books,West,44,3
8603,2024-11-10,449.28,completed,Sports,East,41,3
8604,2024-11-10,136.77,pending,Food,South,4,5
8605,2024-11-10,2654.34,completed,Clothing,East,44,2
8606,2024-11-10,267.82,pending,Clothing,West,7,2
8607,2024-11-10,2966.21,failed,Food,West,23,5
8608,2024-11-10,1883.87,completed,Clothing,East,10,3
8609,2024-11-10,44.27,pending,Books,West,26,5
8610,2024-11-10,1140.12,completed,Electronics,West,10,5
8611,2024-11-10,3694.65,completed,Sports,East,23,2
8612,2024-11-10,1900.19,pending,Home,Central,45,1
8613,2024-11-10,3630.52,failed,Clothing,North,32,1
8614,2024-11-10,4076.72,completed,Sports,West,21,1
8615,2024-11-10,3986.75,pending,Sports,East,15,5
8616,2024-11-10,3356.32,pending,Books,Central,8,4
8617,2024-11-10,3735.48,completed,Clothing,North,46,1
8618,2024-11-10,2853.28,completed,Home,North,27,2
8619,2024-11-10,2329.15,completed,Books,North,47,1
8620,2024-11-10,317.93,completed,Food,North,37,4
8621,2024-11-10,4875.77,completed,Clothing,East,5,5
8622,2024-11-10,4202.82,refunded,Home,West,48,2
8623,2024-11-10,3362.91,pending,Sports,Central,37,4
8624,2024-11-10,3224.03,completed,Home,West,30,3
8625,2024-11-10,2888.28,completed,Sports,South,28,4
8626,2024-11-10,481.16,completed,Electronics,East,6,5
8627,2024-11-10,1603.83,completed,Sports,North,29,3
8628,2024-11-10,1704.69,completed,Home,East,7,3
8629,2024-11-10,3970.58,pending,Electronics,West,35,2
8630,2024-11-10,3028.75,completed,Sports,South,46,4
8631,2024-11-11,1996.75,completed,Sports,East,23,3
8632,2024-11-11,1647.16,pending,Food,South,38,5
8633,2024-11-11,4270.84,completed,Home,Central,27,4
8634,2024-11-11,3930.32,failed,Food,North,8,2
8635,2024-11-11,4067.36,refunded,Food,West,23,3
8636,2024-11-11,1983.1,completed,Electronics,North,39,1
8637,2024-11-11,2401.42,completed,Food,East,48,3
8638,2024-11-11,2870.66,pending,Sports,West,5,4
8639,2024-11-11,967.15,completed,Books,East,30,2
8640,2024-11-11,1817.78,refunded,Clothing,East,19,4
8641,2024-11-11,2460.72,completed,Sports,West,9,3
8642,2024-11-11,3355.17,pending,Food,West,2,2
8643,2024-11-11,2253.0,completed,Food,North,23,5
8644,2024-11-11,781.48,completed,Books,South,48,4
8645,2024-11-11,2131.28,completed,Electronics,East,49,1
8646,2024-11-11,2661.53,completed,Books,Central,17,4
8647,2024-11-11,3257.36,completed,Sports,West,45,2
8648,2024-11-11,4270.49,completed,Clothing,South,7,2
8649,2024-11-11,1170.16,pending,Books,Central,36,3
8650,2024-11-11,2803.04,completed,Electronics,South,40,1
8651,2024-11-11,2092.7,completed,Sports,Central,24,1
8652,2024-11-11,3437.88,completed,Sports,East,21,4
8653,2024-11-11,4372.6,completed,Sports,West,16,4
8654,2024-11-11,2390.69,completed,Food,East,31,3
8655,2024-11-11,4222.43,refunded,Books,West,34,2
8656,2024-11-11,20.09,pending,Sports,West,43,1
8657,2024-11-11,4562.0,failed,Food,East,25,4
8658,2024-11-12,3944.56,completed,Food,East,13,1
8659,2024-11-12,677.85,completed,Clothing,East,35,3
8660,2024-11-12,3379.76,failed,Food,Central,27,1
8661,2024-11-12,2576.01,refunded,Sports,East,34,3
8662,2024-11-12,4853.8,completed,Home,East,9,1
8663,2024-11-12,1528.7,failed,Clothing,South,21,1
8664,2024-11-12,3048.94,completed,Clothing,North,42,4
8665,2024-11-12,2619.06,completed,Electronics,North,2,2
8666,2024-11-12,1113.43,completed,Food,East,16,5
8667,2024-11-12,4070.22,completed,Sports,North,26,4
8668,2024-11-12,3717.68,failed,Food,West,24,4
8669,2024-11-12,2725.23,completed,Electronics,South,28,1
8670,2024-11-12,4720.8,completed,Clothing,East,36,3
8671,2024-11-12,4634.06,completed,Clothing,East,30,3
8672,2024-11-12,4091.77,pending,Clothing,South,45,4
8673,2024-11-12,770.38,completed,Sports,West,31,1
8674,2024-11-12,4471.83,pending,Home,East,18,3
8675,2024-11-12,1536.0,failed,Food,South,31,5
8676,2024-11-12,2854.69,completed,Electronics,West,5,2
8677,2024-11-12,4873.98,completed,Home,South,41,2
8678,2024-11-12,1162.49,completed,Sports,West,26,2
8679,2024-11-12,1006.77,completed,Sports,North,29,4
8680,2024-11-12,4261.15,completed,Electronics,East,1,3
8681,2024-11-12,75.16,completed,Electronics,East,3,5
8682,2024-11-12,879.42,completed,Electronics,South,20,2
8683,2024-11-12,1643.36,completed,Home,Central,5,5
8684,2024-11-12,3694.03,pending,Sports,Central,21,5
8685,2024-11-12,2407.52,completed,Home,West,44,2
8686,2024-11-13,1972.71,completed,Books,South,23,2
8687,2024-11-13,4594.53,completed,Food,South,36,4
8688,2024-11-13,3781.99,failed,Food,South,21,4
8689,2024-11-13,3167.83,completed,Electronics,West,22,4
8690,2024-11-13,1706.76,completed,Clothing,West,37,2
8691,2024-11-13,4295.83,completed,Books,North,45,4
8692,2024-11-13,1272.92,completed,Food,East,12,3
8693,2024-11-13,4730.13,completed,Books,East,49,5
8694,2024-11-13,1309.74,failed,Home,South,26,4
8695,2024-11-13,4102.23,completed,Electronics,North,12,4
8696,2024-11-13,4571.92,pending,Sports,North,16,4
8697,2024-11-13,1140.29,refunded,Home,Central,6,3
8698,2024-11-13,1154.86,completed,Home,East,31,2
8699,2024-11-13,402.21,completed,Clothing,North,6,3
8700,2024-11-13,1713.25,completed,Clothing,Central,21,3
8701,2024-11-13,2506.29,pending,Books,Central,2,3
8702,2024-11-13,438.93,pending,Food,Central,11,4
8703,2024-11-13,740.19,failed,Books,East,24,3
8704,2024-11-13,2116.56,completed,Sports,West,30,1
8705,2024-11-13,908.89,pending,Electronics,Central,35,5
8706,2024-11-13,3869.73,completed,Home,East,13,4
8707,2024-11-13,1619.04,completed,Electronics,Central,17,5
8708,2024-11-13,241.23,failed,Books,Central,20,4
8709,2024-11-13,781.07,failed,Home,West,21,5
8710,2024-11-13,1543.13,completed,Electronics,Central,21,4
8711,2024-11-13,737.5,completed,Food,East,7,5
8712,2024-11-13,1085.6,completed,Food,South,45,2
8713,2024-11-14,1040.91,completed,Food,Central,15,2
8714,2024-11-14,2099.24,completed,Home,East,37,3
8715,2024-11-14,2625.15,pending,Electronics,West,31,2
8716,2024-11-14,3116.64,completed,Sports,Central,31,3
8717,2024-11-14,4547.82,completed,Electronics,North,49,2
8718,2024-11-14,3443.47,completed,Home,Central,6,2
8719,2024-11-14,1000.95,completed,Home,West,17,2
8720,2024-11-14,2251.46,completed,Sports,Central,16,4
8721,2024-11-14,3650.26,completed,Home,South,49,1
8722,2024-11-14,2780.1,completed,Electronics,Central,3,1
8723,2024-11-14,855.08,completed,Electronics,North,15,5
8724,2024-11-14,3939.64,completed,Clothing,South,27,3
8725,2024-11-14,991.27,completed,Food,East,1,5
8726,2024-11-14,1728.11,completed,Food,East,6,1
8727,2024-11-14,3670.97,completed,Electronics,Central,44,2
8728,2024-11-14,4847.08,refunded,Electronics,North,2,3
8729,2024-11-14,4452.97,completed,Sports,Central,9,3
8730,2024-11-14,4849.37,failed,Sports,East,18,5
8731,2024-11-14,1989.76,failed,Sports,West,19,1
8732,2024-11-14,2184.88,refunded,Food,North,37,3
8733,2024-11-14,822.72,failed,Home,North,16,1
8734,2024-11-14,2368.37,pending,Clothing,East,21,5
8735,2024-11-14,3904.36,completed,Sports,East,26,4
8736,2024-11-14,353.93,completed,Clothing,East,5,4
8737,2024-11-14,1601.88,completed,Books,North,18,4
8738,2024-11-14,4628.59,completed,Home,West,27,5
8739,2024-11-14,920.97,pending,Electronics,South,14,5
8740,2024-11-15,1492.66,completed,Sports,South,23,5
8741,2024-11-15,4675.95,completed,Books,North,27,2
8742,2024-11-15,1730.54,completed,Clothing,Central,48,5
8743,2024-11-15,4156.26,completed,Home,West,29,2
8744,2024-11-15,1442.62,completed,Sports,North,7,2
8745,2024-11-15,1292.49,completed,Sports,North,37,1
8746,2024-11-15,943.58,failed,Home,West,34,5
8747,2024-11-15,322.71,pending,Home,West,17,5
8748,2024-11-15,2082.65,completed,Sports,Central,36,2
8749,2024-11-15,3569.95,pending,Clothing,Central,7,4
8750,2024-11-15,2531.67,completed,Food,Central,42,5
8751,2024-11-15,2042.58,completed,Food,Central,8,3
8752,2024-11-15,1030.14,completed,Clothing,East,42,3
8753,2024-11-15,3420.7,completed,Clothing,Central,16,4
8754,2024-11-15,1271.75,completed,Sports,North,20,1
8755,2024-11-15,170.08,completed,Books,East,13,3
8756,2024-11-15,4823.06,pending,Electronics,North,37,5
8757,2024-11-15,4713.03,completed,Sports,West,32,2
8758,2024-11-15,1080.15,completed,Clothing,West,20,4
8759,2024-11-15,1200.56,completed,Electronics,Central,38,1
8760,2024-11-15,2904.71,refunded,Electronics,North,44,4
8761,2024-11-15,2142.81,completed,Electronics,West,21,2
8762,2024-11-15,4440.07,failed,Clothing,North,35,5
8763,2024-11-15,2140.28,completed,Books,North,45,4
8764,2024-11-15,687.79,completed,Clothing,East,3,5
8765,2024-11-15,2737.81,completed,Home,Central,14,1
8766,2024-11-15,575.12,pending,Food,North,10,4
8767,2024-11-15,2241.58,completed,Electronics,South,29,2
8768,2024-11-16,2890.62,pending,Electronics,Central,45,3
8769,2024-11-16,4727.25,completed,Clothing,Central,48,2
8770,2024-11-16,1473.85,completed,Books,East,28,1
8771,2024-11-16,3250.63,completed,Books,South,46,5
8772,2024-11-16,10.89,completed,Home,Central,39,4
8773,2024-11-16,4358.51,completed,Electronics,East,38,3
8774,2024-11-16,1592.31,completed,Electronics,South,42,3
8775,2024-11-16,1211.7,completed,Books,South,41,3
8776,2024-11-16,521.48,completed,Sports,Central,3,3
8777,2024-11-16,3928.39,completed,Food,East,29,4
8778,2024-11-16,292.29,completed,Clothing,Central,6,4
8779,2024-11-16,3093.19,completed,Food,North,7,5
8780,2024-11-16,1584.5,completed,Books,East,46,4
8781,2024-11-16,3558.59,completed,Food,East,34,2
8782,2024-11-16,4829.36,completed,Electronics,North,30,2
8783,2024-11-16,1381.58,failed,Electronics,Central,47,3
8784,2024-11-16,3102.38,completed,Home,North,36,2
8785,2024-11-16,1858.98,completed,Food,North,25,4
8786,2024-11-16,2552.07,completed,Electronics,Central,20,2
8787,2024-11-16,425.63,completed,Food,South,15,3
8788,2024-11-16,1029.77,pending,Clothing,East,12,4
8789,2024-11-16,3973.24,completed,Clothing,North,19,3
8790,2024-11-16,1731.24,pending,Books,South,5,3
8791,2024-11-16,15.04,completed,Sports,Central,1,5
8792,2024-11-16,1611.05,completed,Sports,South,11,3
8793,2024-11-16,3351.71,completed,Home,Central,23,4
8794,2024-11-16,4858.23,completed,Food,Central,6,3
8795,2024-11-17,4272.05,completed,Sports,Central,17,4
8796,2024-11-17,3786.76,completed,Clothing,Central,46,5
8797,2024-11-17,4647.29,completed,Books,East,28,1
8798,2024-11-17,3300.55,failed,Books,South,43,3
8799,2024-11-17,2600.69,completed,Food,West,9,2
8800,2024-11-17,2702.57,completed,Home,East,37,5
8801,2024-11-17,4721.74,completed,Home,North,6,3
8802,2024-11-17,20.66,refunded,Books,Central,2,3
8803,2024-11-17,2583.16,completed,Clothing,Central,1,1
8804,2024-11-17,3847.7,completed,Clothing,West,26,3
8805,2024-11-17,200.17,completed,Books,East,1,3
8806,2024-11-17,4117.67,completed,Home,West,12,1
8807,2024-11-17,4221.43,completed,Electronics,North,34,1
8808,2024-11-17,2622.72,completed,Sports,Central,4,3
8809,2024-11-17,4145.62,completed,Books,Central,44,5
8810,2024-11-17,721.75,completed,Books,Central,2,2
8811,2024-11-17,4715.89,completed,Electronics,East,41,5
8812,2024-11-17,253.73,completed,Clothing,West,36,3
8813,2024-11-17,195.88,completed,Food,North,42,4
8814,2024-11-17,2624.87,pending,Clothing,East,19,2
8815,2024-11-17,3678.86,failed,Books,East,3,4
8816,2024-11-17,3503.28,completed,Food,Central,29,2
8817,2024-11-17,2755.56,completed,Books,Central,47,4
8818,2024-11-17,3920.27,completed,Books,West,38,5
8819,2024-11-17,3042.51,pending,Home,North,33,3
8820,2024-11-17,4252.5,completed,Food,North,22,2
8821,2024-11-17,587.79,completed,Food,Central,12,3
8822,2024-11-17,4907.31,pending,Books,East,7,5
8823,2024-11-18,4404.82,completed,Books,Central,3,3
8824,2024-11-18,4477.4,completed,Electronics,East,47,5
8825,2024-11-18,1824.41,completed,Clothing,North,47,5
8826,2024-11-18,4734.86,pending,Sports,Central,32,2
8827,2024-11-18,716.1,completed,Electronics,Central,22,1
8828,2024-11-18,398.66,completed,Clothing,East,10,2
8829,2024-11-18,1999.6,completed,Sports,South,48,1
8830,2024-11-18,4666.09,completed,Home,South,34,4
8831,2024-11-18,4839.65,completed,Home,Central,4,3
8832,2024-11-18,2472.7,completed,Sports,North,21,2
8833,2024-11-18,3762.08,completed,Clothing,East,17,5
8834,2024-11-18,2695.81,pending,Sports,Central,39,1
8835,2024-11-18,576.14,completed,Food,East,36,1
8836,2024-11-18,3269.15,refunded,Clothing,East,36,3
8837,2024-11-18,742.86,refunded,Clothing,East,39,2
8838,2024-11-18,3284.45,failed,Clothing,South,13,3
8839,2024-11-18,1209.81,completed,Books,South,21,1
8840,2024-11-18,1324.02,completed,Sports,East,37,2
8841,2024-11-18,3377.89,completed,Books,East,13,3
8842,2024-11-18,2330.05,completed,Home,North,27,1
8843,2024-11-18,4152.89,failed,Clothing,Central,40,2
8844,2024-11-18,3404.57,completed,Books,North,33,3
8845,2024-11-18,1482.05,failed,Sports,South,17,5
8846,2024-11-18,3887.81,refunded,Food,South,20,5
8847,2024-11-18,332.74,failed,Sports,Central,32,1
8848,2024-11-18,3676.79,completed,Books,West,6,5
8849,2024-11-18,1933.1,refunded,Clothing,North,39,5
8850,2024-11-19,1517.54,completed,Sports,West,2,5
8851,2024-11-19,2618.08,pending,Electronics,East,39,4
8852,2024-11-19,4536.52,pending,Sports,North,39,2
8853,2024-11-19,1291.18,completed,Clothing,East,32,1
8854,2024-11-19,4996.94,completed,Food,West,14,1
8855,2024-11-19,2948.5,completed,Sports,East,21,5
8856,2024-11-19,1268.04,completed,Sports,West,29,5
8857,2024-11-19,3458.61,pending,Food,Central,47,4
8858,2024-11-19,3679.6,completed,Books,South,42,5
8859,2024-11-19,2662.28,completed,Electronics,East,3,3
8860,2024-11-19,661.62,pending,Home,North,47,1
8861,2024-11-19,4077.38,completed,Clothing,East,35,4
8862,2024-11-19,4053.11,completed,Sports,West,48,3
8863,2024-11-19,3828.5,completed,Books,East,18,3
8864,2024-11-19,3780.98,failed,Food,East,40,4
8865,2024-11-19,1912.82,refunded,Food,East,6,5
8866,2024-11-19,2468.72,completed,Sports,South,26,4
8867,2024-11-19,3310.69,completed,Clothing,West,21,5
8868,2024-11-19,836.82,completed,Books,East,14,4
8869,2024-11-19,3025.09,completed,Electronics,South,16,2
8870,2024-11-19,559.89,pending,Books,Central,1,5
8871,2024-11-19,4240.66,completed,Electronics,West,33,2
8872,2024-11-19,607.94,completed,Clothing,North,12,1
8873,2024-11-19,3864.35,completed,Sports,West,1,5
8874,2024-11-19,1117.78,completed,Sports,East,12,5
8875,2024-11-19,4642.55,pending,Electronics,West,39,2
8876,2024-11-19,3293.23,completed,Electronics,South,26,2
8877,2024-11-20,2161.41,completed,Electronics,North,11,1
8878,2024-11-20,227.74,completed,Clothing,South,31,3
8879,2024-11-20,3039.78,completed,Clothing,East,10,3
8880,2024-11-20,1896.4,completed,Food,West,49,3
8881,2024-11-20,3993.5,completed,Books,South,6,2
8882,2024-11-20,3965.67,pending,Sports,West,20,4
8883,2024-11-20,3438.3,pending,Electronics,West,27,2
8884,2024-11-20,1346.43,completed,Food,Central,46,2
8885,2024-11-20,873.05,completed,Electronics,West,5,3
8886,2024-11-20,2490.33,completed,Books,South,40,1
8887,2024-11-20,2267.24,completed,Home,East,13,2
8888,2024-11-20,3367.99,failed,Home,East,35,5
8889,2024-11-20,2668.74,pending,Electronics,South,6,2
8890,2024-11-20,2479.71,failed,Sports,North,9,1
8891,2024-11-20,2409.17,completed,Sports,East,49,4
8892,2024-11-20,2526.18,pending,Sports,Central,31,2
8893,2024-11-20,4362.09,completed,Electronics,East,2,4
8894,2024-11-20,862.64,completed,Electronics,West,30,1
8895,2024-11-20,103.62,completed,Food,West,36,1
8896,2024-11-20,1117.04,completed,Electronics,Central,39,3
8897,2024-11-20,1558.32,pending,Food,East,13,5
8898,2024-11-20,3065.97,pending,Clothing,West,29,4
8899,2024-11-20,4214.73,failed,Home,Central,8,1
8900,2024-11-20,3568.15,pending,Home,North,48,3
8901,2024-11-20,4991.49,completed,Clothing,North,11,1
8902,2024-11-20,13.54,completed,Sports,East,10,1
8903,2024-11-20,958.7,completed,Electronics,Central,34,1
8904,2024-11-20,444.6,completed,Food,Central,9,5
8905,2024-11-21,3321.32,completed,Home,East,7,5
8906,2024-11-21,2140.56,failed,Home,North,36,1
8907,2024-11-21,1563.38,pending,Food,West,8,2
8908,2024-11-21,1570.16,completed,Books,South,49,5
8909,2024-11-21,4465.96,completed,Electronics,North,40,3
8910,2024-11-21,386.79,completed,Sports,West,12,2
8911,2024-11-21,1573.87,pending,Clothing,Central,4,3
8912,2024-11-21,2504.45,completed,Electronics,East,3,3
8913,2024-11-21,2063.81,completed,Books,South,28,2
8914,2024-11-21,3440.75,completed,Sports,North,33,4
8915,2024-11-21,3041.37,completed,Books,Central,18,2
8916,2024-11-21,4004.35,completed,Food,North,37,3
8917,2024-11-21,4222.39,refunded,Clothing,West,29,4
8918,2024-11-21,2005.7,completed,Electronics,North,26,5
8919,2024-11-21,4331.7,completed,Electronics,East,1,4
8920,2024-11-21,3164.51,completed,Electronics,East,12,4
8921,2024-11-21,4303.28,completed,Food,Central,13,1
8922,2024-11-21,2332.21,pending,Books,Central,25,3
8923,2024-11-21,137.58,completed,Electronics,Central,11,2
8924,2024-11-21,3293.29,completed,Books,East,16,1
8925,2024-11-21,4830.37,completed,Sports,East,9,4
8926,2024-11-21,4652.12,pending,Clothing,East,11,4
8927,2024-11-21,768.68,completed,Food,South,43,5
8928,2024-11-21,2452.86,completed,Clothing,South,25,4
8929,2024-11-21,4365.3,completed,Sports,North,47,3
8930,2024-11-21,2088.49,completed,Food,Central,3,5
8931,2024-11-21,2595.63,completed,Sports,West,23,2
8932,2024-11-22,4988.02,completed,Electronics,Central,36,3
8933,2024-11-22,2418.39,failed,Home,South,41,1
8934,2024-11-22,958.24,failed,Home,West,38,2
8935,2024-11-22,202.98,pending,Sports,North,22,3
8936,2024-11-22,2312.22,pending,Sports,East,49,2
8937,2024-11-22,2577.88,completed,Sports,East,13,2
8938,2024-11-22,4600.47,refunded,Clothing,Central,44,2
8939,2024-11-22,3962.02,pending,Electronics,East,49,3
8940,2024-11-22,323.7,completed,Home,East,15,4
8941,2024-11-22,4085.9,completed,Electronics,Central,41,1
8942,2024-11-22,356.97,pending,Books,South,15,4
8943,2024-11-22,80.11,failed,Electronics,Central,43,4
8944,2024-11-22,2739.33,completed,Clothing,North,22,3
8945,2024-11-22,2653.66,completed,Clothing,Central,18,1
8946,2024-11-22,1589.06,completed,Sports,North,36,4
8947,2024-11-22,2308.18,pending,Electronics,East,12,2
8948,2024-11-22,4602.66,refunded,Electronics,East,3,3
8949,2024-11-22,3385.18,completed,Clothing,North,45,1
8950,2024-11-22,1718.63,completed,Food,South,48,3
8951,2024-11-22,4670.42,completed,Clothing,North,3,5
8952,2024-11-22,823.24,pending,Sports,South,35,5
8953,2024-11-22,884.17,completed,Food,West,6,2
8954,2024-11-22,1172.69,pending,Home,East,42,3
8955,2024-11-22,1170.13,completed,Home,West,12,2
8956,2024-11-22,364.25,completed,Clothing,West,34,2
8957,2024-11-22,1555.21,completed,Sports,West,9,1
8958,2024-11-22,2747.78,completed,Books,West,46,3
8959,2024-11-22,1121.68,refunded,Books,East,13,2
8960,2024-11-23,543.13,completed,Home,West,41,2
8961,2024-11-23,3255.83,pending,Clothing,Central,42,2
8962,2024-11-23,2105.74,failed,Home,Central,22,2
8963,2024-11-23,3270.17,pending,Books,East,7,1
8964,2024-11-23,1247.71,refunded,Electronics,North,35,4
8965,2024-11-23,3782.88,completed,Food,South,4,1
8966,2024-11-23,4864.14,completed,Electronics,Central,47,1
8967,2024-11-23,1313.56,completed,Clothing,West,19,5
8968,2024-11-23,3200.44,failed,Clothing,North,47,2
8969,2024-11-23,3827.64,pending,Books,South,2,1
8970,2024-11-23,2720.94,pending,Electronics,West,45,4
8971,2024-11-23,1462.77,completed,Electronics,Central,8,3
8972,2024-11-23,1079.99,completed,Home,East,37,2
8973,2024-11-23,3236.5,failed,Food,Central,19,2
8974,2024-11-23,2404.67,completed,Electronics,East,32,5
8975,2024-11-23,4188.07,completed,Sports,West,11,3
8976,2024-11-23,455.88,completed,Home,Central,27,4
8977,2024-11-23,173.29,failed,Clothing,East,29,4
8978,2024-11-23,1860.54,completed,Clothing,West,10,4
8979,2024-11-23,2377.07,completed,Books,North,35,1
8980,2024-11-23,3201.44,failed,Electronics,North,23,3
8981,2024-11-23,579.11,completed,Home,East,20,4
8982,2024-11-23,2940.59,pending,Food,West,7,4
8983,2024-11-23,4067.04,pending,Clothing,South,4,5
8984,2024-11-23,4548.65,completed,Sports,East,8,4
8985,2024-11-23,4499.8,completed,Food,East,30,2
8986,2024-11-23,2597.17,completed,Electronics,East,8,5
8987,2024-11-24,4497.24,completed,Food,West,4,2
8988,2024-11-24,2692.68,completed,Home,North,24,2
8989,2024-11-24,376.06,completed,Food,South,39,4
8990,2024-11-24,4868.62,completed,Clothing,Central,5,3
8991,2024-11-24,23.0,refunded,Clothing,Central,29,3
8992,2024-11-24,1436.11,completed,Home,South,43,3
8993,2024-11-24,241.44,completed,Sports,East,46,2
8994,2024-11-24,2722.9,completed,Electronics,Central,45,2
8995,2024-11-24,2841.49,completed,Clothing,East,45,3
8996,2024-11-24,3193.27,completed,Sports,Central,34,2
8997,2024-11-24,710.4,completed,Clothing,North,38,3
8998,2024-11-24,96.94,completed,Food,Central,26,1
8999,2024-11-24,1335.75,completed,Home,East,35,5
9000,2024-11-24,266.96,completed,Sports,East,47,2
9001,2024-11-24,186.07,completed,Sports,South,9,5
9002,2024-11-24,1327.11,pending,Books,Central,16,3
9003,2024-11-24,4994.19,completed,Clothing,South,26,4
9004,2024-11-24,4018.92,completed,Clothing,South,30,5
9005,2024-11-24,1815.14,completed,Sports,East,42,5
9006,2024-11-24,1886.71,pending,Electronics,East,40,4
9007,2024-11-24,4649.94,completed,Books,North,13,2
9008,2024-11-24,3313.27,completed,Food,East,37,2
9009,2024-11-24,4186.47,completed,Electronics,South,2,4
9010,2024-11-24,4323.62,pending,Books,East,42,4
9011,2024-11-24,854.76,completed,Electronics,South,17,3
9012,2024-11-24,90.38,completed,Home,East,12,1
9013,2024-11-24,1348.6,pending,Clothing,North,20,3
9014,2024-11-25,2976.11,completed,Clothing,West,40,2
9015,2024-11-25,4543.63,completed,Sports,South,47,3
9016,2024-11-25,1549.98,completed,Clothing,North,2,2
9017,2024-11-25,4252.14,completed,Food,North,40,4
9018,2024-11-25,3314.32,completed,Food,Central,28,1
9019,2024-11-25,3276.02,pending,Books,West,10,3
9020,2024-11-25,3584.26,completed,Sports,East,1,5
9021,2024-11-25,2562.55,completed,Sports,South,19,1
9022,2024-11-25,3371.24,completed,Electronics,West,18,3
9023,2024-11-25,3968.45,failed,Food,East,40,5
9024,2024-11-25,2951.03,completed,Books,Central,29,2
9025,2024-11-25,205.71,completed,Home,West,38,4
9026,2024-11-25,2557.87,completed,Books,Central,35,4
9027,2024-11-25,2988.91,completed,Sports,Central,14,3
9028,2024-11-25,4378.02,refunded,Books,East,25,3
9029,2024-11-25,36.09,pending,Books,North,37,1
9030,2024-11-25,252.37,pending,Books,Central,47,5
9031,2024-11-25,1846.02,refunded,Electronics,South,22,4
9032,2024-11-25,4016.81,completed,Food,East,26,4
9033,2024-11-25,2426.77,completed,Home,West,16,1
9034,2024-11-25,1533.22,refunded,Home,South,4,5
9035,2024-11-25,3469.34,failed,Clothing,West,16,4
9036,2024-11-25,2526.77,completed,Food,East,9,4
9037,2024-11-25,2872.85,completed,Sports,Central,32,1
9038,2024-11-25,2147.38,completed,Home,North,42,4
9039,2024-11-25,3628.02,pending,Books,South,29,2
9040,2024-11-25,87.77,completed,Books,West,47,3
9041,2024-11-25,18.38,completed,Home,Central,19,3
9042,2024-11-26,3417.32,failed,Books,South,33,1
9043,2024-11-26,143.02,completed,Sports,West,8,1
9044,2024-11-26,1692.57,failed,Sports,East,37,3
9045,2024-11-26,1837.99,completed,Clothing,Central,17,4
9046,2024-11-26,3072.91,completed,Home,South,31,3
9047,2024-11-26,3864.42,failed,Food,Central,9,3
9048,2024-11-26,4110.9,failed,Electronics,South,32,2
9049,2024-11-26,1407.97,failed,Clothing,Central,36,5
9050,2024-11-26,819.91,pending,Books,West,45,2
9051,2024-11-26,4904.19,completed,Home,South,8,2
9052,2024-11-26,228.29,completed,Clothing,South,22,2
9053,2024-11-26,4070.93,completed,Sports,North,26,2
9054,2024-11-26,110.43,completed,Electronics,Central,33,3
9055,2024-11-26,2430.73,failed,Books,North,7,2
9056,2024-11-26,3211.05,completed,Home,North,34,4
9057,2024-11-26,2393.8,completed,Books,East,7,3
9058,2024-11-26,2827.88,pending,Home,East,20,2
9059,2024-11-26,136.57,completed,Home,West,12,5
9060,2024-11-26,779.57,completed,Sports,East,22,1
9061,2024-11-26,2770.95,failed,Electronics,South,23,2
9062,2024-11-26,4140.27,completed,Food,East,16,2
9063,2024-11-26,2746.64,completed,Electronics,Central,40,2
9064,2024-11-26,2502.42,completed,Sports,North,47,2
9065,2024-11-26,4941.03,completed,Electronics,South,49,5
9066,2024-11-26,1955.22,completed,Home,Central,7,4
9067,2024-11-26,1933.54,pending,Books,Central,29,4
9068,2024-11-26,379.36,completed,Home,South,13,2
9069,2024-11-27,3918.07,completed,Sports,Central,46,3
9070,2024-11-27,347.92,completed,Home,South,38,3
9071,2024-11-27,689.42,failed,Electronics,West,42,4
9072,2024-11-27,293.22,completed,Books,East,17,2
9073,2024-11-27,970.0,completed,Home,East,7,3
9074,2024-11-27,2200.07,pending,Clothing,North,34,3
9075,2024-11-27,219.57,failed,Food,South,30,1
9076,2024-11-27,2063.09,pending,Electronics,West,36,1
9077,2024-11-27,2410.46,failed,Books,West,19,5
9078,2024-11-27,562.88,pending,Electronics,South,28,3
9079,2024-11-27,285.13,refunded,Electronics,North,4,3
9080,2024-11-27,1578.83,completed,Food,West,21,1
9081,2024-11-27,3256.17,completed,Sports,South,33,5
9082,2024-11-27,3039.64,completed,Electronics,South,35,4
9083,2024-11-27,641.79,failed,Home,East,20,2
9084,2024-11-27,468.64,failed,Sports,West,1,5
9085,2024-11-27,942.57,completed,Home,South,21,4
9086,2024-11-27,4373.05,completed,Sports,East,35,3
9087,2024-11-27,4658.99,completed,Sports,Central,6,1
9088,2024-11-27,2612.83,failed,Sports,Central,29,1
9089,2024-11-27,4512.34,completed,Sports,East,47,2
9090,2024-11-27,665.69,completed,Electronics,South,42,2
9091,2024-11-27,3289.59,completed,Books,South,10,4
9092,2024-11-27,3247.3,completed,Clothing,East,37,1
9093,2024-11-27,2252.15,failed,Clothing,South,15,2
9094,2024-11-27,3691.58,completed,Home,East,28,1
9095,2024-11-27,2380.21,completed,Home,East,33,3
9096,2024-11-28,4283.78,completed,Home,North,39,4
9097,2024-11-28,687.9,completed,Electronics,East,19,5
9098,2024-11-28,96.41,completed,Home,East,9,4
9099,2024-11-28,1896.82,completed,Electronics,Central,43,1
9100,2024-11-28,651.77,completed,Home,East,20,4
9101,2024-11-28,903.86,completed,Electronics,East,22,1
9102,2024-11-28,248.29,failed,Electronics,North,27,1
9103,2024-11-28,2158.71,completed,Electronics,North,7,2
9104,2024-11-28,3688.8,completed,Sports,West,38,1
9105,2024-11-28,2787.79,refunded,Sports,East,45,5
9106,2024-11-28,1789.86,pending,Clothing,East,10,2
9107,2024-11-28,68.43,pending,Sports,South,34,2
9108,2024-11-28,2550.23,completed,Clothing,North,35,3
9109,2024-11-28,1645.25,completed,Home,Central,18,1
9110,2024-11-28,1201.98,pending,Food,West,14,2
9111,2024-11-28,2263.21,completed,Books,East,23,4
9112,2024-11-28,858.64,completed,Sports,East,10,5
9113,2024-11-28,1614.87,failed,Food,North,21,5
9114,2024-11-28,4631.62,completed,Food,Central,20,1
9115,2024-11-28,3058.16,pending,Books,West,22,3
9116,2024-11-28,4948.87,failed,Clothing,East,10,3
9117,2024-11-28,3143.12,pending,Food,Central,47,5
9118,2024-11-28,493.91,completed,Home,South,22,5
9119,2024-11-28,3332.43,pending,Books,South,27,2
9120,2024-11-28,4330.7,pending,Clothing,West,27,5
9121,2024-11-28,4564.41,completed,Home,Central,20,2
9122,2024-11-28,2777.08,completed,Sports,East,19,2
9123,2024-11-28,609.44,completed,Home,North,10,3
9124,2024-11-29,3218.9,completed,Sports,Central,47,4
9125,2024-11-29,723.45,pending,Electronics,North,38,5
9126,2024-11-29,289.62,failed,Electronics,East,34,5
9127,2024-11-29,1066.5,completed,Electronics,East,31,5
9128,2024-11-29,494.2,completed,Food,South,20,2
9129,2024-11-29,2232.55,pending,Food,Central,33,5
9130,2024-11-29,4720.13,refunded,Electronics,East,47,3
9131,2024-11-29,3305.37,completed,Electronics,West,6,4
9132,2024-11-29,3475.44,completed,Sports,North,16,5
9133,2024-11-29,4019.99,failed,Sports,Central,9,3
9134,2024-11-29,1203.77,completed,Sports,South,32,5
9135,2024-11-29,2866.36,completed,Books,North,15,1
9136,2024-11-29,3567.55,refunded,Clothing,East,24,5
9137,2024-11-29,1527.25,pending,Books,East,4,5
9138,2024-11-29,1943.96,completed,Sports,West,43,4
9139,2024-11-29,3509.68,refunded,Sports,West,47,3
9140,2024-11-29,4044.23,pending,Food,South,22,4
9141,2024-11-29,1814.55,refunded,Clothing,South,28,4
9142,2024-11-29,3132.19,completed,Books,North,2,2
9143,2024-11-29,3324.9,completed,Home,Central,40,3
9144,2024-11-29,4645.08,completed,Sports,South,16,5
9145,2024-11-29,3939.44,completed,Sports,Central,19,4
9146,2024-11-29,980.69,completed,Home,East,16,4
9147,2024-11-29,3131.99,completed,Sports,Central,27,2
9148,2024-11-29,4789.09,completed,Food,East,20,3
9149,2024-11-29,1897.55,completed,Sports,Central,37,3
9150,2024-11-29,3828.79,completed,Sports,Central,36,5
9151,2024-11-30,2700.65,refunded,Food,North,16,4
9152,2024-11-30,2194.67,pending,Clothing,North,35,2
9153,2024-11-30,2855.62,completed,Food,North,40,1
9154,2024-11-30,2131.39,pending,Food,East,6,5
9155,2024-11-30,1596.96,refunded,Sports,North,9,1
9156,2024-11-30,3807.98,completed,Electronics,North,3,4
9157,2024-11-30,2668.09,pending,Sports,South,47,4
9158,2024-11-30,4675.0,completed,Food,Central,10,1
9159,2024-11-30,53.62,refunded,Electronics,South,43,2
9160,2024-11-30,3849.06,completed,Food,West,23,2
9161,2024-11-30,795.12,pending,Sports,South,16,1
9162,2024-11-30,3808.45,completed,Home,South,29,4
9163,2024-11-30,4352.45,completed,Sports,North,49,2
9164,2024-11-30,3922.46,completed,Clothing,East,23,4
9165,2024-11-30,2973.27,completed,Books,East,4,4
9166,2024-11-30,622.32,refunded,Home,Central,40,2
9167,2024-11-30,4802.36,completed,Food,Central,37,3
9168,2024-11-30,1638.48,completed,Clothing,North,25,2
9169,2024-11-30,150.87,failed,Books,East,15,1
9170,2024-11-30,19.38,completed,Books,South,37,1
9171,2024-11-30,3695.73,completed,Clothing,West,45,1
9172,2024-11-30,4166.76,completed,Clothing,East,49,5
9173,2024-11-30,4017.16,completed,Home,South,13,2
9174,2024-11-30,2799.6,failed,Home,South,33,2
9175,2024-11-30,3163.1,completed,Home,East,26,3
9176,2024-11-30,4534.99,completed,Food,North,31,3
9177,2024-11-30,3321.5,completed,Home,East,6,5
9178,2024-11-30,1762.44,completed,Clothing,North,38,1
9179,2024-12-01,4752.51,pending,Clothing,North,29,5
9180,2024-12-01,4828.26,completed,Clothing,South,25,2
9181,2024-12-01,3143.18,completed,Sports,West,17,4
9182,2024-12-01,2834.84,refunded,Sports,West,45,5
9183,2024-12-01,4684.91,completed,Books,Central,41,1
9184,2024-12-01,3892.59,refunded,Home,Central,32,3
9185,2024-12-01,602.4,completed,Clothing,South,32,3
9186,2024-12-01,4791.26,completed,Sports,South,45,4
9187,2024-12-01,3624.59,completed,Home,Central,37,4
9188,2024-12-01,3697.67,failed,Books,Central,24,5
9189,2024-12-01,2010.66,completed,Books,West,20,3
9190,2024-12-01,52.15,failed,Home,East,12,5
9191,2024-12-01,1365.94,pending,Electronics,South,35,5
9192,2024-12-01,1662.25,completed,Books,North,42,5
9193,2024-12-01,2284.88,completed,Books,Central,11,2
9194,2024-12-01,3509.65,failed,Clothing,East,9,5
9195,2024-12-01,2258.53,completed,Electronics,North,25,1
9196,2024-12-01,1866.92,failed,Clothing,South,48,4
9197,2024-12-01,1248.13,completed,Sports,West,27,1
9198,2024-12-01,3844.81,pending,Books,South,45,5
9199,2024-12-01,3939.64,completed,Sports,Central,16,3
9200,2024-12-01,1822.42,pending,Sports,South,19,4
9201,2024-12-01,1095.63,failed,Sports,Central,22,4
9202,2024-12-01,1108.04,pending,Sports,East,43,5
9203,2024-12-01,3317.45,failed,Electronics,Central,43,1
9204,2024-12-01,3865.16,completed,Electronics,East,45,5
9205,2024-12-01,3927.07,pending,Electronics,West,24,2
9206,2024-12-02,4354.62,completed,Food,South,19,3
9207,2024-12-02,3774.81,completed,Electronics,South,38,1
9208,2024-12-02,2434.81,completed,Electronics,North,44,1
9209,2024-12-02,1344.14,completed,Books,East,26,3
9210,2024-12-02,1875.18,refunded,Home,East,33,5
9211,2024-12-02,1425.82,completed,Clothing,West,1,2
9212,2024-12-02,506.46,completed,Electronics,Central,16,3
9213,2024-12-02,728.07,refunded,Electronics,Central,40,2
9214,2024-12-02,73.35,completed,Home,South,23,5
9215,2024-12-02,991.73,completed,Home,North,48,2
9216,2024-12-02,4177.69,completed,Food,East,46,3
9217,2024-12-02,2690.27,completed,Food,Central,44,2
9218,2024-12-02,1953.31,completed,Books,West,32,4
9219,2024-12-02,1194.56,completed,Food,East,41,3
9220,2024-12-02,2953.44,failed,Sports,East,32,5
9221,2024-12-02,4867.23,failed,Books,Central,21,1
9222,2024-12-02,1746.36,refunded,Home,West,36,1
9223,2024-12-02,4239.07,completed,Food,Central,22,2
9224,2024-12-02,4696.48,completed,Sports,North,37,2
9225,2024-12-02,3936.78,completed,Clothing,South,23,3
9226,2024-12-02,2961.27,refunded,Books,North,17,5
9227,2024-12-02,1517.15,completed,Sports,East,21,5
9228,2024-12-02,176.59,completed,Clothing,North,42,3
9229,2024-12-02,3685.58,refunded,Books,Central,22,3
9230,2024-12-02,4780.27,completed,Clothing,Central,29,4
9231,2024-12-02,3449.09,completed,Home,Central,39,3
9232,2024-12-02,190.75,completed,Sports,North,48,3
9233,2024-12-03,705.84,pending,Food,East,40,5
9234,2024-12-03,1970.85,completed,Food,Central,28,3
9235,2024-12-03,4946.55,completed,Sports,East,15,4
9236,2024-12-03,433.63,completed,Sports,North,10,2
9237,2024-12-03,1596.24,failed,Home,West,30,3
9238,2024-12-03,2763.89,failed,Sports,East,4,5
9239,2024-12-03,568.67,completed,Food,Central,41,1
9240,2024-12-03,596.85,completed,Clothing,East,34,4
9241,2024-12-03,352.8,completed,Sports,South,30,1
9242,2024-12-03,2518.88,completed,Electronics,West,28,5
9243,2024-12-03,1439.73,failed,Electronics,West,41,1
9244,2024-12-03,207.11,completed,Food,North,43,5
9245,2024-12-03,2514.1,completed,Home,South,45,5
9246,2024-12-03,3654.95,pending,Clothing,West,42,1
9247,2024-12-03,3347.52,refunded,Sports,Central,36,5
9248,2024-12-03,3424.69,completed,Electronics,Central,19,5
9249,2024-12-03,2757.66,completed,Books,North,42,2
9250,2024-12-03,3908.37,refunded,Food,Central,49,1
9251,2024-12-03,321.28,completed,Electronics,East,39,1
9252,2024-12-03,961.66,pending,Food,Central,42,5
9253,2024-12-03,3519.49,completed,Home,South,32,5
9254,2024-12-03,1685.36,completed,Clothing,Central,4,3
9255,2024-12-03,1201.85,completed,Home,East,44,5
9256,2024-12-03,144.96,completed,Clothing,South,17,2
9257,2024-12-03,4343.71,completed,Clothing,South,29,1
9258,2024-12-03,4191.49,completed,Electronics,North,32,4
9259,2024-12-03,311.76,completed,Electronics,Central,41,2
9260,2024-12-03,1528.91,completed,Home,East,3,5
9261,2024-12-04,1080.62,pending,Food,West,4,5
9262,2024-12-04,1041.86,completed,Sports,South,15,5
9263,2024-12-04,1297.82,pending,Electronics,South,24,3
9264,2024-12-04,1492.22,completed,Clothing,Central,28,2
9265,2024-12-04,3535.56,pending,Books,North,8,2
9266,2024-12-04,4849.56,completed,Books,East,47,4
9267,2024-12-04,236.74,completed,Sports,East,40,5
9268,2024-12-04,1621.23,completed,Books,South,43,2
9269,2024-12-04,3340.42,pending,Food,East,18,1
9270,2024-12-04,1536.57,completed,Books,Central,2,1
9271,2024-12-04,963.72,pending,Home,South,36,3
9272,2024-12-04,847.45,completed,Books,South,39,1
9273,2024-12-04,2993.74,refunded,Home,South,1,5
9274,2024-12-04,763.76,completed,Home,East,8,4
9275,2024-12-04,491.77,completed,Home,Central,22,4
9276,2024-12-04,3750.97,completed,Home,East,46,1
9277,2024-12-04,1725.37,completed,Books,West,6,2
9278,2024-12-04,4473.74,completed,Electronics,Central,33,4
9279,2024-12-04,2487.0,pending,Books,North,45,5
9280,2024-12-04,667.61,pending,Books,East,8,5
9281,2024-12-04,971.88,completed,Home,Central,48,3
9282,2024-12-04,4408.53,completed,Food,South,49,4
9283,2024-12-04,636.56,completed,Sports,South,24,1
9284,2024-12-04,1584.48,completed,Electronics,North,6,2
9285,2024-12-04,1524.07,pending,Clothing,North,39,4
9286,2024-12-04,4938.75,completed,Home,East,10,5
9287,2024-12-04,4872.41,failed,Electronics,West,17,1
9288,2024-12-05,3463.42,completed,Home,West,4,4
9289,2024-12-05,1185.21,completed,Books,East,17,4
9290,2024-12-05,904.61,completed,Sports,South,19,4
9291,2024-12-05,309.87,completed,Home,East,21,4
9292,2024-12-05,315.89,completed,Clothing,West,9,5
9293,2024-12-05,4704.65,completed,Food,South,7,2
9294,2024-12-05,3021.54,completed,Electronics,East,49,1
9295,2024-12-05,999.55,failed,Books,East,42,5
9296,2024-12-05,3908.8,pending,Clothing,North,27,1
9297,2024-12-05,391.32,completed,Sports,West,18,4
9298,2024-12-05,2616.72,completed,Books,North,39,2
9299,2024-12-05,986.95,pending,Food,East,38,3
9300,2024-12-05,2248.65,completed,Clothing,North,15,2
9301,2024-12-05,1153.05,completed,Food,South,18,3
9302,2024-12-05,691.14,pending,Sports,East,13,1
9303,2024-12-05,4635.0,pending,Electronics,North,5,3
9304,2024-12-05,4600.43,completed,Home,Central,25,3
9305,2024-12-05,2471.52,pending,Food,Central,43,2
9306,2024-12-05,3933.12,failed,Clothing,South,39,1
9307,2024-12-05,1016.75,completed,Clothing,East,25,2
9308,2024-12-05,1990.85,pending,Home,West,31,4
9309,2024-12-05,1135.46,completed,Books,East,45,1
9310,2024-12-05,427.99,completed,Food,Central,24,1
9311,2024-12-05,2125.14,pending,Books,Central,39,4
9312,2024-12-05,3727.07,completed,Food,East,8,2
9313,2024-12-05,3726.58,completed,Clothing,West,32,1
9314,2024-12-05,2222.5,completed,Clothing,Central,25,3
9315,2024-12-05,2237.14,completed,Electronics,Central,4,5
9316,2024-12-06,3018.48,pending,Electronics,South,32,1
9317,2024-12-06,4666.24,pending,Books,Central,13,4
9318,2024-12-06,758.8,pending,Sports,East,4,5
9319,2024-12-06,2030.52,refunded,Food,Central,18,3
9320,2024-12-06,4529.35,completed,Sports,East,31,1
9321,2024-12-06,2748.04,completed,Food,Central,7,5
9322,2024-12-06,3966.57,completed,Sports,North,48,1
9323,2024-12-06,2318.53,completed,Sports,West,8,4
9324,2024-12-06,4606.05,completed,Clothing,East,11,2
9325,2024-12-06,4452.42,completed,Books,North,5,5
9326,2024-12-06,2235.29,completed,Sports,West,12,5
9327,2024-12-06,35.0,refunded,Books,East,9,3
9328,2024-12-06,2835.14,pending,Books,North,22,3
9329,2024-12-06,1027.56,failed,Clothing,North,47,1
9330,2024-12-06,1210.37,completed,Food,West,36,2
9331,2024-12-06,2154.4,completed,Electronics,Central,48,5
9332,2024-12-06,2255.45,completed,Clothing,East,24,3
9333,2024-12-06,4304.69,completed,Books,South,2,2
9334,2024-12-06,166.13,completed,Books,South,8,5
9335,2024-12-06,1482.45,completed,Food,West,15,4
9336,2024-12-06,3165.27,completed,Home,South,36,3
9337,2024-12-06,3113.68,pending,Food,East,9,1
9338,2024-12-06,1595.66,refunded,Sports,Central,26,2
9339,2024-12-06,897.94,completed,Food,West,47,2
9340,2024-12-06,1392.31,completed,Home,Central,38,2
9341,2024-12-06,4462.75,completed,Home,West,28,2
9342,2024-12-06,1321.68,completed,Electronics,South,13,5
9343,2024-12-07,2463.84,completed,Home,North,17,4
9344,2024-12-07,4712.15,completed,Books,East,49,2
9345,2024-12-07,600.91,completed,Sports,South,22,3
9346,2024-12-07,4354.97,completed,Food,East,8,3
9347,2024-12-07,3719.45,completed,Electronics,Central,19,5
9348,2024-12-07,2432.26,completed,Food,West,48,4
9349,2024-12-07,4745.23,pending,Clothing,North,19,4
9350,2024-12-07,381.31,refunded,Food,South,5,1
9351,2024-12-07,4274.42,completed,Food,North,38,3
9352,2024-12-07,996.43,pending,Books,South,13,1
9353,2024-12-07,1777.46,completed,Clothing,Central,29,4
9354,2024-12-07,620.54,completed,Sports,North,7,5
9355,2024-12-07,2481.49,completed,Electronics,West,23,4
9356,2024-12-07,853.75,completed,Books,North,41,5
9357,2024-12-07,1282.97,failed,Home,North,5,1
9358,2024-12-07,307.53,failed,Sports,North,35,5
9359,2024-12-07,1532.44,completed,Food,East,2,4
9360,2024-12-07,827.64,pending,Food,North,25,3
9361,2024-12-07,3429.88,completed,Books,North,45,3
9362,2024-12-07,3194.5,pending,Food,South,47,2
9363,2024-12-07,3330.65,completed,Home,West,16,5
9364,2024-12-07,3383.31,completed,Electronics,South,9,3
9365,2024-12-07,524.77,pending,Sports,North,14,5
9366,2024-12-07,1077.01,completed,Electronics,North,18,4
9367,2024-12-07,3689.99,completed,Home,North,18,5
9368,2024-12-07,2416.11,refunded,Food,Central,1,3
9369,2024-12-07,3154.19,completed,Electronics,East,24,3
9370,2024-12-08,292.45,completed,Home,North,21,3
9371,2024-12-08,1937.69,completed,Clothing,North,7,1
9372,2024-12-08,2195.64,completed,Home,Central,3,3
9373,2024-12-08,3464.83,completed,Sports,Central,5,3
9374,2024-12-08,4561.19,failed,Home,West,11,2
9375,2024-12-08,2876.93,completed,Books,East,20,4
9376,2024-12-08,3807.95,completed,Food,West,10,2
9377,2024-12-08,3221.05,completed,Food,East,46,1
9378,2024-12-08,4550.43,completed,Sports,South,28,3
9379,2024-12-08,4055.82,completed,Food,East,38,2
9380,2024-12-08,1244.06,completed,Home,Central,15,4
9381,2024-12-08,1119.29,completed,Books,South,16,2
9382,2024-12-08,4560.35,pending,Electronics,South,5,3
9383,2024-12-08,2991.27,failed,Electronics,West,20,5
9384,2024-12-08,2253.59,completed,Food,North,33,3
9385,2024-12-08,3503.7,completed,Electronics,East,10,4
9386,2024-12-08,1415.76,completed,Food,North,9,5
9387,2024-12-08,4044.89,completed,Clothing,North,8,1
9388,2024-12-08,2643.43,completed,Home,South,12,2
9389,2024-12-08,4356.2,completed,Home,West,1,4
9390,2024-12-08,3222.06,completed,Books,North,28,5
9391,2024-12-08,1308.49,pending,Sports,North,11,1
9392,2024-12-08,4827.64,completed,Home,Central,48,1
9393,2024-12-08,2018.13,completed,Home,Central,41,4
9394,2024-12-08,3832.01,refunded,Electronics,East,41,2
9395,2024-12-08,1285.11,completed,Food,East,24,1
9396,2024-12-08,2091.22,refunded,Clothing,Central,41,1
9397,2024-12-08,3694.04,completed,Clothing,South,26,5
9398,2024-12-09,3484.33,completed,Books,East,33,3
9399,2024-12-09,4695.58,completed,Electronics,North,45,2
9400,2024-12-09,3991.13,completed,Clothing,North,15,3
9401,2024-12-09,1627.68,failed,Clothing,South,27,4
9402,2024-12-09,4317.84,completed,Home,East,29,2
9403,2024-12-09,4606.14,completed,Home,North,46,2
9404,2024-12-09,4770.94,completed,Sports,North,40,1
9405,2024-12-09,4503.29,completed,Food,North,9,5
9406,2024-12-09,3479.88,completed,Books,Central,9,2
9407,2024-12-09,3981.12,completed,Books,South,6,5
9408,2024-12-09,3242.79,completed,Electronics,West,47,2
9409,2024-12-09,1605.38,completed,Clothing,Central,31,4
9410,2024-12-09,4082.32,failed,Sports,South,40,3
9411,2024-12-09,1145.57,completed,Home,North,29,2
9412,2024-12-09,2162.2,failed,Home,West,29,3
9413,2024-12-09,1724.07,completed,Clothing,South,5,4
9414,2024-12-09,869.02,pending,Sports,West,24,2
9415,2024-12-09,3996.56,completed,Sports,Central,36,5
9416,2024-12-09,2364.91,completed,Books,Central,37,4
9417,2024-12-09,2639.67,completed,Electronics,South,18,2
9418,2024-12-09,2515.18,pending,Sports,West,47,3
9419,2024-12-09,3449.95,completed,Electronics,East,9,4
9420,2024-12-09,887.72,completed,Books,West,13,2
9421,2024-12-09,2509.03,completed,Food,South,34,4
9422,2024-12-09,1308.64,completed,Electronics,East,5,1
9423,2024-12-09,4858.57,completed,Food,North,26,4
9424,2024-12-09,310.28,completed,Home,South,32,1
9425,2024-12-10,4642.72,completed,Sports,South,13,4
9426,2024-12-10,308.98,failed,Clothing,South,18,1
9427,2024-12-10,555.24,failed,Sports,North,22,4
9428,2024-12-10,4532.26,completed,Clothing,West,15,1
9429,2024-12-10,3242.78,completed,Food,Central,40,3
9430,2024-12-10,1628.83,failed,Home,Central,22,1
9431,2024-12-10,2945.94,pending,Books,West,9,1
9432,2024-12-10,839.1,completed,Sports,West,31,2
9433,2024-12-10,333.69,failed,Home,South,28,5
9434,2024-12-10,255.65,failed,Books,Central,10,3
9435,2024-12-10,1357.41,completed,Food,East,3,2
9436,2024-12-10,905.2,failed,Clothing,West,23,3
9437,2024-12-10,2022.56,completed,Books,North,47,1
9438,2024-12-10,4384.57,failed,Sports,West,23,5
9439,2024-12-10,1898.99,completed,Home,North,16,5
9440,2024-12-10,1998.84,completed,Books,North,12,5
9441,2024-12-10,612.66,completed,Clothing,Central,38,1
9442,2024-12-10,4943.63,completed,Books,West,1,1
9443,2024-12-10,734.78,completed,Home,North,27,1
9444,2024-12-10,1698.16,completed,Clothing,North,11,5
9445,2024-12-10,4729.25,completed,Books,West,3,3
9446,2024-12-10,2280.08,failed,Food,East,2,3
9447,2024-12-10,1697.13,completed,Sports,North,23,3
9448,2024-12-10,3578.66,failed,Food,East,2,4
9449,2024-12-10,174.81,completed,Food,Central,49,5
9450,2024-12-10,1612.77,completed,Clothing,West,29,4
9451,2024-12-10,2905.36,failed,Home,Central,23,2
9452,2024-12-10,4955.14,completed,Food,Central,49,3
9453,2024-12-11,4838.05,completed,Home,Central,39,5
9454,2024-12-11,3134.67,completed,Home,East,17,3
9455,2024-12-11,1707.16,completed,Books,Central,40,4
9456,2024-12-11,2754.76,pending,Clothing,East,41,4
9457,2024-12-11,4670.01,completed,Books,South,1,5
9458,2024-12-11,3339.19,completed,Clothing,East,20,5
9459,2024-12-11,754.53,failed,Food,Central,43,4
9460,2024-12-11,4858.0,completed,Home,South,33,3
9461,2024-12-11,4512.01,completed,Sports,East,46,1
9462,2024-12-11,1091.72,pending,Sports,South,24,2
9463,2024-12-11,3287.66,completed,Books,South,7,3
9464,2024-12-11,4392.35,pending,Books,North,49,4
9465,2024-12-11,1110.4,completed,Books,Central,19,5
9466,2024-12-11,4618.97,completed,Sports,Central,32,4
9467,2024-12-11,908.45,completed,Clothing,Central,24,1
9468,2024-12-11,1792.28,failed,Electronics,North,28,4
9469,2024-12-11,4716.19,pending,Clothing,North,47,5
9470,2024-12-11,4733.86,completed,Sports,Central,18,2
9471,2024-12-11,126.19,completed,Home,Central,49,2
9472,2024-12-11,4333.3,completed,Home,South,40,1
9473,2024-12-11,3471.68,completed,Home,East,3,1
9474,2024-12-11,4359.89,completed,Food,West,49,3
9475,2024-12-11,2314.96,completed,Clothing,South,31,5
9476,2024-12-11,4907.72,completed,Home,West,14,2
9477,2024-12-11,3743.68,completed,Food,West,30,1
9478,2024-12-11,3799.2,completed,Books,South,7,2
9479,2024-12-11,2140.42,completed,Home,North,44,1
9480,2024-12-12,1967.69,pending,Electronics,East,48,4
9481,2024-12-12,1035.73,completed,Sports,Central,49,1
9482,2024-12-12,300.63,pending,Electronics,East,35,2
9483,2024-12-12,4508.3,completed,Books,North,44,4
9484,2024-12-12,2957.56,failed,Electronics,North,3,5
9485,2024-12-12,2795.0,completed,Sports,Central,48,1
9486,2024-12-12,1696.75,pending,Home,North,10,2
9487,2024-12-12,3701.1,completed,Books,North,48,2
9488,2024-12-12,2040.34,completed,Home,West,38,1
9489,2024-12-12,4048.52,completed,Sports,North,34,2
9490,2024-12-12,408.32,completed,Electronics,East,45,3
9491,2024-12-12,1244.68,pending,Food,North,7,4
9492,2024-12-12,1424.21,completed,Food,Central,4,2
9493,2024-12-12,126.42,completed,Home,North,7,2
9494,2024-12-12,3320.57,completed,Home,South,6,2
9495,2024-12-12,3511.08,completed,Sports,South,2,5
9496,2024-12-12,2072.83,completed,Books,South,7,1
9497,2024-12-12,3979.31,completed,Electronics,South,28,4
9498,2024-12-12,4769.11,completed,Sports,West,46,2
9499,2024-12-12,3686.14,completed,Food,East,1,4
9500,2024-12-12,3369.63,completed,Clothing,West,46,4
9501,2024-12-12,2253.61,refunded,Home,East,9,2
9502,2024-12-12,2771.87,failed,Electronics,South,31,4
9503,2024-12-12,1447.68,completed,Books,Central,22,1
9504,2024-12-12,1228.11,completed,Clothing,North,21,3
9505,2024-12-12,140.79,failed,Sports,Central,18,2
9506,2024-12-12,2409.52,failed,Sports,North,28,2
9507,2024-12-13,1133.14,pending,Clothing,East,16,3
9508,2024-12-13,2342.14,completed,Home,North,32,4
9509,2024-12-13,4063.66,pending,Electronics,East,34,5
9510,2024-12-13,1841.99,pending,Sports,South,42,4
9511,2024-12-13,1616.27,pending,Books,North,27,2
9512,2024-12-13,2239.7,pending,Food,South,33,3
9513,2024-12-13,2482.51,completed,Food,East,6,3
9514,2024-12-13,1370.62,failed,Food,North,34,4
9515,2024-12-13,3003.6,failed,Sports,East,26,4
9516,2024-12-13,154.69,completed,Home,West,48,3
9517,2024-12-13,2435.75,refunded,Home,South,35,3
9518,2024-12-13,3248.62,completed,Books,South,9,4
9519,2024-12-13,2336.66,completed,Home,East,36,3
9520,2024-12-13,4891.53,completed,Food,East,37,3
9521,2024-12-13,783.62,completed,Food,West,29,2
9522,2024-12-13,2270.73,completed,Clothing,Central,47,2
9523,2024-12-13,1466.06,refunded,Sports,West,27,4
9524,2024-12-13,4517.09,completed,Sports,South,9,1
9525,2024-12-13,906.23,failed,Books,Central,2,2
9526,2024-12-13,2611.92,completed,Electronics,South,19,1
9527,2024-12-13,2127.36,completed,Food,West,12,2
9528,2024-12-13,4586.96,completed,Food,South,19,3
9529,2024-12-13,2792.44,completed,Books,South,23,1
9530,2024-12-13,2333.64,refunded,Sports,North,43,1
9531,2024-12-13,2937.01,completed,Clothing,Central,18,5
9532,2024-12-13,3559.98,completed,Sports,South,30,5
9533,2024-12-13,169.61,failed,Books,North,35,3
9534,2024-12-13,1241.35,completed,Electronics,Central,31,2
9535,2024-12-14,1186.27,completed,Clothing,Central,36,3
9536,2024-12-14,2083.74,completed,Food,North,30,1
9537,2024-12-14,2886.09,pending,Books,Central,37,2
9538,2024-12-14,4580.29,completed,Food,South,22,5
9539,2024-12-14,2833.19,completed,Sports,West,17,1
9540,2024-12-14,915.46,pending,Clothing,North,9,5
9541,2024-12-14,2634.02,completed,Food,North,1,5
9542,2024-12-14,2148.59,pending,Clothing,North,3,2
9543,2024-12-14,3232.22,failed,Clothing,West,3,3
9544,2024-12-14,3187.76,completed,Books,South,14,4
9545,2024-12-14,3304.12,completed,Clothing,North,21,1
9546,2024-12-14,4986.49,completed,Food,Central,49,4
9547,2024-12-14,147.75,completed,Books,South,24,5
9548,2024-12-14,3813.57,completed,Books,North,40,3
9549,2024-12-14,4275.68,failed,Sports,Central,28,5
9550,2024-12-14,1233.25,completed,Books,West,11,3
9551,2024-12-14,3789.39,completed,Home,West,23,1
9552,2024-12-14,533.86,completed,Home,North,14,5
9553,2024-12-14,2717.24,pending,Food,North,33,3
9554,2024-12-14,1618.75,completed,Books,West,26,3
9555,2024-12-14,1147.72,completed,Electronics,West,6,2
9556,2024-12-14,3239.37,failed,Sports,Central,33,3
9557,2024-12-14,2019.09,completed,Books,Central,28,3
9558,2024-12-14,838.64,completed,Home,South,4,4
9559,2024-12-14,3036.91,failed,Electronics,East,35,3
9560,2024-12-14,2538.99,completed,Food,East,4,5
9561,2024-12-14,220.79,completed,Books,East,21,2
9562,2024-12-15,4105.59,completed,Clothing,East,32,5
9563,2024-12-15,4933.88,pending,Clothing,Central,32,4
9564,2024-12-15,1717.87,completed,Clothing,South,30,4
9565,2024-12-15,4936.62,failed,Books,East,33,4
9566,2024-12-15,4979.15,pending,Sports,North,27,3
9567,2024-12-15,2327.2,completed,Books,East,20,1
9568,2024-12-15,4604.17,completed,Clothing,North,16,4
9569,2024-12-15,3913.6,pending,Electronics,Central,37,2
9570,2024-12-15,4174.08,completed,Electronics,South,24,1
9571,2024-12-15,621.31,completed,Sports,South,33,2
9572,2024-12-15,3903.8,completed,Electronics,South,33,5
9573,2024-12-15,1190.33,pending,Home,South,32,1
9574,2024-12-15,3739.92,completed,Food,East,12,1
9575,2024-12-15,1187.13,completed,Books,South,30,2
9576,2024-12-15,3921.77,pending,Electronics,North,2,1
9577,2024-12-15,4469.86,refunded,Sports,North,32,1
9578,2024-12-15,2513.69,completed,Home,West,25,1
9579,2024-12-15,2171.82,completed,Home,South,22,4
9580,2024-12-15,737.01,completed,Electronics,North,35,4
9581,2024-12-15,1187.56,completed,Home,West,37,2
9582,2024-12-15,4961.15,completed,Clothing,North,10,2
9583,2024-12-15,3656.72,pending,Books,West,26,4
9584,2024-12-15,3847.77,completed,Home,South,18,3
9585,2024-12-15,4071.9,failed,Books,East,27,2
9586,2024-12-15,2922.37,completed,Sports,West,16,2
9587,2024-12-15,2211.16,completed,Clothing,East,24,3
9588,2024-12-15,1746.96,completed,Home,North,41,5
9589,2024-12-15,146.05,completed,Books,West,12,2
9590,2024-12-16,4050.5,refunded,Home,West,48,5
9591,2024-12-16,4325.77,refunded,Electronics,South,44,2
9592,2024-12-16,1721.3,pending,Food,West,25,3
9593,2024-12-16,2579.95,completed,Sports,North,40,3
9594,2024-12-16,2894.33,pending,Electronics,South,20,5
9595,2024-12-16,3290.75,refunded,Clothing,Central,46,4
9596,2024-12-16,3252.93,completed,Sports,North,31,2
9597,2024-12-16,991.64,completed,Home,South,30,4
9598,2024-12-16,3436.47,completed,Food,Central,48,4
9599,2024-12-16,3765.15,completed,Electronics,East,36,1
9600,2024-12-16,96.16,completed,Electronics,South,37,1
9601,2024-12-16,3093.24,completed,Sports,West,48,2
9602,2024-12-16,2089.42,completed,Sports,West,4,5
9603,2024-12-16,4426.79,completed,Books,East,13,5
9604,2024-12-16,4719.22,completed,Electronics,West,21,3
9605,2024-12-16,2922.9,failed,Food,West,1,2
9606,2024-12-16,2004.05,completed,Clothing,East,10,4
9607,2024-12-16,4690.96,completed,Books,North,29,1
9608,2024-12-16,1356.3,pending,Books,East,8,4
9609,2024-12-16,2467.83,completed,Home,Central,43,4
9610,2024-12-16,1772.08,pending,Clothing,South,34,4
9611,2024-12-16,776.61,failed,Books,North,21,5
9612,2024-12-16,4472.54,completed,Electronics,East,37,2
9613,2024-12-16,1259.93,completed,Clothing,South,12,5
9614,2024-12-16,3978.75,completed,Sports,Central,24,4
9615,2024-12-16,3768.42,completed,Books,West,37,2
9616,2024-12-16,3337.52,completed,Clothing,West,23,4
9617,2024-12-17,553.85,pending,Food,East,28,1
9618,2024-12-17,2009.21,completed,Home,South,18,1
9619,2024-12-17,4635.05,pending,Clothing,West,46,2
9620,2024-12-17,1835.93,completed,Electronics,West,47,1
9621,2024-12-17,111.39,completed,Electronics,South,19,5
9622,2024-12-17,3630.57,completed,Food,West,14,4
9623,2024-12-17,3441.1,completed,Books,Central,15,5
9624,2024-12-17,2904.95,completed,Home,East,11,2
9625,2024-12-17,1820.7,pending,Books,South,26,1
9626,2024-12-17,1620.82,refunded,Electronics,East,47,4
9627,2024-12-17,1155.4,completed,Clothing,East,49,3
9628,2024-12-17,2962.82,failed,Home,East,28,5
9629,2024-12-17,4980.76,completed,Electronics,West,30,2
9630,2024-12-17,3919.29,refunded,Home,West,7,2
9631,2024-12-17,3277.65,completed,Sports,West,20,2
9632,2024-12-17,2851.82,completed,Electronics,West,40,5
9633,2024-12-17,3529.59,pending,Books,West,25,5
9634,2024-12-17,2514.56,completed,Books,Central,31,3
9635,2024-12-17,4238.66,refunded,Electronics,South,32,2
9636,2024-12-17,2913.55,failed,Electronics,Central,40,3
9637,2024-12-17,1244.79,completed,Clothing,North,25,1
9638,2024-12-17,2820.87,completed,Home,Central,30,2
9639,2024-12-17,1234.59,completed,Electronics,East,5,3
9640,2024-12-17,2682.99,completed,Home,Central,43,5
9641,2024-12-17,4024.96,completed,Books,Central,26,1
9642,2024-12-17,3640.52,completed,Food,North,37,4
9643,2024-12-17,1359.07,completed,Clothing,East,30,2
9644,2024-12-18,3649.18,completed,Home,South,34,4
9645,2024-12-18,627.7,failed,Food,North,22,3
9646,2024-12-18,3230.28,completed,Clothing,South,42,5
9647,2024-12-18,1581.21,completed,Home,West,2,1
9648,2024-12-18,3089.56,completed,Books,West,14,1
9649,2024-12-18,4313.17,completed,Sports,North,11,4
9650,2024-12-18,677.49,pending,Clothing,East,4,1
9651,2024-12-18,3485.43,completed,Home,West,23,5
9652,2024-12-18,3419.77,pending,Electronics,Central,3,1
9653,2024-12-18,3787.06,completed,Home,South,18,2
9654,2024-12-18,4846.8,completed,Food,West,10,5
9655,2024-12-18,2419.97,refunded,Electronics,West,25,3
9656,2024-12-18,690.18,completed,Food,East,23,5
9657,2024-12-18,3482.77,completed,Food,South,33,4
9658,2024-12-18,2731.08,completed,Clothing,Central,1,3
9659,2024-12-18,4061.39,completed,Home,North,9,5
9660,2024-12-18,3967.0,pending,Books,West,33,4
9661,2024-12-18,3668.27,completed,Electronics,Central,8,4
9662,2024-12-18,1991.25,completed,Home,North,47,5
9663,2024-12-18,2383.71,pending,Food,West,45,1
9664,2024-12-18,4581.09,pending,Sports,East,21,2
9665,2024-12-18,2185.5,pending,Electronics,West,37,3
9666,2024-12-18,2937.14,completed,Food,Central,27,2
9667,2024-12-18,3420.74,completed,Sports,South,27,2
9668,2024-12-18,587.52,completed,Food,West,47,5
9669,2024-12-18,3849.38,completed,Electronics,Central,45,1
9670,2024-12-18,84.6,pending,Home,North,6,1
9671,2024-12-18,4910.55,failed,Books,Central,16,3
9672,2024-12-19,2846.32,pending,Books,North,20,3
9673,2024-12-19,848.61,completed,Clothing,North,18,5
9674,2024-12-19,3923.11,completed,Food,West,49,3
9675,2024-12-19,4224.18,completed,Home,Central,39,5
9676,2024-12-19,1031.8,completed,Clothing,West,7,2
9677,2024-12-19,215.86,completed,Clothing,North,30,5
9678,2024-12-19,2627.23,pending,Home,Central,44,3
9679,2024-12-19,3206.43,pending,Food,South,12,1
9680,2024-12-19,849.63,refunded,Food,South,20,5
9681,2024-12-19,2812.41,completed,Electronics,West,31,2
9682,2024-12-19,2636.69,completed,Clothing,Central,26,4
9683,2024-12-19,4319.36,completed,Home,West,37,5
9684,2024-12-19,4081.0,failed,Home,Central,41,4
9685,2024-12-19,668.46,completed,Home,South,13,2
9686,2024-12-19,3538.03,completed,Sports,East,49,2
9687,2024-12-19,2519.31,completed,Sports,East,19,1
9688,2024-12-19,2336.63,pending,Home,East,2,2
9689,2024-12-19,820.06,completed,Electronics,Central,5,3
9690,2024-12-19,3740.74,completed,Clothing,South,18,2
9691,2024-12-19,4343.15,pending,Electronics,North,20,5
9692,2024-12-19,1035.49,completed,Home,South,15,3
9693,2024-12-19,156.74,completed,Books,North,21,3
9694,2024-12-19,3049.66,completed,Home,North,23,1
9695,2024-12-19,4906.6,completed,Books,South,11,5
9696,2024-12-19,3397.28,completed,Books,South,8,5
9697,2024-12-19,1271.0,refunded,Sports,Central,3,4
9698,2024-12-19,4364.94,completed,Home,North,16,5
9699,2024-12-20,2694.93,completed,Home,South,31,4
9700,2024-12-20,2553.7,completed,Food,West,31,5
9701,2024-12-20,295.82,completed,Books,West,1,3
9702,2024-12-20,312.75,completed,Books,North,40,2
9703,2024-12-20,2900.71,pending,Clothing,East,39,3
9704,2024-12-20,4035.41,failed,Books,Central,48,4
9705,2024-12-20,3768.31,completed,Food,South,20,5
9706,2024-12-20,4704.42,pending,Sports,Central,13,5
9707,2024-12-20,2518.78,completed,Home,Central,23,1
9708,2024-12-20,3107.41,completed,Sports,South,48,3
9709,2024-12-20,3139.67,completed,Clothing,South,25,4
9710,2024-12-20,1907.18,completed,Home,Central,15,3
9711,2024-12-20,24.16,completed,Clothing,East,13,1
9712,2024-12-20,4196.11,completed,Food,East,46,1
9713,2024-12-20,344.79,pending,Books,East,17,4
9714,2024-12-20,4796.73,failed,Books,Central,37,5
9715,2024-12-20,4220.83,completed,Sports,North,24,4
9716,2024-12-20,527.88,completed,Food,West,21,4
9717,2024-12-20,618.92,pending,Books,North,9,3
9718,2024-12-20,3688.22,completed,Sports,North,48,5
9719,2024-12-20,2722.9,completed,Books,North,16,2
9720,2024-12-20,3248.07,completed,Sports,West,2,2
9721,2024-12-20,1456.87,completed,Home,Central,34,4
9722,2024-12-20,4419.62,completed,Home,West,39,4
9723,2024-12-20,2719.43,completed,Books,East,46,5
9724,2024-12-20,2831.69,completed,Home,Central,34,2
9725,2024-12-20,4953.01,refunded,Food,South,9,1
9726,2024-12-20,3860.02,completed,Books,West,5,1
9727,2024-12-21,3447.15,refunded,Electronics,West,4,5
9728,2024-12-21,4334.57,completed,Electronics,West,14,5
9729,2024-12-21,4954.83,completed,Food,South,35,4
9730,2024-12-21,4064.55,completed,Books,West,22,1
9731,2024-12-21,4033.88,pending,Food,North,12,4
9732,2024-12-21,964.79,completed,Books,Central,12,4
9733,2024-12-21,4367.99,completed,Clothing,North,31,4
9734,2024-12-21,4407.25,completed,Electronics,West,46,3
9735,2024-12-21,2989.29,refunded,Sports,East,16,1
9736,2024-12-21,3256.63,completed,Clothing,West,8,5
9737,2024-12-21,3122.62,completed,Clothing,North,10,3
9738,2024-12-21,2729.3,pending,Home,North,28,3
9739,2024-12-21,925.08,completed,Electronics,South,41,5
9740,2024-12-21,3291.94,completed,Food,Central,27,4
9741,2024-12-21,1903.24,completed,Books,East,48,2
9742,2024-12-21,2687.15,completed,Home,Central,27,4
9743,2024-12-21,4506.55,completed,Food,South,16,3
9744,2024-12-21,554.79,completed,Clothing,East,7,2
9745,2024-12-21,4777.72,completed,Clothing,East,4,3
9746,2024-12-21,2845.29,completed,Home,Central,25,5
9747,2024-12-21,4749.61,pending,Clothing,East,25,5
9748,2024-12-21,1011.24,completed,Sports,East,46,1
9749,2024-12-21,280.9,completed,Home,South,2,1
9750,2024-12-21,3108.84,refunded,Sports,East,11,1
9751,2024-12-21,2639.04,pending,Books,East,11,1
9752,2024-12-21,3677.09,completed,Books,Central,4,4
9753,2024-12-21,3011.24,pending,Food,East,5,4
9754,2024-12-22,2576.29,completed,Books,South,47,3
9755,2024-12-22,4513.7,completed,Sports,West,2,4
9756,2024-12-22,1623.81,completed,Sports,West,46,2
9757,2024-12-22,1365.01,completed,Electronics,South,36,2
9758,2024-12-22,4021.92,failed,Clothing,Central,28,4
9759,2024-12-22,1764.67,completed,Sports,South,7,3
9760,2024-12-22,2819.75,pending,Food,Central,44,4
9761,2024-12-22,3074.1,completed,Food,South,40,2
9762,2024-12-22,1479.38,completed,Home,West,48,5
9763,2024-12-22,1785.18,completed,Electronics,South,13,4
9764,2024-12-22,213.09,completed,Home,South,9,1
9765,2024-12-22,1404.89,completed,Books,North,25,4
9766,2024-12-22,1637.2,completed,Home,West,11,5
9767,2024-12-22,93.87,completed,Food,East,6,5
9768,2024-12-22,4117.59,completed,Sports,North,27,4
9769,2024-12-22,4427.89,completed,Clothing,South,4,1
9770,2024-12-22,894.62,completed,Sports,West,35,5
9771,2024-12-22,3031.14,pending,Clothing,West,8,4
9772,2024-12-22,2215.41,completed,Home,West,40,3
9773,2024-12-22,647.81,pending,Books,Central,37,5
9774,2024-12-22,134.57,refunded,Sports,Central,25,5
9775,2024-12-22,3321.11,completed,Home,South,38,1
9776,2024-12-22,407.65,completed,Electronics,South,2,4
9777,2024-12-22,4456.2,completed,Food,South,49,5
9778,2024-12-22,3950.39,completed,Books,West,4,5
9779,2024-12-22,3624.21,completed,Electronics,West,38,4
9780,2024-12-22,4215.38,failed,Electronics,East,42,4
9781,2024-12-23,542.02,completed,Books,West,29,2
9782,2024-12-23,3138.24,failed,Clothing,West,28,3
9783,2024-12-23,1039.9,completed,Food,Central,16,2
9784,2024-12-23,2603.61,pending,Sports,West,3,2
9785,2024-12-23,1799.17,completed,Sports,East,31,4
9786,2024-12-23,620.72,completed,Home,North,35,3
9787,2024-12-23,3675.33,failed,Electronics,East,21,1
9788,2024-12-23,1516.34,pending,Electronics,West,31,4
9789,2024-12-23,623.29,completed,Electronics,Central,17,2
9790,2024-12-23,4398.28,completed,Sports,North,21,2
9791,2024-12-23,681.83,completed,Electronics,South,16,3
9792,2024-12-23,1035.03,completed,Food,Central,43,1
9793,2024-12-23,128.33,completed,Electronics,Central,36,4
9794,2024-12-23,2597.68,failed,Sports,North,15,1
9795,2024-12-23,4128.31,completed,Sports,South,29,4
9796,2024-12-23,4257.62,completed,Books,Central,38,4
9797,2024-12-23,3721.47,completed,Home,North,5,2
9798,2024-12-23,2362.02,completed,Books,South,17,5
9799,2024-12-23,4448.37,pending,Sports,Central,25,3
9800,2024-12-23,3837.99,completed,Food,East,28,1
9801,2024-12-23,4447.31,completed,Home,Central,11,1
9802,2024-12-23,1204.94,completed,Food,East,49,2
9803,2024-12-23,3010.42,completed,Clothing,South,10,1
9804,2024-12-23,117.69,refunded,Books,East,31,3
9805,2024-12-23,2612.22,completed,Clothing,West,12,1
9806,2024-12-23,4385.66,pending,Sports,West,28,4
9807,2024-12-23,3694.95,failed,Books,East,39,3
9808,2024-12-23,3883.09,completed,Food,West,28,4
9809,2024-12-24,1592.28,completed,Electronics,North,20,1
9810,2024-12-24,1996.79,completed,Food,South,35,5
9811,2024-12-24,4931.43,failed,Books,West,31,4
9812,2024-12-24,1343.71,completed,Books,West,40,3
9813,2024-12-24,440.34,completed,Electronics,Central,29,5
9814,2024-12-24,1951.19,completed,Electronics,East,39,3
9815,2024-12-24,3838.51,pending,Sports,East,29,3
9816,2024-12-24,2622.82,completed,Clothing,West,38,5
9817,2024-12-24,228.12,completed,Home,North,5,5
9818,2024-12-24,3326.97,completed,Clothing,West,17,2
9819,2024-12-24,3680.67,completed,Food,South,7,4
9820,2024-12-24,3017.85,completed,Home,West,12,2
9821,2024-12-24,864.98,completed,Electronics,Central,15,1
9822,2024-12-24,963.36,completed,Home,North,20,2
9823,2024-12-24,2042.61,completed,Electronics,South,19,1
9824,2024-12-24,1797.45,failed,Clothing,West,26,2
9825,2024-12-24,518.39,completed,Clothing,North,31,2
9826,2024-12-24,4298.11,completed,Sports,East,40,3
9827,2024-12-24,4623.85,completed,Books,West,33,5
9828,2024-12-24,727.66,completed,Food,North,26,2
9829,2024-12-24,2816.1,completed,Books,Central,3,2
9830,2024-12-24,2154.6,failed,Books,North,19,5
9831,2024-12-24,2050.95,completed,Sports,West,26,2
9832,2024-12-24,2905.84,pending,Food,South,27,5
9833,2024-12-24,2280.03,pending,Home,East,44,4
9834,2024-12-24,2263.0,completed,Food,Central,4,5
9835,2024-12-24,726.72,failed,Home,Central,46,5
9836,2024-12-25,3556.08,completed,Sports,West,27,4
9837,2024-12-25,2903.85,completed,Food,South,20,4
9838,2024-12-25,289.45,completed,Clothing,North,26,4
9839,2024-12-25,1883.42,completed,Books,West,38,5
9840,2024-12-25,1096.72,completed,Electronics,Central,29,1
9841,2024-12-25,1955.92,failed,Food,South,23,1
9842,2024-12-25,603.1,completed,Books,West,43,3
9843,2024-12-25,3056.62,failed,Food,South,10,2
9844,2024-12-25,2911.8,completed,Electronics,East,28,4
9845,2024-12-25,2967.95,pending,Books,North,32,2
9846,2024-12-25,1836.87,completed,Home,Central,28,5
9847,2024-12-25,3612.99,completed,Food,Central,25,1
9848,2024-12-25,4214.81,completed,Food,West,34,1
9849,2024-12-25,2087.57,completed,Sports,North,35,4
9850,2024-12-25,2170.93,failed,Electronics,East,48,3
9851,2024-12-25,4493.25,completed,Home,East,43,5
9852,2024-12-25,3029.79,completed,Food,West,36,3
9853,2024-12-25,2553.31,pending,Sports,West,2,5
9854,2024-12-25,3688.35,completed,Clothing,North,10,1
9855,2024-12-25,1557.62,completed,Clothing,Central,48,3
9856,2024-12-25,173.46,completed,Sports,East,22,5
9857,2024-12-25,3512.59,completed,Clothing,North,2,1
9858,2024-12-25,3233.87,pending,Sports,South,7,5
9859,2024-12-25,2148.42,refunded,Sports,West,2,5
9860,2024-12-25,238.77,completed,Sports,South,2,1
9861,2024-12-25,4700.94,completed,Sports,East,45,3
9862,2024-12-25,3656.54,completed,Food,East,41,2
9863,2024-12-25,1933.87,completed,Home,South,4,1
9864,2024-12-26,1013.26,completed,Home,South,18,3
9865,2024-12-26,2781.17,failed,Food,East,46,2
9866,2024-12-26,116.09,refunded,Electronics,North,14,2
9867,2024-12-26,2291.45,refunded,Electronics,West,40,5
9868,2024-12-26,4942.08,completed,Food,Central,24,4
9869,2024-12-26,3698.6,completed,Electronics,West,29,2
9870,2024-12-26,4924.8,completed,Home,North,11,5
9871,2024-12-26,1986.11,failed,Food,East,15,5
9872,2024-12-26,444.76,pending,Food,Central,3,3
9873,2024-12-26,4825.9,completed,Books,West,5,4
9874,2024-12-26,4327.59,completed,Home,West,33,5
9875,2024-12-26,2817.06,failed,Books,West,49,2
9876,2024-12-26,1156.92,completed,Sports,North,11,1
9877,2024-12-26,3696.35,completed,Books,West,39,1
9878,2024-12-26,105.97,completed,Food,South,2,2
9879,2024-12-26,4573.01,completed,Electronics,North,22,1
9880,2024-12-26,3488.94,completed,Sports,West,37,4
9881,2024-12-26,887.2,failed,Food,West,17,5
9882,2024-12-26,831.04,completed,Home,North,47,3
9883,2024-12-26,299.31,completed,Electronics,West,4,5
9884,2024-12-26,3854.74,failed,Home,West,6,4
9885,2024-12-26,647.99,completed,Sports,South,25,5
9886,2024-12-26,2605.15,completed,Clothing,South,23,3
9887,2024-12-26,1797.36,pending,Books,Central,2,2
9888,2024-12-26,2749.89,completed,Sports,North,11,5
9889,2024-12-26,3477.1,completed,Sports,West,35,4
9890,2024-12-26,1057.71,completed,Clothing,West,3,2
9891,2024-12-27,1010.48,refunded,Sports,South,24,3
9892,2024-12-27,1694.62,pending,Electronics,South,20,1
9893,2024-12-27,4676.59,completed,Electronics,East,2,2
9894,2024-12-27,2225.71,completed,Food,South,40,4
9895,2024-12-27,1292.22,failed,Electronics,North,7,2
9896,2024-12-27,2602.56,pending,Books,East,16,3
9897,2024-12-27,910.05,completed,Clothing,West,14,5
9898,2024-12-27,3828.31,pending,Clothing,East,5,4
9899,2024-12-27,1603.17,completed,Books,West,33,2
9900,2024-12-27,4913.36,completed,Home,West,30,2
9901,2024-12-27,3153.17,failed,Electronics,East,12,3
9902,2024-12-27,3061.71,completed,Clothing,West,42,4
9903,2024-12-27,1459.7,completed,Food,North,5,5
9904,2024-12-27,900.25,completed,Electronics,Central,17,1
9905,2024-12-27,398.04,completed,Clothing,North,4,2
9906,2024-12-27,4279.8,refunded,Food,West,22,1
9907,2024-12-27,4898.31,completed,Food,West,8,4
9908,2024-12-27,1084.14,pending,Books,Central,9,1
9909,2024-12-27,4967.2,pending,Home,South,49,1
9910,2024-12-27,3083.41,pending,Clothing,South,49,4
9911,2024-12-27,3935.67,pending,Clothing,South,3,4
9912,2024-12-27,4941.87,pending,Home,East,48,4
9913,2024-12-27,4876.59,completed,Food,South,17,1
9914,2024-12-27,2844.5,completed,Electronics,Central,40,3
9915,2024-12-27,2640.09,refunded,Home,West,5,4
9916,2024-12-27,3382.02,completed,Books,Central,4,1
9917,2024-12-27,1106.68,completed,Home,East,27,4
9918,2024-12-28,1950.14,completed,Home,Central,15,1
9919,2024-12-28,4139.65,completed,Books,North,18,5
9920,2024-12-28,557.88,completed,Sports,East,10,2
9921,2024-12-28,2300.67,completed,Electronics,West,18,5
9922,2024-12-28,1585.3,completed,Books,East,6,2
9923,2024-12-28,2916.68,completed,Electronics,West,18,5
9924,2024-12-28,955.09,refunded,Electronics,North,21,3
9925,2024-12-28,4641.01,completed,Sports,Central,8,1
9926,2024-12-28,3960.53,refunded,Electronics,North,21,4
9927,2024-12-28,415.51,completed,Electronics,North,35,4
9928,2024-12-28,1636.04,completed,Food,East,47,5
9929,2024-12-28,225.53,completed,Food,West,9,2
9930,2024-12-28,624.73,completed,Home,South,36,5
9931,2024-12-28,2123.97,refunded,Sports,Central,31,2
9932,2024-12-28,1653.99,completed,Electronics,South,4,2
9933,2024-12-28,2607.88,pending,Electronics,West,9,2
9934,2024-12-28,1461.57,pending,Home,North,3,1
9935,2024-12-28,1667.58,completed,Sports,West,14,3
9936,2024-12-28,4791.3,completed,Sports,West,47,5
9937,2024-12-28,4375.78,completed,Clothing,North,19,4
9938,2024-12-28,76.75,completed,Home,Central,40,4
9939,2024-12-28,3015.36,pending,Food,West,29,4
9940,2024-12-28,719.38,completed,Electronics,East,2,2
9941,2024-12-28,3949.28,failed,Home,Central,8,5
9942,2024-12-28,4181.4,pending,Electronics,Central,43,5
9943,2024-12-28,3305.28,completed,Electronics,South,27,4
9944,2024-12-28,3369.1,completed,Food,Central,25,1
9945,2024-12-28,4258.7,completed,Sports,Central,21,1
9946,2024-12-29,518.17,completed,Books,North,37,2
9947,2024-12-29,3541.26,completed,Electronics,West,10,5
9948,2024-12-29,608.47,completed,Home,Central,29,3
9949,2024-12-29,221.11,failed,Books,North,27,5
9950,2024-12-29,3196.62,completed,Home,North,34,2
9951,2024-12-29,1367.7,completed,Books,West,49,4
9952,2024-12-29,238.94,completed,Clothing,North,16,1
9953,2024-12-29,325.01,completed,Electronics,South,46,3
9954,2024-12-29,4898.67,completed,Sports,East,26,1
9955,2024-12-29,1123.24,completed,Electronics,Central,11,1
9956,2024-12-29,2045.09,completed,Home,West,10,4
9957,2024-12-29,1339.98,refunded,Sports,South,40,2
9958,2024-12-29,4677.3,completed,Food,East,20,5
9959,2024-12-29,378.37,completed,Books,East,31,5
9960,2024-12-29,2720.6,completed,Food,South,5,5
9961,2024-12-29,2394.18,completed,Electronics,East,40,4
9962,2024-12-29,3463.62,failed,Home,West,33,3
9963,2024-12-29,4492.6,completed,Sports,North,10,2
9964,2024-12-29,11.98,failed,Home,Central,3,4
9965,2024-12-29,92.63,completed,Books,West,27,4
9966,2024-12-29,1892.64,completed,Home,West,15,2
9967,2024-12-29,2014.08,pending,Electronics,East,29,2
9968,2024-12-29,4453.48,completed,Books,South,5,4
9969,2024-12-29,1401.54,pending,Home,West,36,4
9970,2024-12-29,4243.19,completed,Food,Central,33,3
9971,2024-12-29,455.45,completed,Food,North,48,1
9972,2024-12-29,396.24,completed,Sports,South,23,4
9973,2024-12-30,3728.15,completed,Food,Central,23,1
9974,2024-12-30,3815.59,pending,Electronics,Central,18,1
9975,2024-12-30,481.49,completed,Clothing,Central,31,5
9976,2024-12-30,4965.34,completed,Home,North,24,4
9977,2024-12-30,411.51,completed,Clothing,North,40,4
9978,2024-12-30,4422.08,completed,Clothing,Central,8,3
9979,2024-12-30,977.67,completed,Food,Central,7,4
9980,2024-12-30,119.69,completed,Food,South,44,3
9981,2024-12-30,4275.42,completed,Home,South,48,5
9982,2024-12-30,929.82,completed,Sports,East,17,2
9983,2024-12-30,2651.79,completed,Sports,North,32,3
9984,2024-12-30,4135.75,failed,Electronics,Central,33,2
9985,2024-12-30,782.04,completed,Home,Central,27,3
9986,2024-12-30,3707.87,completed,Food,West,47,1
9987,2024-12-30,2662.39,completed,Electronics,North,45,5
9988,2024-12-30,1286.77,pending,Clothing,East,7,2
9989,2024-12-30,217.37,completed,Books,East,23,3
9990,2024-12-30,1322.04,pending,Electronics,West,34,2
9991,2024-12-30,2129.56,completed,Sports,North,42,1
9992,2024-12-30,1845.96,completed,Clothing,East,1,4
9993,2024-12-30,3587.32,pending,Home,Central,22,3
9994,2024-12-30,2055.03,completed,Electronics,North,47,1
9995,2024-12-30,1907.9,completed,Home,Central,24,4
9996,2024-12-30,4063.12,completed,Sports,East,17,1
9997,2024-12-30,2325.0,completed,Clothing,North,4,5
9998,2024-12-30,4927.6,completed,Food,West,15,5
9999,2024-12-30,2876.56,completed,Electronics,West,30,4
10000,2024-12-31,4686.67,completed,Electronics,North,16,3
