id,date,amount,status,category,region,quantity,rating
1,2024-01-01,3031.2,completed,Books,West,19,3
2,2024-01-01,3663.45,completed,Books,South,42,4
3,2024-01-01,4525.97,completed,Clothing,East,43,1
4,2024-01-01,184.22,completed,Books,West,37,3
5,2024-01-01,1478.62,failed,Home,Central,38,5
6,2024-01-01,4000.73,completed,Food,North,25,5
7,2024-01-01,4000.9,completed,Clothing,West,12,1
8,2024-01-01,2893.47,pending,Books,South,30,3
9,2024-01-01,321.15,completed,Electronics,Central,49,2
10,2024-01-01,2937.44,refunded,Home,West,36,2
11,2024-01-01,4127.22,completed,Home,East,12,2
12,2024-01-01,113.09,completed,Home,East,15,4
13,2024-01-01,1067.9,completed,Electronics,East,48,1
14,2024-01-01,4245.82,completed,Electronics,Central,7,1
15,2024-01-01,1179.33,completed,Electronics,East,11,3
16,2024-01-01,299.43,pending,Home,North,9,5
17,2024-01-01,3598.63,pending,Electronics,West,31,4
18,2024-01-01,3875.99,pending,Electronics,East,19,2
19,2024-01-01,2003.54,completed,Home,North,39,5
20,2024-01-01,3609.43,completed,Sports,West,2,5
21,2024-01-01,2861.56,pending,Food,Central,35,1
22,2024-01-01,1239.96,completed,Food,East,43,2
23,2024-01-01,2085.79,pending,Clothing,East,35,4
24,2024-01-01,3055.84,pending,Sports,East,33,4
25,2024-01-01,4249.58,completed,Home,West,45,1
26,2024-01-01,1205.74,completed,Sports,East,19,3
27,2024-01-01,659.45,failed,Electronics,South,16,4
28,2024-01-01,4343.41,failed,Sports,North,18,1
29,2024-01-02,4762.15,completed,Books,North,14,5
30,2024-01-02,270.79,completed,Sports,East,21,4
31,2024-01-02,4811.78,completed,Books,West,2,5
32,2024-01-02,3712.88,pending,Home,South,25,5
33,2024-01-02,4615.75,completed,Home,West,32,3
34,2024-01-02,133.75,failed,Food,East,19,2
35,2024-01-02,4711.0,completed,Electronics,North,23,3
36,2024-01-02,913.89,refunded,Books,South,49,3
37,2024-01-02,405.0,completed,Clothing,North,19,4
38,2024-01-02,4306.4,completed,Home,South,2,4
39,2024-01-02,3980.7,completed,Clothing,West,2,3
40,2024-01-02,2242.84,completed,Sports,West,34,1
41,2024-01-02,4240.67,refunded,Food,South,38,5
42,2024-01-02,4419.35,pending,Sports,East,29,4
43,2024-01-02,55.98,completed,Home,North,22,1
44,2024-01-02,316.61,pending,Home,Central,19,3
45,2024-01-02,2932.33,pending,Books,North,3,1
46,2024-01-02,220.9,completed,Home,Central,2,5
47,2024-01-02,3201.13,completed,Home,South,28,2
48,2024-01-02,1727.11,pending,Sports,North,36,1
49,2024-01-02,2521.42,failed,Food,East,16,2
50,2024-01-02,4585.75,completed,Sports,North,2,5
51,2024-01-02,3720.36,pending,Food,South,41,4
52,2024-01-02,1805.62,completed,Home,South,36,4
53,2024-01-02,4508.71,completed,Home,East,12,4
54,2024-01-02,2416.42,completed,Electronics,East,33,5
55,2024-01-02,1909.75,completed,Food,West,26,3
56,2024-01-03,4701.35,failed,Books,South,14,3
57,2024-01-03,113.79,completed,Home,South,32,1
58,2024-01-03,2753.37,pending,Food,North,9,1
59,2024-01-03,4681.96,completed,Sports,Central,40,3
60,2024-01-03,4674.92,completed,Electronics,East,27,1
61,2024-01-03,788.03,completed,Food,East,39,5
62,2024-01-03,4097.26,completed,Food,East,15,3
63,2024-01-03,1875.09,completed,Sports,East,18,1
64,2024-01-03,3853.35,pending,Books,West,40,2
65,2024-01-03,33.76,pending,Clothing,West,39,3
66,2024-01-03,134.19,refunded,Electronics,South,12,1
67,2024-01-03,1050.07,completed,Home,North,6,5
68,2024-01-03,2885.03,completed,Electronics,North,47,3
69,2024-01-03,4704.13,completed,Electronics,Central,23,2
70,2024-01-03,4070.0,completed,Books,West,5,3
71,2024-01-03,893.36,completed,Clothing,Central,27,1
72,2024-01-03,936.06,completed,Electronics,West,13,5
73,2024-01-03,4439.13,completed,Sports,East,27,4
74,2024-01-03,3711.18,completed,Food,North,24,5
75,2024-01-03,2895.57,failed,Books,Central,32,3
76,2024-01-03,252.35,completed,Clothing,South,23,4
77,2024-01-03,745.63,completed,Clothing,North,8,2
78,2024-01-03,2856.95,completed,Electronics,South,44,4
79,2024-01-03,4226.96,failed,Home,East,38,1
80,2024-01-03,3242.18,pending,Electronics,Central,1,5
81,2024-01-03,2478.06,completed,Books,East,46,3
82,2024-01-03,4592.6,pending,Electronics,East,39,4
83,2024-01-03,259.89,completed,Books,North,34,5
84,2024-01-04,719.64,failed,Food,North,8,2
85,2024-01-04,1170.9,completed,Sports,West,26,4
86,2024-01-04,55.75,completed,Home,East,11,1
87,2024-01-04,2229.01,completed,Home,West,34,1
88,2024-01-04,1960.85,pending,Food,North,4,2
89,2024-01-04,702.51,completed,Food,North,38,2
90,2024-01-04,296.29,pending,Home,West,33,5
91,2024-01-04,413.4,completed,Home,Central,45,5
92,2024-01-04,2272.83,pending,Clothing,Central,21,4
93,2024-01-04,3603.55,pending,Food,West,13,3
94,2024-01-04,721.39,completed,Clothing,East,13,1
95,2024-01-04,3707.89,completed,Clothing,North,37,5
96,2024-01-04,851.98,completed,Food,East,42,5
97,2024-01-04,2882.93,completed,Food,East,36,5
98,2024-01-04,1604.74,completed,Clothing,North,47,3
99,2024-01-04,584.09,refunded,Clothing,Central,4,5
100,2024-01-04,3734.31,completed,Home,West,26,1
101,2024-01-04,2484.77,completed,Electronics,East,48,3
102,2024-01-04,2415.3,completed,Home,North,40,5
103,2024-01-04,2358.96,failed,Food,South,4,5
104,2024-01-04,1206.92,completed,Food,East,4,5
105,2024-01-04,1884.43,completed,Books,Central,26,3
106,2024-01-04,2948.55,completed,Food,East,34,2
107,2024-01-04,68.54,pending,Sports,South,39,1
108,2024-01-04,4963.09,completed,Electronics,South,23,4
109,2024-01-04,448.13,completed,Clothing,North,41,4
110,2024-01-04,4694.93,pending,Clothing,Central,37,3
111,2024-01-05,4901.4,completed,Sports,West,29,5
112,2024-01-05,4859.92,completed,Clothing,North,7,4
113,2024-01-05,4541.53,completed,Clothing,West,11,3
114,2024-01-05,3142.49,failed,Clothing,South,46,2
115,2024-01-05,1435.46,failed,Electronics,South,47,2
116,2024-01-05,1853.42,completed,Clothing,Central,44,3
117,2024-01-05,4251.62,failed,Sports,West,11,2
118,2024-01-05,1020.47,completed,Home,Central,19,1
119,2024-01-05,528.23,completed,Books,West,40,3
120,2024-01-05,685.41,failed,Food,Central,6,2
121,2024-01-05,4590.3,failed,Food,North,17,3
122,2024-01-05,2348.55,pending,Home,West,16,4
123,2024-01-05,4665.0,completed,Books,East,43,1
124,2024-01-05,2966.11,completed,Sports,North,39,2
125,2024-01-05,2151.59,completed,Food,East,17,5
126,2024-01-05,1351.38,completed,Sports,North,4,3
127,2024-01-05,1703.13,completed,Electronics,East,44,5
128,2024-01-05,1660.42,completed,Food,South,24,5
129,2024-01-05,1410.05,completed,Books,Central,16,2
130,2024-01-05,774.61,completed,Electronics,West,4,5
131,2024-01-05,818.68,completed,Electronics,West,35,2
132,2024-01-05,2717.19,pending,Electronics,Central,40,2
133,2024-01-05,3493.09,pending,Home,East,41,3
134,2024-01-05,114.6,completed,Food,Central,3,3
135,2024-01-05,1789.64,completed,Home,East,36,3
136,2024-01-05,1447.21,completed,Home,Central,33,2
137,2024-01-05,2935.64,pending,Books,West,10,2
138,2024-01-06,3439.42,completed,Electronics,South,16,5
139,2024-01-06,3628.78,completed,Sports,North,17,2
140,2024-01-06,2778.34,completed,Books,South,46,3
141,2024-01-06,1586.78,completed,Home,Central,38,5
142,2024-01-06,4698.33,completed,Food,East,14,3
143,2024-01-06,1478.17,completed,Food,East,18,1
144,2024-01-06,2180.95,pending,Sports,East,26,5
145,2024-01-06,3275.59,refunded,Food,South,16,3
146,2024-01-06,3201.35,completed,Home,West,30,4
147,2024-01-06,2632.79,pending,Food,South,40,3
148,2024-01-06,1237.94,completed,Books,North,41,3
149,2024-01-06,4723.26,completed,Food,West,2,5
150,2024-01-06,1769.9,pending,Electronics,East,41,4
151,2024-01-06,3508.54,completed,Sports,Central,24,2
152,2024-01-06,2045.22,refunded,Clothing,North,19,5
153,2024-01-06,913.94,completed,Books,North,1,5
154,2024-01-06,1013.65,failed,Sports,North,2,3
155,2024-01-06,1396.08,pending,Books,West,18,4
156,2024-01-06,587.56,completed,Food,East,37,3
157,2024-01-06,3224.26,pending,Sports,North,49,5
158,2024-01-06,4460.87,completed,Books,East,40,3
159,2024-01-06,3113.11,pending,Books,North,43,5
160,2024-01-06,3878.61,completed,Clothing,West,34,2
161,2024-01-06,2133.75,completed,Home,North,12,3
162,2024-01-06,1421.62,completed,Clothing,South,17,5
163,2024-01-06,1007.48,pending,Electronics,Central,3,4
164,2024-01-06,3139.85,completed,Home,Central,43,1
165,2024-01-06,99.74,pending,Food,Central,22,1
166,2024-01-07,616.73,completed,Clothing,North,49,4
167,2024-01-07,3918.97,failed,Clothing,West,20,4
168,2024-01-07,4000.96,pending,Clothing,Central,18,1
169,2024-01-07,3467.74,completed,Books,East,36,4
170,2024-01-07,1254.01,completed,Clothing,West,35,5
171,2024-01-07,2224.19,completed,Books,North,15,4
172,2024-01-07,699.53,completed,Clothing,South,34,4
173,2024-01-07,3051.2,pending,Electronics,South,41,3
174,2024-01-07,2691.02,failed,Home,West,12,3
175,2024-01-07,4353.83,failed,Electronics,North,13,1
176,2024-01-07,3829.22,completed,Electronics,East,18,2
177,2024-01-07,1338.45,pending,Electronics,West,35,1
178,2024-01-07,369.84,completed,Clothing,West,41,4
179,2024-01-07,2393.09,refunded,Sports,North,32,4
180,2024-01-07,3481.71,failed,Electronics,North,35,4
181,2024-01-07,1911.34,completed,Electronics,South,42,4
182,2024-01-07,4973.22,completed,Books,South,44,5
183,2024-01-07,2972.56,completed,Home,West,17,2
184,2024-01-07,4699.25,completed,Electronics,South,49,3
185,2024-01-07,4469.74,failed,Sports,East,35,2
186,2024-01-07,2633.52,completed,Clothing,East,21,5
187,2024-01-07,4521.78,completed,Food,North,16,1
188,2024-01-07,2463.47,completed,Home,West,35,2
189,2024-01-07,3993.81,pending,Clothing,Central,15,4
190,2024-01-07,2663.6,completed,Electronics,North,45,2
191,2024-01-07,4136.31,completed,Food,Central,6,3
192,2024-01-07,3518.49,failed,Books,West,43,5
193,2024-01-08,1768.28,completed,Books,West,24,5
194,2024-01-08,1556.94,completed,Clothing,West,25,4
195,2024-01-08,3869.35,failed,Clothing,Central,26,5
196,2024-01-08,4816.39,refunded,Electronics,West,19,3
197,2024-01-08,1955.06,pending,Home,West,21,3
198,2024-01-08,4278.77,completed,Electronics,East,45,4
199,2024-01-08,2885.11,completed,Home,West,32,1
200,2024-01-08,4487.29,completed,Home,North,46,4
201,2024-01-08,4708.8,completed,Books,North,7,5
202,2024-01-08,4044.62,refunded,Clothing,East,45,3
203,2024-01-08,629.0,completed,Home,Central,38,3
204,2024-01-08,2542.02,completed,Sports,South,30,5
205,2024-01-08,4654.25,failed,Books,South,38,5
206,2024-01-08,2885.58,pending,Food,East,23,2
207,2024-01-08,510.9,completed,Food,South,35,5
208,2024-01-08,3069.02,completed,Electronics,West,37,2
209,2024-01-08,4649.39,completed,Home,Central,19,5
210,2024-01-08,2368.63,completed,Clothing,North,26,1
211,2024-01-08,4281.85,completed,Home,Central,2,5
212,2024-01-08,103.85,completed,Sports,Central,19,4
213,2024-01-08,3143.18,completed,Electronics,West,11,2
214,2024-01-08,4903.65,pending,Clothing,South,25,4
215,2024-01-08,678.84,completed,Home,South,26,1
216,2024-01-08,2632.62,completed,Clothing,Central,29,2
217,2024-01-08,511.62,completed,Clothing,West,10,3
218,2024-01-08,2085.89,completed,Sports,East,17,2
219,2024-01-08,3681.79,completed,Food,East,16,2
220,2024-01-08,4318.71,completed,Clothing,West,3,2
221,2024-01-09,4365.0,failed,Books,West,28,3
222,2024-01-09,3926.34,pending,Food,East,38,3
223,2024-01-09,4289.29,completed,Food,North,27,4
224,2024-01-09,2335.98,completed,Home,West,27,2
225,2024-01-09,3977.41,completed,Food,East,46,5
226,2024-01-09,3955.77,completed,Food,South,3,4
227,2024-01-09,2916.18,completed,Home,South,26,2
228,2024-01-09,139.27,completed,Electronics,Central,26,1
229,2024-01-09,1377.3,completed,Electronics,North,45,3
230,2024-01-09,2480.91,completed,Home,South,18,3
231,2024-01-09,3455.28,completed,Clothing,South,14,3
232,2024-01-09,418.18,completed,Clothing,East,24,5
233,2024-01-09,1762.03,failed,Sports,East,38,4
234,2024-01-09,1690.5,completed,Clothing,West,25,5
235,2024-01-09,712.24,completed,Electronics,South,19,4
236,2024-01-09,2240.29,failed,Sports,South,49,5
237,2024-01-09,3738.87,completed,Clothing,West,31,1
238,2024-01-09,4978.45,completed,Food,Central,17,1
239,2024-01-09,4099.24,pending,Books,Central,8,3
240,2024-01-09,4262.2,completed,Sports,Central,2,5
241,2024-01-09,1862.8,completed,Electronics,East,36,1
242,2024-01-09,4033.56,completed,Food,South,30,3
243,2024-01-09,3355.82,completed,Books,North,1,3
244,2024-01-09,1652.77,completed,Books,South,15,5
245,2024-01-09,1988.61,completed,Clothing,North,14,1
246,2024-01-09,3970.05,refunded,Food,Central,37,4
247,2024-01-09,1045.78,completed,Clothing,South,46,1
248,2024-01-10,3682.72,pending,Food,Central,42,4
249,2024-01-10,2611.03,pending,Clothing,West,8,2
250,2024-01-10,856.86,completed,Food,West,22,5
251,2024-01-10,2100.47,pending,Home,West,45,3
252,2024-01-10,3176.64,failed,Books,South,37,4
253,2024-01-10,2687.47,refunded,Sports,North,26,2
254,2024-01-10,40.44,completed,Food,West,44,3
255,2024-01-10,4103.46,completed,Food,North,4,1
256,2024-01-10,3634.84,completed,Electronics,West,49,1
257,2024-01-10,1499.39,pending,Food,West,44,1
258,2024-01-10,2962.23,completed,Electronics,West,33,1
259,2024-01-10,3283.86,completed,Books,West,47,2
260,2024-01-10,1082.93,completed,Clothing,West,45,5
261,2024-01-10,2791.49,completed,Books,West,33,1
262,2024-01-10,608.4,completed,Sports,Central,10,1
263,2024-01-10,3184.85,completed,Sports,West,15,3
264,2024-01-10,4319.43,completed,Food,West,14,5
265,2024-01-10,449.31,failed,Clothing,Central,16,4
266,2024-01-10,4686.17,failed,Electronics,West,11,4
267,2024-01-10,818.23,completed,Books,East,22,4
268,2024-01-10,2348.82,completed,Food,East,34,2
269,2024-01-10,1601.2,completed,Food,East,24,1
270,2024-01-10,734.59,completed,Sports,South,36,4
271,2024-01-10,1889.3,completed,Electronics,East,43,2
272,2024-01-10,1897.81,completed,Books,North,46,3
273,2024-01-10,4857.99,completed,Food,Central,46,5
274,2024-01-10,2869.79,pending,Electronics,North,34,1
275,2024-01-11,1478.24,completed,Sports,East,15,4
276,2024-01-11,466.31,failed,Food,North,4,5
277,2024-01-11,3603.51,completed,Sports,Central,2,1
278,2024-01-11,4748.02,refunded,Home,South,41,3
279,2024-01-11,213.28,completed,Home,East,25,1
280,2024-01-11,4891.05,completed,Home,Central,11,2
281,2024-01-11,287.65,completed,Electronics,East,16,4
282,2024-01-11,2296.78,pending,Electronics,South,31,4
283,2024-01-11,3818.61,completed,Electronics,Central,30,5
284,2024-01-11,4903.01,completed,Food,North,46,1
285,2024-01-11,427.9,completed,Books,Central,5,3
286,2024-01-11,4289.16,completed,Books,West,34,5
287,2024-01-11,1809.17,pending,Sports,South,48,5
288,2024-01-11,4426.66,completed,Electronics,West,22,1
289,2024-01-11,4918.8,refunded,Clothing,North,25,4
290,2024-01-11,2283.96,completed,Clothing,Central,20,5
291,2024-01-11,4667.78,completed,Books,West,9,4
292,2024-01-11,2539.66,completed,Food,East,2,2
293,2024-01-11,1819.5,completed,Food,West,30,3
294,2024-01-11,1927.26,completed,Books,East,38,3
295,2024-01-11,813.51,failed,Sports,West,46,5
296,2024-01-11,3246.6,completed,Books,North,2,2
297,2024-01-11,2099.02,completed,Home,Central,36,4
298,2024-01-11,2602.4,completed,Food,West,45,1
299,2024-01-11,4903.79,completed,Sports,East,44,3
300,2024-01-11,2894.82,completed,Home,East,24,5
301,2024-01-11,1882.83,pending,Home,West,2,4
302,2024-01-11,2734.84,completed,Clothing,West,1,1
303,2024-01-12,3418.32,completed,Electronics,South,10,5
304,2024-01-12,3421.58,completed,Home,Central,27,4
305,2024-01-12,1549.33,completed,Sports,South,41,2
306,2024-01-12,1329.14,pending,Sports,East,19,3
307,2024-01-12,3026.91,completed,Sports,South,6,5
308,2024-01-12,4239.35,failed,Sports,Central,28,4
309,2024-01-12,459.58,pending,Clothing,South,16,5
310,2024-01-12,1907.48,completed,Books,West,2,2
311,2024-01-12,1395.91,completed,Books,North,24,4
312,2024-01-12,3044.25,completed,Home,East,32,4
313,2024-01-12,3934.45,completed,Food,South,5,2
314,2024-01-12,3289.62,completed,Food,South,24,2
315,2024-01-12,1082.81,completed,Food,South,26,2
316,2024-01-12,3159.35,completed,Sports,North,34,5
317,2024-01-12,3836.32,completed,Electronics,North,25,4
318,2024-01-12,1848.35,completed,Sports,West,6,2
319,2024-01-12,2750.82,completed,Clothing,West,18,2
320,2024-01-12,657.4,completed,Electronics,East,49,2
321,2024-01-12,1594.41,completed,Sports,Central,45,1
322,2024-01-12,3277.74,completed,Electronics,South,20,3
323,2024-01-12,2801.54,completed,Food,East,33,4
324,2024-01-12,4935.78,completed,Electronics,Central,34,5
325,2024-01-12,2047.48,completed,Home,East,33,5
326,2024-01-12,3996.63,completed,Books,West,4,2
327,2024-01-12,4972.91,pending,Food,North,15,3
328,2024-01-12,2096.75,pending,Clothing,East,26,4
329,2024-01-12,613.04,completed,Books,Central,21,2
330,2024-01-13,4866.83,completed,Food,Central,3,3
331,2024-01-13,662.66,completed,Home,Central,28,1
332,2024-01-13,2559.87,completed,Books,West,25,3
333,2024-01-13,787.98,completed,Electronics,Central,24,3
334,2024-01-13,4918.77,completed,Books,North,30,1
335,2024-01-13,164.47,failed,Home,West,47,2
336,2024-01-13,178.4,failed,Home,Central,43,4
337,2024-01-13,1682.16,pending,Sports,West,46,1
338,2024-01-13,4298.25,completed,Sports,East,32,2
339,2024-01-13,228.25,completed,Food,South,3,1
340,2024-01-13,52.6,completed,Food,West,19,4
341,2024-01-13,311.37,completed,Food,Central,30,4
342,2024-01-13,2664.48,completed,Sports,South,41,5
343,2024-01-13,3004.16,pending,Food,Central,9,5
344,2024-01-13,2049.67,completed,Home,North,22,5
345,2024-01-13,2897.82,completed,Clothing,East,36,4
346,2024-01-13,527.71,completed,Food,North,26,5
347,2024-01-13,664.88,completed,Home,Central,39,1
348,2024-01-13,3614.44,completed,Food,East,15,4
349,2024-01-13,2491.15,completed,Clothing,South,1,3
350,2024-01-13,4531.4,completed,Food,South,26,5
351,2024-01-13,2960.96,completed,Food,South,40,4
352,2024-01-13,3059.43,completed,Electronics,North,35,4
353,2024-01-13,1199.59,completed,Home,North,41,5
354,2024-01-13,4362.51,pending,Home,West,20,4
355,2024-01-13,4338.03,completed,Books,North,35,2
356,2024-01-13,75.01,completed,Food,East,5,5
357,2024-01-13,2978.01,failed,Electronics,Central,6,3
358,2024-01-14,4357.22,completed,Home,West,43,1
359,2024-01-14,3948.38,refunded,Books,West,43,3
360,2024-01-14,1693.81,failed,Electronics,North,37,2
361,2024-01-14,1963.05,refunded,Electronics,West,40,1
362,2024-01-14,1450.76,completed,Food,East,11,5
363,2024-01-14,4145.8,completed,Books,East,11,5
364,2024-01-14,1515.73,completed,Sports,East,23,2
365,2024-01-14,3873.94,completed,Sports,East,22,3
366,2024-01-14,4504.29,completed,Electronics,South,36,4
367,2024-01-14,3450.84,completed,Food,West,44,4
368,2024-01-14,1450.6,completed,Electronics,Central,32,2
369,2024-01-14,1872.1,refunded,Home,East,14,4
370,2024-01-14,4412.62,completed,Electronics,Central,26,2
371,2024-01-14,4574.71,completed,Books,South,22,3
372,2024-01-14,2826.06,pending,Books,East,1,2
373,2024-01-14,2480.56,pending,Clothing,South,39,1
374,2024-01-14,2795.02,completed,Clothing,North,47,5
375,2024-01-14,2924.2,completed,Home,Central,9,5
376,2024-01-14,2441.69,completed,Sports,North,35,3
377,2024-01-14,1176.06,completed,Electronics,East,8,3
378,2024-01-14,3610.94,completed,Food,Central,40,1
379,2024-01-14,3507.6,completed,Home,West,48,3
380,2024-01-14,375.75,failed,Clothing,North,49,4
381,2024-01-14,348.2,completed,Sports,South,21,4
382,2024-01-14,2541.71,completed,Books,Central,15,4
383,2024-01-14,3031.39,completed,Food,North,35,4
384,2024-01-14,4432.84,completed,Food,South,2,4
385,2024-01-15,1134.16,refunded,Clothing,Central,28,4
386,2024-01-15,2167.52,completed,Food,East,4,1
387,2024-01-15,1560.73,completed,Food,East,31,5
388,2024-01-15,4920.57,completed,Food,East,31,4
389,2024-01-15,3323.9,completed,Food,West,48,2
390,2024-01-15,2915.3,pending,Sports,North,26,5
391,2024-01-15,341.39,completed,Sports,South,16,3
392,2024-01-15,3473.34,completed,Electronics,Central,14,4
393,2024-01-15,1874.75,failed,Food,West,49,4
394,2024-01-15,3180.82,completed,Electronics,Central,2,2
395,2024-01-15,393.89,failed,Sports,North,21,2
396,2024-01-15,2842.28,completed,Electronics,East,45,1
397,2024-01-15,980.15,completed,Home,East,42,5
398,2024-01-15,4736.68,pending,Food,East,42,5
399,2024-01-15,687.97,completed,Sports,East,42,1
400,2024-01-15,1272.51,completed,Sports,Central,16,3
401,2024-01-15,2109.59,completed,Home,South,24,4
402,2024-01-15,2403.74,failed,Sports,Central,30,5
403,2024-01-15,4441.59,completed,Sports,East,6,3
404,2024-01-15,4277.0,completed,Books,Central,2,3
405,2024-01-15,1024.02,refunded,Electronics,Central,32,1
406,2024-01-15,2630.44,failed,Clothing,North,11,4
407,2024-01-15,4311.48,completed,Clothing,East,48,4
408,2024-01-15,2621.65,completed,Sports,East,41,3
409,2024-01-15,1504.5,completed,Food,East,20,2
410,2024-01-15,2344.46,completed,Books,Central,17,5
411,2024-01-15,723.82,completed,Clothing,North,20,5
412,2024-01-16,2401.12,pending,Electronics,West,39,1
413,2024-01-16,2655.01,completed,Home,East,6,1
414,2024-01-16,1051.07,completed,Home,East,40,1
415,2024-01-16,1780.12,completed,Electronics,West,1,3
416,2024-01-16,1421.29,completed,Electronics,East,5,1
417,2024-01-16,4797.94,completed,Sports,Central,3,3
418,2024-01-16,249.18,completed,Clothing,Central,18,3
419,2024-01-16,3798.43,completed,Clothing,East,22,3
420,2024-01-16,1064.74,completed,Clothing,Central,16,1
421,2024-01-16,1853.01,completed,Home,West,49,4
422,2024-01-16,3464.41,completed,Food,Central,16,2
423,2024-01-16,4310.61,refunded,Books,South,29,5
424,2024-01-16,131.42,completed,Home,South,31,3
425,2024-01-16,591.11,completed,Electronics,West,14,1
426,2024-01-16,1849.35,completed,Electronics,East,16,1
427,2024-01-16,2505.32,pending,Clothing,West,15,3
428,2024-01-16,4851.55,completed,Clothing,Central,20,3
429,2024-01-16,2749.39,pending,Books,Central,26,1
430,2024-01-16,2845.26,completed,Sports,West,41,1
431,2024-01-16,4318.41,refunded,Food,North,19,3
432,2024-01-16,2676.0,completed,Food,North,38,4
433,2024-01-16,1285.47,completed,Sports,South,33,2
434,2024-01-16,1027.88,pending,Home,West,31,2
435,2024-01-16,2442.48,completed,Clothing,South,5,3
436,2024-01-16,1522.18,completed,Sports,West,19,2
437,2024-01-16,1259.41,completed,Food,West,39,4
438,2024-01-16,2106.05,completed,Sports,South,3,1
439,2024-01-16,1498.26,failed,Clothing,South,24,3
440,2024-01-17,2551.83,completed,Books,East,6,2
441,2024-01-17,4598.82,pending,Electronics,South,23,3
442,2024-01-17,2278.45,failed,Sports,North,42,4
443,2024-01-17,959.37,completed,Electronics,East,9,3
444,2024-01-17,2177.64,completed,Clothing,South,19,4
445,2024-01-17,3409.35,completed,Sports,South,18,2
446,2024-01-17,4349.25,completed,Books,East,44,4
447,2024-01-17,3205.73,completed,Home,South,42,1
448,2024-01-17,2900.37,completed,Clothing,North,33,2
449,2024-01-17,2314.33,completed,Home,North,45,4
450,2024-01-17,2784.98,completed,Books,North,13,3
451,2024-01-17,4102.71,completed,Food,South,3,1
452,2024-01-17,1537.65,completed,Clothing,West,48,4
453,2024-01-17,3675.7,completed,Clothing,East,8,1
454,2024-01-17,3619.11,completed,Home,North,36,5
455,2024-01-17,3601.36,completed,Books,North,16,3
456,2024-01-17,2947.49,pending,Sports,North,45,2
457,2024-01-17,609.57,completed,Clothing,East,44,1
458,2024-01-17,4652.49,completed,Clothing,East,45,5
459,2024-01-17,4915.03,completed,Home,South,44,4
460,2024-01-17,4462.66,refunded,Sports,North,28,1
461,2024-01-17,4583.46,completed,Clothing,Central,19,3
462,2024-01-17,4330.46,completed,Sports,South,42,1
463,2024-01-17,1161.29,completed,Electronics,North,10,5
464,2024-01-17,823.61,completed,Clothing,Central,19,2
465,2024-01-17,505.67,completed,Food,North,25,1
466,2024-01-17,466.19,completed,Food,East,41,3
467,2024-01-18,3747.66,completed,Books,East,29,5
468,2024-01-18,1519.82,pending,Home,North,41,5
469,2024-01-18,1652.47,completed,Clothing,South,1,2
470,2024-01-18,3774.61,failed,Food,West,18,5
471,2024-01-18,965.94,refunded,Clothing,North,28,4
472,2024-01-18,2935.47,completed,Books,South,48,1
473,2024-01-18,3258.66,completed,Electronics,West,26,4
474,2024-01-18,1645.6,pending,Sports,North,23,1
475,2024-01-18,2411.35,completed,Home,Central,15,4
476,2024-01-18,2411.06,completed,Electronics,Central,23,4
477,2024-01-18,3102.07,pending,Books,Central,27,3
478,2024-01-18,2661.53,completed,Electronics,North,31,5
479,2024-01-18,1840.75,completed,Sports,West,26,1
480,2024-01-18,4447.04,failed,Home,East,48,3
481,2024-01-18,3972.39,completed,Clothing,South,3,3
482,2024-01-18,3080.01,completed,Books,South,44,2
483,2024-01-18,2384.62,completed,Home,East,22,3
484,2024-01-18,2376.27,completed,Clothing,South,43,3
485,2024-01-18,2308.25,completed,Electronics,North,27,5
486,2024-01-18,3205.0,completed,Sports,South,38,4
487,2024-01-18,3922.28,completed,Home,Central,30,1
488,2024-01-18,1307.12,completed,Sports,South,31,2
489,2024-01-18,3397.08,completed,Sports,West,41,5
490,2024-01-18,3184.97,completed,Clothing,South,26,4
491,2024-01-18,2176.64,completed,Food,South,11,2
492,2024-01-18,571.2,completed,Books,North,37,1
493,2024-01-18,2965.4,completed,Home,West,1,5
494,2024-01-18,205.08,completed,Home,Central,11,2
495,2024-01-19,4816.62,pending,Clothing,East,2,4
496,2024-01-19,3081.78,completed,Sports,West,5,1
497,2024-01-19,1112.96,failed,Home,East,40,1
498,2024-01-19,3595.39,completed,Electronics,West,4,5
499,2024-01-19,2879.16,completed,Home,Central,9,1
500,2024-01-19,2901.53,completed,Sports,Central,7,1
501,2024-01-19,2727.57,failed,Books,South,4,1
502,2024-01-19,3891.48,completed,Books,Central,39,1
503,2024-01-19,3675.14,pending,Home,South,15,3
504,2024-01-19,2055.69,completed,Food,East,9,3
505,2024-01-19,3590.73,failed,Clothing,South,27,3
506,2024-01-19,1616.48,completed,Food,West,4,5
507,2024-01-19,2519.42,completed,Sports,North,14,4
508,2024-01-19,1048.65,completed,Home,North,39,2
509,2024-01-19,923.36,completed,Electronics,East,1,1
510,2024-01-19,424.46,completed,Food,Central,17,4
511,2024-01-19,3190.64,completed,Books,North,14,1
512,2024-01-19,4247.89,completed,Electronics,Central,19,3
513,2024-01-19,2775.15,completed,Food,West,11,3
514,2024-01-19,2004.13,completed,Food,West,29,5
515,2024-01-19,3019.17,completed,Food,West,38,4
516,2024-01-19,4267.98,pending,Clothing,East,37,4
517,2024-01-19,3133.01,completed,Clothing,South,39,4
518,2024-01-19,4395.46,completed,Electronics,Central,27,4
519,2024-01-19,589.28,completed,Food,North,1,3
520,2024-01-19,449.65,completed,Food,North,1,3
521,2024-01-19,541.34,completed,Sports,South,40,4
522,2024-01-20,3261.37,completed,Electronics,West,10,4
523,2024-01-20,1802.42,pending,Sports,East,5,5
524,2024-01-20,352.99,completed,Books,North,35,4
525,2024-01-20,3994.36,completed,Home,Central,14,3
526,2024-01-20,4198.88,completed,Clothing,North,18,1
527,2024-01-20,1753.09,failed,Home,East,37,4
528,2024-01-20,3123.76,completed,Sports,East,11,3
529,2024-01-20,4394.65,completed,Books,South,42,1
530,2024-01-20,4178.67,completed,Clothing,North,48,2
531,2024-01-20,3831.34,pending,Clothing,North,13,3
532,2024-01-20,934.75,completed,Sports,West,7,4
533,2024-01-20,1850.45,completed,Home,West,31,5
534,2024-01-20,342.63,completed,Home,East,48,5
535,2024-01-20,2145.14,completed,Home,South,27,2
536,2024-01-20,2851.9,completed,Electronics,West,20,4
537,2024-01-20,4051.26,completed,Home,Central,12,4
538,2024-01-20,585.64,completed,Sports,East,2,1
539,2024-01-20,603.67,completed,Books,East,13,4
540,2024-01-20,1738.96,completed,Sports,West,19,3
541,2024-01-20,1719.47,failed,Sports,Central,29,5
542,2024-01-20,4478.22,refunded,Books,West,45,4
543,2024-01-20,3849.05,completed,Food,Central,1,2
544,2024-01-20,1929.21,refunded,Books,West,43,3
545,2024-01-20,215.16,completed,Books,Central,40,2
546,2024-01-20,1486.97,failed,Electronics,Central,6,5
547,2024-01-20,4842.83,completed,Food,South,21,5
548,2024-01-20,1963.8,pending,Sports,East,40,4
549,2024-01-21,45.65,completed,Food,South,4,1
550,2024-01-21,1676.37,completed,Clothing,East,11,1
551,2024-01-21,2302.02,completed,Home,West,10,1
552,2024-01-21,4876.19,completed,Clothing,West,16,2
553,2024-01-21,3017.76,completed,Sports,Central,34,4
554,2024-01-21,4610.77,completed,Electronics,South,33,2
555,2024-01-21,21.69,completed,Clothing,Central,40,1
556,2024-01-21,2029.49,pending,Clothing,East,44,4
557,2024-01-21,4927.95,completed,Food,North,22,4
558,2024-01-21,2759.91,completed,Books,North,43,3
559,2024-01-21,815.14,completed,Home,West,3,4
560,2024-01-21,2420.31,completed,Home,West,24,3
561,2024-01-21,981.53,completed,Home,East,23,5
562,2024-01-21,2514.71,completed,Home,North,49,4
563,2024-01-21,2165.47,completed,Food,South,47,3
564,2024-01-21,4443.68,completed,Home,West,25,4
565,2024-01-21,2717.58,completed,Home,West,4,4
566,2024-01-21,2513.73,pending,Food,Central,21,4
567,2024-01-21,1556.73,completed,Sports,East,33,1
568,2024-01-21,1586.07,completed,Clothing,West,38,5
569,2024-01-21,4596.45,pending,Sports,East,35,5
570,2024-01-21,2041.59,completed,Clothing,North,38,5
571,2024-01-21,4444.34,completed,Home,West,47,5
572,2024-01-21,2111.8,completed,Sports,East,45,1
573,2024-01-21,3513.12,completed,Clothing,North,49,3
574,2024-01-21,4597.26,completed,Books,East,47,4
575,2024-01-21,4402.26,completed,Books,West,16,1
576,2024-01-21,3137.57,refunded,Books,East,41,3
577,2024-01-22,2804.44,pending,Sports,North,25,5
578,2024-01-22,75.88,completed,Sports,South,16,4
579,2024-01-22,4375.48,pending,Books,West,26,2
580,2024-01-22,715.97,pending,Sports,Central,15,4
581,2024-01-22,1738.94,completed,Food,North,18,1
582,2024-01-22,3650.5,failed,Books,South,33,5
583,2024-01-22,2525.04,failed,Clothing,South,35,2
584,2024-01-22,125.05,completed,Books,North,44,4
585,2024-01-22,555.63,pending,Home,Central,40,3
586,2024-01-22,3704.53,pending,Books,Central,34,3
587,2024-01-22,2599.69,completed,Sports,Central,37,4
588,2024-01-22,2955.09,pending,Books,South,5,2
589,2024-01-22,483.34,completed,Clothing,South,46,4
590,2024-01-22,760.58,completed,Clothing,North,31,2
591,2024-01-22,1666.96,completed,Home,West,47,3
592,2024-01-22,321.47,failed,Sports,North,19,3
593,2024-01-22,3070.87,completed,Books,West,14,4
594,2024-01-22,88.76,pending,Home,North,43,4
595,2024-01-22,3381.77,completed,Home,South,11,3
596,2024-01-22,1086.67,completed,Clothing,East,46,1
597,2024-01-22,2747.25,completed,Electronics,East,13,2
598,2024-01-22,1465.22,completed,Electronics,Central,27,2
599,2024-01-22,877.02,completed,Home,West,40,2
600,2024-01-22,4135.44,completed,Clothing,South,7,3
601,2024-01-22,2147.59,completed,Sports,East,27,1
602,2024-01-22,3415.49,completed,Food,East,49,4
603,2024-01-22,1933.0,completed,Books,East,5,4
604,2024-01-23,244.43,completed,Sports,North,41,2
605,2024-01-23,4653.8,completed,Books,North,34,3
606,2024-01-23,2819.31,completed,Home,East,15,5
607,2024-01-23,358.31,pending,Electronics,West,14,2
608,2024-01-23,4602.38,completed,Food,Central,43,3
609,2024-01-23,3955.36,completed,Sports,East,21,3
610,2024-01-23,3494.89,completed,Sports,West,48,3
611,2024-01-23,3162.14,completed,Electronics,North,22,1
612,2024-01-23,2299.3,completed,Home,East,37,3
613,2024-01-23,4612.5,completed,Books,Central,13,2
614,2024-01-23,2006.8,completed,Electronics,West,21,2
615,2024-01-23,3685.7,pending,Food,Central,25,3
616,2024-01-23,4317.44,pending,Food,West,36,3
617,2024-01-23,2994.11,completed,Sports,North,11,2
618,2024-01-23,2364.53,completed,Books,East,2,5
619,2024-01-23,702.72,failed,Clothing,East,8,5
620,2024-01-23,3367.08,completed,Electronics,North,20,1
621,2024-01-23,1709.84,completed,Electronics,East,23,1
622,2024-01-23,4945.49,completed,Home,East,48,5
623,2024-01-23,4692.69,completed,Clothing,North,29,2
624,2024-01-23,1361.89,completed,Sports,North,47,5
625,2024-01-23,2856.87,completed,Clothing,North,7,2
626,2024-01-23,1054.95,completed,Food,North,29,3
627,2024-01-23,3323.33,completed,Home,East,46,5
628,2024-01-23,4849.81,completed,Home,South,31,1
629,2024-01-23,366.43,pending,Food,Central,28,5
630,2024-01-23,1439.28,completed,Sports,North,37,2
631,2024-01-23,3056.66,failed,Books,West,4,1
632,2024-01-24,458.55,refunded,Sports,North,35,5
633,2024-01-24,3099.33,completed,Books,West,25,2
634,2024-01-24,4062.78,completed,Sports,East,39,4
635,2024-01-24,2400.5,pending,Books,South,28,2
636,2024-01-24,737.57,completed,Sports,South,47,4
637,2024-01-24,1773.21,completed,Sports,East,25,1
638,2024-01-24,824.32,completed,Home,West,38,5
639,2024-01-24,4428.81,completed,Food,Central,44,1
640,2024-01-24,2808.01,completed,Books,North,24,3
641,2024-01-24,3641.45,failed,Electronics,Central,41,1
642,2024-01-24,2786.99,completed,Electronics,West,23,1
643,2024-01-24,4858.83,completed,Home,South,10,4
644,2024-01-24,4826.53,completed,Food,South,42,5
645,2024-01-24,2407.02,completed,Electronics,Central,43,1
646,2024-01-24,487.91,completed,Sports,West,6,2
647,2024-01-24,3673.9,failed,Clothing,East,37,5
648,2024-01-24,3412.14,completed,Sports,West,40,5
649,2024-01-24,2513.18,failed,Home,East,42,3
650,2024-01-24,837.95,completed,Clothing,Central,19,4
651,2024-01-24,4146.66,completed,Food,East,6,1
652,2024-01-24,530.01,completed,Home,West,37,1
653,2024-01-24,1215.27,completed,Clothing,South,32,4
654,2024-01-24,3026.12,completed,Home,North,27,4
655,2024-01-24,2356.87,completed,Electronics,North,48,3
656,2024-01-24,4188.16,refunded,Food,West,18,5
657,2024-01-24,4200.48,completed,Books,North,37,3
658,2024-01-24,696.1,pending,Electronics,West,46,2
659,2024-01-25,2820.95,pending,Books,North,30,4
660,2024-01-25,318.27,completed,Home,West,1,5
661,2024-01-25,3857.17,completed,Books,South,34,2
662,2024-01-25,1563.03,completed,Books,East,11,3
663,2024-01-25,3983.5,completed,Sports,Central,6,1
664,2024-01-25,2930.31,completed,Sports,West,24,2
665,2024-01-25,3123.71,failed,Sports,South,37,3
666,2024-01-25,4361.03,failed,Home,West,29,5
667,2024-01-25,952.75,completed,Clothing,East,3,5
668,2024-01-25,2715.49,pending,Sports,Central,34,5
669,2024-01-25,189.76,pending,Books,North,3,4
670,2024-01-25,3757.73,refunded,Clothing,South,17,4
671,2024-01-25,1891.8,completed,Food,East,14,1
672,2024-01-25,693.52,completed,Sports,Central,25,5
673,2024-01-25,1526.12,completed,Food,South,30,3
674,2024-01-25,4417.8,refunded,Sports,East,18,2
675,2024-01-25,689.27,completed,Clothing,South,24,1
676,2024-01-25,76.78,completed,Sports,Central,4,3
677,2024-01-25,3243.35,completed,Sports,Central,8,5
678,2024-01-25,2616.35,completed,Books,South,38,3
679,2024-01-25,2590.38,completed,Books,North,47,1
680,2024-01-25,27.49,refunded,Home,North,18,4
681,2024-01-25,2582.65,completed,Electronics,South,33,4
682,2024-01-25,2729.0,completed,Home,North,26,4
683,2024-01-25,1825.9,completed,Electronics,East,48,4
684,2024-01-25,4292.25,failed,Electronics,Central,6,4
685,2024-01-25,45.15,completed,Home,South,12,2
686,2024-01-26,4974.92,completed,Clothing,East,22,2
687,2024-01-26,2030.62,completed,Sports,Central,35,3
688,2024-01-26,531.19,pending,Food,Central,40,4
689,2024-01-26,2143.76,pending,Electronics,North,37,1
690,2024-01-26,2155.17,completed,Clothing,Central,24,2
691,2024-01-26,1137.23,pending,Home,South,46,4
692,2024-01-26,3427.22,failed,Sports,West,42,3
693,2024-01-26,3615.72,completed,Food,South,7,4
694,2024-01-26,4495.33,completed,Clothing,West,44,2
695,2024-01-26,4201.98,completed,Food,West,21,4
696,2024-01-26,4378.38,completed,Food,North,8,1
697,2024-01-26,2631.61,completed,Sports,Central,17,5
698,2024-01-26,997.42,completed,Food,North,41,3
699,2024-01-26,2462.46,completed,Electronics,West,3,4
700,2024-01-26,246.4,pending,Home,West,8,1
701,2024-01-26,4666.05,completed,Sports,East,13,4
702,2024-01-26,3049.84,refunded,Books,East,35,5
703,2024-01-26,4425.5,pending,Home,North,29,2
704,2024-01-26,861.47,pending,Sports,East,18,4
705,2024-01-26,757.52,completed,Books,South,38,2
706,2024-01-26,81.13,refunded,Home,Central,25,5
707,2024-01-26,2576.17,completed,Food,Central,45,3
708,2024-01-26,3759.93,pending,Books,North,18,5
709,2024-01-26,4501.88,completed,Books,East,34,3
710,2024-01-26,2096.39,completed,Electronics,Central,36,2
711,2024-01-26,2857.82,completed,Electronics,South,33,2
712,2024-01-26,1125.14,completed,Home,Central,6,4
713,2024-01-26,1309.33,completed,Sports,North,43,5
714,2024-01-27,2472.2,pending,Home,North,32,1
715,2024-01-27,4702.59,pending,Books,South,32,4
716,2024-01-27,1401.88,completed,Home,South,10,1
717,2024-01-27,56.84,failed,Clothing,South,21,4
718,2024-01-27,2525.75,failed,Food,Central,28,1
719,2024-01-27,2638.49,completed,Home,West,25,5
720,2024-01-27,524.46,pending,Electronics,South,40,2
721,2024-01-27,1838.47,completed,Home,South,49,1
722,2024-01-27,1069.68,completed,Books,West,3,4
723,2024-01-27,2981.33,pending,Electronics,West,19,5
724,2024-01-27,4341.42,failed,Sports,South,28,4
725,2024-01-27,3407.96,completed,Food,North,20,1
726,2024-01-27,3835.33,completed,Home,North,38,4
727,2024-01-27,3875.01,completed,Electronics,West,46,2
728,2024-01-27,35.37,completed,Electronics,Central,23,3
729,2024-01-27,2513.29,pending,Books,Central,42,5
730,2024-01-27,1461.21,refunded,Books,East,16,5
731,2024-01-27,3537.69,completed,Clothing,South,1,2
732,2024-01-27,4070.48,completed,Electronics,West,43,5
733,2024-01-27,1053.98,completed,Sports,North,46,1
734,2024-01-27,4635.6,failed,Home,South,5,3
735,2024-01-27,4482.65,completed,Electronics,West,11,4
736,2024-01-27,3987.41,completed,Food,South,3,4
737,2024-01-27,4506.77,pending,Home,West,7,3
738,2024-01-27,85.62,completed,Clothing,East,31,1
739,2024-01-27,1417.2,completed,Sports,West,5,4
740,2024-01-27,459.14,completed,Sports,Central,42,2
741,2024-01-28,4983.65,completed,Home,South,27,1
742,2024-01-28,2002.14,completed,Home,South,45,5
743,2024-01-28,4627.2,completed,Books,East,10,5
744,2024-01-28,2896.75,completed,Home,South,29,1
745,2024-01-28,4306.46,completed,Food,East,36,1
746,2024-01-28,1227.55,completed,Books,Central,29,1
747,2024-01-28,567.01,refunded,Home,Central,42,1
748,2024-01-28,624.27,completed,Clothing,Central,40,1
749,2024-01-28,3749.43,completed,Books,West,9,2
750,2024-01-28,2153.02,completed,Clothing,Central,47,3
751,2024-01-28,1367.68,completed,Home,Central,9,4
752,2024-01-28,3617.39,completed,Home,Central,42,1
753,2024-01-28,1309.37,failed,Sports,East,21,5
754,2024-01-28,4318.85,completed,Clothing,North,3,5
755,2024-01-28,415.33,failed,Food,North,8,4
756,2024-01-28,1613.1,pending,Books,West,36,5
757,2024-01-28,1447.29,refunded,Sports,South,40,2
758,2024-01-28,4570.66,completed,Food,South,10,1
759,2024-01-28,2323.76,completed,Clothing,North,12,5
760,2024-01-28,3079.8,completed,Electronics,East,16,1
761,2024-01-28,4344.27,completed,Books,Central,22,1
762,2024-01-28,3652.75,completed,Electronics,Central,10,5
763,2024-01-28,2037.83,completed,Food,East,42,1
764,2024-01-28,2154.8,completed,Home,East,48,3
765,2024-01-28,4493.69,completed,Books,Central,11,2
766,2024-01-28,3662.8,completed,Electronics,South,12,2
767,2024-01-28,481.31,completed,Sports,West,29,1
768,2024-01-28,3734.46,completed,Sports,West,16,2
769,2024-01-29,930.0,pending,Electronics,East,28,4
770,2024-01-29,4033.61,failed,Home,North,39,4
771,2024-01-29,2831.21,pending,Food,North,48,3
772,2024-01-29,3416.83,pending,Home,North,7,4
773,2024-01-29,3091.57,completed,Home,North,29,2
774,2024-01-29,1639.85,completed,Clothing,South,42,5
775,2024-01-29,4486.66,completed,Home,West,26,5
776,2024-01-29,4860.9,pending,Food,West,13,2
777,2024-01-29,3332.01,completed,Books,Central,33,1
778,2024-01-29,1106.59,completed,Sports,North,7,2
779,2024-01-29,1753.97,failed,Home,Central,44,4
780,2024-01-29,114.2,completed,Sports,North,14,1
781,2024-01-29,2269.28,completed,Home,West,3,3
782,2024-01-29,4149.46,completed,Clothing,Central,22,1
783,2024-01-29,3266.94,completed,Clothing,South,12,5
784,2024-01-29,1416.22,completed,Electronics,West,20,4
785,2024-01-29,71.79,pending,Home,West,14,5
786,2024-01-29,1493.6,completed,Electronics,Central,37,3
787,2024-01-29,349.09,pending,Electronics,Central,2,4
788,2024-01-29,3724.2,completed,Clothing,North,17,3
789,2024-01-29,4667.15,completed,Clothing,East,9,3
790,2024-01-29,1162.54,completed,Sports,West,24,1
791,2024-01-29,1628.44,completed,Clothing,North,6,4
792,2024-01-29,3146.63,failed,Electronics,East,46,4
793,2024-01-29,558.81,pending,Food,Central,29,1
794,2024-01-29,3539.12,completed,Sports,Central,12,3
795,2024-01-29,2612.99,completed,Sports,South,34,1
796,2024-01-30,4908.92,refunded,Electronics,Central,45,5
797,2024-01-30,516.15,failed,Sports,West,8,5
798,2024-01-30,390.06,completed,Clothing,North,48,5
799,2024-01-30,677.03,pending,Books,Central,47,5
800,2024-01-30,2533.66,pending,Books,East,39,4
801,2024-01-30,2927.11,completed,Books,South,45,5
802,2024-01-30,2162.16,completed,Clothing,West,38,5
803,2024-01-30,3005.88,completed,Clothing,South,46,3
804,2024-01-30,4109.74,pending,Home,Central,4,4
805,2024-01-30,4370.68,completed,Electronics,South,2,4
806,2024-01-30,798.7,pending,Electronics,West,25,3
807,2024-01-30,2100.87,completed,Clothing,West,46,5
808,2024-01-30,513.82,completed,Food,East,17,4
809,2024-01-30,1720.58,completed,Clothing,East,18,4
810,2024-01-30,3388.56,completed,Books,South,20,2
811,2024-01-30,2468.76,pending,Books,West,28,4
812,2024-01-30,408.06,failed,Home,South,7,3
813,2024-01-30,902.62,refunded,Electronics,East,10,5
814,2024-01-30,3120.49,completed,Sports,South,5,2
815,2024-01-30,892.22,completed,Sports,Central,9,4
816,2024-01-30,3681.21,completed,Food,North,11,2
817,2024-01-30,4086.63,completed,Books,Central,13,4
818,2024-01-30,1575.12,refunded,Clothing,North,43,5
819,2024-01-30,4219.44,completed,Books,Central,8,2
820,2024-01-30,1201.75,completed,Books,Central,23,3
821,2024-01-30,4269.92,failed,Electronics,West,41,1
822,2024-01-30,2820.65,completed,Electronics,South,12,3
823,2024-01-31,540.25,completed,Food,West,36,2
824,2024-01-31,4491.99,completed,Clothing,South,8,1
825,2024-01-31,2006.97,completed,Sports,East,33,5
826,2024-01-31,19.58,completed,Clothing,South,3,3
827,2024-01-31,1905.1,completed,Books,South,20,4
828,2024-01-31,2161.44,pending,Books,West,33,5
829,2024-01-31,3402.14,completed,Books,South,18,3
830,2024-01-31,1678.83,pending,Sports,Central,41,3
831,2024-01-31,3867.56,completed,Books,South,21,1
832,2024-01-31,4960.59,refunded,Sports,South,20,2
833,2024-01-31,1307.56,completed,Sports,East,9,3
834,2024-01-31,82.58,pending,Clothing,South,23,1
835,2024-01-31,4028.47,completed,Electronics,North,23,5
836,2024-01-31,2149.07,completed,Clothing,West,31,3
837,2024-01-31,2753.18,completed,Sports,West,12,5
838,2024-01-31,3052.5,completed,Home,Central,18,5
839,2024-01-31,1879.07,pending,Sports,North,38,1
840,2024-01-31,4384.77,completed,Clothing,West,25,1
841,2024-01-31,4126.96,completed,Clothing,East,27,2
842,2024-01-31,4202.69,pending,Home,East,22,5
843,2024-01-31,1907.21,completed,Clothing,Central,26,2
844,2024-01-31,3959.58,completed,Books,West,10,4
845,2024-01-31,3313.61,completed,Electronics,East,34,2
846,2024-01-31,632.04,completed,Electronics,Central,27,2
847,2024-01-31,1668.23,refunded,Electronics,Central,49,2
848,2024-01-31,2037.96,completed,Clothing,East,22,4
849,2024-01-31,4096.61,completed,Sports,North,5,2
850,2024-01-31,1932.62,completed,Electronics,East,42,4
851,2024-02-01,2795.49,completed,Food,North,1,3
852,2024-02-01,4399.16,pending,Clothing,South,15,3
853,2024-02-01,4029.03,completed,Clothing,West,6,2
854,2024-02-01,1586.82,completed,Clothing,North,35,2
855,2024-02-01,982.86,completed,Electronics,Central,42,3
856,2024-02-01,4045.29,completed,Electronics,North,15,3
857,2024-02-01,1673.22,failed,Books,South,15,3
858,2024-02-01,2827.45,failed,Books,South,26,4
859,2024-02-01,997.76,completed,Electronics,West,47,1
860,2024-02-01,2173.91,pending,Electronics,West,33,3
861,2024-02-01,1681.76,completed,Electronics,West,26,2
862,2024-02-01,905.97,completed,Home,South,44,1
863,2024-02-01,3501.97,completed,Electronics,West,26,5
864,2024-02-01,3487.46,completed,Books,East,15,5
865,2024-02-01,237.87,completed,Books,Central,46,4
866,2024-02-01,3413.57,completed,Electronics,South,32,1
867,2024-02-01,3605.65,completed,Clothing,South,6,4
868,2024-02-01,3785.29,refunded,Electronics,South,9,3
869,2024-02-01,921.79,completed,Sports,West,45,1
870,2024-02-01,2079.27,completed,Sports,West,11,4
871,2024-02-01,2384.29,pending,Clothing,East,2,2
872,2024-02-01,52.52,completed,Electronics,Central,21,2
873,2024-02-01,2866.07,pending,Books,West,13,4
874,2024-02-01,299.57,pending,Books,North,32,2
875,2024-02-01,2999.33,completed,Electronics,West,42,3
876,2024-02-01,4960.1,failed,Home,South,8,4
877,2024-02-01,886.46,completed,Electronics,North,18,1
878,2024-02-02,1132.05,completed,Sports,East,49,4
879,2024-02-02,4867.58,failed,Clothing,Central,8,4
880,2024-02-02,590.06,completed,Clothing,West,46,4
881,2024-02-02,1905.03,pending,Sports,East,5,1
882,2024-02-02,2410.29,completed,Sports,East,14,5
883,2024-02-02,2585.47,completed,Clothing,North,16,4
884,2024-02-02,3935.31,completed,Home,East,22,4
885,2024-02-02,1511.24,completed,Home,West,17,3
886,2024-02-02,888.07,completed,Electronics,North,9,5
887,2024-02-02,1806.27,completed,Clothing,East,27,5
888,2024-02-02,1001.0,completed,Food,North,7,3
889,2024-02-02,2938.77,completed,Food,North,34,4
890,2024-02-02,3610.46,failed,Books,North,38,2
891,2024-02-02,2380.37,completed,Home,West,42,3
892,2024-02-02,4688.95,completed,Food,Central,6,5
893,2024-02-02,1487.32,completed,Electronics,Central,10,2
894,2024-02-02,2408.2,completed,Electronics,North,12,5
895,2024-02-02,762.53,completed,Clothing,Central,24,1
896,2024-02-02,640.33,completed,Electronics,South,8,5
897,2024-02-02,107.8,refunded,Home,West,8,1
898,2024-02-02,3903.99,completed,Sports,East,7,4
899,2024-02-02,3019.03,pending,Food,Central,20,5
900,2024-02-02,4482.84,failed,Electronics,South,41,2
901,2024-02-02,740.23,completed,Home,South,43,2
902,2024-02-02,3501.36,completed,Books,East,27,2
903,2024-02-02,2136.02,failed,Sports,South,6,5
904,2024-02-02,4517.46,refunded,Home,West,26,2
905,2024-02-02,768.13,completed,Clothing,South,19,1
906,2024-02-03,3458.2,completed,Home,Central,47,4
907,2024-02-03,4203.66,completed,Food,North,15,2
908,2024-02-03,1799.95,completed,Sports,North,12,2
909,2024-02-03,1384.84,refunded,Home,West,5,4
910,2024-02-03,4875.11,completed,Electronics,West,30,5
911,2024-02-03,3320.56,refunded,Clothing,North,27,4
912,2024-02-03,3077.51,completed,Clothing,South,1,4
913,2024-02-03,2767.01,completed,Books,North,10,2
914,2024-02-03,387.2,pending,Books,Central,46,3
915,2024-02-03,4254.43,completed,Books,West,41,5
916,2024-02-03,1215.19,completed,Clothing,East,16,3
917,2024-02-03,4656.88,completed,Sports,East,36,2
918,2024-02-03,2524.36,completed,Books,South,20,3
919,2024-02-03,1901.48,completed,Books,Central,26,1
920,2024-02-03,4512.26,pending,Food,North,44,5
921,2024-02-03,4337.67,completed,Books,Central,18,2
922,2024-02-03,830.23,completed,Food,Central,26,1
923,2024-02-03,4905.12,completed,Books,Central,41,2
924,2024-02-03,301.37,completed,Electronics,West,46,2
925,2024-02-03,1325.4,completed,Sports,West,11,2
926,2024-02-03,2634.8,pending,Home,West,32,4
927,2024-02-03,461.17,completed,Sports,West,12,3
928,2024-02-03,2756.17,completed,Home,North,15,4
929,2024-02-03,2790.83,completed,Food,East,36,3
930,2024-02-03,336.05,completed,Sports,West,37,1
931,2024-02-03,417.71,completed,Clothing,South,1,4
932,2024-02-03,4113.34,failed,Food,North,2,4
933,2024-02-04,2713.9,completed,Home,West,18,5
934,2024-02-04,4162.01,pending,Books,South,47,2
935,2024-02-04,4844.24,completed,Sports,West,15,3
936,2024-02-04,1958.14,failed,Books,Central,47,4
937,2024-02-04,1015.62,completed,Books,East,13,5
938,2024-02-04,530.71,pending,Books,Central,45,3
939,2024-02-04,2191.48,pending,Sports,Central,24,1
940,2024-02-04,875.47,completed,Food,East,43,4
941,2024-02-04,351.96,completed,Electronics,West,9,1
942,2024-02-04,461.23,completed,Sports,Central,24,1
943,2024-02-04,336.13,pending,Home,West,44,5
944,2024-02-04,4037.87,completed,Home,South,11,4
945,2024-02-04,4352.95,completed,Sports,East,25,3
946,2024-02-04,3071.47,pending,Clothing,West,10,1
947,2024-02-04,1996.67,completed,Sports,East,22,5
948,2024-02-04,2636.27,pending,Food,North,11,2
949,2024-02-04,2016.79,completed,Clothing,West,13,3
950,2024-02-04,1999.92,completed,Electronics,North,43,3
951,2024-02-04,352.34,completed,Clothing,North,40,4
952,2024-02-04,2267.24,completed,Books,Central,14,2
953,2024-02-04,954.12,completed,Home,Central,33,2
954,2024-02-04,1986.64,completed,Food,West,16,5
955,2024-02-04,4733.15,pending,Books,East,25,2
956,2024-02-04,3360.81,completed,Sports,West,1,5
957,2024-02-04,1417.51,pending,Sports,East,36,4
958,2024-02-04,3637.52,failed,Electronics,Central,9,1
959,2024-02-04,3703.34,pending,Books,East,43,5
960,2024-02-05,4493.61,pending,Clothing,East,44,2
961,2024-02-05,1322.68,completed,Clothing,West,12,3
962,2024-02-05,521.24,completed,Sports,North,36,3
963,2024-02-05,2926.53,completed,Food,North,11,2
964,2024-02-05,3205.89,completed,Food,North,39,5
965,2024-02-05,3021.15,completed,Sports,West,22,1
966,2024-02-05,802.28,pending,Books,South,27,3
967,2024-02-05,462.28,completed,Books,North,14,2
968,2024-02-05,3006.21,failed,Food,South,8,5
969,2024-02-05,2921.86,failed,Electronics,South,19,4
970,2024-02-05,2667.83,completed,Electronics,South,1,3
971,2024-02-05,1885.14,completed,Clothing,Central,16,3
972,2024-02-05,4843.71,completed,Electronics,West,24,4
973,2024-02-05,1020.32,completed,Clothing,South,46,5
974,2024-02-05,634.23,failed,Home,West,24,4
975,2024-02-05,634.21,completed,Home,West,39,1
976,2024-02-05,2964.83,refunded,Electronics,Central,10,1
977,2024-02-05,4289.52,completed,Home,East,4,2
978,2024-02-05,1872.0,completed,Sports,North,32,4
979,2024-02-05,4380.6,completed,Books,North,8,1
980,2024-02-05,3981.75,completed,Electronics,Central,23,5
981,2024-02-05,488.38,completed,Books,Central,32,1
982,2024-02-05,2004.95,completed,Clothing,East,25,3
983,2024-02-05,2980.11,pending,Books,South,22,2
984,2024-02-05,4546.28,completed,Clothing,West,23,5
985,2024-02-05,2179.35,completed,Sports,West,5,1
986,2024-02-05,3929.94,pending,Books,West,34,2
987,2024-02-05,4607.03,completed,Books,South,19,4
988,2024-02-06,3556.64,refunded,Sports,East,4,2
989,2024-02-06,3031.44,pending,Home,North,35,1
990,2024-02-06,312.08,completed,Books,North,16,3
991,2024-02-06,2521.01,pending,Clothing,Central,15,5
992,2024-02-06,1541.48,completed,Food,Central,37,5
993,2024-02-06,497.42,completed,Clothing,South,40,3
994,2024-02-06,1182.42,completed,Clothing,South,9,4
995,2024-02-06,3243.89,completed,Sports,West,43,4
996,2024-02-06,112.36,completed,Food,West,4,5
997,2024-02-06,931.16,completed,Home,South,39,1
998,2024-02-06,3207.18,completed,Home,East,9,1
999,2024-02-06,2232.33,failed,Food,South,39,3
1000,2024-02-06,2412.48,completed,Clothing,East,33,5
1001,2024-02-06,939.19,completed,Electronics,North,12,2
1002,2024-02-06,109.62,completed,Electronics,North,9,4
1003,2024-02-06,2502.8,completed,Books,East,15,1
1004,2024-02-06,2407.84,completed,Books,West,5,3
1005,2024-02-06,4559.58,completed,Electronics,South,43,1
1006,2024-02-06,219.77,completed,Electronics,North,28,2
1007,2024-02-06,946.48,pending,Electronics,North,9,1
1008,2024-02-06,1101.91,completed,Food,West,25,2
1009,2024-02-06,641.43,completed,Books,Central,44,2
1010,2024-02-06,3552.84,refunded,Electronics,West,42,2
1011,2024-02-06,1558.43,refunded,Electronics,North,41,4
1012,2024-02-06,4180.08,pending,Electronics,South,12,5
1013,2024-02-06,1769.94,completed,Clothing,West,7,5
1014,2024-02-06,2461.83,completed,Electronics,West,42,5
1015,2024-02-07,3505.6,pending,Clothing,East,29,1
1016,2024-02-07,4461.36,pending,Clothing,Central,2,5
1017,2024-02-07,352.82,completed,Home,South,17,3
1018,2024-02-07,3598.64,completed,Books,North,25,3
1019,2024-02-07,118.49,completed,Clothing,Central,9,1
1020,2024-02-07,2543.39,completed,Electronics,Central,19,2
1021,2024-02-07,2716.91,pending,Sports,West,16,1
1022,2024-02-07,3092.76,completed,Home,Central,26,2
1023,2024-02-07,2848.43,failed,Books,North,27,2
1024,2024-02-07,1211.41,pending,Books,West,48,1
1025,2024-02-07,4181.84,completed,Clothing,West,30,2
1026,2024-02-07,2113.58,completed,Clothing,East,36,2
1027,2024-02-07,3104.44,pending,Food,South,37,4
1028,2024-02-07,2462.63,completed,Electronics,South,44,4
1029,2024-02-07,2574.1,completed,Electronics,East,2,5
1030,2024-02-07,2216.72,completed,Food,East,6,5
1031,2024-02-07,246.66,pending,Electronics,West,9,3
1032,2024-02-07,2175.33,completed,Electronics,North,22,5
1033,2024-02-07,4809.98,failed,Sports,North,15,5
1034,2024-02-07,3862.53,pending,Books,Central,26,3
1035,2024-02-07,3478.29,completed,Food,East,8,1
1036,2024-02-07,604.44,pending,Home,South,27,2
1037,2024-02-07,2109.42,failed,Sports,West,7,5
1038,2024-02-07,3803.16,completed,Electronics,South,4,5
1039,2024-02-07,257.95,completed,Books,Central,16,3
1040,2024-02-07,610.5,pending,Electronics,South,1,4
1041,2024-02-07,1906.39,failed,Home,South,49,5
1042,2024-02-08,3686.75,completed,Books,South,40,2
1043,2024-02-08,1061.33,completed,Home,Central,34,2
1044,2024-02-08,1843.64,completed,Food,West,24,5
1045,2024-02-08,1648.29,completed,Books,West,38,5
1046,2024-02-08,2718.96,completed,Food,South,13,4
1047,2024-02-08,2621.6,completed,Books,West,48,4
1048,2024-02-08,3651.76,completed,Electronics,Central,8,2
1049,2024-02-08,1116.64,completed,Clothing,South,47,4
1050,2024-02-08,3761.05,pending,Books,Central,49,4
1051,2024-02-08,4373.99,completed,Clothing,West,43,3
1052,2024-02-08,256.86,completed,Electronics,South,34,1
1053,2024-02-08,1963.53,completed,Books,South,39,1
1054,2024-02-08,920.5,completed,Food,West,39,5
1055,2024-02-08,2374.7,completed,Electronics,North,22,4
1056,2024-02-08,3885.18,completed,Books,Central,35,5
1057,2024-02-08,2506.67,completed,Food,North,13,3
1058,2024-02-08,840.9,completed,Sports,East,27,4
1059,2024-02-08,618.18,completed,Clothing,East,6,4
1060,2024-02-08,3902.72,refunded,Home,Central,8,4
1061,2024-02-08,127.0,completed,Food,West,14,3
1062,2024-02-08,4856.91,completed,Sports,South,21,2
1063,2024-02-08,237.46,completed,Clothing,Central,32,1
1064,2024-02-08,1151.5,completed,Home,Central,31,2
1065,2024-02-08,1936.85,completed,Clothing,South,47,1
1066,2024-02-08,3649.4,completed,Home,Central,41,5
1067,2024-02-08,4200.44,completed,Food,Central,41,5
1068,2024-02-08,735.93,completed,Clothing,East,48,5
1069,2024-02-08,3211.21,completed,Clothing,South,48,4
1070,2024-02-09,1481.36,pending,Sports,North,27,3
1071,2024-02-09,4544.79,completed,Food,North,49,3
1072,2024-02-09,2946.73,completed,Home,South,41,1
1073,2024-02-09,1197.56,completed,Food,East,2,3
1074,2024-02-09,842.7,completed,Home,Central,4,1
1075,2024-02-09,4820.51,completed,Electronics,West,18,4
1076,2024-02-09,4360.3,completed,Food,East,2,1
1077,2024-02-09,2030.82,failed,Electronics,South,13,4
1078,2024-02-09,903.0,completed,Electronics,West,12,2
1079,2024-02-09,3873.14,completed,Books,South,6,3
1080,2024-02-09,1188.77,failed,Food,North,4,1
1081,2024-02-09,4305.7,completed,Electronics,Central,20,1
1082,2024-02-09,4796.94,pending,Home,West,38,3
1083,2024-02-09,2687.79,pending,Books,South,45,2
1084,2024-02-09,3038.11,completed,Books,East,35,1
1085,2024-02-09,443.56,completed,Electronics,East,15,2
1086,2024-02-09,2843.18,completed,Books,North,12,3
1087,2024-02-09,2532.27,completed,Books,West,24,4
1088,2024-02-09,3022.95,failed,Electronics,North,6,3
1089,2024-02-09,3615.54,completed,Books,North,28,2
1090,2024-02-09,2145.31,failed,Books,East,45,5
1091,2024-02-09,1753.13,completed,Electronics,South,14,3
1092,2024-02-09,1052.92,completed,Books,South,21,1
1093,2024-02-09,928.99,completed,Food,East,26,2
1094,2024-02-09,4274.02,completed,Food,East,2,5
1095,2024-02-09,685.78,completed,Food,North,45,2
1096,2024-02-09,477.17,refunded,Food,West,1,2
1097,2024-02-10,3566.36,completed,Books,South,36,2
1098,2024-02-10,3376.44,completed,Electronics,South,37,4
1099,2024-02-10,4109.53,completed,Clothing,Central,41,4
1100,2024-02-10,301.77,pending,Sports,West,21,1
1101,2024-02-10,1839.41,pending,Sports,North,13,3
1102,2024-02-10,1578.38,completed,Home,North,24,4
1103,2024-02-10,878.45,pending,Food,East,11,1
1104,2024-02-10,794.32,completed,Food,West,13,3
1105,2024-02-10,4636.8,completed,Clothing,South,43,4
1106,2024-02-10,652.86,pending,Food,North,2,4
1107,2024-02-10,2766.48,completed,Clothing,North,21,1
1108,2024-02-10,214.49,failed,Clothing,Central,5,5
1109,2024-02-10,4700.96,completed,Books,North,23,2
1110,2024-02-10,340.34,completed,Clothing,West,3,5
1111,2024-02-10,444.01,pending,Food,West,33,5
1112,2024-02-10,450.8,completed,Home,Central,16,5
1113,2024-02-10,4091.97,completed,Sports,South,17,4
1114,2024-02-10,3245.41,completed,Home,Central,25,4
1115,2024-02-10,4742.79,completed,Food,West,3,5
1116,2024-02-10,826.26,completed,Sports,Central,25,3
1117,2024-02-10,1069.5,completed,Clothing,Central,31,1
1118,2024-02-10,2126.99,completed,Clothing,Central,11,5
1119,2024-02-10,3781.52,completed,Food,East,35,5
1120,2024-02-10,3230.72,completed,Clothing,South,48,3
1121,2024-02-10,1002.37,pending,Books,South,30,5
1122,2024-02-10,3959.38,failed,Food,East,14,2
1123,2024-02-10,4311.97,pending,Sports,South,28,1
1124,2024-02-10,4931.06,completed,Books,South,35,2
1125,2024-02-11,1365.67,pending,Sports,North,27,1
1126,2024-02-11,2544.48,completed,Books,South,22,4
1127,2024-02-11,1243.37,completed,Clothing,North,20,5
1128,2024-02-11,1152.15,completed,Books,Central,31,2
1129,2024-02-11,2734.08,completed,Home,West,38,5
1130,2024-02-11,175.16,completed,Electronics,East,1,1
1131,2024-02-11,703.83,pending,Sports,West,20,1
1132,2024-02-11,2360.28,completed,Clothing,Central,6,3
1133,2024-02-11,2326.14,pending,Clothing,East,15,5
1134,2024-02-11,3373.37,failed,Home,East,25,3
1135,2024-02-11,836.92,pending,Food,West,25,1
1136,2024-02-11,4172.41,completed,Home,East,6,4
1137,2024-02-11,3602.84,pending,Electronics,West,6,4
1138,2024-02-11,901.3,completed,Home,Central,32,4
1139,2024-02-11,1826.28,completed,Clothing,West,35,1
1140,2024-02-11,4878.09,completed,Clothing,North,17,2
1141,2024-02-11,4463.68,completed,Home,South,4,1
1142,2024-02-11,721.96,completed,Books,East,40,2
1143,2024-02-11,4074.8,completed,Books,West,41,2
1144,2024-02-11,791.96,completed,Books,West,10,3
1145,2024-02-11,2508.04,pending,Sports,North,21,2
1146,2024-02-11,3854.03,refunded,Books,North,38,2
1147,2024-02-11,4286.94,failed,Electronics,East,43,2
1148,2024-02-11,943.8,refunded,Electronics,Central,23,5
1149,2024-02-11,918.83,completed,Food,Central,26,2
1150,2024-02-11,3513.93,pending,Sports,North,22,3
1151,2024-02-11,4186.07,completed,Food,Central,3,2
1152,2024-02-12,3841.11,completed,Books,Central,7,5
1153,2024-02-12,4884.18,pending,Electronics,East,20,4
1154,2024-02-12,176.46,completed,Sports,South,23,2
1155,2024-02-12,275.87,completed,Food,East,49,5
1156,2024-02-12,4975.76,completed,Clothing,South,33,1
1157,2024-02-12,2133.91,refunded,Sports,East,45,1
1158,2024-02-12,3635.88,completed,Food,South,7,4
1159,2024-02-12,755.81,completed,Home,Central,48,2
1160,2024-02-12,1871.5,failed,Sports,West,4,3
1161,2024-02-12,4978.32,completed,Books,East,48,1
1162,2024-02-12,3874.82,refunded,Electronics,North,10,3
1163,2024-02-12,4124.26,completed,Home,West,4,4
1164,2024-02-12,2350.71,completed,Clothing,East,37,1
1165,2024-02-12,800.39,completed,Sports,West,49,4
1166,2024-02-12,4777.89,completed,Sports,East,9,5
1167,2024-02-12,12.74,completed,Books,South,40,3
1168,2024-02-12,4478.98,completed,Electronics,West,40,1
1169,2024-02-12,1091.27,completed,Books,North,10,3
1170,2024-02-12,4943.27,completed,Sports,West,40,4
1171,2024-02-12,519.72,failed,Books,East,32,3
1172,2024-02-12,128.52,completed,Sports,East,10,1
1173,2024-02-12,280.32,completed,Sports,Central,44,3
1174,2024-02-12,1556.05,completed,Electronics,East,17,2
1175,2024-02-12,4203.14,pending,Food,South,18,4
1176,2024-02-12,2636.12,failed,Books,East,35,2
1177,2024-02-12,1451.04,completed,Home,Central,13,4
1178,2024-02-12,1193.1,completed,Sports,South,17,4
1179,2024-02-13,294.96,completed,Books,South,29,4
1180,2024-02-13,4606.48,pending,Sports,West,35,1
1181,2024-02-13,2646.81,completed,Clothing,North,35,1
1182,2024-02-13,4020.79,completed,Books,South,35,3
1183,2024-02-13,903.73,pending,Books,South,47,3
1184,2024-02-13,4667.2,completed,Electronics,West,20,5
1185,2024-02-13,1172.24,completed,Sports,Central,8,4
1186,2024-02-13,833.86,completed,Home,East,47,2
1187,2024-02-13,2867.24,failed,Books,South,12,4
1188,2024-02-13,522.09,completed,Books,East,9,2
1189,2024-02-13,3616.47,completed,Electronics,North,39,1
1190,2024-02-13,4667.64,pending,Sports,North,29,4
1191,2024-02-13,2955.62,completed,Food,West,13,4
1192,2024-02-13,3626.15,refunded,Sports,Central,9,2
1193,2024-02-13,2042.81,failed,Sports,East,7,1
1194,2024-02-13,2468.01,completed,Electronics,West,20,3
1195,2024-02-13,921.14,completed,Sports,South,49,1
1196,2024-02-13,1991.68,completed,Home,West,10,1
1197,2024-02-13,2846.36,completed,Clothing,South,44,2
1198,2024-02-13,1693.05,pending,Home,West,20,3
1199,2024-02-13,3269.28,pending,Electronics,South,34,5
1200,2024-02-13,2254.96,completed,Electronics,Central,31,2
1201,2024-02-13,2778.0,failed,Electronics,North,10,2
1202,2024-02-13,131.33,pending,Clothing,West,46,1
1203,2024-02-13,4378.08,pending,Sports,South,44,5
1204,2024-02-13,755.24,completed,Food,West,6,4
1205,2024-02-13,3936.46,completed,Books,South,41,3
1206,2024-02-13,3658.52,completed,Books,West,30,2
1207,2024-02-14,2359.36,completed,Electronics,Central,36,1
1208,2024-02-14,337.06,completed,Books,Central,14,1
1209,2024-02-14,2818.12,completed,Home,East,34,5
1210,2024-02-14,848.5,completed,Sports,West,14,3
1211,2024-02-14,4160.03,completed,Books,Central,10,4
1212,2024-02-14,2698.13,failed,Books,West,31,3
1213,2024-02-14,2122.28,completed,Home,Central,9,2
1214,2024-02-14,3486.48,refunded,Electronics,South,27,3
1215,2024-02-14,4995.18,failed,Clothing,South,49,2
1216,2024-02-14,2627.28,completed,Books,South,30,3
1217,2024-02-14,4502.42,completed,Books,Central,2,4
1218,2024-02-14,143.91,completed,Food,East,32,5
1219,2024-02-14,2605.48,completed,Sports,North,9,5
1220,2024-02-14,905.33,completed,Electronics,North,4,3
1221,2024-02-14,4223.68,refunded,Books,Central,32,4
1222,2024-02-14,1804.49,completed,Clothing,South,44,3
1223,2024-02-14,2505.39,completed,Books,South,30,4
1224,2024-02-14,4198.79,completed,Food,Central,28,3
1225,2024-02-14,4703.64,pending,Sports,East,19,1
1226,2024-02-14,800.88,completed,Clothing,West,14,2
1227,2024-02-14,1026.15,completed,Books,North,23,3
1228,2024-02-14,3219.55,completed,Sports,East,20,3
1229,2024-02-14,4611.56,completed,Food,East,17,3
1230,2024-02-14,1462.69,completed,Books,North,41,1
1231,2024-02-14,2054.72,completed,Books,North,2,1
1232,2024-02-14,880.89,completed,Clothing,North,48,4
1233,2024-02-14,4534.37,completed,Electronics,East,18,1
1234,2024-02-15,4241.14,pending,Clothing,Central,28,1
1235,2024-02-15,2944.92,completed,Books,West,22,4
1236,2024-02-15,695.28,completed,Books,East,33,1
1237,2024-02-15,3048.27,completed,Food,South,15,4
1238,2024-02-15,2834.99,completed,Food,Central,39,2
1239,2024-02-15,1977.45,completed,Books,East,39,1
1240,2024-02-15,909.2,completed,Books,East,46,4
1241,2024-02-15,4886.1,failed,Sports,North,46,5
1242,2024-02-15,2845.45,completed,Sports,East,26,1
1243,2024-02-15,2460.81,failed,Home,South,11,2
1244,2024-02-15,985.29,completed,Food,South,6,1
1245,2024-02-15,3897.43,pending,Clothing,Central,45,5
1246,2024-02-15,4807.43,completed,Books,South,42,2
1247,2024-02-15,4413.18,completed,Electronics,East,19,4
1248,2024-02-15,4465.76,completed,Sports,East,43,2
1249,2024-02-15,1493.08,completed,Food,North,21,5
1250,2024-02-15,1049.02,completed,Electronics,North,47,5
1251,2024-02-15,4216.47,completed,Sports,West,1,1
1252,2024-02-15,925.59,completed,Books,West,14,2
1253,2024-02-15,697.2,failed,Clothing,West,5,5
1254,2024-02-15,2065.61,completed,Sports,Central,23,1
1255,2024-02-15,4717.23,completed,Electronics,West,2,5
1256,2024-02-15,4429.02,pending,Sports,West,38,3
1257,2024-02-15,1675.88,completed,Home,East,23,2
1258,2024-02-15,2688.72,pending,Home,South,7,3
1259,2024-02-15,1487.69,pending,Home,North,2,3
1260,2024-02-15,3124.76,pending,Clothing,Central,16,1
1261,2024-02-15,1799.69,completed,Sports,North,8,1
1262,2024-02-16,2341.03,completed,Food,East,45,4
1263,2024-02-16,4561.52,completed,Home,West,19,4
1264,2024-02-16,4420.85,completed,Books,Central,49,5
1265,2024-02-16,2049.37,completed,Clothing,West,45,5
1266,2024-02-16,2159.87,completed,Electronics,South,38,5
1267,2024-02-16,1636.9,failed,Clothing,South,21,3
1268,2024-02-16,3046.65,completed,Clothing,East,47,1
1269,2024-02-16,4563.68,completed,Home,South,21,5
1270,2024-02-16,246.46,completed,Sports,North,39,1
1271,2024-02-16,1803.33,failed,Home,West,26,5
1272,2024-02-16,4964.61,completed,Sports,North,34,4
1273,2024-02-16,943.72,refunded,Books,North,21,3
1274,2024-02-16,3324.95,failed,Electronics,North,36,2
1275,2024-02-16,641.5,pending,Electronics,East,38,1
1276,2024-02-16,1112.39,completed,Clothing,Central,11,1
1277,2024-02-16,4445.34,completed,Sports,West,22,1
1278,2024-02-16,3766.89,completed,Sports,South,45,3
1279,2024-02-16,4883.52,failed,Sports,Central,2,4
1280,2024-02-16,1213.38,completed,Electronics,West,16,4
1281,2024-02-16,2015.91,completed,Sports,Central,38,4
1282,2024-02-16,1719.55,failed,Clothing,East,42,1
1283,2024-02-16,1426.88,completed,Food,East,38,1
1284,2024-02-16,4535.57,pending,Home,South,35,3
1285,2024-02-16,573.91,completed,Food,South,26,5
1286,2024-02-16,4869.71,completed,Sports,East,6,4
1287,2024-02-16,458.99,failed,Clothing,Central,15,3
1288,2024-02-16,3904.82,completed,Food,Central,37,4
1289,2024-02-17,217.04,pending,Food,East,36,1
1290,2024-02-17,1576.34,completed,Clothing,East,31,3
1291,2024-02-17,2327.02,completed,Sports,South,4,3
1292,2024-02-17,405.82,completed,Books,Central,25,2
1293,2024-02-17,626.38,pending,Food,East,33,4
1294,2024-02-17,3170.55,completed,Clothing,East,41,4
1295,2024-02-17,565.4,completed,Home,South,5,3
1296,2024-02-17,4651.77,pending,Books,East,27,4
1297,2024-02-17,818.48,pending,Books,South,37,3
1298,2024-02-17,3626.28,pending,Electronics,West,45,2
1299,2024-02-17,4031.74,refunded,Food,South,19,2
1300,2024-02-17,1868.02,pending,Clothing,South,26,4
1301,2024-02-17,4672.94,completed,Electronics,East,32,1
1302,2024-02-17,2102.03,completed,Sports,Central,17,2
1303,2024-02-17,1550.01,completed,Food,East,10,1
1304,2024-02-17,3573.63,failed,Books,Central,1,3
1305,2024-02-17,1731.29,refunded,Electronics,East,23,5
1306,2024-02-17,3682.24,failed,Food,East,25,4
1307,2024-02-17,1186.84,completed,Sports,South,28,2
1308,2024-02-17,1199.34,completed,Home,East,33,1
1309,2024-02-17,1801.82,failed,Books,East,46,3
1310,2024-02-17,3363.08,completed,Food,North,25,5
1311,2024-02-17,4630.81,completed,Home,Central,19,2
1312,2024-02-17,3844.4,pending,Clothing,South,45,3
1313,2024-02-17,1777.49,completed,Food,North,44,2
1314,2024-02-17,2137.11,failed,Home,South,34,4
1315,2024-02-17,2567.63,completed,Sports,West,14,4
1316,2024-02-18,371.84,completed,Home,Central,10,2
1317,2024-02-18,2488.69,failed,Books,West,35,4
1318,2024-02-18,2364.22,pending,Home,South,11,1
1319,2024-02-18,3001.28,failed,Clothing,Central,7,4
1320,2024-02-18,4168.74,completed,Sports,South,15,3
1321,2024-02-18,4638.14,pending,Food,West,3,4
1322,2024-02-18,4432.36,pending,Home,Central,19,4
1323,2024-02-18,2730.32,completed,Clothing,West,37,3
1324,2024-02-18,4714.74,failed,Clothing,West,18,2
1325,2024-02-18,4910.84,pending,Home,Central,43,5
1326,2024-02-18,546.66,completed,Electronics,North,15,5
1327,2024-02-18,679.54,refunded,Books,East,9,4
1328,2024-02-18,3044.93,failed,Sports,East,28,5
1329,2024-02-18,3993.53,completed,Home,East,25,2
1330,2024-02-18,3069.38,completed,Home,West,19,3
1331,2024-02-18,2446.24,completed,Home,West,6,5
1332,2024-02-18,3124.76,refunded,Home,South,48,1
1333,2024-02-18,1518.21,completed,Home,North,45,1
1334,2024-02-18,3506.17,completed,Food,West,23,4
1335,2024-02-18,4643.02,completed,Books,South,13,1
1336,2024-02-18,4642.05,completed,Food,South,9,1
1337,2024-02-18,4085.35,completed,Clothing,East,7,2
1338,2024-02-18,2992.34,failed,Sports,West,34,4
1339,2024-02-18,1910.51,completed,Clothing,East,8,1
1340,2024-02-18,2534.98,failed,Clothing,Central,28,2
1341,2024-02-18,1352.8,completed,Sports,North,12,5
1342,2024-02-18,2832.19,completed,Electronics,North,1,4
1343,2024-02-18,4623.59,failed,Electronics,South,17,2
1344,2024-02-19,2950.69,completed,Books,North,28,5
1345,2024-02-19,2528.0,completed,Sports,North,16,2
1346,2024-02-19,2550.4,completed,Books,Central,25,4
1347,2024-02-19,234.13,completed,Food,East,3,1
1348,2024-02-19,3107.81,completed,Books,East,18,1
1349,2024-02-19,2570.59,failed,Home,South,7,1
1350,2024-02-19,3632.69,refunded,Clothing,Central,45,1
1351,2024-02-19,1252.85,pending,Clothing,North,16,3
1352,2024-02-19,2119.36,completed,Books,Central,47,3
1353,2024-02-19,3972.02,pending,Food,Central,44,1
1354,2024-02-19,2253.57,completed,Clothing,Central,18,5
1355,2024-02-19,4699.67,completed,Food,East,41,1
1356,2024-02-19,2634.09,completed,Food,East,30,4
1357,2024-02-19,3288.1,completed,Books,Central,33,1
1358,2024-02-19,535.2,completed,Clothing,Central,19,3
1359,2024-02-19,2128.05,completed,Books,South,25,1
1360,2024-02-19,1425.82,completed,Electronics,East,21,1
1361,2024-02-19,559.34,completed,Sports,North,9,1
1362,2024-02-19,3965.16,completed,Home,South,45,2
1363,2024-02-19,4300.99,completed,Food,West,27,5
1364,2024-02-19,4185.89,completed,Books,West,19,2
1365,2024-02-19,1590.31,failed,Sports,East,33,2
1366,2024-02-19,396.72,completed,Books,Central,34,2
1367,2024-02-19,2833.4,completed,Home,East,20,5
1368,2024-02-19,4618.17,completed,Home,Central,6,1
1369,2024-02-19,2475.78,completed,Books,North,33,1
1370,2024-02-19,3539.52,completed,Electronics,Central,10,1
1371,2024-02-20,3679.64,completed,Clothing,West,4,3
1372,2024-02-20,2429.45,completed,Clothing,West,40,1
1373,2024-02-20,3331.71,completed,Books,Central,22,5
1374,2024-02-20,4116.27,pending,Clothing,Central,29,1
1375,2024-02-20,650.63,completed,Books,East,22,5
1376,2024-02-20,1441.8,completed,Home,South,16,4
1377,2024-02-20,2969.75,pending,Home,Central,8,3
1378,2024-02-20,2712.87,refunded,Books,North,22,2
1379,2024-02-20,2163.54,pending,Food,East,43,5
1380,2024-02-20,1842.74,completed,Food,Central,33,2
1381,2024-02-20,3806.24,completed,Electronics,South,32,3
1382,2024-02-20,3561.7,completed,Clothing,Central,38,3
1383,2024-02-20,1141.95,completed,Sports,North,7,5
1384,2024-02-20,4429.02,completed,Home,East,41,5
1385,2024-02-20,4854.83,pending,Food,East,14,5
1386,2024-02-20,2514.85,pending,Home,West,22,4
1387,2024-02-20,3747.94,failed,Food,East,21,1
1388,2024-02-20,3510.08,completed,Food,West,35,4
1389,2024-02-20,465.75,completed,Home,North,39,4
1390,2024-02-20,3988.03,completed,Home,South,3,4
1391,2024-02-20,1183.5,completed,Books,West,49,5
1392,2024-02-20,927.51,completed,Books,North,23,1
1393,2024-02-20,87.1,completed,Home,South,40,5
1394,2024-02-20,1381.96,completed,Books,South,34,3
1395,2024-02-20,1769.04,completed,Food,North,11,4
1396,2024-02-20,1954.78,pending,Clothing,West,25,1
1397,2024-02-20,2551.52,completed,Home,South,31,4
1398,2024-02-20,2474.15,failed,Electronics,South,33,4
1399,2024-02-21,1931.09,pending,Electronics,East,35,3
1400,2024-02-21,3075.97,completed,Food,South,39,1
1401,2024-02-21,4226.14,completed,Electronics,West,33,5
1402,2024-02-21,294.68,failed,Books,East,39,2
1403,2024-02-21,2436.46,completed,Books,West,11,1
1404,2024-02-21,110.93,pending,Books,South,23,5
1405,2024-02-21,2456.35,completed,Home,East,41,3
1406,2024-02-21,268.94,completed,Sports,West,4,3
1407,2024-02-21,1303.83,completed,Books,Central,25,5
1408,2024-02-21,1519.69,pending,Books,Central,30,1
1409,2024-02-21,2030.51,completed,Books,East,8,2
1410,2024-02-21,4952.91,completed,Home,South,49,5
1411,2024-02-21,3723.29,completed,Food,North,16,5
1412,2024-02-21,4266.72,completed,Electronics,North,47,5
1413,2024-02-21,4564.39,completed,Electronics,East,16,1
1414,2024-02-21,1461.78,pending,Sports,North,35,2
1415,2024-02-21,365.41,completed,Clothing,South,4,4
1416,2024-02-21,1219.69,completed,Food,East,5,1
1417,2024-02-21,4729.43,completed,Home,West,10,2
1418,2024-02-21,3658.54,completed,Home,North,46,1
1419,2024-02-21,3015.45,completed,Books,East,22,1
1420,2024-02-21,4873.58,completed,Food,West,33,2
1421,2024-02-21,2167.21,completed,Clothing,Central,39,3
1422,2024-02-21,4029.56,completed,Sports,South,23,2
1423,2024-02-21,2620.24,failed,Books,Central,11,4
1424,2024-02-21,4174.75,completed,Food,East,37,4
1425,2024-02-21,4303.77,pending,Books,West,29,4
1426,2024-02-22,570.29,completed,Home,South,1,4
1427,2024-02-22,2131.55,completed,Clothing,North,19,1
1428,2024-02-22,1788.37,completed,Sports,South,18,3
1429,2024-02-22,3259.86,completed,Food,East,7,1
1430,2024-02-22,2013.64,completed,Sports,Central,9,2
1431,2024-02-22,3815.89,completed,Books,East,31,5
1432,2024-02-22,1923.61,completed,Food,East,39,4
1433,2024-02-22,1826.52,completed,Electronics,North,46,3
1434,2024-02-22,1325.57,failed,Electronics,South,30,1
1435,2024-02-22,2401.7,completed,Electronics,East,16,2
1436,2024-02-22,3134.45,pending,Home,Central,36,5
1437,2024-02-22,3143.64,pending,Food,North,35,4
1438,2024-02-22,2418.44,pending,Books,West,25,3
1439,2024-02-22,4388.54,completed,Food,West,4,3
1440,2024-02-22,1188.56,completed,Books,South,7,3
1441,2024-02-22,1585.23,completed,Electronics,West,27,3
1442,2024-02-22,2415.24,completed,Clothing,East,8,2
1443,2024-02-22,2255.18,completed,Home,East,12,1
1444,2024-02-22,3024.17,failed,Clothing,Central,20,2
1445,2024-02-22,1060.32,completed,Sports,West,40,3
1446,2024-02-22,1212.23,completed,Home,South,28,2
1447,2024-02-22,3250.08,completed,Food,South,39,5
1448,2024-02-22,4756.14,completed,Home,Central,6,1
1449,2024-02-22,3689.1,completed,Books,East,37,3
1450,2024-02-22,3541.04,pending,Clothing,East,1,3
1451,2024-02-22,2164.88,completed,Books,East,22,5
1452,2024-02-22,1077.89,pending,Home,East,21,5
1453,2024-02-23,3365.31,completed,Books,Central,32,5
1454,2024-02-23,3919.2,completed,Food,South,20,5
1455,2024-02-23,1429.4,completed,Food,East,10,1
1456,2024-02-23,415.07,completed,Electronics,Central,40,3
1457,2024-02-23,4806.58,pending,Food,East,6,1
1458,2024-02-23,4547.23,completed,Books,South,3,1
1459,2024-02-23,4468.19,failed,Home,North,39,4
1460,2024-02-23,1836.09,completed,Food,North,22,1
1461,2024-02-23,2339.57,completed,Home,West,34,3
1462,2024-02-23,1192.87,refunded,Electronics,East,32,4
1463,2024-02-23,3476.87,completed,Electronics,East,24,2
1464,2024-02-23,4819.89,completed,Clothing,South,47,5
1465,2024-02-23,666.31,failed,Sports,Central,27,1
1466,2024-02-23,3063.72,completed,Clothing,East,8,1
1467,2024-02-23,2432.26,pending,Books,West,25,1
1468,2024-02-23,141.7,completed,Sports,South,48,5
1469,2024-02-23,1761.66,completed,Sports,North,3,4
1470,2024-02-23,4247.01,completed,Home,West,19,4
1471,2024-02-23,1341.56,completed,Books,North,39,4
1472,2024-02-23,4939.41,completed,Home,Central,6,3
1473,2024-02-23,3969.97,completed,Food,West,23,2
1474,2024-02-23,1315.78,completed,Books,South,34,3
1475,2024-02-23,718.25,pending,Food,Central,9,4
1476,2024-02-23,1120.7,completed,Food,West,16,4
1477,2024-02-23,3994.73,failed,Sports,East,14,5
1478,2024-02-23,1231.91,completed,Books,North,37,5
1479,2024-02-23,1565.29,completed,Sports,East,39,5
1480,2024-02-23,630.57,pending,Clothing,West,34,3
1481,2024-02-24,3505.73,completed,Sports,East,1,4
1482,2024-02-24,2365.76,completed,Food,West,42,3
1483,2024-02-24,3700.19,pending,Electronics,South,20,2
1484,2024-02-24,1725.57,completed,Home,East,25,5
1485,2024-02-24,4406.29,completed,Electronics,South,8,1
1486,2024-02-24,2225.66,failed,Home,West,27,4
1487,2024-02-24,2939.21,completed,Sports,Central,14,3
1488,2024-02-24,2396.59,pending,Clothing,South,10,5
1489,2024-02-24,210.23,completed,Books,East,37,5
1490,2024-02-24,622.9,completed,Electronics,Central,39,2
1491,2024-02-24,1996.8,completed,Sports,East,30,2
1492,2024-02-24,98.31,completed,Clothing,Central,35,5
1493,2024-02-24,4914.66,completed,Sports,West,31,3
1494,2024-02-24,3560.26,completed,Sports,East,39,5
1495,2024-02-24,3565.0,completed,Sports,South,45,2
1496,2024-02-24,324.75,completed,Electronics,West,18,1
1497,2024-02-24,3712.53,completed,Food,East,4,3
1498,2024-02-24,1771.86,completed,Food,Central,8,2
1499,2024-02-24,3254.44,pending,Home,East,48,5
1500,2024-02-24,2672.36,pending,Food,Central,21,5
1501,2024-02-24,1974.98,completed,Clothing,West,20,1
1502,2024-02-24,4905.87,completed,Books,West,3,3
1503,2024-02-24,4023.76,completed,Home,West,36,2
1504,2024-02-24,2111.64,completed,Food,East,28,3
1505,2024-02-24,4441.0,completed,Books,South,1,1
1506,2024-02-24,1887.1,completed,Electronics,North,36,2
1507,2024-02-24,745.89,completed,Food,North,44,5
1508,2024-02-25,884.93,completed,Electronics,Central,45,1
1509,2024-02-25,2493.44,completed,Clothing,East,39,5
1510,2024-02-25,1163.05,completed,Clothing,West,35,5
1511,2024-02-25,1484.8,completed,Sports,West,1,1
1512,2024-02-25,2353.73,pending,Books,North,2,1
1513,2024-02-25,354.21,completed,Food,West,23,2
1514,2024-02-25,2749.74,completed,Home,East,9,4
1515,2024-02-25,1993.04,completed,Clothing,Central,34,5
1516,2024-02-25,1768.13,completed,Sports,South,24,3
1517,2024-02-25,875.29,completed,Electronics,East,31,1
1518,2024-02-25,4699.19,completed,Home,South,41,5
1519,2024-02-25,332.35,completed,Food,South,24,5
1520,2024-02-25,3888.99,pending,Clothing,West,36,2
1521,2024-02-25,3822.12,completed,Food,North,23,4
1522,2024-02-25,3807.62,completed,Clothing,East,28,1
1523,2024-02-25,1818.59,completed,Sports,West,20,4
1524,2024-02-25,3981.67,completed,Books,South,44,4
1525,2024-02-25,2949.33,pending,Sports,Central,29,2
1526,2024-02-25,936.14,completed,Electronics,East,37,1
1527,2024-02-25,2870.92,completed,Clothing,North,43,1
1528,2024-02-25,2087.72,completed,Home,Central,10,1
1529,2024-02-25,3177.92,completed,Books,Central,10,4
1530,2024-02-25,3271.73,completed,Sports,West,16,5
1531,2024-02-25,2972.7,pending,Clothing,Central,4,2
1532,2024-02-25,3327.1,failed,Books,Central,45,1
1533,2024-02-25,1019.27,pending,Clothing,North,16,5
1534,2024-02-25,3193.14,completed,Books,North,30,2
1535,2024-02-25,3602.14,pending,Clothing,South,40,3
1536,2024-02-26,4329.34,completed,Food,Central,26,5
1537,2024-02-26,4515.86,completed,Sports,West,16,4
1538,2024-02-26,4926.04,refunded,Clothing,West,8,2
1539,2024-02-26,2599.35,completed,Books,South,17,3
1540,2024-02-26,3728.05,completed,Clothing,West,22,3
1541,2024-02-26,4543.47,completed,Electronics,Central,23,4
1542,2024-02-26,4840.53,completed,Food,West,18,2
1543,2024-02-26,2689.56,completed,Sports,East,31,4
1544,2024-02-26,2043.55,completed,Food,West,44,4
1545,2024-02-26,1351.72,completed,Food,East,10,5
1546,2024-02-26,3388.33,completed,Books,East,27,2
1547,2024-02-26,1612.8,pending,Food,Central,3,5
1548,2024-02-26,3417.24,completed,Clothing,North,44,4
1549,2024-02-26,3806.34,completed,Sports,South,10,1
1550,2024-02-26,3944.7,completed,Home,West,24,5
1551,2024-02-26,3312.21,completed,Books,East,46,3
1552,2024-02-26,1478.8,pending,Clothing,North,6,5
1553,2024-02-26,108.48,failed,Food,East,47,4
1554,2024-02-26,198.67,completed,Clothing,West,46,4
1555,2024-02-26,1440.09,completed,Books,South,31,1
1556,2024-02-26,611.45,completed,Sports,West,26,2
1557,2024-02-26,1041.89,completed,Electronics,West,26,5
1558,2024-02-26,649.14,pending,Electronics,West,33,5
1559,2024-02-26,264.3,completed,Sports,South,9,2
1560,2024-02-26,4861.69,completed,Sports,East,12,5
1561,2024-02-26,1631.13,completed,Home,West,31,5
1562,2024-02-26,2507.56,completed,Home,Central,13,1
1563,2024-02-27,1638.84,completed,Sports,West,28,4
1564,2024-02-27,1991.0,completed,Food,Central,43,4
1565,2024-02-27,105.74,completed,Food,North,27,2
1566,2024-02-27,4479.61,completed,Clothing,South,8,5
1567,2024-02-27,1849.92,completed,Food,Central,28,3
1568,2024-02-27,3395.56,pending,Sports,West,22,4
1569,2024-02-27,2120.88,completed,Electronics,Central,44,5
1570,2024-02-27,2257.61,completed,Clothing,South,45,1
1571,2024-02-27,2337.97,completed,Home,East,32,2
1572,2024-02-27,557.14,failed,Clothing,Central,37,5
1573,2024-02-27,3173.64,failed,Home,East,16,5
1574,2024-02-27,2403.89,pending,Home,North,32,5
1575,2024-02-27,1924.54,pending,Sports,South,8,5
1576,2024-02-27,4041.75,completed,Food,Central,13,1
1577,2024-02-27,1129.49,completed,Home,South,22,3
1578,2024-02-27,1140.94,completed,Clothing,North,14,1
1579,2024-02-27,4589.24,completed,Sports,West,9,4
1580,2024-02-27,458.61,completed,Clothing,Central,14,5
1581,2024-02-27,4764.29,completed,Books,South,13,5
1582,2024-02-27,3449.86,completed,Sports,South,17,2
1583,2024-02-27,3710.37,pending,Books,Central,43,4
1584,2024-02-27,276.61,pending,Sports,North,10,3
1585,2024-02-27,4921.7,completed,Sports,North,45,2
1586,2024-02-27,2246.75,completed,Electronics,East,8,1
1587,2024-02-27,326.27,completed,Electronics,North,24,5
1588,2024-02-27,2876.81,pending,Books,East,49,3
1589,2024-02-27,1869.41,completed,Clothing,South,9,5
1590,2024-02-28,3459.59,failed,Home,North,46,5
1591,2024-02-28,1025.32,completed,Electronics,South,2,1
1592,2024-02-28,78.81,completed,Sports,West,2,1
1593,2024-02-28,318.62,pending,Food,North,9,4
1594,2024-02-28,2002.63,completed,Sports,Central,17,3
1595,2024-02-28,1013.51,completed,Home,South,18,5
1596,2024-02-28,4147.4,failed,Books,North,43,4
1597,2024-02-28,920.32,completed,Sports,North,2,5
1598,2024-02-28,663.91,completed,Electronics,Central,9,5
1599,2024-02-28,1313.88,completed,Clothing,North,15,4
1600,2024-02-28,4446.98,completed,Electronics,South,24,1
1601,2024-02-28,3445.52,pending,Clothing,North,21,1
1602,2024-02-28,1173.84,completed,Books,West,27,5
1603,2024-02-28,2112.14,completed,Sports,East,27,3
1604,2024-02-28,902.89,completed,Sports,West,13,2
1605,2024-02-28,253.55,completed,Sports,West,41,1
1606,2024-02-28,438.45,completed,Home,North,34,5
1607,2024-02-28,2068.78,completed,Home,North,12,3
1608,2024-02-28,303.3,completed,Sports,North,6,4
1609,2024-02-28,1552.15,completed,Home,East,32,4
1610,2024-02-28,3065.57,completed,Home,North,49,2
1611,2024-02-28,3171.36,completed,Home,West,10,4
1612,2024-02-28,951.27,pending,Clothing,West,20,4
1613,2024-02-28,4350.14,completed,Electronics,Central,14,1
1614,2024-02-28,677.36,completed,Sports,East,13,1
1615,2024-02-28,3810.79,completed,Sports,South,12,2
1616,2024-02-28,4019.57,pending,Electronics,East,37,1
1617,2024-02-28,837.81,completed,Sports,Central,13,1
1618,2024-02-29,3113.84,completed,Clothing,West,41,3
1619,2024-02-29,4374.25,completed,Food,South,40,4
1620,2024-02-29,1026.29,completed,Electronics,West,40,4
1621,2024-02-29,453.28,pending,Food,East,17,2
1622,2024-02-29,1085.08,pending,Clothing,South,38,2
1623,2024-02-29,4058.26,completed,Books,Central,19,1
1624,2024-02-29,1514.44,pending,Food,South,31,5
1625,2024-02-29,3867.6,completed,Sports,East,41,2
1626,2024-02-29,1778.8,pending,Clothing,West,42,5
1627,2024-02-29,4264.8,pending,Electronics,Central,22,3
1628,2024-02-29,1970.31,refunded,Books,East,6,5
1629,2024-02-29,3552.3,completed,Clothing,East,25,4
1630,2024-02-29,3480.24,completed,Electronics,South,14,5
1631,2024-02-29,150.05,completed,Electronics,West,27,4
1632,2024-02-29,1037.68,pending,Home,East,32,4
1633,2024-02-29,11.93,completed,Clothing,South,36,2
1634,2024-02-29,4329.52,refunded,Home,East,10,1
1635,2024-02-29,4561.73,completed,Home,North,2,3
1636,2024-02-29,1508.36,pending,Home,Central,48,2
1637,2024-02-29,1362.17,completed,Books,East,17,3
1638,2024-02-29,1554.35,completed,Home,West,47,5
1639,2024-02-29,110.93,pending,Home,West,5,5
1640,2024-02-29,1697.78,completed,Home,Central,6,3
1641,2024-02-29,2232.98,completed,Clothing,Central,29,4
1642,2024-02-29,433.57,completed,Food,South,5,1
1643,2024-02-29,584.03,completed,Sports,South,4,4
1644,2024-02-29,1652.03,completed,Home,Central,27,5
1645,2024-03-01,2002.07,completed,Books,Central,21,3
1646,2024-03-01,4127.01,completed,Clothing,North,41,2
1647,2024-03-01,4223.58,completed,Books,South,39,3
1648,2024-03-01,4082.5,completed,Food,East,34,4
1649,2024-03-01,3185.39,pending,Books,East,15,5
1650,2024-03-01,4786.11,completed,Electronics,Central,16,1
1651,2024-03-01,2147.29,completed,Clothing,East,3,4
1652,2024-03-01,3559.45,pending,Sports,Central,15,2
1653,2024-03-01,3477.97,completed,Clothing,North,7,3
1654,2024-03-01,377.95,failed,Home,North,41,4
1655,2024-03-01,3845.54,completed,Electronics,South,6,4
1656,2024-03-01,2589.82,completed,Sports,East,23,5
1657,2024-03-01,3684.67,completed,Clothing,South,18,1
1658,2024-03-01,3118.24,completed,Food,South,31,1
1659,2024-03-01,3106.19,pending,Electronics,North,18,3
1660,2024-03-01,4610.89,failed,Home,West,47,2
1661,2024-03-01,2702.41,completed,Sports,South,26,3
1662,2024-03-01,1195.53,pending,Clothing,West,26,4
1663,2024-03-01,119.6,pending,Sports,South,11,5
1664,2024-03-01,1818.83,completed,Home,Central,33,1
1665,2024-03-01,1671.78,completed,Books,South,30,2
1666,2024-03-01,4400.51,completed,Electronics,North,37,3
1667,2024-03-01,600.17,failed,Electronics,South,21,5
1668,2024-03-01,381.62,completed,Food,West,48,2
1669,2024-03-01,808.94,completed,Books,North,27,1
1670,2024-03-01,2083.71,completed,Electronics,North,28,1
1671,2024-03-01,1881.83,completed,Clothing,East,45,5
1672,2024-03-01,3897.68,completed,Books,Central,47,4
1673,2024-03-02,4716.69,completed,Food,East,28,5
1674,2024-03-02,363.67,completed,Food,East,10,2
1675,2024-03-02,1184.6,completed,Clothing,East,12,4
1676,2024-03-02,3055.05,completed,Sports,South,43,4
1677,2024-03-02,3406.55,completed,Electronics,West,6,4
1678,2024-03-02,422.54,pending,Books,Central,2,4
1679,2024-03-02,4691.36,completed,Sports,West,24,1
1680,2024-03-02,1077.9,completed,Sports,North,13,3
1681,2024-03-02,3673.85,pending,Food,Central,38,1
1682,2024-03-02,574.55,completed,Clothing,Central,8,5
1683,2024-03-02,4057.29,completed,Sports,Central,37,2
1684,2024-03-02,2218.26,completed,Clothing,West,22,2
1685,2024-03-02,4101.45,pending,Clothing,South,48,5
1686,2024-03-02,610.47,completed,Electronics,South,36,5
1687,2024-03-02,4946.9,completed,Clothing,Central,8,1
1688,2024-03-02,3979.65,completed,Clothing,North,3,1
1689,2024-03-02,4454.71,completed,Books,West,41,4
1690,2024-03-02,1472.53,pending,Clothing,South,27,5
1691,2024-03-02,328.68,completed,Food,South,28,4
1692,2024-03-02,1890.99,completed,Food,Central,48,5
1693,2024-03-02,1210.92,completed,Food,Central,11,4
1694,2024-03-02,837.67,failed,Books,East,41,3
1695,2024-03-02,4800.55,completed,Books,North,23,2
1696,2024-03-02,3176.02,completed,Books,South,35,5
1697,2024-03-02,2239.59,completed,Electronics,Central,38,3
1698,2024-03-02,4747.61,completed,Clothing,North,2,3
1699,2024-03-02,2300.14,completed,Electronics,West,23,2
1700,2024-03-03,3849.22,completed,Books,North,32,2
1701,2024-03-03,2839.75,failed,Books,North,45,5
1702,2024-03-03,455.58,failed,Sports,Central,38,5
1703,2024-03-03,4410.99,pending,Books,East,1,1
1704,2024-03-03,979.47,failed,Sports,North,24,1
1705,2024-03-03,1128.51,completed,Electronics,Central,35,4
1706,2024-03-03,2137.29,completed,Clothing,West,21,2
1707,2024-03-03,2454.44,completed,Electronics,North,23,5
1708,2024-03-03,1885.51,completed,Clothing,West,30,4
1709,2024-03-03,1431.33,completed,Sports,Central,8,2
1710,2024-03-03,3533.97,pending,Clothing,South,42,1
1711,2024-03-03,1952.22,failed,Food,West,49,2
1712,2024-03-03,345.69,refunded,Electronics,East,32,3
1713,2024-03-03,3671.44,completed,Food,South,30,1
1714,2024-03-03,4492.23,completed,Sports,East,43,1
1715,2024-03-03,1298.1,completed,Food,North,20,5
1716,2024-03-03,1405.04,pending,Home,South,4,1
1717,2024-03-03,1013.33,completed,Home,South,29,2
1718,2024-03-03,4361.04,completed,Electronics,North,44,4
1719,2024-03-03,269.76,completed,Electronics,Central,24,1
1720,2024-03-03,1188.59,completed,Food,East,24,1
1721,2024-03-03,2965.46,completed,Clothing,Central,33,1
1722,2024-03-03,2436.59,completed,Sports,South,32,5
1723,2024-03-03,3572.11,completed,Food,East,35,5
1724,2024-03-03,413.21,completed,Clothing,South,39,2
1725,2024-03-03,1263.75,completed,Food,East,16,5
1726,2024-03-03,716.59,completed,Food,East,19,4
1727,2024-03-04,662.97,pending,Books,East,17,1
1728,2024-03-04,3814.4,completed,Electronics,South,28,1
1729,2024-03-04,4774.15,failed,Home,East,45,4
1730,2024-03-04,126.3,completed,Home,South,44,4
1731,2024-03-04,1647.09,completed,Clothing,West,45,1
1732,2024-03-04,4245.06,failed,Food,South,18,2
1733,2024-03-04,2380.75,completed,Home,North,47,3
1734,2024-03-04,843.68,completed,Books,West,9,3
1735,2024-03-04,125.99,completed,Books,North,40,1
1736,2024-03-04,1045.81,completed,Clothing,South,33,3
1737,2024-03-04,1769.8,completed,Books,North,35,3
1738,2024-03-04,29.68,completed,Clothing,South,31,3
1739,2024-03-04,2322.96,pending,Home,East,16,5
1740,2024-03-04,4414.35,pending,Books,West,35,2
1741,2024-03-04,595.72,completed,Books,East,41,5
1742,2024-03-04,845.15,completed,Books,South,19,1
1743,2024-03-04,742.82,pending,Food,Central,8,1
1744,2024-03-04,4860.75,completed,Sports,West,8,5
1745,2024-03-04,4412.01,completed,Sports,North,23,5
1746,2024-03-04,642.61,completed,Food,South,15,1
1747,2024-03-04,2285.44,completed,Books,East,21,3
1748,2024-03-04,3161.49,completed,Electronics,South,40,5
1749,2024-03-04,4873.59,completed,Home,East,29,5
1750,2024-03-04,729.39,completed,Books,North,28,5
1751,2024-03-04,3997.37,failed,Books,South,47,3
1752,2024-03-04,4036.79,completed,Sports,South,23,1
1753,2024-03-04,3450.42,completed,Books,South,7,1
1754,2024-03-04,2098.37,completed,Electronics,East,36,5
1755,2024-03-05,4970.68,completed,Books,Central,43,2
1756,2024-03-05,4529.48,completed,Books,South,20,1
1757,2024-03-05,1916.03,completed,Home,North,32,1
1758,2024-03-05,2660.46,completed,Books,West,1,4
1759,2024-03-05,258.81,completed,Home,South,42,2
1760,2024-03-05,213.89,completed,Food,North,33,2
1761,2024-03-05,3914.46,completed,Books,North,18,4
1762,2024-03-05,1786.98,failed,Sports,North,45,3
1763,2024-03-05,3327.27,refunded,Sports,East,30,1
1764,2024-03-05,2869.8,completed,Clothing,South,17,1
1765,2024-03-05,4355.95,completed,Clothing,South,27,3
1766,2024-03-05,2892.54,completed,Electronics,Central,2,3
1767,2024-03-05,2459.78,completed,Books,West,26,2
1768,2024-03-05,3227.39,completed,Home,West,9,5
1769,2024-03-05,480.52,completed,Sports,North,41,3
1770,2024-03-05,785.88,completed,Clothing,Central,7,4
1771,2024-03-05,3436.83,pending,Sports,North,15,2
1772,2024-03-05,2877.54,completed,Food,East,24,5
1773,2024-03-05,2015.38,completed,Electronics,South,39,4
1774,2024-03-05,421.95,pending,Books,Central,32,5
1775,2024-03-05,647.31,completed,Food,South,17,3
1776,2024-03-05,775.57,completed,Food,Central,48,3
1777,2024-03-05,498.22,completed,Home,South,7,1
1778,2024-03-05,4130.87,completed,Food,North,47,3
1779,2024-03-05,4238.69,completed,Clothing,East,26,3
1780,2024-03-05,1414.32,pending,Books,South,21,5
1781,2024-03-05,802.36,completed,Books,South,45,1
1782,2024-03-06,2152.3,completed,Sports,East,44,5
1783,2024-03-06,4994.61,failed,Clothing,East,49,2
1784,2024-03-06,313.5,completed,Clothing,East,10,1
1785,2024-03-06,4553.46,completed,Food,North,37,5
1786,2024-03-06,2438.93,pending,Food,South,27,5
1787,2024-03-06,2334.74,completed,Books,West,12,2
1788,2024-03-06,555.26,pending,Books,Central,23,4
1789,2024-03-06,1647.94,failed,Home,East,9,4
1790,2024-03-06,876.36,pending,Electronics,Central,19,3
1791,2024-03-06,4264.14,completed,Electronics,East,44,1
1792,2024-03-06,3099.44,completed,Books,North,31,1
1793,2024-03-06,3962.57,completed,Food,West,8,5
1794,2024-03-06,4028.45,pending,Sports,West,25,5
1795,2024-03-06,3095.31,completed,Clothing,West,20,4
1796,2024-03-06,3385.93,completed,Clothing,East,23,2
1797,2024-03-06,3700.85,completed,Clothing,South,3,5
1798,2024-03-06,3452.4,completed,Food,Central,21,5
1799,2024-03-06,2296.57,completed,Clothing,West,47,5
1800,2024-03-06,2595.29,failed,Books,West,40,3
1801,2024-03-06,4970.37,completed,Sports,South,26,5
1802,2024-03-06,4982.92,completed,Electronics,South,10,4
1803,2024-03-06,3026.6,failed,Sports,East,37,5
1804,2024-03-06,856.95,completed,Electronics,East,24,3
1805,2024-03-06,567.43,pending,Home,East,45,5
1806,2024-03-06,1765.54,pending,Clothing,West,42,1
1807,2024-03-06,3956.26,refunded,Home,Central,41,1
1808,2024-03-06,1579.92,completed,Home,South,15,1
1809,2024-03-06,1337.24,pending,Electronics,South,13,5
1810,2024-03-07,3316.28,completed,Books,North,17,1
1811,2024-03-07,1995.17,completed,Clothing,West,49,3
1812,2024-03-07,2769.99,completed,Books,West,16,5
1813,2024-03-07,3838.51,pending,Clothing,East,42,1
1814,2024-03-07,3911.5,completed,Clothing,East,22,4
1815,2024-03-07,2721.86,completed,Books,North,15,1
1816,2024-03-07,4511.14,completed,Electronics,Central,32,4
1817,2024-03-07,4273.55,completed,Sports,South,26,3
1818,2024-03-07,526.55,completed,Books,North,34,1
1819,2024-03-07,3386.57,completed,Clothing,North,15,5
1820,2024-03-07,3396.46,pending,Electronics,Central,48,2
1821,2024-03-07,1235.82,completed,Books,West,4,3
1822,2024-03-07,1423.9,failed,Home,South,32,3
1823,2024-03-07,2896.92,completed,Home,South,21,4
1824,2024-03-07,4765.25,completed,Sports,East,16,2
1825,2024-03-07,1063.11,pending,Books,West,29,4
1826,2024-03-07,4325.98,failed,Sports,South,17,3
1827,2024-03-07,1383.29,pending,Home,South,31,4
1828,2024-03-07,3197.91,completed,Books,South,20,2
1829,2024-03-07,1655.3,pending,Electronics,North,30,5
1830,2024-03-07,3985.9,completed,Sports,East,29,5
1831,2024-03-07,3736.03,refunded,Sports,West,30,1
1832,2024-03-07,4253.21,failed,Books,East,42,2
1833,2024-03-07,4654.98,completed,Sports,East,17,5
1834,2024-03-07,582.55,pending,Electronics,North,2,4
1835,2024-03-07,1480.52,completed,Clothing,East,45,5
1836,2024-03-07,488.96,failed,Books,North,49,1
1837,2024-03-08,3970.82,completed,Electronics,Central,33,1
1838,2024-03-08,1609.01,pending,Home,East,36,3
1839,2024-03-08,3852.93,completed,Electronics,North,3,3
1840,2024-03-08,4765.59,completed,Books,North,40,3
1841,2024-03-08,2994.2,completed,Books,North,40,5
1842,2024-03-08,2334.34,completed,Sports,North,25,4
1843,2024-03-08,783.81,completed,Books,East,40,3
1844,2024-03-08,2690.79,completed,Clothing,East,14,2
1845,2024-03-08,1454.22,completed,Sports,East,5,4
1846,2024-03-08,4563.38,completed,Sports,North,46,4
1847,2024-03-08,3915.39,completed,Electronics,West,31,2
1848,2024-03-08,4700.94,pending,Food,East,24,3
1849,2024-03-08,4779.02,completed,Books,West,42,5
1850,2024-03-08,3620.76,completed,Books,North,30,5
1851,2024-03-08,1547.58,completed,Clothing,South,20,5
1852,2024-03-08,1490.4,completed,Clothing,East,2,4
1853,2024-03-08,1083.03,completed,Clothing,South,40,5
1854,2024-03-08,4501.04,completed,Sports,Central,15,3
1855,2024-03-08,3087.96,pending,Electronics,Central,39,5
1856,2024-03-08,2080.77,completed,Food,North,14,1
1857,2024-03-08,1565.05,pending,Books,North,29,1
1858,2024-03-08,3864.6,completed,Food,Central,11,5
1859,2024-03-08,3896.14,completed,Food,East,24,3
1860,2024-03-08,3407.65,completed,Electronics,West,18,3
1861,2024-03-08,717.08,failed,Food,West,44,1
1862,2024-03-08,1113.32,completed,Home,Central,9,2
1863,2024-03-08,4879.76,failed,Books,North,39,3
1864,2024-03-09,3996.95,completed,Electronics,Central,43,1
1865,2024-03-09,1508.7,completed,Electronics,North,25,4
1866,2024-03-09,1110.74,failed,Food,South,40,4
1867,2024-03-09,4666.32,completed,Sports,East,1,4
1868,2024-03-09,1723.05,pending,Clothing,North,47,4
1869,2024-03-09,2531.83,pending,Books,South,23,2
1870,2024-03-09,4509.33,completed,Sports,Central,12,4
1871,2024-03-09,3503.7,pending,Electronics,North,34,1
1872,2024-03-09,3450.86,completed,Clothing,North,44,3
1873,2024-03-09,1231.53,failed,Clothing,West,34,3
1874,2024-03-09,3870.76,completed,Books,West,16,4
1875,2024-03-09,3721.59,completed,Books,West,7,2
1876,2024-03-09,2205.66,completed,Books,East,34,4
1877,2024-03-09,2121.46,completed,Food,West,24,5
1878,2024-03-09,2734.2,completed,Books,West,4,1
1879,2024-03-09,4563.19,completed,Electronics,South,34,4
1880,2024-03-09,2161.65,pending,Electronics,North,46,2
1881,2024-03-09,4563.74,completed,Books,West,38,4
1882,2024-03-09,3443.84,completed,Electronics,Central,1,2
1883,2024-03-09,910.14,completed,Food,West,16,3
1884,2024-03-09,2648.0,completed,Books,Central,42,2
1885,2024-03-09,543.71,completed,Electronics,South,11,3
1886,2024-03-09,3671.47,pending,Food,South,44,4
1887,2024-03-09,365.89,completed,Electronics,East,27,2
1888,2024-03-09,775.96,completed,Food,West,38,1
1889,2024-03-09,2806.12,pending,Sports,Central,4,2
1890,2024-03-09,4093.34,failed,Clothing,North,20,4
1891,2024-03-09,2577.19,completed,Electronics,South,46,1
1892,2024-03-10,4393.03,completed,Clothing,North,12,1
1893,2024-03-10,4730.17,completed,Clothing,East,47,5
1894,2024-03-10,4885.08,completed,Clothing,Central,11,3
1895,2024-03-10,2576.27,failed,Electronics,West,26,4
1896,2024-03-10,3058.31,pending,Books,North,26,4
1897,2024-03-10,3032.43,pending,Clothing,East,40,5
1898,2024-03-10,4241.62,completed,Food,South,36,3
1899,2024-03-10,1969.92,pending,Sports,South,2,5
1900,2024-03-10,2803.0,pending,Books,West,46,2
1901,2024-03-10,3344.61,failed,Food,West,13,5
1902,2024-03-10,2073.1,completed,Food,North,9,3
1903,2024-03-10,4658.0,failed,Sports,West,25,2
1904,2024-03-10,2095.78,completed,Home,Central,46,2
1905,2024-03-10,2931.43,completed,Books,North,13,3
1906,2024-03-10,2894.71,completed,Electronics,Central,26,2
1907,2024-03-10,3088.18,failed,Clothing,South,49,1
1908,2024-03-10,2377.85,completed,Electronics,West,26,5
1909,2024-03-10,230.44,completed,Clothing,East,23,4
1910,2024-03-10,381.9,completed,Food,South,28,3
1911,2024-03-10,3654.01,completed,Books,West,17,4
1912,2024-03-10,459.98,completed,Clothing,West,2,1
1913,2024-03-10,974.51,failed,Home,East,31,3
1914,2024-03-10,1729.62,completed,Sports,North,47,1
1915,2024-03-10,1701.3,completed,Electronics,West,13,5
1916,2024-03-10,1840.51,failed,Food,North,24,2
1917,2024-03-10,2083.46,failed,Clothing,West,14,5
1918,2024-03-10,682.54,failed,Food,Central,9,5
1919,2024-03-11,425.45,completed,Electronics,North,48,5
1920,2024-03-11,3663.26,completed,Home,Central,30,2
1921,2024-03-11,826.64,completed,Home,North,9,2
1922,2024-03-11,4412.0,refunded,Books,North,15,3
1923,2024-03-11,716.61,completed,Electronics,East,5,4
1924,2024-03-11,2719.92,completed,Home,North,25,2
1925,2024-03-11,4499.27,completed,Clothing,Central,41,1
1926,2024-03-11,1724.91,completed,Electronics,South,26,1
1927,2024-03-11,4210.45,completed,Home,South,47,4
1928,2024-03-11,949.65,completed,Food,North,39,4
1929,2024-03-11,2378.07,failed,Electronics,North,34,2
1930,2024-03-11,922.62,completed,Clothing,East,20,5
1931,2024-03-11,4280.43,completed,Electronics,North,21,3
1932,2024-03-11,2298.8,completed,Food,South,21,1
1933,2024-03-11,3284.46,completed,Electronics,East,34,3
1934,2024-03-11,3279.24,failed,Electronics,Central,19,2
1935,2024-03-11,2683.63,refunded,Electronics,South,20,4
1936,2024-03-11,4004.59,completed,Home,Central,31,3
1937,2024-03-11,1624.88,completed,Food,West,49,4
1938,2024-03-11,3000.43,completed,Books,East,44,3
1939,2024-03-11,4795.6,completed,Sports,South,2,5
1940,2024-03-11,3821.4,completed,Electronics,South,12,1
1941,2024-03-11,3620.9,completed,Sports,East,12,5
1942,2024-03-11,789.6,completed,Clothing,West,12,4
1943,2024-03-11,372.53,completed,Home,West,24,1
1944,2024-03-11,1722.07,completed,Clothing,North,28,4
1945,2024-03-11,1265.2,completed,Home,Central,39,1
1946,2024-03-11,2813.71,completed,Electronics,West,18,5
1947,2024-03-12,3015.05,completed,Home,West,21,4
1948,2024-03-12,3113.29,completed,Sports,South,5,2
1949,2024-03-12,3437.22,completed,Sports,North,4,2
1950,2024-03-12,437.83,completed,Electronics,East,46,5
1951,2024-03-12,2229.05,completed,Electronics,West,41,1
1952,2024-03-12,4734.69,completed,Books,East,15,3
1953,2024-03-12,2681.38,failed,Clothing,West,18,2
1954,2024-03-12,3218.03,failed,Food,East,24,1
1955,2024-03-12,3615.86,failed,Sports,North,41,1
1956,2024-03-12,3704.31,failed,Electronics,South,31,5
1957,2024-03-12,4491.71,completed,Food,East,29,2
1958,2024-03-12,3997.65,failed,Sports,Central,38,4
1959,2024-03-12,1008.56,completed,Home,South,9,1
1960,2024-03-12,191.17,failed,Clothing,West,10,4
1961,2024-03-12,4064.5,completed,Books,South,34,5
1962,2024-03-12,2330.49,completed,Sports,South,48,5
1963,2024-03-12,3085.4,pending,Electronics,South,15,4
1964,2024-03-12,2683.38,completed,Electronics,North,29,3
1965,2024-03-12,4893.85,completed,Sports,West,42,1
1966,2024-03-12,4334.84,completed,Sports,North,3,5
1967,2024-03-12,3127.98,completed,Food,Central,36,4
1968,2024-03-12,1044.26,completed,Electronics,South,20,4
1969,2024-03-12,3083.58,completed,Books,North,38,1
1970,2024-03-12,4708.45,completed,Home,East,1,5
1971,2024-03-12,708.1,completed,Clothing,West,28,5
1972,2024-03-12,3119.79,completed,Clothing,Central,12,3
1973,2024-03-12,4588.01,completed,Food,South,14,4
1974,2024-03-13,244.89,completed,Home,Central,21,5
1975,2024-03-13,1979.57,completed,Clothing,Central,46,5
1976,2024-03-13,1600.37,completed,Clothing,South,34,4
1977,2024-03-13,1602.66,completed,Clothing,West,26,5
1978,2024-03-13,340.17,completed,Home,West,49,5
1979,2024-03-13,3624.05,completed,Books,East,35,1
1980,2024-03-13,1704.93,completed,Food,South,8,2
1981,2024-03-13,718.35,failed,Electronics,South,1,5
1982,2024-03-13,4962.57,completed,Clothing,South,24,2
1983,2024-03-13,3808.25,completed,Electronics,North,29,5
1984,2024-03-13,1556.98,completed,Electronics,North,35,3
1985,2024-03-13,787.3,completed,Food,Central,26,3
1986,2024-03-13,4539.95,pending,Food,West,20,4
1987,2024-03-13,4019.39,completed,Electronics,West,26,1
1988,2024-03-13,2002.06,completed,Clothing,East,31,4
1989,2024-03-13,4199.22,completed,Home,North,25,3
1990,2024-03-13,3648.16,completed,Food,Central,10,3
1991,2024-03-13,123.61,completed,Clothing,South,2,3
1992,2024-03-13,3227.21,pending,Home,West,11,3
1993,2024-03-13,4017.6,failed,Home,West,9,4
1994,2024-03-13,3289.8,pending,Electronics,South,34,1
1995,2024-03-13,3000.18,completed,Books,East,33,5
1996,2024-03-13,2764.46,completed,Food,South,32,5
1997,2024-03-13,1061.64,pending,Home,Central,24,1
1998,2024-03-13,3154.71,completed,Electronics,West,13,4
1999,2024-03-13,1297.92,completed,Books,Central,33,1
2000,2024-03-13,1249.03,completed,Home,South,25,3
2001,2024-03-14,1168.8,completed,Home,Central,35,3
2002,2024-03-14,2349.75,completed,Clothing,North,29,5
2003,2024-03-14,2311.37,completed,Food,North,38,3
2004,2024-03-14,3480.96,completed,Home,North,37,5
2005,2024-03-14,2010.31,completed,Clothing,North,3,5
2006,2024-03-14,2472.98,completed,Clothing,North,2,2
2007,2024-03-14,1286.55,completed,Sports,West,28,1
2008,2024-03-14,3825.32,completed,Sports,South,28,2
2009,2024-03-14,267.13,completed,Electronics,North,3,1
2010,2024-03-14,622.9,completed,Sports,East,6,4
2011,2024-03-14,2011.83,pending,Home,West,34,1
2012,2024-03-14,1753.0,completed,Clothing,West,13,4
2013,2024-03-14,2559.37,completed,Sports,Central,4,3
2014,2024-03-14,373.95,pending,Sports,North,3,2
2015,2024-03-14,1978.46,completed,Home,Central,6,5
2016,2024-03-14,3931.22,pending,Home,East,36,2
2017,2024-03-14,2603.0,completed,Food,East,32,1
2018,2024-03-14,419.57,refunded,Electronics,South,4,2
2019,2024-03-14,1696.2,completed,Clothing,Central,12,1
2020,2024-03-14,2791.16,completed,Electronics,Central,11,3
2021,2024-03-14,1862.89,completed,Home,South,18,5
2022,2024-03-14,1172.28,completed,Books,West,3,1
2023,2024-03-14,1358.96,completed,Books,West,40,2
2024,2024-03-14,753.45,completed,Electronics,East,45,3
2025,2024-03-14,2231.64,failed,Electronics,North,7,2
2026,2024-03-14,58.43,failed,Electronics,South,17,5
2027,2024-03-14,3966.34,failed,Food,South,8,3
2028,2024-03-14,1488.78,completed,Food,East,44,1
2029,2024-03-15,4678.85,failed,Electronics,West,13,3
2030,2024-03-15,339.02,completed,Food,North,26,5
2031,2024-03-15,4396.42,completed,Home,North,27,3
2032,2024-03-15,366.66,refunded,Sports,West,27,2
2033,2024-03-15,3805.99,completed,Home,South,25,2
2034,2024-03-15,3060.78,completed,Electronics,Central,5,1
2035,2024-03-15,3317.27,pending,Food,East,36,3
2036,2024-03-15,1776.19,completed,Books,Central,1,4
2037,2024-03-15,155.96,completed,Food,North,11,5
2038,2024-03-15,2716.64,completed,Electronics,East,30,3
2039,2024-03-15,2151.76,failed,Food,West,24,1
2040,2024-03-15,1622.96,pending,Clothing,West,11,2
2041,2024-03-15,1827.47,completed,Food,North,36,2
2042,2024-03-15,4257.32,refunded,Sports,East,10,1
2043,2024-03-15,805.64,completed,Clothing,North,15,1
2044,2024-03-15,4205.95,pending,Sports,East,27,3
2045,2024-03-15,331.45,completed,Home,East,26,3
2046,2024-03-15,3684.49,pending,Food,South,15,4
2047,2024-03-15,1848.64,completed,Home,Central,10,2
2048,2024-03-15,789.02,pending,Home,West,26,1
2049,2024-03-15,1299.51,completed,Electronics,East,1,3
2050,2024-03-15,2956.5,completed,Food,West,29,2
2051,2024-03-15,3966.12,pending,Books,Central,21,4
2052,2024-03-15,3441.55,pending,Books,West,4,3
2053,2024-03-15,2026.8,pending,Sports,West,11,4
2054,2024-03-15,3907.57,failed,Home,West,49,4
2055,2024-03-15,1096.59,failed,Sports,Central,14,1
2056,2024-03-16,3717.92,completed,Books,North,2,4
2057,2024-03-16,2919.06,completed,Electronics,South,4,5
2058,2024-03-16,4602.33,completed,Clothing,East,8,2
2059,2024-03-16,3777.86,failed,Electronics,West,16,5
2060,2024-03-16,3213.51,refunded,Electronics,Central,41,4
2061,2024-03-16,1358.64,completed,Books,South,38,2
2062,2024-03-16,1075.89,completed,Food,Central,2,5
2063,2024-03-16,362.62,completed,Food,East,19,1
2064,2024-03-16,1472.13,pending,Clothing,South,34,1
2065,2024-03-16,1603.42,completed,Clothing,West,28,2
2066,2024-03-16,4111.75,completed,Electronics,North,43,5
2067,2024-03-16,355.07,completed,Books,North,32,2
2068,2024-03-16,379.8,completed,Books,North,28,3
2069,2024-03-16,2194.78,pending,Home,North,36,2
2070,2024-03-16,2636.58,completed,Electronics,South,31,2
2071,2024-03-16,1558.18,completed,Food,Central,4,5
2072,2024-03-16,82.39,failed,Books,East,42,4
2073,2024-03-16,2305.43,pending,Home,West,14,3
2074,2024-03-16,3699.77,completed,Home,North,7,2
2075,2024-03-16,2894.29,completed,Home,East,44,2
2076,2024-03-16,228.97,completed,Clothing,South,37,2
2077,2024-03-16,138.4,pending,Books,North,3,4
2078,2024-03-16,4717.45,completed,Home,West,26,2
2079,2024-03-16,4783.35,completed,Food,East,49,3
2080,2024-03-16,68.07,completed,Food,East,9,4
2081,2024-03-16,3323.38,completed,Books,East,17,4
2082,2024-03-16,2634.96,completed,Electronics,South,37,5
2083,2024-03-17,3647.6,completed,Clothing,West,43,5
2084,2024-03-17,1132.58,completed,Food,South,13,3
2085,2024-03-17,723.18,completed,Food,North,14,5
2086,2024-03-17,3911.54,completed,Sports,East,4,5
2087,2024-03-17,2335.71,completed,Food,East,32,1
2088,2024-03-17,1203.75,failed,Food,West,40,3
2089,2024-03-17,2033.69,completed,Food,East,42,1
2090,2024-03-17,828.07,completed,Clothing,West,29,4
2091,2024-03-17,4688.47,completed,Electronics,North,46,1
2092,2024-03-17,2760.04,completed,Clothing,Central,33,2
2093,2024-03-17,2425.84,completed,Electronics,West,36,3
2094,2024-03-17,3485.83,completed,Clothing,West,29,3
2095,2024-03-17,250.28,failed,Electronics,South,17,2
2096,2024-03-17,689.75,completed,Sports,East,2,5
2097,2024-03-17,4598.97,pending,Food,South,19,5
2098,2024-03-17,2328.81,completed,Electronics,North,9,4
2099,2024-03-17,4892.56,failed,Books,North,32,1
2100,2024-03-17,2518.46,completed,Books,Central,32,5
2101,2024-03-17,2218.74,completed,Home,North,5,5
2102,2024-03-17,1048.32,failed,Books,East,35,2
2103,2024-03-17,2473.75,completed,Food,West,17,4
2104,2024-03-17,1864.59,failed,Books,North,15,1
2105,2024-03-17,709.68,completed,Food,South,37,4
2106,2024-03-17,197.31,completed,Books,West,10,4
2107,2024-03-17,3734.45,completed,Clothing,Central,23,2
2108,2024-03-17,220.37,completed,Clothing,South,16,5
2109,2024-03-17,255.22,completed,Books,East,34,2
2110,2024-03-17,3007.12,failed,Books,South,16,4
2111,2024-03-18,2133.53,failed,Sports,West,34,5
2112,2024-03-18,4071.56,failed,Clothing,Central,29,5
2113,2024-03-18,2961.9,completed,Food,Central,42,1
2114,2024-03-18,558.76,failed,Electronics,South,37,3
2115,2024-03-18,2718.21,completed,Home,West,21,1
2116,2024-03-18,3937.18,completed,Sports,Central,35,2
2117,2024-03-18,3411.0,completed,Electronics,Central,23,4
2118,2024-03-18,3254.33,completed,Food,North,9,4
2119,2024-03-18,4726.68,completed,Electronics,North,46,3
2120,2024-03-18,3076.1,completed,Food,West,42,1
2121,2024-03-18,1315.06,completed,Sports,South,24,2
2122,2024-03-18,109.99,completed,Electronics,South,30,4
2123,2024-03-18,2196.1,failed,Clothing,North,27,4
2124,2024-03-18,2284.31,completed,Home,East,13,3
2125,2024-03-18,351.38,pending,Electronics,North,16,2
2126,2024-03-18,3496.24,completed,Electronics,Central,27,1
2127,2024-03-18,1919.97,completed,Sports,Central,28,5
2128,2024-03-18,2222.32,pending,Clothing,West,11,2
2129,2024-03-18,295.88,completed,Clothing,East,15,5
2130,2024-03-18,687.93,completed,Books,East,16,2
2131,2024-03-18,2525.17,completed,Sports,North,14,4
2132,2024-03-18,878.08,completed,Food,West,35,1
2133,2024-03-18,4516.32,pending,Books,South,25,4
2134,2024-03-18,1720.54,pending,Books,Central,10,1
2135,2024-03-18,3854.06,completed,Books,Central,40,3
2136,2024-03-18,3292.28,completed,Sports,Central,32,5
2137,2024-03-18,667.45,completed,Electronics,Central,49,5
2138,2024-03-19,2849.83,failed,Books,South,33,3
2139,2024-03-19,2997.26,failed,Home,Central,13,2
2140,2024-03-19,4245.93,completed,Books,Central,48,5
2141,2024-03-19,2551.12,pending,Electronics,East,44,1
2142,2024-03-19,1442.99,completed,Sports,North,46,4
2143,2024-03-19,2675.95,failed,Electronics,North,20,3
2144,2024-03-19,4182.85,completed,Home,East,30,1
2145,2024-03-19,761.35,completed,Sports,East,2,5
2146,2024-03-19,1842.23,completed,Sports,West,33,3
2147,2024-03-19,2660.38,completed,Clothing,East,20,1
2148,2024-03-19,2767.81,completed,Electronics,Central,47,5
2149,2024-03-19,4793.46,failed,Sports,North,12,5
2150,2024-03-19,4756.56,completed,Clothing,Central,20,4
2151,2024-03-19,1966.29,refunded,Books,West,37,5
2152,2024-03-19,4035.81,completed,Food,South,48,4
2153,2024-03-19,326.93,completed,Clothing,North,8,1
2154,2024-03-19,2752.22,completed,Home,East,7,4
2155,2024-03-19,929.86,pending,Clothing,West,9,3
2156,2024-03-19,176.59,completed,Food,East,26,2
2157,2024-03-19,4590.3,completed,Sports,North,19,3
2158,2024-03-19,4830.17,completed,Clothing,Central,48,3
2159,2024-03-19,4834.72,completed,Food,East,35,4
2160,2024-03-19,4311.21,pending,Home,South,29,2
2161,2024-03-19,865.88,completed,Food,East,44,3
2162,2024-03-19,617.88,completed,Sports,Central,35,4
2163,2024-03-19,356.31,completed,Sports,Central,40,5
2164,2024-03-19,2462.84,pending,Sports,West,6,3
2165,2024-03-19,4786.19,completed,Clothing,North,29,3
2166,2024-03-20,4479.99,completed,Clothing,South,46,1
2167,2024-03-20,3548.21,completed,Sports,West,44,2
2168,2024-03-20,4306.39,failed,Sports,East,42,2
2169,2024-03-20,4674.87,pending,Books,North,28,3
2170,2024-03-20,3923.63,completed,Home,West,13,1
2171,2024-03-20,4721.56,completed,Electronics,Central,16,5
2172,2024-03-20,4726.61,completed,Home,South,49,1
2173,2024-03-20,2001.9,completed,Books,East,42,4
2174,2024-03-20,225.23,pending,Sports,East,25,4
2175,2024-03-20,1189.43,completed,Electronics,South,38,4
2176,2024-03-20,4793.1,completed,Books,North,37,5
2177,2024-03-20,1271.68,completed,Food,North,36,2
2178,2024-03-20,1003.27,failed,Home,West,34,3
2179,2024-03-20,3229.52,completed,Clothing,South,49,3
2180,2024-03-20,448.44,completed,Sports,West,31,4
2181,2024-03-20,4387.94,completed,Home,South,31,2
2182,2024-03-20,1517.97,completed,Clothing,Central,40,4
2183,2024-03-20,4336.59,pending,Home,North,20,4
2184,2024-03-20,2404.06,pending,Home,South,5,5
2185,2024-03-20,2439.44,completed,Sports,Central,4,3
2186,2024-03-20,2679.72,completed,Sports,North,31,1
2187,2024-03-20,2234.64,pending,Clothing,North,26,2
2188,2024-03-20,38.64,failed,Sports,East,24,2
2189,2024-03-20,4144.33,completed,Books,West,48,3
2190,2024-03-20,3307.25,pending,Books,North,48,4
2191,2024-03-20,1198.27,pending,Sports,West,21,4
2192,2024-03-20,2296.42,completed,Home,South,5,3
2193,2024-03-21,4028.2,failed,Books,Central,8,1
2194,2024-03-21,4926.11,completed,Food,South,30,5
2195,2024-03-21,1865.52,completed,Home,South,46,3
2196,2024-03-21,3216.78,completed,Sports,East,6,1
2197,2024-03-21,3547.91,completed,Sports,West,33,3
2198,2024-03-21,544.7,completed,Home,East,45,1
2199,2024-03-21,1421.76,completed,Clothing,South,40,1
2200,2024-03-21,4602.99,completed,Books,Central,48,4
2201,2024-03-21,2231.53,completed,Sports,West,26,5
2202,2024-03-21,1324.97,completed,Clothing,West,45,2
2203,2024-03-21,2861.66,completed,Sports,North,10,1
2204,2024-03-21,1195.18,completed,Home,Central,37,3
2205,2024-03-21,3998.96,completed,Home,East,22,2
2206,2024-03-21,4624.68,failed,Home,East,41,3
2207,2024-03-21,3274.29,failed,Clothing,East,46,3
2208,2024-03-21,3287.46,completed,Sports,West,35,4
2209,2024-03-21,1675.0,completed,Electronics,South,31,4
2210,2024-03-21,2557.54,pending,Home,East,45,2
2211,2024-03-21,4098.47,pending,Books,North,42,1
2212,2024-03-21,2772.64,completed,Food,South,22,4
2213,2024-03-21,509.13,completed,Electronics,Central,41,3
2214,2024-03-21,2702.55,failed,Food,East,13,2
2215,2024-03-21,442.91,failed,Electronics,Central,26,1
2216,2024-03-21,1757.92,failed,Home,West,29,4
2217,2024-03-21,4743.69,completed,Food,South,43,1
2218,2024-03-21,2217.13,completed,Home,South,28,5
2219,2024-03-21,4516.7,completed,Clothing,Central,14,1
2220,2024-03-22,2367.34,completed,Food,East,25,1
2221,2024-03-22,1978.47,completed,Food,South,17,4
2222,2024-03-22,2790.94,pending,Electronics,Central,43,3
2223,2024-03-22,3103.86,completed,Sports,East,14,2
2224,2024-03-22,3573.75,pending,Electronics,North,24,1
2225,2024-03-22,1390.04,completed,Food,West,3,5
2226,2024-03-22,584.19,completed,Clothing,West,41,1
2227,2024-03-22,2384.41,pending,Electronics,West,43,3
2228,2024-03-22,3203.07,completed,Electronics,East,14,5
2229,2024-03-22,773.39,refunded,Clothing,Central,8,4
2230,2024-03-22,166.58,pending,Sports,Central,36,2
2231,2024-03-22,3800.02,completed,Electronics,West,45,5
2232,2024-03-22,2137.25,pending,Electronics,Central,20,2
2233,2024-03-22,3391.06,completed,Home,West,26,3
2234,2024-03-22,54.39,completed,Sports,Central,2,2
2235,2024-03-22,4162.26,completed,Food,North,22,3
2236,2024-03-22,4549.0,completed,Electronics,Central,18,4
2237,2024-03-22,590.24,failed,Food,East,2,2
2238,2024-03-22,748.21,failed,Clothing,North,44,4
2239,2024-03-22,2726.49,failed,Books,Central,47,5
2240,2024-03-22,828.65,pending,Food,South,14,3
2241,2024-03-22,1315.8,failed,Sports,East,28,2
2242,2024-03-22,4072.25,completed,Clothing,Central,12,2
2243,2024-03-22,3752.74,pending,Books,West,20,1
2244,2024-03-22,4764.63,completed,Sports,South,36,2
2245,2024-03-22,4455.67,completed,Home,Central,22,5
2246,2024-03-22,1516.87,completed,Books,West,1,5
2247,2024-03-22,4927.6,completed,Sports,Central,5,2
2248,2024-03-23,2164.36,completed,Food,East,18,5
2249,2024-03-23,2755.98,completed,Sports,South,45,4
2250,2024-03-23,1820.93,completed,Clothing,South,30,5
2251,2024-03-23,2896.83,failed,Food,North,45,5
2252,2024-03-23,2513.68,completed,Food,South,5,4
2253,2024-03-23,1488.64,failed,Home,South,40,5
2254,2024-03-23,2610.15,completed,Sports,South,20,4
2255,2024-03-23,3556.55,completed,Home,East,7,1
2256,2024-03-23,2546.94,completed,Books,North,30,5
2257,2024-03-23,4172.26,completed,Food,West,41,1
2258,2024-03-23,4400.16,completed,Electronics,West,37,2
2259,2024-03-23,2072.94,completed,Home,North,3,5
2260,2024-03-23,3789.64,completed,Home,West,10,3
2261,2024-03-23,4595.51,completed,Books,West,9,2
2262,2024-03-23,3795.98,completed,Electronics,South,33,5
2263,2024-03-23,2365.32,pending,Home,West,40,4
2264,2024-03-23,3536.69,refunded,Electronics,South,49,1
2265,2024-03-23,2104.87,completed,Clothing,West,38,2
2266,2024-03-23,1630.76,completed,Clothing,South,44,2
2267,2024-03-23,3138.1,completed,Electronics,Central,24,2
2268,2024-03-23,321.09,completed,Home,Central,34,3
2269,2024-03-23,840.49,refunded,Books,East,40,1
2270,2024-03-23,2812.83,completed,Food,North,22,3
2271,2024-03-23,2045.82,completed,Books,East,48,3
2272,2024-03-23,924.88,completed,Books,West,8,5
2273,2024-03-23,4692.58,completed,Home,South,11,3
2274,2024-03-23,4985.28,completed,Clothing,North,13,5
2275,2024-03-24,1951.55,refunded,Electronics,South,38,5
2276,2024-03-24,3538.98,completed,Food,Central,44,3
2277,2024-03-24,4068.4,completed,Electronics,West,34,5
2278,2024-03-24,1274.07,failed,Books,South,10,1
2279,2024-03-24,1155.8,completed,Home,Central,12,3
2280,2024-03-24,3266.68,pending,Home,Central,13,1
2281,2024-03-24,1828.88,completed,Books,East,27,3
2282,2024-03-24,1517.58,completed,Food,North,3,1
2283,2024-03-24,3807.15,completed,Electronics,West,2,5
2284,2024-03-24,4300.96,completed,Food,Central,40,2
2285,2024-03-24,347.43,pending,Electronics,North,40,5
2286,2024-03-24,1936.9,completed,Electronics,North,35,1
2287,2024-03-24,4231.65,completed,Clothing,East,16,4
2288,2024-03-24,3668.36,pending,Sports,East,10,2
2289,2024-03-24,4710.91,completed,Home,Central,25,3
2290,2024-03-24,2805.75,failed,Home,East,39,5
2291,2024-03-24,3874.28,completed,Books,North,40,3
2292,2024-03-24,1193.43,completed,Electronics,Central,30,1
2293,2024-03-24,727.18,completed,Food,West,9,3
2294,2024-03-24,480.97,completed,Home,West,31,5
2295,2024-03-24,4400.06,completed,Home,North,16,1
2296,2024-03-24,3409.12,completed,Clothing,West,49,5
2297,2024-03-24,2026.31,completed,Books,North,36,4
2298,2024-03-24,3738.19,completed,Home,South,49,2
2299,2024-03-24,4313.21,completed,Electronics,South,18,3
2300,2024-03-24,3530.77,completed,Books,West,25,2
2301,2024-03-24,182.83,failed,Food,North,41,3
2302,2024-03-24,1420.75,completed,Home,South,27,5
2303,2024-03-25,413.09,failed,Home,East,47,3
2304,2024-03-25,3662.36,completed,Books,West,44,4
2305,2024-03-25,4545.02,completed,Clothing,South,3,1
2306,2024-03-25,2382.59,completed,Sports,East,7,4
2307,2024-03-25,2916.62,refunded,Sports,West,14,2
2308,2024-03-25,3723.09,completed,Home,Central,22,2
2309,2024-03-25,22.7,completed,Food,South,7,2
2310,2024-03-25,1863.53,completed,Clothing,North,27,5
2311,2024-03-25,622.14,completed,Electronics,Central,37,1
2312,2024-03-25,2637.43,completed,Books,North,4,2
2313,2024-03-25,613.31,pending,Electronics,East,1,5
2314,2024-03-25,4673.58,completed,Home,South,1,4
2315,2024-03-25,2585.31,completed,Sports,Central,32,5
2316,2024-03-25,4461.15,completed,Sports,South,39,1
2317,2024-03-25,2750.22,refunded,Electronics,Central,28,5
2318,2024-03-25,4105.66,completed,Electronics,South,42,5
2319,2024-03-25,740.53,completed,Sports,East,15,1
2320,2024-03-25,1384.07,pending,Clothing,Central,29,4
2321,2024-03-25,203.5,completed,Clothing,North,11,2
2322,2024-03-25,4986.11,failed,Books,South,26,1
2323,2024-03-25,205.76,completed,Food,East,37,1
2324,2024-03-25,35.19,completed,Clothing,North,20,2
2325,2024-03-25,2517.78,completed,Sports,Central,19,3
2326,2024-03-25,4600.62,completed,Clothing,East,29,3
2327,2024-03-25,3319.47,completed,Electronics,West,45,5
2328,2024-03-25,767.33,failed,Clothing,North,48,1
2329,2024-03-25,2090.6,completed,Sports,South,1,2
2330,2024-03-26,1973.76,completed,Clothing,South,34,2
2331,2024-03-26,4451.89,completed,Electronics,North,4,1
2332,2024-03-26,2035.51,failed,Sports,North,13,5
2333,2024-03-26,1170.39,completed,Sports,East,15,2
2334,2024-03-26,1423.15,completed,Clothing,West,14,5
2335,2024-03-26,4238.89,completed,Home,Central,14,2
2336,2024-03-26,2753.05,refunded,Home,Central,34,2
2337,2024-03-26,349.23,completed,Electronics,North,48,5
2338,2024-03-26,3691.89,pending,Home,South,19,5
2339,2024-03-26,4595.66,refunded,Electronics,West,40,1
2340,2024-03-26,4541.94,completed,Food,East,36,1
2341,2024-03-26,1439.94,pending,Electronics,North,2,1
2342,2024-03-26,1455.35,completed,Home,South,4,3
2343,2024-03-26,2653.99,completed,Books,East,4,3
2344,2024-03-26,1345.7,completed,Books,North,14,5
2345,2024-03-26,3524.95,completed,Sports,East,15,4
2346,2024-03-26,3911.38,completed,Books,North,20,5
2347,2024-03-26,4175.07,completed,Books,Central,3,2
2348,2024-03-26,3462.48,refunded,Home,West,26,5
2349,2024-03-26,4241.37,completed,Food,West,4,2
2350,2024-03-26,4126.76,completed,Books,South,23,1
2351,2024-03-26,841.47,completed,Food,South,30,1
2352,2024-03-26,4168.54,completed,Home,South,33,4
2353,2024-03-26,1962.94,completed,Sports,Central,34,5
2354,2024-03-26,742.61,completed,Clothing,Central,10,5
2355,2024-03-26,3637.44,completed,Food,West,48,2
2356,2024-03-26,3364.06,completed,Home,East,22,3
2357,2024-03-27,4118.68,pending,Sports,North,46,2
2358,2024-03-27,484.74,completed,Clothing,East,2,3
2359,2024-03-27,4586.01,completed,Food,Central,22,3
2360,2024-03-27,1206.87,completed,Home,West,38,2
2361,2024-03-27,435.04,completed,Sports,West,8,1
2362,2024-03-27,2578.72,completed,Sports,Central,18,2
2363,2024-03-27,2097.93,completed,Electronics,East,36,4
2364,2024-03-27,1416.14,completed,Home,West,5,1
2365,2024-03-27,4496.67,completed,Books,South,48,1
2366,2024-03-27,163.52,failed,Sports,North,24,3
2367,2024-03-27,4187.98,pending,Electronics,East,2,5
2368,2024-03-27,499.59,completed,Clothing,North,41,4
2369,2024-03-27,4104.16,completed,Clothing,South,33,5
2370,2024-03-27,1263.54,refunded,Electronics,East,10,4
2371,2024-03-27,1126.78,pending,Clothing,West,11,1
2372,2024-03-27,1854.05,completed,Home,South,20,2
2373,2024-03-27,2397.58,failed,Sports,Central,44,3
2374,2024-03-27,957.04,completed,Sports,West,4,3
2375,2024-03-27,4615.67,completed,Sports,South,39,4
2376,2024-03-27,1513.7,pending,Home,East,7,4
2377,2024-03-27,965.88,failed,Food,West,44,4
2378,2024-03-27,4100.08,completed,Books,East,9,1
2379,2024-03-27,1437.94,completed,Sports,Central,25,2
2380,2024-03-27,4539.93,completed,Electronics,Central,27,3
2381,2024-03-27,4185.19,completed,Books,North,1,3
2382,2024-03-27,1699.93,failed,Home,East,32,4
2383,2024-03-27,4181.78,pending,Sports,North,10,3
2384,2024-03-27,2268.44,completed,Sports,West,37,4
2385,2024-03-28,1116.31,completed,Home,Central,18,4
2386,2024-03-28,1067.02,completed,Home,North,15,5
2387,2024-03-28,1653.11,completed,Sports,Central,29,3
2388,2024-03-28,4345.13,completed,Clothing,South,28,5
2389,2024-03-28,3581.57,completed,Home,North,9,5
2390,2024-03-28,3274.16,completed,Food,East,49,3
2391,2024-03-28,2359.23,pending,Home,West,34,5
2392,2024-03-28,3973.58,completed,Home,South,3,2
2393,2024-03-28,1766.86,completed,Electronics,Central,1,5
2394,2024-03-28,858.08,completed,Home,Central,49,3
2395,2024-03-28,383.89,completed,Books,North,45,3
2396,2024-03-28,4391.81,pending,Sports,South,27,5
2397,2024-03-28,49.54,completed,Sports,South,46,1
2398,2024-03-28,4921.2,completed,Food,Central,36,1
2399,2024-03-28,4998.31,completed,Electronics,Central,31,4
2400,2024-03-28,1247.77,completed,Sports,South,17,1
2401,2024-03-28,4283.61,completed,Books,West,4,4
2402,2024-03-28,2219.64,failed,Food,South,11,1
2403,2024-03-28,4537.01,completed,Home,West,27,1
2404,2024-03-28,1914.73,pending,Electronics,West,33,5
2405,2024-03-28,2588.83,completed,Electronics,South,25,1
2406,2024-03-28,3713.96,refunded,Food,South,7,4
2407,2024-03-28,3110.37,completed,Food,West,44,2
2408,2024-03-28,1054.66,completed,Sports,East,40,5
2409,2024-03-28,1984.68,completed,Home,West,11,4
2410,2024-03-28,2407.52,refunded,Sports,South,43,3
2411,2024-03-28,3669.58,completed,Sports,Central,12,2
2412,2024-03-29,203.21,completed,Books,West,38,5
2413,2024-03-29,4870.53,pending,Books,North,21,3
2414,2024-03-29,2129.42,refunded,Home,North,35,4
2415,2024-03-29,2029.21,completed,Clothing,South,43,2
2416,2024-03-29,4352.02,completed,Books,North,23,1
2417,2024-03-29,2439.73,completed,Books,North,14,3
2418,2024-03-29,2967.01,completed,Sports,West,19,1
2419,2024-03-29,3567.29,completed,Electronics,West,36,5
2420,2024-03-29,1493.45,completed,Home,East,29,1
2421,2024-03-29,4902.52,pending,Sports,East,20,3
2422,2024-03-29,4123.24,completed,Clothing,East,12,2
2423,2024-03-29,4018.1,completed,Electronics,East,35,4
2424,2024-03-29,457.22,refunded,Electronics,South,14,3
2425,2024-03-29,2373.43,completed,Home,South,35,3
2426,2024-03-29,2470.4,completed,Home,Central,22,2
2427,2024-03-29,351.12,completed,Clothing,North,2,5
2428,2024-03-29,3602.61,completed,Food,East,38,3
2429,2024-03-29,1775.2,completed,Clothing,South,33,5
2430,2024-03-29,1974.31,failed,Electronics,West,27,1
2431,2024-03-29,3178.28,completed,Food,West,5,5
2432,2024-03-29,3113.18,completed,Electronics,Central,46,3
2433,2024-03-29,4221.67,completed,Home,East,21,5
2434,2024-03-29,4447.98,refunded,Books,West,23,2
2435,2024-03-29,2522.52,completed,Home,East,26,3
2436,2024-03-29,3985.67,completed,Sports,West,41,1
2437,2024-03-29,3149.83,completed,Home,East,38,2
2438,2024-03-29,1019.59,completed,Electronics,North,48,1
2439,2024-03-29,96.31,pending,Electronics,West,19,2
2440,2024-03-30,535.61,failed,Home,North,17,3
2441,2024-03-30,1571.72,completed,Books,East,32,2
2442,2024-03-30,2091.87,completed,Sports,North,3,3
2443,2024-03-30,3240.44,failed,Sports,Central,31,5
2444,2024-03-30,2373.99,completed,Sports,South,2,5
2445,2024-03-30,4592.54,completed,Clothing,North,49,4
2446,2024-03-30,712.55,completed,Home,North,48,4
2447,2024-03-30,448.74,completed,Home,East,49,3
2448,2024-03-30,4684.72,completed,Home,East,36,2
2449,2024-03-30,879.71,completed,Clothing,East,42,3
2450,2024-03-30,3886.65,completed,Home,South,5,4
2451,2024-03-30,2180.18,completed,Sports,South,44,2
2452,2024-03-30,1218.14,completed,Sports,North,21,3
2453,2024-03-30,1152.98,completed,Electronics,North,23,3
2454,2024-03-30,4452.67,completed,Clothing,Central,19,4
2455,2024-03-30,2847.51,failed,Electronics,West,26,5
2456,2024-03-30,3857.62,completed,Home,North,37,4
2457,2024-03-30,2728.61,completed,Food,West,9,3
2458,2024-03-30,420.26,completed,Food,West,30,4
2459,2024-03-30,1733.74,completed,Electronics,North,17,3
2460,2024-03-30,2689.34,failed,Food,East,38,1
2461,2024-03-30,2511.99,completed,Food,Central,32,5
2462,2024-03-30,3925.16,pending,Electronics,North,40,2
2463,2024-03-30,3717.31,completed,Food,North,38,1
2464,2024-03-30,3244.35,completed,Sports,North,16,3
2465,2024-03-30,4550.98,completed,Electronics,West,3,1
2466,2024-03-30,4893.88,pending,Electronics,South,3,4
2467,2024-03-31,267.13,completed,Sports,West,31,4
2468,2024-03-31,4721.95,completed,Home,West,11,1
2469,2024-03-31,1829.49,completed,Food,Central,23,3
2470,2024-03-31,3856.08,pending,Clothing,South,40,5
2471,2024-03-31,3299.79,completed,Sports,North,3,1
2472,2024-03-31,1781.85,completed,Books,West,48,5
2473,2024-03-31,4178.08,completed,Books,West,43,5
2474,2024-03-31,444.82,completed,Sports,North,1,1
2475,2024-03-31,1166.13,completed,Books,Central,45,3
2476,2024-03-31,3918.53,pending,Food,Central,35,5
2477,2024-03-31,2590.94,failed,Electronics,South,14,1
2478,2024-03-31,511.54,completed,Electronics,West,37,4
2479,2024-03-31,3205.93,completed,Sports,North,17,1
2480,2024-03-31,2038.19,pending,Clothing,West,11,4
2481,2024-03-31,344.47,completed,Food,South,22,2
2482,2024-03-31,256.67,completed,Food,North,14,2
2483,2024-03-31,548.31,completed,Electronics,North,39,1
2484,2024-03-31,1743.36,failed,Sports,East,30,4
2485,2024-03-31,2939.3,failed,Home,West,15,5
2486,2024-03-31,3474.88,pending,Books,East,5,5
2487,2024-03-31,3291.6,completed,Clothing,North,45,1
2488,2024-03-31,555.14,completed,Sports,West,45,1
2489,2024-03-31,3994.93,completed,Food,South,15,2
2490,2024-03-31,4000.97,failed,Electronics,West,1,5
2491,2024-03-31,1667.04,failed,Home,West,31,5
2492,2024-03-31,3820.83,completed,Home,Central,9,4
2493,2024-03-31,995.51,completed,Clothing,West,49,2
2494,2024-04-01,784.83,completed,Electronics,West,42,3
2495,2024-04-01,2504.2,failed,Food,South,23,5
2496,2024-04-01,493.01,pending,Food,East,22,5
2497,2024-04-01,2856.69,completed,Sports,North,39,1
2498,2024-04-01,2694.95,completed,Electronics,South,48,3
2499,2024-04-01,624.73,completed,Electronics,East,17,5
2500,2024-04-01,3367.7,completed,Clothing,East,2,3
2501,2024-04-01,2512.75,completed,Sports,Central,19,3
2502,2024-04-01,432.23,completed,Clothing,Central,31,1
2503,2024-04-01,2999.42,pending,Home,South,3,3
2504,2024-04-01,2137.96,completed,Electronics,West,35,5
2505,2024-04-01,2944.24,pending,Books,West,2,5
2506,2024-04-01,3058.51,pending,Books,South,6,5
2507,2024-04-01,2004.44,completed,Food,Central,44,4
2508,2024-04-01,647.19,completed,Books,North,23,3
2509,2024-04-01,3151.69,pending,Sports,West,19,2
2510,2024-04-01,4949.88,failed,Food,Central,25,3
2511,2024-04-01,2423.59,refunded,Sports,East,15,3
2512,2024-04-01,3956.83,completed,Food,North,35,3
2513,2024-04-01,4593.28,pending,Home,North,27,5
2514,2024-04-01,3194.53,pending,Home,East,5,2
2515,2024-04-01,1019.17,completed,Home,Central,16,1
2516,2024-04-01,3341.63,completed,Clothing,East,18,4
2517,2024-04-01,1576.57,completed,Electronics,North,9,3
2518,2024-04-01,925.99,pending,Clothing,East,25,2
2519,2024-04-01,3283.81,completed,Books,North,8,3
2520,2024-04-01,3507.17,completed,Home,South,48,1
2521,2024-04-01,4580.12,completed,Sports,Central,25,3
2522,2024-04-02,3540.96,pending,Home,West,33,3
2523,2024-04-02,2602.01,completed,Clothing,South,38,5
2524,2024-04-02,3203.96,failed,Sports,East,49,2
2525,2024-04-02,4889.22,completed,Electronics,East,41,3
2526,2024-04-02,3035.19,failed,Electronics,Central,1,2
2527,2024-04-02,2251.58,pending,Books,North,21,3
2528,2024-04-02,3071.62,completed,Electronics,East,44,4
2529,2024-04-02,3649.69,completed,Sports,East,18,5
2530,2024-04-02,4366.48,completed,Books,Central,41,3
2531,2024-04-02,1001.85,failed,Food,South,10,3
2532,2024-04-02,587.55,completed,Clothing,North,1,3
2533,2024-04-02,2365.8,completed,Food,East,37,2
2534,2024-04-02,3769.56,completed,Sports,East,35,5
2535,2024-04-02,474.35,completed,Home,North,36,1
2536,2024-04-02,4510.89,completed,Sports,North,36,5
2537,2024-04-02,4771.65,completed,Sports,North,42,5
2538,2024-04-02,4954.23,completed,Electronics,Central,32,1
2539,2024-04-02,3178.52,completed,Sports,South,47,1
2540,2024-04-02,3683.04,completed,Food,South,12,3
2541,2024-04-02,1840.38,failed,Electronics,South,21,1
2542,2024-04-02,4578.23,completed,Books,North,23,1
2543,2024-04-02,564.46,completed,Food,Central,13,4
2544,2024-04-02,1683.94,completed,Food,Central,5,5
2545,2024-04-02,4721.73,completed,Books,East,31,3
2546,2024-04-02,2610.97,failed,Home,Central,46,4
2547,2024-04-02,3587.23,completed,Books,North,19,4
2548,2024-04-02,2605.95,completed,Home,West,36,4
2549,2024-04-03,31.75,completed,Books,West,25,3
2550,2024-04-03,1261.31,pending,Home,North,46,4
2551,2024-04-03,1064.33,completed,Clothing,Central,32,4
2552,2024-04-03,914.84,completed,Electronics,East,10,4
2553,2024-04-03,2213.21,completed,Home,West,45,2
2554,2024-04-03,3845.38,failed,Home,Central,25,3
2555,2024-04-03,2382.48,failed,Sports,Central,43,2
2556,2024-04-03,4153.57,completed,Sports,West,14,1
2557,2024-04-03,1427.92,failed,Food,Central,24,4
2558,2024-04-03,1760.09,completed,Sports,North,30,3
2559,2024-04-03,4116.74,pending,Clothing,North,30,2
2560,2024-04-03,3648.77,completed,Food,West,31,3
2561,2024-04-03,195.4,completed,Electronics,South,10,2
2562,2024-04-03,2487.8,failed,Home,Central,47,3
2563,2024-04-03,271.75,completed,Food,Central,28,1
2564,2024-04-03,3874.04,pending,Electronics,North,19,1
2565,2024-04-03,2386.43,completed,Electronics,South,36,2
2566,2024-04-03,3229.31,pending,Home,West,42,2
2567,2024-04-03,1982.69,completed,Electronics,West,14,4
2568,2024-04-03,171.08,completed,Home,Central,43,4
2569,2024-04-03,756.57,failed,Home,North,16,2
2570,2024-04-03,1159.34,completed,Books,East,23,2
2571,2024-04-03,233.96,pending,Sports,East,48,2
2572,2024-04-03,1604.72,failed,Sports,West,13,2
2573,2024-04-03,1532.01,pending,Home,North,39,1
2574,2024-04-03,3922.43,completed,Clothing,South,21,3
2575,2024-04-03,1400.78,completed,Sports,East,30,3
2576,2024-04-03,4424.99,completed,Electronics,West,38,1
2577,2024-04-04,1297.3,completed,Home,Central,42,2
2578,2024-04-04,1954.92,completed,Clothing,West,35,1
2579,2024-04-04,1029.7,completed,Food,Central,11,2
2580,2024-04-04,3496.36,pending,Sports,West,42,2
2581,2024-04-04,1062.59,completed,Clothing,Central,36,1
2582,2024-04-04,1556.27,failed,Food,North,46,4
2583,2024-04-04,3806.58,failed,Home,Central,13,4
2584,2024-04-04,2842.58,completed,Sports,West,29,5
2585,2024-04-04,2099.68,completed,Electronics,North,11,2
2586,2024-04-04,4694.52,completed,Electronics,West,24,2
2587,2024-04-04,1896.33,completed,Sports,North,45,2
2588,2024-04-04,3361.21,failed,Home,Central,5,2
2589,2024-04-04,3686.56,completed,Food,Central,18,2
2590,2024-04-04,4531.21,failed,Sports,Central,20,1
2591,2024-04-04,1830.29,completed,Sports,West,35,5
2592,2024-04-04,1688.58,completed,Books,North,21,1
2593,2024-04-04,357.29,completed,Food,West,40,2
2594,2024-04-04,879.49,completed,Books,West,43,2
2595,2024-04-04,1644.67,pending,Home,South,15,2
2596,2024-04-04,1569.32,completed,Home,South,46,3
2597,2024-04-04,327.01,failed,Food,Central,18,3
2598,2024-04-04,535.12,completed,Electronics,East,29,1
2599,2024-04-04,1393.46,completed,Clothing,Central,25,4
2600,2024-04-04,1532.68,pending,Food,East,45,3
2601,2024-04-04,157.52,completed,Sports,North,32,5
2602,2024-04-04,2991.75,completed,Home,South,8,2
2603,2024-04-04,1216.2,completed,Food,West,3,4
2604,2024-04-05,2111.95,completed,Clothing,West,32,4
2605,2024-04-05,3637.23,pending,Clothing,East,44,3
2606,2024-04-05,1175.0,pending,Home,Central,25,2
2607,2024-04-05,3393.18,completed,Food,Central,39,1
2608,2024-04-05,4192.0,completed,Food,West,22,5
2609,2024-04-05,4860.67,failed,Food,Central,47,1
2610,2024-04-05,2819.26,completed,Sports,North,16,5
2611,2024-04-05,1956.74,completed,Books,Central,37,5
2612,2024-04-05,1756.59,completed,Home,North,39,5
2613,2024-04-05,1802.74,completed,Electronics,East,14,5
2614,2024-04-05,1426.97,completed,Electronics,East,1,5
2615,2024-04-05,2725.23,completed,Sports,Central,4,2
2616,2024-04-05,1079.06,refunded,Food,North,17,1
2617,2024-04-05,912.56,completed,Food,North,48,2
2618,2024-04-05,392.05,completed,Electronics,Central,10,5
2619,2024-04-05,3581.35,completed,Books,East,1,4
2620,2024-04-05,2790.91,completed,Clothing,South,12,2
2621,2024-04-05,3182.33,failed,Home,North,45,4
2622,2024-04-05,4158.74,completed,Home,East,1,1
2623,2024-04-05,3666.04,completed,Food,East,21,4
2624,2024-04-05,2316.47,completed,Sports,Central,33,1
2625,2024-04-05,992.85,completed,Clothing,South,1,1
2626,2024-04-05,322.61,completed,Books,South,6,1
2627,2024-04-05,2596.34,completed,Books,Central,8,3
2628,2024-04-05,865.31,completed,Books,West,3,4
2629,2024-04-05,3110.46,completed,Sports,West,48,4
2630,2024-04-05,2070.78,completed,Books,Central,17,5
2631,2024-04-06,1137.99,failed,Books,East,29,4
2632,2024-04-06,3106.2,pending,Home,South,9,4
2633,2024-04-06,3508.81,completed,Electronics,Central,31,1
2634,2024-04-06,1955.54,completed,Home,South,34,2
2635,2024-04-06,1853.81,completed,Clothing,East,12,4
2636,2024-04-06,1661.98,completed,Home,West,33,3
2637,2024-04-06,588.62,completed,Home,West,2,3
2638,2024-04-06,4083.73,completed,Clothing,North,27,2
2639,2024-04-06,1042.88,completed,Food,West,38,2
2640,2024-04-06,1211.31,completed,Electronics,North,47,1
2641,2024-04-06,885.09,completed,Clothing,North,15,2
2642,2024-04-06,3942.79,completed,Sports,East,40,3
2643,2024-04-06,2307.22,completed,Books,South,21,2
2644,2024-04-06,19.84,failed,Home,North,28,4
2645,2024-04-06,1130.89,completed,Clothing,West,22,3
2646,2024-04-06,1325.12,failed,Electronics,East,45,1
2647,2024-04-06,891.01,completed,Home,Central,5,4
2648,2024-04-06,2090.31,pending,Food,Central,14,5
2649,2024-04-06,4434.41,completed,Books,South,13,2
2650,2024-04-06,45.86,completed,Clothing,North,23,4
2651,2024-04-06,785.28,pending,Sports,Central,22,4
2652,2024-04-06,1688.38,completed,Electronics,East,25,3
2653,2024-04-06,2174.68,completed,Sports,West,22,1
2654,2024-04-06,899.61,completed,Clothing,North,8,5
2655,2024-04-06,2492.65,completed,Books,East,48,1
2656,2024-04-06,1932.77,completed,Electronics,North,43,5
2657,2024-04-06,4602.98,completed,Clothing,West,4,1
2658,2024-04-06,126.06,failed,Sports,East,8,5
2659,2024-04-07,4575.26,completed,Food,Central,21,4
2660,2024-04-07,3579.81,completed,Home,East,20,1
2661,2024-04-07,810.56,failed,Food,East,43,5
2662,2024-04-07,2417.98,pending,Electronics,West,36,5
2663,2024-04-07,4459.23,completed,Clothing,West,24,5
2664,2024-04-07,1165.07,completed,Sports,South,10,2
2665,2024-04-07,2612.95,completed,Books,South,31,5
2666,2024-04-07,4280.28,completed,Books,South,15,3
2667,2024-04-07,504.42,completed,Electronics,North,26,4
2668,2024-04-07,3218.95,completed,Food,Central,24,5
2669,2024-04-07,906.51,failed,Electronics,East,36,1
2670,2024-04-07,286.56,completed,Food,South,45,3
2671,2024-04-07,3988.24,completed,Sports,West,35,1
2672,2024-04-07,3168.28,completed,Sports,West,1,2
2673,2024-04-07,4306.38,completed,Electronics,East,25,3
2674,2024-04-07,4871.0,completed,Electronics,South,5,2
2675,2024-04-07,854.05,completed,Electronics,West,26,5
2676,2024-04-07,1262.24,failed,Electronics,West,44,5
2677,2024-04-07,140.49,completed,Sports,North,32,5
2678,2024-04-07,2980.49,completed,Sports,West,16,1
2679,2024-04-07,1842.31,completed,Clothing,East,32,2
2680,2024-04-07,616.84,completed,Sports,Central,45,5
2681,2024-04-07,1286.21,failed,Electronics,West,30,4
2682,2024-04-07,3134.64,failed,Clothing,South,18,4
2683,2024-04-07,1435.81,failed,Home,East,1,1
2684,2024-04-07,1902.26,failed,Food,East,16,5
2685,2024-04-07,329.99,pending,Clothing,Central,48,3
2686,2024-04-08,1010.1,failed,Sports,North,31,3
2687,2024-04-08,2407.88,completed,Electronics,Central,49,1
2688,2024-04-08,2576.73,completed,Electronics,East,1,5
2689,2024-04-08,1208.14,completed,Clothing,North,22,5
2690,2024-04-08,4210.86,completed,Food,West,23,1
2691,2024-04-08,4832.17,pending,Sports,West,6,5
2692,2024-04-08,3842.9,completed,Books,North,5,4
2693,2024-04-08,19.91,completed,Home,West,28,3
2694,2024-04-08,2327.49,failed,Sports,East,2,2
2695,2024-04-08,873.41,completed,Home,Central,9,1
2696,2024-04-08,3525.12,pending,Books,Central,6,5
2697,2024-04-08,470.14,completed,Sports,South,38,1
2698,2024-04-08,729.57,completed,Electronics,North,19,5
2699,2024-04-08,383.6,completed,Electronics,West,12,1
2700,2024-04-08,2638.7,pending,Books,South,42,3
2701,2024-04-08,619.09,failed,Clothing,West,26,4
2702,2024-04-08,3429.1,completed,Home,South,20,2
2703,2024-04-08,497.72,completed,Clothing,North,26,3
2704,2024-04-08,1931.98,pending,Sports,West,31,2
2705,2024-04-08,4338.2,completed,Electronics,South,42,2
2706,2024-04-08,1604.22,completed,Clothing,Central,39,5
2707,2024-04-08,2681.57,failed,Electronics,East,23,2
2708,2024-04-08,2786.28,completed,Clothing,West,26,1
2709,2024-04-08,2970.31,pending,Sports,West,49,2
2710,2024-04-08,1417.09,completed,Books,East,28,1
2711,2024-04-08,892.34,completed,Clothing,North,17,1
2712,2024-04-08,4212.46,completed,Food,North,29,4
2713,2024-04-08,4776.77,pending,Sports,North,33,5
2714,2024-04-09,4590.08,failed,Clothing,South,5,1
2715,2024-04-09,314.29,completed,Food,South,46,1
2716,2024-04-09,1059.24,completed,Electronics,South,49,3
2717,2024-04-09,3344.61,completed,Clothing,East,2,3
2718,2024-04-09,854.03,completed,Home,East,23,3
2719,2024-04-09,4264.56,completed,Sports,North,41,1
2720,2024-04-09,4221.03,failed,Home,South,1,3
2721,2024-04-09,944.07,completed,Electronics,North,19,4
2722,2024-04-09,3719.96,completed,Home,Central,23,3
2723,2024-04-09,1726.93,completed,Books,West,11,2
2724,2024-04-09,3649.89,pending,Books,West,5,3
2725,2024-04-09,3088.84,pending,Books,North,34,4
2726,2024-04-09,1039.93,completed,Clothing,West,42,2
2727,2024-04-09,3479.62,completed,Sports,East,46,2
2728,2024-04-09,1703.95,failed,Food,Central,9,3
2729,2024-04-09,2430.66,completed,Electronics,North,1,2
2730,2024-04-09,1355.59,pending,Food,East,28,2
2731,2024-04-09,103.49,completed,Clothing,South,7,4
2732,2024-04-09,2041.54,completed,Books,West,11,2
2733,2024-04-09,135.11,completed,Home,West,2,1
2734,2024-04-09,987.58,completed,Home,North,9,4
2735,2024-04-09,4529.11,failed,Sports,West,30,3
2736,2024-04-09,4394.92,completed,Clothing,North,46,5
2737,2024-04-09,2544.28,pending,Clothing,West,33,3
2738,2024-04-09,2778.71,completed,Sports,South,37,1
2739,2024-04-09,2748.6,completed,Sports,Central,25,4
2740,2024-04-09,4036.09,pending,Food,West,6,4
2741,2024-04-10,2761.13,pending,Clothing,North,17,4
2742,2024-04-10,2827.12,refunded,Sports,South,16,1
2743,2024-04-10,2756.54,completed,Books,South,23,5
2744,2024-04-10,2436.97,completed,Electronics,Central,22,2
2745,2024-04-10,2786.7,completed,Electronics,South,27,3
2746,2024-04-10,4641.99,completed,Food,North,3,5
2747,2024-04-10,1528.5,completed,Food,South,16,1
2748,2024-04-10,4693.77,pending,Food,East,18,2
2749,2024-04-10,2776.23,completed,Electronics,Central,16,4
2750,2024-04-10,1831.96,completed,Food,South,44,2
2751,2024-04-10,612.24,pending,Clothing,Central,10,2
2752,2024-04-10,4882.33,completed,Home,South,44,3
2753,2024-04-10,2239.59,completed,Clothing,West,27,5
2754,2024-04-10,3927.42,pending,Books,West,19,1
2755,2024-04-10,3210.97,completed,Clothing,South,39,1
2756,2024-04-10,601.91,pending,Books,East,46,2
2757,2024-04-10,759.7,failed,Electronics,North,30,3
2758,2024-04-10,3709.54,completed,Electronics,North,15,4
2759,2024-04-10,2714.53,completed,Food,South,11,4
2760,2024-04-10,1579.23,completed,Food,North,22,5
2761,2024-04-10,1104.92,completed,Books,East,46,5
2762,2024-04-10,4522.53,completed,Sports,South,37,4
2763,2024-04-10,970.93,completed,Clothing,Central,32,4
2764,2024-04-10,4632.68,failed,Clothing,South,43,2
2765,2024-04-10,3480.2,completed,Clothing,West,32,4
2766,2024-04-10,1474.01,pending,Home,Central,4,5
2767,2024-04-10,2949.62,failed,Clothing,Central,39,4
2768,2024-04-11,3392.98,pending,Sports,South,11,5
2769,2024-04-11,1772.43,completed,Clothing,West,36,5
2770,2024-04-11,3363.16,completed,Home,South,17,4
2771,2024-04-11,2289.39,completed,Food,South,21,3
2772,2024-04-11,1086.63,completed,Food,North,20,3
2773,2024-04-11,4442.91,refunded,Home,North,35,4
2774,2024-04-11,997.4,completed,Books,East,44,2
2775,2024-04-11,3720.23,completed,Electronics,East,28,4
2776,2024-04-11,2171.37,completed,Books,South,17,4
2777,2024-04-11,1772.61,pending,Electronics,West,45,5
2778,2024-04-11,538.31,pending,Food,West,48,3
2779,2024-04-11,2995.76,completed,Home,South,25,2
2780,2024-04-11,3039.16,completed,Clothing,North,4,3
2781,2024-04-11,4086.73,pending,Clothing,Central,39,3
2782,2024-04-11,4900.36,completed,Clothing,West,41,1
2783,2024-04-11,38.89,completed,Sports,Central,43,2
2784,2024-04-11,3179.47,completed,Books,West,27,5
2785,2024-04-11,945.23,completed,Electronics,East,48,1
2786,2024-04-11,3755.9,completed,Electronics,South,33,5
2787,2024-04-11,3547.39,completed,Sports,South,32,3
2788,2024-04-11,275.56,failed,Clothing,West,19,3
2789,2024-04-11,208.75,pending,Sports,Central,38,2
2790,2024-04-11,4846.4,pending,Sports,Central,10,3
2791,2024-04-11,61.26,failed,Electronics,South,37,5
2792,2024-04-11,1440.46,completed,Electronics,West,7,5
2793,2024-04-11,3919.95,pending,Sports,South,40,5
2794,2024-04-11,2618.02,completed,Electronics,Central,7,3
2795,2024-04-11,1207.71,completed,Sports,East,3,3
2796,2024-04-12,4921.79,refunded,Food,West,36,1
2797,2024-04-12,3456.93,failed,Food,South,37,3
2798,2024-04-12,2185.31,completed,Books,South,16,1
2799,2024-04-12,4349.96,completed,Home,East,14,3
2800,2024-04-12,4163.47,refunded,Clothing,North,20,3
2801,2024-04-12,2452.77,completed,Books,South,17,5
2802,2024-04-12,3697.81,completed,Clothing,West,36,3
2803,2024-04-12,1351.59,completed,Home,West,49,5
2804,2024-04-12,620.78,completed,Sports,West,16,1
2805,2024-04-12,1141.83,completed,Clothing,North,29,5
2806,2024-04-12,4211.77,completed,Home,East,42,5
2807,2024-04-12,1024.42,completed,Food,Central,30,1
2808,2024-04-12,175.46,pending,Home,South,19,3
2809,2024-04-12,2718.87,pending,Home,North,26,4
2810,2024-04-12,1017.15,completed,Food,West,27,3
2811,2024-04-12,2149.36,completed,Clothing,South,21,2
2812,2024-04-12,4702.07,failed,Electronics,South,6,1
2813,2024-04-12,3740.45,completed,Sports,South,25,4
2814,2024-04-12,583.84,completed,Sports,North,3,2
2815,2024-04-12,4443.25,completed,Clothing,Central,10,5
2816,2024-04-12,142.74,refunded,Home,South,42,1
2817,2024-04-12,1838.49,completed,Sports,North,17,4
2818,2024-04-12,2851.95,completed,Clothing,West,21,5
2819,2024-04-12,3255.68,failed,Sports,Central,33,1
2820,2024-04-12,4636.64,completed,Clothing,South,24,1
2821,2024-04-12,2151.38,failed,Home,South,29,2
2822,2024-04-12,2150.37,completed,Electronics,South,1,1
2823,2024-04-13,3233.78,completed,Books,North,26,3
2824,2024-04-13,107.44,completed,Electronics,East,17,5
2825,2024-04-13,3373.64,completed,Food,Central,4,4
2826,2024-04-13,1898.41,completed,Home,Central,39,4
2827,2024-04-13,1036.58,failed,Electronics,East,2,2
2828,2024-04-13,1167.31,completed,Books,East,34,4
2829,2024-04-13,555.7,completed,Food,Central,9,5
2830,2024-04-13,1717.73,completed,Electronics,East,9,4
2831,2024-04-13,3287.23,completed,Home,North,2,5
2832,2024-04-13,4088.93,pending,Clothing,East,10,5
2833,2024-04-13,1436.8,completed,Books,West,32,2
2834,2024-04-13,2475.17,completed,Electronics,East,32,2
2835,2024-04-13,2920.49,completed,Clothing,North,12,3
2836,2024-04-13,2570.41,completed,Clothing,West,20,5
2837,2024-04-13,4562.14,completed,Books,North,26,2
2838,2024-04-13,3100.29,failed,Electronics,Central,2,2
2839,2024-04-13,4671.52,completed,Electronics,South,19,1
2840,2024-04-13,3756.66,completed,Food,South,38,5
2841,2024-04-13,715.98,completed,Sports,West,16,2
2842,2024-04-13,714.16,completed,Sports,Central,15,1
2843,2024-04-13,3991.78,completed,Food,East,10,4
2844,2024-04-13,4425.84,refunded,Clothing,South,1,3
2845,2024-04-13,3719.36,completed,Books,East,42,4
2846,2024-04-13,1272.98,failed,Food,Central,7,5
2847,2024-04-13,2378.12,completed,Sports,West,5,4
2848,2024-04-13,1269.3,pending,Electronics,South,32,5
2849,2024-04-13,1291.86,completed,Food,East,8,4
2850,2024-04-13,4256.35,refunded,Electronics,North,13,5
2851,2024-04-14,4797.41,completed,Sports,South,8,1
2852,2024-04-14,1679.46,completed,Food,West,28,4
2853,2024-04-14,863.65,completed,Electronics,South,30,5
2854,2024-04-14,525.94,pending,Food,Central,19,1
2855,2024-04-14,1531.74,completed,Books,East,20,2
2856,2024-04-14,3151.33,pending,Sports,Central,24,3
2857,2024-04-14,1729.35,completed,Clothing,South,20,5
2858,2024-04-14,4725.37,completed,Clothing,Central,47,3
2859,2024-04-14,587.47,completed,Books,North,21,5
2860,2024-04-14,2254.36,pending,Food,South,7,4
2861,2024-04-14,3387.92,pending,Food,North,47,4
2862,2024-04-14,1993.45,pending,Books,Central,2,4
2863,2024-04-14,3556.96,completed,Food,South,41,1
2864,2024-04-14,2264.24,failed,Sports,Central,30,4
2865,2024-04-14,3860.68,pending,Clothing,West,39,2
2866,2024-04-14,1382.66,pending,Sports,North,8,2
2867,2024-04-14,4350.14,completed,Electronics,South,11,4
2868,2024-04-14,892.32,pending,Sports,South,24,3
2869,2024-04-14,1192.64,completed,Clothing,East,43,4
2870,2024-04-14,1235.61,completed,Home,North,3,5
2871,2024-04-14,386.13,completed,Books,West,37,4
2872,2024-04-14,1789.09,completed,Books,Central,48,2
2873,2024-04-14,4019.78,refunded,Sports,North,45,5
2874,2024-04-14,3485.59,refunded,Electronics,East,42,3
2875,2024-04-14,4780.13,pending,Books,North,39,5
2876,2024-04-14,2277.47,pending,Books,North,37,2
2877,2024-04-14,2549.02,completed,Electronics,North,11,1
2878,2024-04-15,746.58,pending,Electronics,South,32,3
2879,2024-04-15,1158.43,completed,Clothing,North,37,3
2880,2024-04-15,4574.05,completed,Books,South,27,5
2881,2024-04-15,4990.16,refunded,Books,South,11,4
2882,2024-04-15,3459.18,completed,Clothing,South,46,5
2883,2024-04-15,1591.28,failed,Home,Central,16,4
2884,2024-04-15,4338.27,completed,Food,Central,32,3
2885,2024-04-15,3339.74,completed,Electronics,East,26,1
2886,2024-04-15,1230.86,pending,Books,East,46,2
2887,2024-04-15,2368.27,completed,Home,East,49,2
2888,2024-04-15,2431.61,completed,Home,South,25,4
2889,2024-04-15,4768.34,completed,Books,West,4,4
2890,2024-04-15,21.03,completed,Electronics,South,35,1
2891,2024-04-15,205.28,pending,Home,South,23,5
2892,2024-04-15,471.12,completed,Clothing,South,3,3
2893,2024-04-15,4214.22,completed,Home,North,4,4
2894,2024-04-15,791.35,pending,Electronics,West,26,4
2895,2024-04-15,1098.24,completed,Sports,East,49,2
2896,2024-04-15,1551.66,completed,Sports,South,40,5
2897,2024-04-15,1220.34,completed,Sports,East,13,2
2898,2024-04-15,4535.46,failed,Books,North,24,1
2899,2024-04-15,4858.0,pending,Home,North,39,4
2900,2024-04-15,1808.26,completed,Food,East,44,1
2901,2024-04-15,2848.67,completed,Food,Central,7,4
2902,2024-04-15,1478.06,pending,Clothing,East,13,2
2903,2024-04-15,4787.26,completed,Electronics,Central,49,4
2904,2024-04-15,1772.55,pending,Sports,East,37,3
2905,2024-04-16,4702.86,completed,Home,South,26,1
2906,2024-04-16,787.38,completed,Sports,West,7,5
2907,2024-04-16,1572.42,completed,Food,Central,36,3
2908,2024-04-16,215.05,failed,Electronics,East,10,4
2909,2024-04-16,2354.42,pending,Electronics,North,48,4
2910,2024-04-16,120.84,failed,Food,West,1,3
2911,2024-04-16,791.3,completed,Clothing,Central,42,5
2912,2024-04-16,1885.38,completed,Sports,East,49,5
2913,2024-04-16,4665.3,failed,Electronics,North,43,3
2914,2024-04-16,1057.42,completed,Electronics,North,42,4
2915,2024-04-16,351.87,completed,Books,Central,39,1
2916,2024-04-16,3773.83,refunded,Books,East,11,2
2917,2024-04-16,3358.56,completed,Books,West,4,5
2918,2024-04-16,4627.14,completed,Books,East,14,5
2919,2024-04-16,4238.88,completed,Sports,East,46,2
2920,2024-04-16,4625.28,completed,Food,West,28,1
2921,2024-04-16,3728.21,failed,Food,Central,4,3
2922,2024-04-16,4366.23,completed,Books,South,39,1
2923,2024-04-16,3664.38,failed,Electronics,West,16,1
2924,2024-04-16,2779.06,completed,Home,North,39,2
2925,2024-04-16,372.95,completed,Food,East,17,3
2926,2024-04-16,2393.31,completed,Home,South,11,3
2927,2024-04-16,3651.45,completed,Clothing,South,40,4
2928,2024-04-16,2269.8,completed,Food,Central,41,1
2929,2024-04-16,4534.4,failed,Home,North,10,3
2930,2024-04-16,4638.62,pending,Food,West,1,5
2931,2024-04-16,1900.2,failed,Clothing,East,21,1
2932,2024-04-16,2862.98,completed,Electronics,North,17,5
2933,2024-04-17,1428.99,completed,Books,South,40,4
2934,2024-04-17,2836.28,completed,Clothing,North,28,4
2935,2024-04-17,765.11,completed,Food,Central,23,1
2936,2024-04-17,3400.68,completed,Clothing,South,38,2
2937,2024-04-17,4994.1,failed,Clothing,South,45,5
2938,2024-04-17,1583.69,pending,Home,South,37,4
2939,2024-04-17,475.65,completed,Electronics,Central,34,4
2940,2024-04-17,77.95,completed,Home,East,7,5
2941,2024-04-17,2990.79,completed,Home,West,35,2
2942,2024-04-17,3960.36,completed,Clothing,Central,22,4
2943,2024-04-17,476.19,refunded,Sports,West,22,5
2944,2024-04-17,2563.38,failed,Clothing,Central,41,1
2945,2024-04-17,3037.21,completed,Home,South,15,5
2946,2024-04-17,3785.52,completed,Books,Central,40,2
2947,2024-04-17,3398.2,completed,Books,South,37,4
2948,2024-04-17,4278.64,pending,Food,North,11,4
2949,2024-04-17,4433.97,completed,Electronics,Central,2,1
2950,2024-04-17,1313.3,completed,Home,West,4,1
2951,2024-04-17,1496.09,completed,Sports,North,43,4
2952,2024-04-17,333.77,failed,Electronics,West,1,2
2953,2024-04-17,4878.02,completed,Books,West,32,2
2954,2024-04-17,3468.74,completed,Sports,Central,16,2
2955,2024-04-17,4817.33,completed,Books,South,21,4
2956,2024-04-17,96.88,pending,Books,Central,12,4
2957,2024-04-17,2053.63,completed,Electronics,South,3,3
2958,2024-04-17,4956.68,completed,Books,Central,18,5
2959,2024-04-17,2857.31,completed,Clothing,South,31,4
2960,2024-04-18,3611.91,completed,Home,South,6,3
2961,2024-04-18,4521.65,pending,Home,Central,27,4
2962,2024-04-18,1681.41,completed,Sports,Central,21,5
2963,2024-04-18,1659.99,completed,Food,North,31,2
2964,2024-04-18,4453.91,completed,Clothing,North,1,4
2965,2024-04-18,3357.58,completed,Home,West,42,3
2966,2024-04-18,1989.68,pending,Sports,East,1,3
2967,2024-04-18,403.52,completed,Food,North,40,2
2968,2024-04-18,3484.39,pending,Food,East,27,4
2969,2024-04-18,3844.6,pending,Books,North,19,4
2970,2024-04-18,351.73,completed,Clothing,West,41,2
2971,2024-04-18,2243.69,completed,Home,West,38,3
2972,2024-04-18,1435.53,completed,Home,Central,5,3
2973,2024-04-18,3571.96,completed,Clothing,Central,15,2
2974,2024-04-18,4831.92,completed,Books,North,14,2
2975,2024-04-18,1090.56,completed,Clothing,East,6,5
2976,2024-04-18,959.41,completed,Books,West,28,1
2977,2024-04-18,604.11,completed,Food,West,43,3
2978,2024-04-18,4475.87,completed,Home,Central,42,3
2979,2024-04-18,3090.56,pending,Books,Central,32,5
2980,2024-04-18,2610.96,completed,Sports,South,19,1
2981,2024-04-18,2722.03,completed,Clothing,Central,27,1
2982,2024-04-18,2392.7,completed,Clothing,East,43,4
2983,2024-04-18,4650.88,completed,Electronics,North,30,4
2984,2024-04-18,3578.76,completed,Clothing,South,5,4
2985,2024-04-18,3563.16,completed,Electronics,West,41,5
2986,2024-04-18,398.12,pending,Home,South,32,1
2987,2024-04-18,4948.03,completed,Food,West,36,1
2988,2024-04-19,2501.39,failed,Food,West,26,4
2989,2024-04-19,103.38,completed,Books,West,34,5
2990,2024-04-19,3973.08,pending,Books,Central,34,3
2991,2024-04-19,3574.47,completed,Home,South,20,3
2992,2024-04-19,3467.99,pending,Books,North,7,3
2993,2024-04-19,1962.76,completed,Electronics,North,11,1
2994,2024-04-19,2600.43,completed,Food,North,36,1
2995,2024-04-19,3564.24,refunded,Sports,North,11,5
2996,2024-04-19,23.2,completed,Sports,East,1,1
2997,2024-04-19,1500.45,completed,Books,East,8,2
2998,2024-04-19,4325.44,failed,Clothing,West,21,4
2999,2024-04-19,879.09,completed,Home,West,49,3
3000,2024-04-19,1774.85,pending,Electronics,Central,18,2
3001,2024-04-19,428.91,completed,Clothing,West,38,2
3002,2024-04-19,1326.06,completed,Electronics,Central,28,4
3003,2024-04-19,2289.41,completed,Books,East,25,4
3004,2024-04-19,4402.2,completed,Sports,Central,33,4
3005,2024-04-19,3417.93,completed,Books,East,45,5
3006,2024-04-19,2865.15,completed,Home,North,34,5
3007,2024-04-19,3760.43,completed,Sports,West,28,1
3008,2024-04-19,2914.28,completed,Electronics,North,23,4
3009,2024-04-19,448.62,completed,Food,South,12,1
3010,2024-04-19,2945.23,completed,Electronics,Central,33,1
3011,2024-04-19,3931.76,completed,Clothing,South,47,2
3012,2024-04-19,3981.7,completed,Clothing,North,29,4
3013,2024-04-19,934.34,completed,Books,Central,11,5
3014,2024-04-19,3172.38,failed,Food,West,23,5
3015,2024-04-20,958.71,completed,Books,West,11,4
3016,2024-04-20,472.11,pending,Sports,East,19,2
3017,2024-04-20,362.56,completed,Home,Central,36,3
3018,2024-04-20,2660.07,pending,Sports,South,49,1
3019,2024-04-20,349.48,completed,Home,South,21,5
3020,2024-04-20,58.26,completed,Food,East,16,4
3021,2024-04-20,2480.98,failed,Home,East,25,4
3022,2024-04-20,4365.53,completed,Books,West,36,2
3023,2024-04-20,4208.27,pending,Sports,East,30,3
3024,2024-04-20,2284.61,completed,Home,South,38,1
3025,2024-04-20,525.59,completed,Sports,West,21,2
3026,2024-04-20,2665.86,pending,Books,South,15,1
3027,2024-04-20,770.63,completed,Clothing,West,45,4
3028,2024-04-20,644.61,failed,Food,South,49,5
3029,2024-04-20,698.17,refunded,Clothing,East,35,3
3030,2024-04-20,2746.57,failed,Books,South,17,5
3031,2024-04-20,1096.87,pending,Books,East,3,3
3032,2024-04-20,2112.04,completed,Home,South,11,5
3033,2024-04-20,2545.12,completed,Electronics,South,41,2
3034,2024-04-20,4846.62,completed,Clothing,North,49,4
3035,2024-04-20,461.99,pending,Home,West,41,3
3036,2024-04-20,1785.19,completed,Food,West,31,4
3037,2024-04-20,4549.04,completed,Home,South,1,5
3038,2024-04-20,1991.08,completed,Food,East,37,2
3039,2024-04-20,2862.03,completed,Food,North,43,3
3040,2024-04-20,4055.98,completed,Electronics,Central,44,3
3041,2024-04-20,3696.14,refunded,Books,South,11,2
3042,2024-04-21,3392.72,pending,Home,East,16,5
3043,2024-04-21,1032.04,completed,Books,North,40,2
3044,2024-04-21,3322.49,pending,Food,South,37,4
3045,2024-04-21,3918.22,completed,Sports,East,43,2
3046,2024-04-21,2049.84,completed,Clothing,Central,14,2
3047,2024-04-21,4497.16,refunded,Clothing,South,7,3
3048,2024-04-21,2832.75,pending,Food,West,9,3
3049,2024-04-21,3932.91,completed,Electronics,North,25,2
3050,2024-04-21,553.31,completed,Electronics,South,1,3
3051,2024-04-21,926.84,completed,Sports,Central,44,1
3052,2024-04-21,4317.42,completed,Clothing,South,15,3
3053,2024-04-21,240.45,completed,Sports,South,42,1
3054,2024-04-21,319.97,completed,Electronics,Central,49,2
3055,2024-04-21,4735.36,completed,Clothing,East,8,4
3056,2024-04-21,203.82,completed,Electronics,North,33,5
3057,2024-04-21,2973.84,refunded,Food,West,44,1
3058,2024-04-21,2675.8,completed,Food,West,43,1
3059,2024-04-21,2804.17,completed,Electronics,South,7,4
3060,2024-04-21,3222.7,completed,Sports,North,7,1
3061,2024-04-21,398.89,failed,Clothing,East,16,2
3062,2024-04-21,4109.6,failed,Clothing,Central,12,1
3063,2024-04-21,3099.36,completed,Home,North,34,2
3064,2024-04-21,3530.55,refunded,Sports,West,17,3
3065,2024-04-21,3449.08,completed,Home,Central,18,1
3066,2024-04-21,2355.26,pending,Clothing,South,33,1
3067,2024-04-21,398.78,completed,Electronics,South,8,5
3068,2024-04-21,2319.92,completed,Sports,North,9,3
3069,2024-04-21,3266.12,completed,Books,Central,35,1
3070,2024-04-22,2481.35,completed,Sports,South,17,5
3071,2024-04-22,36.55,refunded,Home,North,25,3
3072,2024-04-22,4710.44,completed,Electronics,North,39,3
3073,2024-04-22,47.05,completed,Sports,West,14,1
3074,2024-04-22,1048.63,refunded,Sports,North,39,2
3075,2024-04-22,4483.08,completed,Books,West,44,5
3076,2024-04-22,468.09,completed,Sports,West,9,3
3077,2024-04-22,3408.87,completed,Home,South,3,1
3078,2024-04-22,2872.05,pending,Home,West,15,1
3079,2024-04-22,338.66,failed,Books,West,18,2
3080,2024-04-22,2636.05,pending,Clothing,North,15,2
3081,2024-04-22,2469.58,completed,Home,South,43,5
3082,2024-04-22,4090.99,failed,Home,North,16,2
3083,2024-04-22,303.07,pending,Clothing,North,36,4
3084,2024-04-22,1746.41,pending,Clothing,North,26,2
3085,2024-04-22,3823.22,completed,Electronics,Central,4,2
3086,2024-04-22,3682.03,completed,Books,East,30,2
3087,2024-04-22,2727.35,completed,Clothing,North,7,3
3088,2024-04-22,4533.73,completed,Electronics,South,25,1
3089,2024-04-22,4923.95,completed,Sports,North,21,5
3090,2024-04-22,1453.74,completed,Sports,East,1,2
3091,2024-04-22,1079.86,completed,Electronics,West,7,5
3092,2024-04-22,1698.48,pending,Clothing,Central,8,2
3093,2024-04-22,4975.7,completed,Sports,West,38,2
3094,2024-04-22,492.63,completed,Electronics,South,4,3
3095,2024-04-22,2747.4,completed,Books,South,22,5
3096,2024-04-22,223.01,completed,Food,North,4,2
3097,2024-04-23,567.15,completed,Food,North,47,5
3098,2024-04-23,2872.18,completed,Clothing,North,41,2
3099,2024-04-23,3523.29,completed,Sports,East,16,2
3100,2024-04-23,4475.37,completed,Electronics,East,20,2
3101,2024-04-23,2479.33,refunded,Clothing,North,4,1
3102,2024-04-23,3142.82,completed,Books,East,6,3
3103,2024-04-23,4336.09,completed,Home,North,44,1
3104,2024-04-23,523.87,completed,Sports,North,48,1
3105,2024-04-23,3929.25,completed,Food,Central,22,5
3106,2024-04-23,225.96,pending,Sports,East,18,3
3107,2024-04-23,604.72,completed,Electronics,South,35,3
3108,2024-04-23,588.58,pending,Clothing,Central,33,5
3109,2024-04-23,2703.13,completed,Electronics,Central,19,4
3110,2024-04-23,4456.97,completed,Clothing,South,33,5
3111,2024-04-23,524.67,completed,Electronics,North,36,3
3112,2024-04-23,3323.53,failed,Books,West,5,3
3113,2024-04-23,4212.75,completed,Books,North,34,4
3114,2024-04-23,1913.17,pending,Sports,West,41,4
3115,2024-04-23,431.08,completed,Food,North,4,1
3116,2024-04-23,2288.09,completed,Home,East,38,1
3117,2024-04-23,598.07,failed,Books,Central,14,3
3118,2024-04-23,2358.44,completed,Food,South,36,2
3119,2024-04-23,4079.08,pending,Food,South,5,5
3120,2024-04-23,4485.33,completed,Food,West,30,2
3121,2024-04-23,3090.34,completed,Home,East,4,2
3122,2024-04-23,1880.79,completed,Clothing,South,36,4
3123,2024-04-23,2271.85,completed,Sports,South,22,3
3124,2024-04-24,1406.24,completed,Home,Central,30,5
3125,2024-04-24,152.73,completed,Electronics,North,1,2
3126,2024-04-24,3825.59,pending,Books,West,6,2
3127,2024-04-24,1483.37,completed,Sports,East,13,1
3128,2024-04-24,1715.18,completed,Books,North,25,1
3129,2024-04-24,3017.32,completed,Clothing,East,27,2
3130,2024-04-24,3116.28,completed,Books,North,28,2
3131,2024-04-24,1677.66,completed,Sports,West,41,5
3132,2024-04-24,992.15,completed,Sports,South,45,4
3133,2024-04-24,542.01,pending,Home,South,1,1
3134,2024-04-24,4494.97,completed,Sports,East,43,5
3135,2024-04-24,169.86,completed,Food,Central,46,4
3136,2024-04-24,4818.42,pending,Home,South,24,4
3137,2024-04-24,1311.58,completed,Books,West,38,1
3138,2024-04-24,1699.94,refunded,Electronics,Central,27,1
3139,2024-04-24,2473.88,completed,Home,North,46,5
3140,2024-04-24,3440.33,completed,Home,North,37,1
3141,2024-04-24,464.35,pending,Electronics,North,16,4
3142,2024-04-24,4071.73,completed,Electronics,East,42,4
3143,2024-04-24,3639.74,completed,Sports,South,29,3
3144,2024-04-24,2597.28,completed,Food,West,28,2
3145,2024-04-24,2667.45,pending,Books,North,17,3
3146,2024-04-24,97.48,completed,Clothing,East,4,3
3147,2024-04-24,2282.64,completed,Clothing,Central,32,5
3148,2024-04-24,1656.11,pending,Clothing,West,16,3
3149,2024-04-24,1980.16,completed,Electronics,West,15,4
3150,2024-04-24,4796.93,completed,Electronics,West,49,4
3151,2024-04-24,4340.61,completed,Books,North,1,2
3152,2024-04-25,2752.05,pending,Electronics,North,35,5
3153,2024-04-25,1319.94,pending,Books,East,13,5
3154,2024-04-25,1418.59,completed,Books,South,31,2
3155,2024-04-25,3612.95,pending,Electronics,West,39,4
3156,2024-04-25,4586.13,completed,Clothing,South,2,5
3157,2024-04-25,465.35,completed,Clothing,West,36,2
3158,2024-04-25,4539.21,failed,Electronics,West,7,4
3159,2024-04-25,2643.91,completed,Food,West,9,4
3160,2024-04-25,109.27,completed,Sports,West,35,5
3161,2024-04-25,329.34,completed,Sports,West,5,3
3162,2024-04-25,3866.62,completed,Electronics,North,30,4
3163,2024-04-25,2900.72,failed,Books,West,13,3
3164,2024-04-25,1588.66,pending,Home,Central,38,1
3165,2024-04-25,3374.38,failed,Clothing,South,11,1
3166,2024-04-25,3529.84,failed,Home,North,1,3
3167,2024-04-25,4884.52,completed,Books,West,23,1
3168,2024-04-25,1709.54,completed,Books,West,25,5
3169,2024-04-25,3512.56,completed,Home,South,33,4
3170,2024-04-25,2852.82,completed,Electronics,North,38,1
3171,2024-04-25,3828.36,completed,Home,East,49,2
3172,2024-04-25,4764.54,completed,Sports,South,19,1
3173,2024-04-25,173.29,pending,Electronics,West,43,1
3174,2024-04-25,2134.12,failed,Home,Central,44,5
3175,2024-04-25,1033.71,completed,Electronics,Central,10,5
3176,2024-04-25,3036.98,completed,Electronics,East,1,5
3177,2024-04-25,3985.52,completed,Sports,North,32,5
3178,2024-04-25,4471.8,completed,Food,West,40,2
3179,2024-04-26,3962.04,completed,Home,West,42,3
3180,2024-04-26,3415.56,completed,Electronics,West,44,1
3181,2024-04-26,1218.93,completed,Home,East,37,2
3182,2024-04-26,3688.47,completed,Electronics,North,3,5
3183,2024-04-26,1803.14,completed,Home,North,28,4
3184,2024-04-26,2288.76,completed,Home,Central,27,1
3185,2024-04-26,4197.87,completed,Books,East,21,1
3186,2024-04-26,2859.95,pending,Sports,North,16,3
3187,2024-04-26,3329.16,completed,Sports,South,2,3
3188,2024-04-26,4496.51,failed,Electronics,West,16,2
3189,2024-04-26,1678.89,completed,Electronics,North,19,1
3190,2024-04-26,1035.73,completed,Electronics,West,13,1
3191,2024-04-26,3698.65,failed,Food,North,23,2
3192,2024-04-26,2811.18,completed,Clothing,South,14,2
3193,2024-04-26,3296.01,failed,Food,Central,31,1
3194,2024-04-26,4865.58,refunded,Food,Central,4,3
3195,2024-04-26,4737.71,completed,Clothing,West,17,4
3196,2024-04-26,1243.68,completed,Clothing,North,2,4
3197,2024-04-26,2372.02,completed,Books,South,10,1
3198,2024-04-26,2156.46,completed,Food,West,21,1
3199,2024-04-26,4207.55,pending,Sports,West,6,2
3200,2024-04-26,1201.69,pending,Food,North,37,5
3201,2024-04-26,370.44,pending,Home,North,37,2
3202,2024-04-26,3804.85,completed,Home,South,14,4
3203,2024-04-26,4737.69,failed,Sports,East,12,4
3204,2024-04-26,553.27,pending,Books,Central,31,4
3205,2024-04-26,88.11,completed,Home,Central,24,4
3206,2024-04-26,3971.9,failed,Clothing,Central,19,3
3207,2024-04-27,4412.33,completed,Clothing,East,18,4
3208,2024-04-27,2309.5,completed,Food,Central,27,3
3209,2024-04-27,2824.25,completed,Home,North,45,1
3210,2024-04-27,2509.14,completed,Books,South,34,1
3211,2024-04-27,3526.65,completed,Electronics,East,23,2
3212,2024-04-27,3430.22,completed,Electronics,North,17,4
3213,2024-04-27,298.66,completed,Sports,Central,45,5
3214,2024-04-27,2356.3,completed,Food,North,15,4
3215,2024-04-27,1237.91,completed,Electronics,North,42,3
3216,2024-04-27,1651.75,failed,Electronics,South,42,1
3217,2024-04-27,2402.62,completed,Electronics,North,34,2
3218,2024-04-27,1639.84,completed,Food,South,21,5
3219,2024-04-27,770.21,completed,Books,Central,24,4
3220,2024-04-27,1683.11,pending,Sports,South,34,3
3221,2024-04-27,3885.0,completed,Electronics,South,45,4
3222,2024-04-27,3118.66,completed,Home,North,24,2
3223,2024-04-27,1348.51,pending,Sports,South,22,4
3224,2024-04-27,4197.27,completed,Home,East,16,4
3225,2024-04-27,4599.76,pending,Sports,East,10,2
3226,2024-04-27,1312.2,completed,Food,North,6,1
3227,2024-04-27,3827.68,completed,Clothing,West,43,5
3228,2024-04-27,180.58,completed,Electronics,East,26,1
3229,2024-04-27,4764.9,completed,Electronics,South,41,3
3230,2024-04-27,337.48,failed,Sports,North,34,1
3231,2024-04-27,4424.24,failed,Electronics,West,17,3
3232,2024-04-27,2696.54,completed,Clothing,North,38,4
3233,2024-04-27,1649.97,completed,Food,South,46,1
3234,2024-04-28,4915.25,completed,Books,Central,11,2
3235,2024-04-28,3869.65,pending,Food,Central,18,5
3236,2024-04-28,3675.75,completed,Clothing,West,22,5
3237,2024-04-28,3440.17,completed,Electronics,West,48,5
3238,2024-04-28,3285.95,completed,Books,West,34,2
3239,2024-04-28,3160.72,completed,Books,East,49,5
3240,2024-04-28,4066.71,completed,Clothing,East,27,1
3241,2024-04-28,1103.01,completed,Food,South,4,2
3242,2024-04-28,592.17,completed,Home,Central,48,4
3243,2024-04-28,2666.19,completed,Clothing,East,21,1
3244,2024-04-28,4492.11,completed,Home,Central,35,5
3245,2024-04-28,3008.43,completed,Electronics,West,21,1
3246,2024-04-28,3060.86,completed,Home,East,3,1
3247,2024-04-28,3879.64,pending,Clothing,West,12,2
3248,2024-04-28,3429.44,completed,Books,South,36,5
3249,2024-04-28,772.04,completed,Sports,Central,13,5
3250,2024-04-28,1144.48,completed,Electronics,West,23,4
3251,2024-04-28,1731.23,completed,Sports,East,34,1
3252,2024-04-28,4250.02,refunded,Clothing,Central,38,2
3253,2024-04-28,3443.83,completed,Books,East,41,5
3254,2024-04-28,3545.28,completed,Food,North,2,2
3255,2024-04-28,1337.98,completed,Clothing,North,29,5
3256,2024-04-28,3322.47,completed,Sports,North,39,2
3257,2024-04-28,3323.61,completed,Sports,South,21,4
3258,2024-04-28,3885.53,completed,Electronics,North,12,3
3259,2024-04-28,4817.67,refunded,Electronics,East,41,3
3260,2024-04-28,4405.42,refunded,Food,West,5,4
3261,2024-04-29,3302.98,failed,Clothing,East,34,1
3262,2024-04-29,2891.84,pending,Clothing,East,7,3
3263,2024-04-29,4750.08,pending,Clothing,East,19,4
3264,2024-04-29,1908.56,completed,Home,Central,48,1
3265,2024-04-29,2266.88,completed,Electronics,South,20,4
3266,2024-04-29,1180.67,completed,Books,Central,22,4
3267,2024-04-29,3746.48,pending,Sports,South,36,3
3268,2024-04-29,2728.41,completed,Clothing,East,27,5
3269,2024-04-29,2170.84,completed,Food,East,42,5
3270,2024-04-29,1154.01,completed,Clothing,North,23,1
3271,2024-04-29,2302.43,pending,Books,West,11,4
3272,2024-04-29,3084.48,pending,Home,South,13,1
3273,2024-04-29,3504.54,completed,Home,Central,44,4
3274,2024-04-29,4528.39,completed,Books,West,41,2
3275,2024-04-29,2031.02,completed,Clothing,South,35,4
3276,2024-04-29,1542.94,completed,Books,South,39,4
3277,2024-04-29,3755.38,completed,Food,Central,11,4
3278,2024-04-29,2051.91,completed,Electronics,North,10,4
3279,2024-04-29,3083.4,completed,Food,Central,43,1
3280,2024-04-29,3301.24,completed,Clothing,North,25,5
3281,2024-04-29,188.12,completed,Books,South,12,5
3282,2024-04-29,3761.73,completed,Electronics,West,10,5
3283,2024-04-29,4590.35,completed,Books,North,31,1
3284,2024-04-29,887.7,completed,Clothing,West,13,1
3285,2024-04-29,3370.3,completed,Home,North,37,3
3286,2024-04-29,2929.35,failed,Electronics,East,13,3
3287,2024-04-29,1224.01,failed,Sports,West,47,1
3288,2024-04-29,766.87,completed,Home,East,17,5
3289,2024-04-30,718.25,completed,Food,East,10,4
3290,2024-04-30,38.27,completed,Electronics,South,43,2
3291,2024-04-30,1940.43,completed,Books,South,11,3
3292,2024-04-30,2190.91,completed,Food,South,24,1
3293,2024-04-30,2593.39,completed,Home,Central,5,4
3294,2024-04-30,4973.53,completed,Food,South,13,3
3295,2024-04-30,771.63,completed,Clothing,West,10,4
3296,2024-04-30,3775.0,completed,Books,North,45,2
3297,2024-04-30,4755.09,completed,Electronics,North,2,2
3298,2024-04-30,4107.04,completed,Electronics,South,20,1
3299,2024-04-30,1705.78,pending,Electronics,West,23,4
3300,2024-04-30,2132.6,completed,Food,South,5,5
3301,2024-04-30,2607.33,completed,Sports,East,35,1
3302,2024-04-30,3956.66,failed,Books,West,28,1
3303,2024-04-30,962.71,completed,Books,East,8,1
3304,2024-04-30,1869.39,completed,Clothing,South,28,2
3305,2024-04-30,2229.94,failed,Electronics,North,2,3
3306,2024-04-30,3049.0,completed,Home,East,21,5
3307,2024-04-30,3496.97,refunded,Clothing,West,32,4
3308,2024-04-30,2307.95,completed,Books,West,22,3
3309,2024-04-30,3508.38,completed,Food,West,26,2
3310,2024-04-30,254.55,completed,Clothing,North,35,3
3311,2024-04-30,2574.16,completed,Books,Central,20,2
3312,2024-04-30,3555.76,completed,Food,South,29,5
3313,2024-04-30,513.99,completed,Home,North,6,5
3314,2024-04-30,3511.81,completed,Home,West,25,3
3315,2024-04-30,3573.87,completed,Food,West,5,2
3316,2024-05-01,3462.29,completed,Sports,West,14,2
3317,2024-05-01,4881.45,completed,Clothing,West,22,2
3318,2024-05-01,4515.65,completed,Clothing,North,49,1
3319,2024-05-01,4279.2,completed,Home,Central,46,3
3320,2024-05-01,394.09,completed,Sports,South,29,4
3321,2024-05-01,4814.56,pending,Books,West,3,5
3322,2024-05-01,4409.28,completed,Books,East,47,3
3323,2024-05-01,2873.73,completed,Home,South,35,2
3324,2024-05-01,3925.28,completed,Clothing,South,24,3
3325,2024-05-01,3933.3,completed,Electronics,South,14,5
3326,2024-05-01,4006.77,refunded,Electronics,West,6,5
3327,2024-05-01,3465.02,completed,Books,South,27,3
3328,2024-05-01,3103.66,pending,Food,South,7,3
3329,2024-05-01,2822.32,completed,Electronics,East,7,4
3330,2024-05-01,3721.03,completed,Home,North,32,4
3331,2024-05-01,4160.35,completed,Electronics,South,44,2
3332,2024-05-01,2511.04,refunded,Electronics,North,13,2
3333,2024-05-01,2343.66,refunded,Clothing,West,48,5
3334,2024-05-01,4420.95,completed,Clothing,West,14,3
3335,2024-05-01,1486.13,completed,Sports,Central,17,5
3336,2024-05-01,140.95,completed,Food,North,25,5
3337,2024-05-01,515.03,completed,Books,South,3,5
3338,2024-05-01,2305.6,failed,Food,Central,19,3
3339,2024-05-01,538.54,completed,Home,West,48,4
3340,2024-05-01,4977.82,completed,Home,South,23,4
3341,2024-05-01,3943.82,pending,Food,South,36,5
3342,2024-05-01,1434.68,completed,Electronics,Central,10,5
3343,2024-05-01,1680.14,completed,Home,South,31,2
3344,2024-05-02,2061.71,completed,Clothing,South,15,5
3345,2024-05-02,404.13,completed,Clothing,North,44,1
3346,2024-05-02,1151.2,failed,Home,East,16,4
3347,2024-05-02,19.78,failed,Clothing,West,6,2
3348,2024-05-02,3548.59,completed,Sports,South,19,2
3349,2024-05-02,255.01,refunded,Electronics,Central,34,3
3350,2024-05-02,1043.51,completed,Clothing,West,13,4
3351,2024-05-02,3941.09,failed,Clothing,South,27,1
3352,2024-05-02,2318.74,completed,Electronics,West,20,2
3353,2024-05-02,2841.19,pending,Food,East,15,3
3354,2024-05-02,3478.26,completed,Clothing,South,29,1
3355,2024-05-02,4996.84,completed,Food,Central,5,5
3356,2024-05-02,1294.88,completed,Clothing,Central,15,5
3357,2024-05-02,2177.79,completed,Books,South,40,2
3358,2024-05-02,3120.62,completed,Food,North,29,3
3359,2024-05-02,2964.33,completed,Food,East,8,5
3360,2024-05-02,58.43,pending,Home,North,10,2
3361,2024-05-02,14.98,completed,Food,Central,11,2
3362,2024-05-02,3330.5,completed,Books,South,41,1
3363,2024-05-02,499.92,completed,Home,North,17,3
3364,2024-05-02,3220.02,completed,Sports,South,4,4
3365,2024-05-02,3364.0,completed,Food,Central,47,2
3366,2024-05-02,4402.01,completed,Electronics,West,20,4
3367,2024-05-02,2376.17,completed,Books,North,2,5
3368,2024-05-02,4112.5,completed,Food,North,22,4
3369,2024-05-02,1960.25,completed,Clothing,South,25,2
3370,2024-05-02,4614.07,refunded,Clothing,East,45,5
3371,2024-05-03,459.44,completed,Clothing,North,41,3
3372,2024-05-03,2602.97,pending,Books,South,43,3
3373,2024-05-03,4470.4,failed,Sports,South,43,5
3374,2024-05-03,2539.64,completed,Books,East,12,3
3375,2024-05-03,4043.27,completed,Food,South,5,3
3376,2024-05-03,2302.79,pending,Electronics,South,6,5
3377,2024-05-03,2029.04,completed,Sports,Central,34,1
3378,2024-05-03,2990.27,completed,Home,East,43,3
3379,2024-05-03,4537.42,pending,Electronics,East,10,3
3380,2024-05-03,4498.51,failed,Books,North,45,2
3381,2024-05-03,3616.56,completed,Clothing,South,39,2
3382,2024-05-03,2672.74,failed,Sports,West,47,5
3383,2024-05-03,2472.73,completed,Books,West,17,1
3384,2024-05-03,2116.7,completed,Clothing,West,20,2
3385,2024-05-03,4685.71,pending,Sports,East,36,2
3386,2024-05-03,3793.58,failed,Electronics,South,34,4
3387,2024-05-03,1338.69,pending,Electronics,North,7,1
3388,2024-05-03,4528.37,completed,Electronics,West,42,2
3389,2024-05-03,392.69,completed,Home,Central,7,2
3390,2024-05-03,604.04,completed,Clothing,South,45,4
3391,2024-05-03,3239.3,pending,Clothing,North,31,3
3392,2024-05-03,2496.32,completed,Home,West,13,5
3393,2024-05-03,1638.78,pending,Sports,South,9,2
3394,2024-05-03,2343.64,failed,Electronics,West,27,1
3395,2024-05-03,2392.57,pending,Sports,East,44,4
3396,2024-05-03,3440.89,completed,Food,East,41,2
3397,2024-05-03,1035.3,completed,Books,West,7,3
3398,2024-05-04,3628.74,completed,Food,South,1,4
3399,2024-05-04,3031.74,completed,Clothing,West,35,1
3400,2024-05-04,50.79,failed,Home,South,47,5
3401,2024-05-04,2541.47,completed,Clothing,East,14,1
3402,2024-05-04,406.62,completed,Food,North,41,5
3403,2024-05-04,2469.02,completed,Home,South,40,5
3404,2024-05-04,1486.14,completed,Electronics,East,19,4
3405,2024-05-04,2615.41,completed,Sports,North,41,3
3406,2024-05-04,1975.38,pending,Sports,South,14,4
3407,2024-05-04,2080.84,failed,Sports,East,37,2
3408,2024-05-04,1880.21,failed,Clothing,North,17,2
3409,2024-05-04,3893.78,pending,Clothing,North,4,4
3410,2024-05-04,1953.35,refunded,Clothing,North,24,5
3411,2024-05-04,2258.78,completed,Electronics,East,30,2
3412,2024-05-04,3810.59,failed,Books,Central,32,5
3413,2024-05-04,3240.84,refunded,Books,North,8,2
3414,2024-05-04,910.4,completed,Electronics,Central,43,1
3415,2024-05-04,3979.44,refunded,Books,West,41,1
3416,2024-05-04,3271.44,pending,Electronics,East,46,4
3417,2024-05-04,2582.29,completed,Food,East,5,1
3418,2024-05-04,2890.35,completed,Sports,East,46,4
3419,2024-05-04,2923.49,failed,Clothing,Central,8,3
3420,2024-05-04,2386.2,failed,Food,Central,48,1
3421,2024-05-04,850.53,completed,Food,South,24,2
3422,2024-05-04,2158.56,completed,Electronics,South,47,5
3423,2024-05-04,859.65,completed,Books,South,36,3
3424,2024-05-04,4398.14,completed,Home,Central,5,4
3425,2024-05-04,4928.57,completed,Food,South,11,2
3426,2024-05-05,4102.18,completed,Home,Central,27,5
3427,2024-05-05,4067.07,completed,Sports,South,43,1
3428,2024-05-05,857.4,failed,Sports,North,45,3
3429,2024-05-05,1445.03,completed,Electronics,South,42,3
3430,2024-05-05,1852.35,completed,Books,West,28,2
3431,2024-05-05,2647.64,completed,Home,South,27,4
3432,2024-05-05,3181.83,completed,Electronics,Central,9,5
3433,2024-05-05,1264.75,completed,Books,North,29,1
3434,2024-05-05,2794.23,pending,Clothing,South,10,3
3435,2024-05-05,3629.64,completed,Sports,East,4,3
3436,2024-05-05,1107.21,completed,Clothing,South,25,5
3437,2024-05-05,4514.26,completed,Sports,North,1,4
3438,2024-05-05,2372.82,completed,Electronics,South,18,5
3439,2024-05-05,4036.06,completed,Home,North,6,1
3440,2024-05-05,2024.56,completed,Sports,North,3,1
3441,2024-05-05,2326.64,completed,Books,South,20,4
3442,2024-05-05,4134.55,completed,Home,Central,21,2
3443,2024-05-05,1389.1,completed,Clothing,South,17,4
3444,2024-05-05,691.55,completed,Clothing,West,23,5
3445,2024-05-05,4725.92,completed,Clothing,Central,6,4
3446,2024-05-05,2809.18,refunded,Clothing,South,34,4
3447,2024-05-05,1686.4,completed,Electronics,West,46,5
3448,2024-05-05,2514.89,completed,Books,East,45,2
3449,2024-05-05,2701.16,completed,Books,West,30,1
3450,2024-05-05,3632.32,completed,Electronics,West,7,1
3451,2024-05-05,4320.78,pending,Sports,East,42,1
3452,2024-05-05,1596.73,completed,Sports,South,37,4
3453,2024-05-06,2374.29,completed,Clothing,Central,26,3
3454,2024-05-06,519.24,pending,Books,West,45,4
3455,2024-05-06,3987.8,completed,Food,West,48,5
3456,2024-05-06,1929.61,completed,Home,West,11,4
3457,2024-05-06,1356.37,completed,Food,South,12,4
3458,2024-05-06,3495.5,completed,Sports,Central,20,5
3459,2024-05-06,3335.65,failed,Electronics,East,10,5
3460,2024-05-06,31.85,completed,Food,Central,18,2
3461,2024-05-06,4100.58,completed,Sports,Central,21,2
3462,2024-05-06,1529.63,pending,Electronics,East,17,5
3463,2024-05-06,3836.61,completed,Clothing,North,32,5
3464,2024-05-06,2293.27,failed,Sports,North,43,3
3465,2024-05-06,1292.17,completed,Sports,North,31,1
3466,2024-05-06,4620.83,completed,Books,Central,4,5
3467,2024-05-06,1811.48,completed,Food,East,40,2
3468,2024-05-06,4710.83,pending,Electronics,Central,13,2
3469,2024-05-06,4225.01,completed,Clothing,South,23,5
3470,2024-05-06,2027.8,completed,Clothing,North,21,1
3471,2024-05-06,3753.54,completed,Food,Central,7,1
3472,2024-05-06,3538.14,failed,Food,East,47,5
3473,2024-05-06,774.09,completed,Food,West,16,3
3474,2024-05-06,2571.36,completed,Sports,North,7,4
3475,2024-05-06,2509.55,completed,Electronics,South,32,1
3476,2024-05-06,1000.98,completed,Sports,West,15,4
3477,2024-05-06,4187.96,completed,Clothing,West,18,3
3478,2024-05-06,1614.11,completed,Home,South,34,1
3479,2024-05-06,4868.23,completed,Sports,South,14,2
3480,2024-05-06,1941.8,completed,Electronics,East,35,2
3481,2024-05-07,280.07,pending,Electronics,Central,9,3
3482,2024-05-07,2954.17,completed,Books,West,42,1
3483,2024-05-07,3944.23,failed,Electronics,North,5,1
3484,2024-05-07,3069.06,completed,Sports,Central,14,4
3485,2024-05-07,304.86,completed,Clothing,West,40,3
3486,2024-05-07,3999.21,completed,Home,Central,31,2
3487,2024-05-07,3709.96,failed,Sports,East,2,3
3488,2024-05-07,1015.45,pending,Sports,East,22,1
3489,2024-05-07,3761.47,completed,Clothing,West,20,5
3490,2024-05-07,257.58,completed,Home,East,48,2
3491,2024-05-07,3656.66,completed,Home,South,43,3
3492,2024-05-07,1853.37,completed,Home,North,39,1
3493,2024-05-07,2725.85,pending,Sports,West,39,5
3494,2024-05-07,1699.77,pending,Clothing,North,15,2
3495,2024-05-07,2466.78,refunded,Sports,West,8,4
3496,2024-05-07,3674.83,completed,Sports,North,31,2
3497,2024-05-07,155.79,completed,Sports,North,18,5
3498,2024-05-07,4500.92,pending,Clothing,West,46,2
3499,2024-05-07,2313.62,pending,Home,West,12,4
3500,2024-05-07,2256.8,completed,Books,Central,46,3
3501,2024-05-07,2093.49,completed,Clothing,South,6,4
3502,2024-05-07,4856.36,completed,Clothing,West,42,2
3503,2024-05-07,3754.35,completed,Electronics,East,8,3
3504,2024-05-07,4209.07,refunded,Books,South,9,1
3505,2024-05-07,1576.0,completed,Electronics,South,36,1
3506,2024-05-07,4607.0,completed,Books,East,23,1
3507,2024-05-07,2640.92,completed,Electronics,North,12,5
3508,2024-05-08,4748.65,pending,Home,Central,15,1
3509,2024-05-08,965.84,failed,Clothing,East,23,4
3510,2024-05-08,4616.72,completed,Electronics,East,1,1
3511,2024-05-08,457.05,failed,Clothing,Central,45,2
3512,2024-05-08,2318.11,completed,Food,West,30,1
3513,2024-05-08,677.96,completed,Books,West,2,4
3514,2024-05-08,3946.37,pending,Sports,South,39,5
3515,2024-05-08,1153.19,completed,Sports,North,36,3
3516,2024-05-08,1904.81,failed,Home,North,22,1
3517,2024-05-08,1256.39,pending,Food,South,35,2
3518,2024-05-08,4483.87,failed,Clothing,Central,45,4
3519,2024-05-08,4042.04,completed,Food,West,47,1
3520,2024-05-08,2822.75,completed,Electronics,East,26,3
3521,2024-05-08,3829.94,completed,Sports,West,15,1
3522,2024-05-08,1128.15,refunded,Electronics,North,40,1
3523,2024-05-08,2926.26,completed,Books,East,39,4
3524,2024-05-08,2204.86,pending,Home,South,1,4
3525,2024-05-08,1946.59,completed,Home,South,9,1
3526,2024-05-08,2476.95,pending,Food,North,24,1
3527,2024-05-08,855.59,completed,Electronics,West,1,4
3528,2024-05-08,691.4,completed,Sports,North,14,2
3529,2024-05-08,3423.47,completed,Food,South,19,4
3530,2024-05-08,1668.74,completed,Electronics,South,22,1
3531,2024-05-08,195.76,pending,Books,East,21,1
3532,2024-05-08,2971.75,completed,Electronics,West,41,4
3533,2024-05-08,1907.73,completed,Sports,South,27,3
3534,2024-05-08,979.8,completed,Clothing,North,12,3
3535,2024-05-09,4498.65,pending,Food,North,46,1
3536,2024-05-09,3438.77,completed,Sports,East,41,3
3537,2024-05-09,4832.73,failed,Home,North,20,3
3538,2024-05-09,4879.91,completed,Electronics,East,43,1
3539,2024-05-09,188.42,pending,Books,Central,22,2
3540,2024-05-09,4461.75,completed,Books,Central,14,3
3541,2024-05-09,2762.37,completed,Electronics,South,31,1
3542,2024-05-09,1637.43,completed,Food,South,25,3
3543,2024-05-09,4883.17,completed,Electronics,Central,34,4
3544,2024-05-09,4980.58,completed,Sports,South,24,5
3545,2024-05-09,2699.18,failed,Sports,Central,19,3
3546,2024-05-09,1698.92,completed,Home,West,7,1
3547,2024-05-09,1564.34,completed,Books,East,30,4
3548,2024-05-09,2702.16,pending,Home,West,45,4
3549,2024-05-09,2906.43,failed,Clothing,Central,21,1
3550,2024-05-09,2260.16,completed,Food,East,33,2
3551,2024-05-09,2732.82,completed,Books,Central,35,4
3552,2024-05-09,1725.41,completed,Clothing,North,34,1
3553,2024-05-09,4230.02,completed,Sports,South,4,5
3554,2024-05-09,2783.0,completed,Clothing,West,37,2
3555,2024-05-09,1838.18,completed,Clothing,Central,1,4
3556,2024-05-09,4243.59,completed,Books,Central,8,1
3557,2024-05-09,3765.31,completed,Sports,South,40,5
3558,2024-05-09,3649.95,completed,Clothing,North,37,1
3559,2024-05-09,389.7,pending,Sports,South,13,2
3560,2024-05-09,1388.13,failed,Home,Central,11,4
3561,2024-05-09,2225.24,completed,Food,West,39,2
3562,2024-05-09,570.94,pending,Home,South,43,2
3563,2024-05-10,151.53,pending,Food,South,2,2
3564,2024-05-10,1314.71,pending,Clothing,East,19,4
3565,2024-05-10,2290.66,completed,Sports,South,27,1
3566,2024-05-10,1843.33,completed,Electronics,North,43,3
3567,2024-05-10,4305.31,failed,Clothing,North,4,4
3568,2024-05-10,3874.91,completed,Home,West,32,1
3569,2024-05-10,3974.93,completed,Sports,Central,3,5
3570,2024-05-10,809.84,refunded,Clothing,Central,21,1
3571,2024-05-10,4316.98,completed,Home,West,47,2
3572,2024-05-10,4891.8,completed,Sports,North,23,4
3573,2024-05-10,2082.54,failed,Sports,East,6,4
3574,2024-05-10,2586.55,completed,Electronics,North,29,2
3575,2024-05-10,2147.88,failed,Clothing,West,34,1
3576,2024-05-10,1060.64,failed,Food,South,2,3
3577,2024-05-10,1017.19,completed,Home,North,28,2
3578,2024-05-10,1640.37,completed,Books,Central,9,4
3579,2024-05-10,1793.61,completed,Electronics,Central,10,3
3580,2024-05-10,494.15,completed,Home,Central,38,2
3581,2024-05-10,557.27,completed,Sports,North,34,2
3582,2024-05-10,3115.99,completed,Sports,South,25,1
3583,2024-05-10,3110.02,completed,Clothing,West,33,3
3584,2024-05-10,876.47,completed,Electronics,West,28,4
3585,2024-05-10,1237.3,pending,Food,West,20,4
3586,2024-05-10,2646.14,pending,Food,North,23,5
3587,2024-05-10,3343.29,completed,Clothing,Central,36,1
3588,2024-05-10,4726.97,completed,Food,North,48,2
3589,2024-05-10,4563.11,completed,Food,East,38,4
3590,2024-05-11,1539.8,completed,Electronics,South,26,4
3591,2024-05-11,1475.78,completed,Home,East,19,5
3592,2024-05-11,1907.39,failed,Food,Central,44,3
3593,2024-05-11,4397.56,failed,Books,North,28,5
3594,2024-05-11,1034.12,pending,Sports,North,19,4
3595,2024-05-11,3795.87,completed,Food,East,36,3
3596,2024-05-11,1461.71,pending,Electronics,North,17,4
3597,2024-05-11,2613.65,completed,Sports,Central,39,1
3598,2024-05-11,2305.3,completed,Clothing,Central,10,1
3599,2024-05-11,3674.86,completed,Food,West,18,1
3600,2024-05-11,3374.28,completed,Sports,North,3,4
3601,2024-05-11,2638.14,pending,Electronics,East,37,4
3602,2024-05-11,2935.34,completed,Electronics,West,30,1
3603,2024-05-11,3107.51,pending,Electronics,West,26,5
3604,2024-05-11,4127.48,failed,Clothing,West,25,1
3605,2024-05-11,1460.29,completed,Books,North,4,2
3606,2024-05-11,2198.77,completed,Food,East,25,3
3607,2024-05-11,3155.05,failed,Sports,South,18,3
3608,2024-05-11,4854.73,completed,Clothing,East,18,5
3609,2024-05-11,3841.88,failed,Clothing,East,30,2
3610,2024-05-11,3900.7,completed,Clothing,East,20,3
3611,2024-05-11,803.77,pending,Clothing,West,9,3
3612,2024-05-11,3533.24,pending,Food,West,34,1
3613,2024-05-11,495.42,completed,Books,North,14,4
3614,2024-05-11,237.79,completed,Home,North,15,2
3615,2024-05-11,2226.85,completed,Food,North,24,1
3616,2024-05-11,3880.63,completed,Books,South,2,1
3617,2024-05-11,3810.82,completed,Sports,East,38,1
3618,2024-05-12,1013.3,completed,Food,East,28,5
3619,2024-05-12,1180.55,pending,Clothing,Central,34,2
3620,2024-05-12,4197.87,completed,Food,West,26,2
3621,2024-05-12,3563.4,completed,Home,Central,22,3
3622,2024-05-12,3554.02,completed,Clothing,North,23,5
3623,2024-05-12,846.94,completed,Food,East,3,1
3624,2024-05-12,4594.78,failed,Sports,Central,27,4
3625,2024-05-12,4447.74,pending,Home,West,49,1
3626,2024-05-12,1714.76,failed,Home,Central,5,4
3627,2024-05-12,3394.75,refunded,Home,East,1,3
3628,2024-05-12,4372.32,completed,Home,East,29,4
3629,2024-05-12,3821.46,completed,Home,East,41,4
3630,2024-05-12,2611.3,completed,Electronics,West,31,2
3631,2024-05-12,818.14,failed,Clothing,Central,20,5
3632,2024-05-12,1066.6,failed,Home,East,39,3
3633,2024-05-12,1326.16,completed,Food,North,25,3
3634,2024-05-12,890.4,pending,Home,East,45,1
3635,2024-05-12,3506.43,completed,Electronics,South,32,5
3636,2024-05-12,1042.75,completed,Books,North,34,1
3637,2024-05-12,917.46,failed,Food,West,3,1
3638,2024-05-12,1868.98,completed,Food,South,23,1
3639,2024-05-12,294.93,completed,Clothing,South,44,2
3640,2024-05-12,3911.3,completed,Electronics,East,17,3
3641,2024-05-12,3986.28,completed,Food,North,32,3
3642,2024-05-12,3339.55,refunded,Clothing,East,12,5
3643,2024-05-12,32.08,completed,Home,North,33,3
3644,2024-05-12,839.11,completed,Home,West,12,5
3645,2024-05-13,4811.75,completed,Home,West,38,5
3646,2024-05-13,3033.53,completed,Food,North,49,2
3647,2024-05-13,1984.24,completed,Clothing,West,18,1
3648,2024-05-13,3316.87,completed,Books,Central,27,2
3649,2024-05-13,331.36,completed,Clothing,North,9,4
3650,2024-05-13,3274.9,pending,Clothing,South,43,2
3651,2024-05-13,4923.8,completed,Home,South,34,2
3652,2024-05-13,839.83,refunded,Food,North,2,5
3653,2024-05-13,2076.04,completed,Electronics,Central,33,1
3654,2024-05-13,1630.38,failed,Home,South,17,4
3655,2024-05-13,1059.61,refunded,Electronics,Central,2,5
3656,2024-05-13,2597.48,pending,Food,Central,15,1
3657,2024-05-13,4772.52,completed,Food,Central,28,4
3658,2024-05-13,2594.31,completed,Clothing,East,23,2
3659,2024-05-13,116.96,failed,Home,East,21,5
3660,2024-05-13,3919.0,pending,Electronics,South,34,5
3661,2024-05-13,3678.7,completed,Electronics,Central,22,3
3662,2024-05-13,3713.04,completed,Sports,North,39,2
3663,2024-05-13,4849.34,refunded,Food,Central,27,1
3664,2024-05-13,4371.59,pending,Food,North,20,5
3665,2024-05-13,2459.45,failed,Clothing,West,18,1
3666,2024-05-13,2417.96,pending,Electronics,North,38,5
3667,2024-05-13,297.85,completed,Electronics,Central,43,4
3668,2024-05-13,3225.65,failed,Electronics,South,1,4
3669,2024-05-13,1846.27,completed,Food,West,15,5
3670,2024-05-13,3709.71,completed,Clothing,Central,27,5
3671,2024-05-13,2908.07,completed,Sports,South,11,3
3672,2024-05-14,2215.03,completed,Sports,East,19,1
3673,2024-05-14,2893.03,completed,Books,North,38,2
3674,2024-05-14,1425.59,completed,Clothing,North,35,3
3675,2024-05-14,2045.72,completed,Sports,East,37,5
3676,2024-05-14,1559.3,failed,Clothing,Central,25,2
3677,2024-05-14,4119.36,completed,Home,North,19,1
3678,2024-05-14,648.4,completed,Food,East,48,2
3679,2024-05-14,3344.16,completed,Clothing,West,7,5
3680,2024-05-14,646.7,refunded,Sports,West,38,2
3681,2024-05-14,2213.16,failed,Home,North,49,2
3682,2024-05-14,1379.86,completed,Books,South,35,2
3683,2024-05-14,4606.14,completed,Clothing,North,7,4
3684,2024-05-14,2951.29,completed,Books,North,47,5
3685,2024-05-14,2875.54,completed,Home,West,12,1
3686,2024-05-14,3517.57,completed,Sports,North,5,4
3687,2024-05-14,3134.65,completed,Sports,North,5,2
3688,2024-05-14,432.12,failed,Books,North,22,3
3689,2024-05-14,2981.85,completed,Clothing,Central,24,1
3690,2024-05-14,4003.41,completed,Electronics,Central,33,2
3691,2024-05-14,4735.68,completed,Books,Central,1,2
3692,2024-05-14,672.35,completed,Home,South,8,4
3693,2024-05-14,536.39,completed,Clothing,Central,6,3
3694,2024-05-14,4236.57,pending,Clothing,South,21,4
3695,2024-05-14,870.93,pending,Home,West,45,2
3696,2024-05-14,313.62,completed,Electronics,Central,17,5
3697,2024-05-14,3095.26,completed,Sports,Central,42,5
3698,2024-05-14,1675.23,completed,Electronics,South,17,5
3699,2024-05-14,4645.42,completed,Clothing,East,7,5
3700,2024-05-15,113.99,pending,Clothing,South,11,3
3701,2024-05-15,2349.15,pending,Food,East,17,4
3702,2024-05-15,510.07,completed,Home,West,42,4
3703,2024-05-15,3744.1,completed,Sports,North,47,3
3704,2024-05-15,4945.96,completed,Clothing,South,13,2
3705,2024-05-15,3722.24,failed,Electronics,South,16,2
3706,2024-05-15,1285.21,completed,Food,West,25,5
3707,2024-05-15,281.85,completed,Home,East,41,5
3708,2024-05-15,176.44,completed,Electronics,West,20,1
3709,2024-05-15,3486.96,completed,Electronics,East,32,1
3710,2024-05-15,3251.12,completed,Electronics,West,29,1
3711,2024-05-15,3385.14,failed,Sports,West,18,4
3712,2024-05-15,4525.8,completed,Food,North,49,3
3713,2024-05-15,606.94,completed,Sports,Central,10,1
3714,2024-05-15,4045.02,completed,Clothing,South,38,1
3715,2024-05-15,3359.64,completed,Electronics,South,25,3
3716,2024-05-15,2286.28,completed,Sports,Central,21,1
3717,2024-05-15,342.75,refunded,Books,South,29,3
3718,2024-05-15,2124.1,completed,Sports,Central,27,5
3719,2024-05-15,1189.1,pending,Sports,South,3,1
3720,2024-05-15,4051.92,completed,Books,Central,18,1
3721,2024-05-15,3436.21,completed,Sports,Central,33,2
3722,2024-05-15,2225.64,completed,Electronics,South,48,4
3723,2024-05-15,3713.1,completed,Books,East,45,2
3724,2024-05-15,1862.72,completed,Home,Central,22,4
3725,2024-05-15,2603.96,pending,Food,North,16,1
3726,2024-05-15,739.12,pending,Books,North,29,5
3727,2024-05-16,2682.92,completed,Home,West,17,3
3728,2024-05-16,4762.31,completed,Food,West,5,2
3729,2024-05-16,4579.4,completed,Home,North,38,1
3730,2024-05-16,2334.34,completed,Clothing,East,17,1
3731,2024-05-16,2400.61,completed,Electronics,West,14,4
3732,2024-05-16,1232.15,completed,Electronics,Central,43,4
3733,2024-05-16,4116.86,pending,Sports,South,26,5
3734,2024-05-16,471.23,completed,Sports,West,32,3
3735,2024-05-16,4982.85,completed,Electronics,North,38,5
3736,2024-05-16,3327.0,completed,Clothing,Central,4,4
3737,2024-05-16,1756.47,completed,Sports,West,7,2
3738,2024-05-16,3243.45,pending,Electronics,Central,36,1
3739,2024-05-16,4405.63,completed,Electronics,North,18,5
3740,2024-05-16,3851.84,completed,Home,Central,37,1
3741,2024-05-16,808.26,completed,Clothing,East,25,3
3742,2024-05-16,2529.7,pending,Food,East,25,3
3743,2024-05-16,2703.51,completed,Books,South,18,4
3744,2024-05-16,2559.41,pending,Home,North,40,1
3745,2024-05-16,410.13,completed,Sports,East,41,3
3746,2024-05-16,382.99,pending,Sports,North,27,5
3747,2024-05-16,4331.94,completed,Home,Central,27,5
3748,2024-05-16,820.94,completed,Home,West,22,5
3749,2024-05-16,1075.42,failed,Electronics,North,6,4
3750,2024-05-16,1910.34,completed,Electronics,South,3,1
3751,2024-05-16,4091.49,completed,Sports,East,24,5
3752,2024-05-16,1633.08,completed,Books,South,4,2
3753,2024-05-16,1166.74,completed,Food,South,48,3
3754,2024-05-16,4976.14,completed,Books,South,2,5
3755,2024-05-17,4384.18,pending,Clothing,West,26,5
3756,2024-05-17,59.52,completed,Electronics,West,23,3
3757,2024-05-17,2595.99,completed,Clothing,West,37,3
3758,2024-05-17,2693.51,completed,Electronics,West,37,3
3759,2024-05-17,2363.67,pending,Clothing,West,45,1
3760,2024-05-17,1617.76,pending,Food,East,8,4
3761,2024-05-17,3551.47,completed,Clothing,North,38,1
3762,2024-05-17,1898.12,completed,Sports,South,46,1
3763,2024-05-17,3839.17,completed,Books,East,31,1
3764,2024-05-17,237.47,completed,Home,North,48,5
3765,2024-05-17,1315.42,completed,Sports,West,41,5
3766,2024-05-17,1657.3,completed,Sports,East,42,2
3767,2024-05-17,122.83,pending,Electronics,North,4,1
3768,2024-05-17,1181.41,completed,Books,West,2,1
3769,2024-05-17,3395.22,failed,Food,West,36,2
3770,2024-05-17,869.02,completed,Home,North,30,1
3771,2024-05-17,3746.87,refunded,Clothing,South,3,4
3772,2024-05-17,4908.24,refunded,Sports,East,48,2
3773,2024-05-17,2525.81,completed,Clothing,North,25,4
3774,2024-05-17,913.4,completed,Electronics,West,12,3
3775,2024-05-17,2962.61,completed,Home,South,48,2
3776,2024-05-17,1710.63,completed,Home,Central,39,4
3777,2024-05-17,153.08,completed,Sports,East,32,1
3778,2024-05-17,2533.86,pending,Home,South,47,3
3779,2024-05-17,3074.18,pending,Electronics,North,10,1
3780,2024-05-17,488.91,completed,Home,North,20,2
3781,2024-05-17,1968.88,completed,Home,West,12,4
3782,2024-05-18,2834.65,completed,Sports,North,33,3
3783,2024-05-18,1669.85,pending,Food,East,42,1
3784,2024-05-18,3702.66,completed,Sports,Central,48,2
3785,2024-05-18,102.77,completed,Home,East,27,1
3786,2024-05-18,2380.6,completed,Home,South,6,2
3787,2024-05-18,4741.15,completed,Electronics,South,45,2
3788,2024-05-18,4170.07,completed,Electronics,South,2,1
3789,2024-05-18,4168.63,completed,Clothing,East,6,1
3790,2024-05-18,653.24,completed,Home,Central,49,1
3791,2024-05-18,656.14,completed,Food,North,9,4
3792,2024-05-18,3588.18,completed,Books,Central,20,1
3793,2024-05-18,3769.46,completed,Sports,South,19,3
3794,2024-05-18,1064.68,completed,Books,East,17,2
3795,2024-05-18,1423.83,refunded,Food,West,4,3
3796,2024-05-18,3844.1,pending,Clothing,South,1,4
3797,2024-05-18,1898.35,completed,Clothing,Central,16,3
3798,2024-05-18,3481.79,completed,Food,North,19,4
3799,2024-05-18,2293.21,completed,Books,West,33,3
3800,2024-05-18,4641.65,completed,Sports,East,27,4
3801,2024-05-18,3791.3,pending,Home,Central,43,2
3802,2024-05-18,3218.65,failed,Clothing,South,2,3
3803,2024-05-18,98.37,pending,Books,East,11,5
3804,2024-05-18,4641.85,completed,Food,North,17,2
3805,2024-05-18,2843.08,completed,Food,East,21,5
3806,2024-05-18,789.91,completed,Books,West,21,3
3807,2024-05-18,3041.96,pending,Sports,East,44,2
3808,2024-05-18,3690.24,completed,Clothing,North,25,2
3809,2024-05-19,4731.43,completed,Electronics,East,35,3
3810,2024-05-19,1562.84,pending,Books,East,6,2
3811,2024-05-19,1762.3,refunded,Electronics,East,24,2
3812,2024-05-19,3727.12,completed,Home,East,13,3
3813,2024-05-19,4698.76,pending,Clothing,Central,43,1
3814,2024-05-19,4881.04,completed,Food,South,24,3
3815,2024-05-19,2744.42,completed,Food,East,34,1
3816,2024-05-19,1444.25,completed,Home,North,45,5
3817,2024-05-19,957.86,completed,Sports,West,20,1
3818,2024-05-19,46.34,completed,Sports,Central,2,3
3819,2024-05-19,4341.71,completed,Home,West,41,1
3820,2024-05-19,4814.88,completed,Books,West,33,4
3821,2024-05-19,3796.2,completed,Sports,West,13,3
3822,2024-05-19,3903.56,completed,Books,North,21,4
3823,2024-05-19,3143.78,refunded,Books,Central,49,5
3824,2024-05-19,4436.39,completed,Clothing,Central,42,5
3825,2024-05-19,1710.68,completed,Sports,East,26,5
3826,2024-05-19,2574.39,completed,Food,North,24,4
3827,2024-05-19,625.44,completed,Electronics,South,21,5
3828,2024-05-19,3776.47,completed,Books,South,46,3
3829,2024-05-19,4454.71,completed,Sports,North,31,2
3830,2024-05-19,392.58,failed,Clothing,Central,13,4
3831,2024-05-19,1223.82,completed,Sports,East,24,3
3832,2024-05-19,3700.39,completed,Home,West,7,5
3833,2024-05-19,777.57,refunded,Food,West,1,2
3834,2024-05-19,1621.81,completed,Sports,North,19,1
3835,2024-05-19,187.82,completed,Food,Central,35,4
3836,2024-05-19,1893.12,failed,Home,East,17,4
3837,2024-05-20,4822.09,completed,Clothing,East,5,2
3838,2024-05-20,2136.25,failed,Electronics,West,11,4
3839,2024-05-20,2039.53,completed,Sports,West,40,4
3840,2024-05-20,4871.96,completed,Food,West,15,1
3841,2024-05-20,3089.83,completed,Electronics,West,15,1
3842,2024-05-20,469.62,completed,Clothing,East,26,5
3843,2024-05-20,4740.35,completed,Electronics,Central,45,4
3844,2024-05-20,3358.63,completed,Electronics,East,18,2
3845,2024-05-20,3398.33,completed,Books,South,16,1
3846,2024-05-20,3626.07,completed,Home,South,9,4
3847,2024-05-20,1460.31,completed,Food,East,23,3
3848,2024-05-20,4916.91,completed,Food,South,45,3
3849,2024-05-20,3947.45,refunded,Books,East,28,3
3850,2024-05-20,780.66,completed,Food,South,8,1
3851,2024-05-20,2553.09,completed,Books,West,32,2
3852,2024-05-20,279.54,failed,Home,South,17,2
3853,2024-05-20,49.12,completed,Sports,East,7,3
3854,2024-05-20,3370.49,completed,Home,West,29,3
3855,2024-05-20,1560.42,completed,Electronics,South,23,4
3856,2024-05-20,1805.88,pending,Clothing,Central,14,4
3857,2024-05-20,3851.54,completed,Home,East,19,4
3858,2024-05-20,2024.91,completed,Food,East,34,5
3859,2024-05-20,3560.4,completed,Books,West,28,1
3860,2024-05-20,3605.09,completed,Electronics,North,4,1
3861,2024-05-20,3560.26,failed,Home,North,31,2
3862,2024-05-20,2037.44,failed,Home,East,15,4
3863,2024-05-20,2393.85,completed,Books,West,11,2
3864,2024-05-21,2101.3,completed,Sports,Central,48,2
3865,2024-05-21,1467.25,completed,Food,West,31,1
3866,2024-05-21,70.6,pending,Electronics,Central,32,2
3867,2024-05-21,487.29,completed,Books,West,25,5
3868,2024-05-21,293.62,failed,Food,Central,11,5
3869,2024-05-21,1489.51,completed,Electronics,South,33,5
3870,2024-05-21,2702.04,completed,Electronics,Central,13,3
3871,2024-05-21,3222.74,pending,Clothing,North,41,3
3872,2024-05-21,1140.28,completed,Sports,South,44,3
3873,2024-05-21,1560.24,refunded,Books,West,29,5
3874,2024-05-21,4726.55,completed,Electronics,Central,39,1
3875,2024-05-21,2322.47,completed,Electronics,East,45,5
3876,2024-05-21,2220.73,pending,Clothing,West,40,2
3877,2024-05-21,3432.51,pending,Food,East,4,1
3878,2024-05-21,3796.24,completed,Electronics,West,42,1
3879,2024-05-21,1644.14,completed,Food,South,37,5
3880,2024-05-21,2173.05,failed,Food,East,5,2
3881,2024-05-21,1395.01,pending,Books,Central,35,2
3882,2024-05-21,3173.32,failed,Sports,South,24,1
3883,2024-05-21,4774.17,failed,Sports,South,46,2
3884,2024-05-21,1031.17,pending,Food,South,39,5
3885,2024-05-21,4916.31,completed,Books,West,37,2
3886,2024-05-21,3630.81,completed,Electronics,East,16,5
3887,2024-05-21,4580.11,refunded,Clothing,North,22,3
3888,2024-05-21,2905.38,pending,Electronics,North,49,2
3889,2024-05-21,3227.01,refunded,Clothing,South,11,3
3890,2024-05-21,3801.85,completed,Electronics,Central,43,4
3891,2024-05-21,2338.55,pending,Home,North,47,3
3892,2024-05-22,3990.66,completed,Clothing,East,21,5
3893,2024-05-22,3352.27,completed,Electronics,South,26,4
3894,2024-05-22,3548.08,completed,Electronics,North,49,4
3895,2024-05-22,2857.92,completed,Home,South,36,5
3896,2024-05-22,1508.52,completed,Home,East,37,2
3897,2024-05-22,4526.99,completed,Food,North,47,3
3898,2024-05-22,4764.03,completed,Electronics,West,16,4
3899,2024-05-22,417.25,completed,Electronics,East,4,1
3900,2024-05-22,1482.29,failed,Home,North,27,4
3901,2024-05-22,459.84,failed,Food,North,17,3
3902,2024-05-22,1069.5,pending,Books,Central,42,5
3903,2024-05-22,139.04,completed,Electronics,East,21,1
3904,2024-05-22,1337.59,completed,Books,West,49,5
3905,2024-05-22,3862.9,completed,Electronics,South,33,3
3906,2024-05-22,409.67,completed,Clothing,West,9,3
3907,2024-05-22,4117.86,completed,Home,Central,14,4
3908,2024-05-22,2693.24,completed,Food,East,30,4
3909,2024-05-22,2818.91,completed,Books,East,47,4
3910,2024-05-22,141.43,completed,Home,West,37,2
3911,2024-05-22,2099.73,completed,Clothing,West,10,3
3912,2024-05-22,3749.91,completed,Electronics,North,33,2
3913,2024-05-22,2476.63,completed,Clothing,South,36,3
3914,2024-05-22,3047.17,completed,Books,West,41,2
3915,2024-05-22,1421.18,completed,Books,North,20,5
3916,2024-05-22,1380.77,completed,Clothing,West,35,5
3917,2024-05-22,1053.61,failed,Sports,Central,47,4
3918,2024-05-22,205.66,completed,Home,South,32,2
3919,2024-05-23,2017.59,completed,Food,South,39,2
3920,2024-05-23,4131.05,refunded,Home,Central,41,5
3921,2024-05-23,4494.92,refunded,Sports,Central,41,4
3922,2024-05-23,2649.58,completed,Electronics,West,20,4
3923,2024-05-23,2750.73,pending,Sports,Central,5,5
3924,2024-05-23,1045.59,completed,Clothing,North,27,4
3925,2024-05-23,2939.56,completed,Food,East,5,4
3926,2024-05-23,2573.25,pending,Sports,North,27,1
3927,2024-05-23,2804.48,pending,Food,South,28,5
3928,2024-05-23,3116.61,failed,Food,East,26,1
3929,2024-05-23,4914.43,completed,Food,East,43,4
3930,2024-05-23,2251.78,completed,Sports,South,12,3
3931,2024-05-23,2589.37,completed,Sports,East,18,2
3932,2024-05-23,2475.93,completed,Food,North,26,3
3933,2024-05-23,2446.31,pending,Home,East,40,5
3934,2024-05-23,4203.9,pending,Books,Central,23,3
3935,2024-05-23,1080.76,refunded,Books,North,36,2
3936,2024-05-23,4744.73,pending,Food,East,12,3
3937,2024-05-23,1107.3,completed,Home,South,36,3
3938,2024-05-23,4575.83,pending,Books,West,1,4
3939,2024-05-23,1995.37,failed,Electronics,South,22,5
3940,2024-05-23,306.3,completed,Clothing,East,45,4
3941,2024-05-23,3402.82,completed,Sports,Central,4,3
3942,2024-05-23,4470.94,completed,Food,North,11,1
3943,2024-05-23,3517.93,completed,Home,South,6,4
3944,2024-05-23,586.62,completed,Food,West,24,2
3945,2024-05-23,1731.67,completed,Home,Central,47,2
3946,2024-05-24,391.55,completed,Sports,South,26,2
3947,2024-05-24,4988.37,failed,Electronics,West,49,1
3948,2024-05-24,940.07,completed,Books,South,9,5
3949,2024-05-24,4307.97,failed,Sports,North,5,5
3950,2024-05-24,479.36,completed,Electronics,West,23,3
3951,2024-05-24,201.15,completed,Clothing,East,22,3
3952,2024-05-24,4159.91,completed,Clothing,West,6,1
3953,2024-05-24,2211.07,completed,Clothing,West,13,1
3954,2024-05-24,2666.1,completed,Books,Central,1,4
3955,2024-05-24,3292.0,completed,Books,Central,18,4
3956,2024-05-24,827.69,completed,Books,South,16,3
3957,2024-05-24,2170.45,completed,Books,South,24,4
3958,2024-05-24,701.1,completed,Home,East,41,1
3959,2024-05-24,1247.0,pending,Books,North,13,3
3960,2024-05-24,3699.11,completed,Food,West,5,1
3961,2024-05-24,2969.36,completed,Food,Central,8,2
3962,2024-05-24,713.03,completed,Electronics,West,38,5
3963,2024-05-24,2315.24,completed,Sports,North,6,5
3964,2024-05-24,610.24,pending,Books,Central,8,5
3965,2024-05-24,2545.4,completed,Food,West,4,3
3966,2024-05-24,2043.79,completed,Home,West,45,1
3967,2024-05-24,265.55,completed,Food,North,2,2
3968,2024-05-24,2869.74,failed,Clothing,South,23,1
3969,2024-05-24,357.79,completed,Clothing,West,5,1
3970,2024-05-24,803.83,pending,Sports,Central,29,4
3971,2024-05-24,2445.42,completed,Home,West,1,2
3972,2024-05-24,25.05,completed,Books,North,25,4
3973,2024-05-24,4626.48,completed,Sports,East,41,2
3974,2024-05-25,1350.45,pending,Sports,East,18,3
3975,2024-05-25,1018.51,completed,Clothing,West,7,1
3976,2024-05-25,4674.99,completed,Electronics,North,42,3
3977,2024-05-25,882.26,completed,Food,Central,45,5
3978,2024-05-25,716.64,completed,Sports,South,47,3
3979,2024-05-25,4129.62,completed,Home,South,13,2
3980,2024-05-25,149.14,completed,Books,West,27,3
3981,2024-05-25,49.07,completed,Sports,South,46,1
3982,2024-05-25,3637.39,completed,Home,South,37,1
3983,2024-05-25,4328.1,completed,Sports,Central,5,1
3984,2024-05-25,1501.28,completed,Clothing,Central,29,1
3985,2024-05-25,3039.63,completed,Clothing,West,44,2
3986,2024-05-25,4367.88,completed,Home,North,36,4
3987,2024-05-25,2550.04,completed,Food,East,48,5
3988,2024-05-25,4707.87,completed,Sports,West,5,4
3989,2024-05-25,366.64,completed,Home,Central,16,4
3990,2024-05-25,1166.3,completed,Clothing,East,40,4
3991,2024-05-25,3016.24,completed,Food,Central,1,3
3992,2024-05-25,487.99,completed,Home,North,47,3
3993,2024-05-25,145.56,completed,Food,East,12,3
3994,2024-05-25,89.86,completed,Home,East,17,4
3995,2024-05-25,4339.07,pending,Clothing,South,23,1
3996,2024-05-25,2470.66,completed,Home,Central,30,4
3997,2024-05-25,4825.8,completed,Home,East,38,5
3998,2024-05-25,1020.54,failed,Electronics,North,17,5
3999,2024-05-25,2227.81,completed,Sports,West,19,3
4000,2024-05-25,54.55,failed,Food,East,30,1
4001,2024-05-26,1698.31,failed,Electronics,South,47,3
4002,2024-05-26,4030.35,completed,Sports,West,26,1
4003,2024-05-26,3624.35,failed,Food,West,32,2
4004,2024-05-26,4002.58,completed,Electronics,East,14,3
4005,2024-05-26,4676.86,completed,Clothing,Central,27,4
4006,2024-05-26,2964.35,failed,Food,North,33,2
4007,2024-05-26,4534.76,completed,Sports,West,4,1
4008,2024-05-26,1222.1,completed,Clothing,South,12,1
4009,2024-05-26,2685.78,completed,Food,Central,13,1
4010,2024-05-26,3212.24,completed,Food,East,36,5
4011,2024-05-26,2484.29,completed,Clothing,Central,36,4
4012,2024-05-26,3157.67,completed,Home,North,43,5
4013,2024-05-26,2553.06,pending,Home,Central,16,1
4014,2024-05-26,4759.41,completed,Electronics,East,15,2
4015,2024-05-26,3862.64,refunded,Clothing,North,16,1
4016,2024-05-26,3046.07,completed,Clothing,East,49,3
4017,2024-05-26,1804.2,completed,Home,Central,45,4
4018,2024-05-26,1152.34,pending,Food,North,26,4
4019,2024-05-26,2720.2,completed,Sports,North,6,4
4020,2024-05-26,1924.3,completed,Electronics,North,16,1
4021,2024-05-26,4750.27,failed,Clothing,Central,5,2
4022,2024-05-26,2382.49,completed,Electronics,East,42,3
4023,2024-05-26,3964.41,failed,Sports,East,20,5
4024,2024-05-26,2140.81,completed,Home,South,28,1
4025,2024-05-26,2273.15,failed,Sports,South,27,5
4026,2024-05-26,58.68,completed,Home,South,18,1
4027,2024-05-26,4981.6,completed,Sports,North,14,4
4028,2024-05-27,1339.61,failed,Home,South,38,2
4029,2024-05-27,2519.78,completed,Electronics,East,33,2
4030,2024-05-27,4874.9,completed,Clothing,Central,40,4
4031,2024-05-27,1549.7,completed,Clothing,North,16,2
4032,2024-05-27,121.88,completed,Sports,South,11,3
4033,2024-05-27,677.23,completed,Electronics,East,32,4
4034,2024-05-27,3435.85,pending,Home,East,3,3
4035,2024-05-27,2892.78,completed,Sports,South,39,2
4036,2024-05-27,2076.54,completed,Food,South,29,3
4037,2024-05-27,4898.1,completed,Food,West,43,1
4038,2024-05-27,4850.51,failed,Food,East,31,4
4039,2024-05-27,960.15,failed,Sports,Central,33,2
4040,2024-05-27,2849.74,completed,Clothing,Central,48,3
4041,2024-05-27,3285.82,completed,Electronics,South,12,4
4042,2024-05-27,452.86,completed,Books,North,30,3
4043,2024-05-27,1446.42,completed,Sports,West,15,3
4044,2024-05-27,837.45,completed,Sports,West,24,5
4045,2024-05-27,2821.94,completed,Books,East,13,5
4046,2024-05-27,3680.49,completed,Home,South,4,3
4047,2024-05-27,3632.14,completed,Books,East,22,2
4048,2024-05-27,398.83,completed,Food,East,16,1
4049,2024-05-27,1059.24,failed,Sports,North,7,4
4050,2024-05-27,3513.97,completed,Electronics,West,36,4
4051,2024-05-27,1208.13,pending,Books,East,43,4
4052,2024-05-27,4199.63,completed,Books,East,23,2
4053,2024-05-27,2804.05,pending,Home,East,34,2
4054,2024-05-27,404.57,completed,Home,Central,41,1
4055,2024-05-27,2133.9,pending,Sports,South,14,5
4056,2024-05-28,4080.74,completed,Food,Central,4,5
4057,2024-05-28,3716.4,refunded,Electronics,West,31,4
4058,2024-05-28,3053.7,completed,Electronics,North,13,4
4059,2024-05-28,1334.12,completed,Clothing,South,8,3
4060,2024-05-28,4545.19,completed,Electronics,North,38,4
4061,2024-05-28,285.37,completed,Books,North,31,1
4062,2024-05-28,1533.92,completed,Food,North,43,2
4063,2024-05-28,2753.95,completed,Clothing,West,6,4
4064,2024-05-28,1735.62,pending,Books,North,15,3
4065,2024-05-28,4037.09,completed,Sports,East,7,5
4066,2024-05-28,3161.6,completed,Books,North,13,4
4067,2024-05-28,1396.03,completed,Clothing,North,48,5
4068,2024-05-28,2419.95,pending,Electronics,East,43,2
4069,2024-05-28,1113.09,completed,Books,West,20,4
4070,2024-05-28,1768.87,completed,Food,East,2,1
4071,2024-05-28,3846.78,pending,Home,East,26,3
4072,2024-05-28,1975.45,completed,Sports,West,41,4
4073,2024-05-28,2965.2,completed,Books,West,16,1
4074,2024-05-28,2965.87,completed,Electronics,East,38,3
4075,2024-05-28,4096.3,completed,Clothing,East,10,2
4076,2024-05-28,1559.93,pending,Electronics,West,23,5
4077,2024-05-28,971.15,completed,Food,West,21,3
4078,2024-05-28,4824.19,completed,Electronics,West,30,2
4079,2024-05-28,2159.79,completed,Food,South,21,1
4080,2024-05-28,243.55,completed,Electronics,North,49,3
4081,2024-05-28,4095.03,completed,Clothing,West,45,5
4082,2024-05-28,176.77,completed,Food,Central,31,1
4083,2024-05-29,3101.12,completed,Home,Central,13,2
4084,2024-05-29,2006.07,pending,Home,West,16,4
4085,2024-05-29,4106.03,completed,Books,South,38,5
4086,2024-05-29,4701.22,completed,Home,Central,18,3
4087,2024-05-29,431.28,failed,Food,Central,23,5
4088,2024-05-29,897.86,completed,Clothing,East,35,2
4089,2024-05-29,3549.75,failed,Home,North,26,1
4090,2024-05-29,3239.93,failed,Books,Central,34,1
4091,2024-05-29,219.77,completed,Home,South,12,4
4092,2024-05-29,1601.13,completed,Clothing,North,49,3
4093,2024-05-29,1986.88,failed,Clothing,West,44,1
4094,2024-05-29,1011.29,completed,Home,West,36,4
4095,2024-05-29,2937.67,completed,Food,North,6,5
4096,2024-05-29,1881.87,completed,Food,South,37,5
4097,2024-05-29,722.64,pending,Home,North,33,3
4098,2024-05-29,4532.22,failed,Sports,South,21,5
4099,2024-05-29,1549.12,completed,Food,Central,5,3
4100,2024-05-29,171.31,completed,Electronics,West,13,1
4101,2024-05-29,4059.6,pending,Sports,North,41,1
4102,2024-05-29,4115.46,completed,Electronics,Central,47,3
4103,2024-05-29,4937.65,completed,Clothing,South,4,4
4104,2024-05-29,790.69,completed,Home,Central,4,2
4105,2024-05-29,4242.14,completed,Food,West,30,4
4106,2024-05-29,2227.29,completed,Clothing,Central,9,1
4107,2024-05-29,1547.75,completed,Books,West,38,3
4108,2024-05-29,1388.4,failed,Home,South,37,5
4109,2024-05-29,283.56,completed,Clothing,East,5,2
4110,2024-05-29,1251.47,completed,Books,East,3,5
4111,2024-05-30,3194.12,completed,Home,Central,34,3
4112,2024-05-30,155.66,completed,Home,North,19,3
4113,2024-05-30,1409.72,completed,Electronics,South,23,5
4114,2024-05-30,205.08,failed,Sports,South,49,5
4115,2024-05-30,2390.27,completed,Sports,Central,13,3
4116,2024-05-30,4525.96,completed,Food,West,49,3
4117,2024-05-30,3277.28,pending,Sports,East,32,4
4118,2024-05-30,597.99,pending,Electronics,East,39,4
4119,2024-05-30,3841.89,completed,Sports,Central,22,2
4120,2024-05-30,2833.05,completed,Food,Central,38,2
4121,2024-05-30,2441.0,completed,Electronics,Central,10,3
4122,2024-05-30,4705.0,completed,Clothing,East,42,5
4123,2024-05-30,226.63,pending,Home,Central,10,1
4124,2024-05-30,353.72,completed,Food,North,40,2
4125,2024-05-30,3828.9,completed,Electronics,West,35,5
4126,2024-05-30,4205.65,pending,Electronics,West,6,5
4127,2024-05-30,3031.5,failed,Clothing,West,17,5
4128,2024-05-30,1500.88,completed,Clothing,North,3,5
4129,2024-05-30,2114.82,failed,Home,East,41,2
4130,2024-05-30,3509.26,refunded,Electronics,East,36,4
4131,2024-05-30,4149.82,failed,Food,West,6,3
4132,2024-05-30,4746.31,completed,Home,Central,43,1
4133,2024-05-30,4536.7,completed,Clothing,West,3,1
4134,2024-05-30,3784.0,completed,Books,East,30,4
4135,2024-05-30,4117.26,failed,Sports,West,45,2
4136,2024-05-30,2899.22,pending,Electronics,North,28,4
4137,2024-05-30,4979.32,completed,Clothing,North,37,3
4138,2024-05-31,649.73,completed,Home,East,36,3
4139,2024-05-31,1606.28,refunded,Food,North,40,1
4140,2024-05-31,3808.07,completed,Home,North,35,2
4141,2024-05-31,1331.27,failed,Clothing,West,15,1
4142,2024-05-31,560.6,pending,Electronics,South,21,2
4143,2024-05-31,3423.2,completed,Food,Central,45,5
4144,2024-05-31,428.86,pending,Home,North,25,4
4145,2024-05-31,2566.21,completed,Home,Central,6,1
4146,2024-05-31,681.26,pending,Home,East,47,3
4147,2024-05-31,3077.92,completed,Clothing,West,8,4
4148,2024-05-31,248.87,failed,Electronics,Central,23,2
4149,2024-05-31,652.51,completed,Home,South,41,3
4150,2024-05-31,3775.74,completed,Food,South,1,5
4151,2024-05-31,959.3,completed,Sports,Central,7,5
4152,2024-05-31,2914.25,completed,Electronics,East,13,4
4153,2024-05-31,2623.12,completed,Home,Central,27,5
4154,2024-05-31,2433.26,completed,Home,East,17,1
4155,2024-05-31,2564.82,pending,Food,South,27,5
4156,2024-05-31,453.69,completed,Sports,West,20,4
4157,2024-05-31,3324.17,completed,Clothing,Central,5,2
4158,2024-05-31,1338.64,completed,Sports,South,1,2
4159,2024-05-31,3945.61,completed,Home,South,16,3
4160,2024-05-31,2237.95,pending,Books,West,25,1
4161,2024-05-31,2720.12,completed,Books,South,32,3
4162,2024-05-31,4398.06,completed,Home,West,15,2
4163,2024-05-31,1265.97,pending,Books,West,10,1
4164,2024-05-31,219.92,completed,Books,South,1,5
4165,2024-06-01,4757.11,failed,Sports,North,30,4
4166,2024-06-01,1339.58,refunded,Food,South,26,4
4167,2024-06-01,3312.83,completed,Clothing,East,1,3
4168,2024-06-01,4483.15,completed,Sports,Central,11,5
4169,2024-06-01,4902.32,completed,Sports,Central,3,2
4170,2024-06-01,1756.94,completed,Food,East,33,4
4171,2024-06-01,3997.16,completed,Sports,South,45,1
4172,2024-06-01,2770.34,failed,Electronics,Central,34,4
4173,2024-06-01,3099.18,completed,Sports,West,37,5
4174,2024-06-01,2550.66,completed,Books,West,22,4
4175,2024-06-01,4705.41,completed,Clothing,West,41,2
4176,2024-06-01,4740.24,completed,Clothing,North,33,4
4177,2024-06-01,3503.99,pending,Food,North,11,2
4178,2024-06-01,3129.11,completed,Home,North,23,3
4179,2024-06-01,200.43,pending,Home,North,10,4
4180,2024-06-01,641.05,pending,Sports,South,28,2
4181,2024-06-01,2130.27,completed,Food,South,8,1
4182,2024-06-01,55.92,completed,Food,West,4,1
4183,2024-06-01,648.3,completed,Home,Central,21,4
4184,2024-06-01,1329.07,completed,Sports,North,26,2
4185,2024-06-01,1384.23,failed,Electronics,North,30,5
4186,2024-06-01,2082.39,completed,Clothing,North,20,1
4187,2024-06-01,729.29,completed,Electronics,South,5,5
4188,2024-06-01,3834.0,completed,Books,North,16,2
4189,2024-06-01,4238.9,pending,Clothing,South,14,3
4190,2024-06-01,4440.27,completed,Electronics,Central,17,4
4191,2024-06-01,1414.64,completed,Clothing,Central,42,5
4192,2024-06-01,200.55,completed,Sports,North,8,2
4193,2024-06-02,1442.78,completed,Clothing,South,30,4
4194,2024-06-02,2645.44,completed,Sports,East,49,1
4195,2024-06-02,4150.21,completed,Home,West,33,1
4196,2024-06-02,4401.32,completed,Food,East,35,4
4197,2024-06-02,4350.18,pending,Electronics,South,29,5
4198,2024-06-02,551.97,completed,Books,South,4,2
4199,2024-06-02,1258.2,completed,Clothing,Central,8,2
4200,2024-06-02,3921.77,completed,Clothing,East,36,5
4201,2024-06-02,3302.19,completed,Books,West,27,5
4202,2024-06-02,1993.32,completed,Sports,Central,41,1
4203,2024-06-02,4998.49,completed,Food,East,6,3
4204,2024-06-02,1714.67,pending,Home,West,26,5
4205,2024-06-02,4148.57,completed,Books,West,28,3
4206,2024-06-02,2672.33,completed,Electronics,Central,35,2
4207,2024-06-02,2322.31,completed,Sports,North,33,2
4208,2024-06-02,739.92,completed,Food,South,35,4
4209,2024-06-02,4772.31,completed,Clothing,East,33,5
4210,2024-06-02,2749.78,pending,Home,East,45,5
4211,2024-06-02,3003.91,completed,Home,South,29,4
4212,2024-06-02,3876.39,completed,Sports,West,40,2
4213,2024-06-02,1389.5,pending,Clothing,Central,30,5
4214,2024-06-02,452.36,completed,Books,West,21,5
4215,2024-06-02,623.9,completed,Clothing,East,21,1
4216,2024-06-02,3303.15,completed,Books,West,2,4
4217,2024-06-02,3465.92,completed,Home,West,36,3
4218,2024-06-02,1670.49,completed,Books,Central,18,3
4219,2024-06-02,348.13,refunded,Home,North,12,3
4220,2024-06-03,870.78,completed,Clothing,South,20,3
4221,2024-06-03,4770.79,pending,Food,East,33,2
4222,2024-06-03,4415.5,completed,Books,North,30,3
4223,2024-06-03,2500.96,completed,Home,North,17,3
4224,2024-06-03,681.9,completed,Electronics,East,39,2
4225,2024-06-03,4078.63,completed,Books,North,8,3
4226,2024-06-03,2538.22,pending,Electronics,South,6,3
4227,2024-06-03,2212.15,failed,Electronics,North,49,1
4228,2024-06-03,3073.25,completed,Clothing,South,24,3
4229,2024-06-03,3366.03,completed,Home,West,1,1
4230,2024-06-03,1372.32,completed,Books,North,15,1
4231,2024-06-03,3001.74,failed,Food,East,7,3
4232,2024-06-03,792.52,completed,Food,East,39,5
4233,2024-06-03,4992.11,completed,Books,North,43,5
4234,2024-06-03,2649.55,completed,Electronics,North,22,3
4235,2024-06-03,2771.85,completed,Clothing,West,19,4
4236,2024-06-03,4912.79,pending,Books,North,20,2
4237,2024-06-03,2689.24,pending,Clothing,South,10,1
4238,2024-06-03,2663.49,completed,Electronics,East,8,2
4239,2024-06-03,3319.61,completed,Electronics,Central,49,1
4240,2024-06-03,2933.28,refunded,Books,West,5,2
4241,2024-06-03,2906.29,pending,Clothing,Central,40,1
4242,2024-06-03,74.87,completed,Electronics,South,48,4
4243,2024-06-03,3485.55,completed,Clothing,Central,12,2
4244,2024-06-03,2415.48,completed,Electronics,South,7,3
4245,2024-06-03,346.91,refunded,Clothing,Central,8,3
4246,2024-06-03,820.99,failed,Sports,South,2,1
4247,2024-06-03,287.73,failed,Home,North,5,4
4248,2024-06-04,1594.18,completed,Electronics,West,4,1
4249,2024-06-04,1230.54,completed,Sports,South,17,5
4250,2024-06-04,4828.91,completed,Food,North,48,3
4251,2024-06-04,3950.67,completed,Sports,East,17,1
4252,2024-06-04,1420.6,completed,Sports,West,8,3
4253,2024-06-04,4114.95,completed,Home,South,34,5
4254,2024-06-04,3423.65,completed,Sports,South,37,4
4255,2024-06-04,2184.67,completed,Clothing,Central,28,1
4256,2024-06-04,4499.63,pending,Electronics,South,3,4
4257,2024-06-04,182.2,completed,Clothing,East,3,5
4258,2024-06-04,2897.27,completed,Food,North,46,3
4259,2024-06-04,3391.19,completed,Books,East,48,3
4260,2024-06-04,4101.55,completed,Clothing,North,32,2
4261,2024-06-04,3062.64,completed,Electronics,South,1,5
4262,2024-06-04,2656.49,completed,Home,South,12,2
4263,2024-06-04,2484.39,completed,Electronics,Central,5,3
4264,2024-06-04,2174.42,completed,Electronics,South,28,5
4265,2024-06-04,3033.53,completed,Sports,North,4,3
4266,2024-06-04,1083.04,completed,Electronics,South,43,4
4267,2024-06-04,2875.49,completed,Food,Central,44,1
4268,2024-06-04,2165.31,failed,Clothing,South,42,4
4269,2024-06-04,3537.4,completed,Food,Central,16,1
4270,2024-06-04,3487.0,pending,Electronics,South,13,5
4271,2024-06-04,4431.08,completed,Electronics,South,8,4
4272,2024-06-04,1275.76,completed,Electronics,North,9,2
4273,2024-06-04,1542.08,completed,Sports,North,19,3
4274,2024-06-04,3155.63,completed,Food,Central,32,1
4275,2024-06-05,778.19,completed,Electronics,West,49,1
4276,2024-06-05,3375.1,completed,Books,West,36,2
4277,2024-06-05,2620.93,completed,Food,Central,15,4
4278,2024-06-05,444.6,completed,Clothing,Central,36,3
4279,2024-06-05,3160.38,refunded,Books,East,39,4
4280,2024-06-05,2568.49,completed,Clothing,East,26,4
4281,2024-06-05,1368.29,completed,Food,North,4,5
4282,2024-06-05,1872.53,completed,Sports,West,44,3
4283,2024-06-05,2055.53,completed,Books,North,32,2
4284,2024-06-05,4743.32,completed,Home,Central,35,4
4285,2024-06-05,4601.22,completed,Electronics,West,3,2
4286,2024-06-05,628.36,completed,Food,South,19,3
4287,2024-06-05,2371.89,failed,Books,North,17,2
4288,2024-06-05,1082.56,completed,Electronics,Central,3,1
4289,2024-06-05,1369.5,pending,Sports,East,42,1
4290,2024-06-05,3041.93,refunded,Clothing,West,10,2
4291,2024-06-05,133.63,failed,Food,Central,15,3
4292,2024-06-05,4227.75,failed,Food,South,3,2
4293,2024-06-05,2639.51,completed,Electronics,Central,1,1
4294,2024-06-05,3901.11,completed,Electronics,East,6,1
4295,2024-06-05,789.58,completed,Sports,South,26,1
4296,2024-06-05,3598.83,completed,Sports,East,39,2
4297,2024-06-05,4906.37,completed,Sports,East,5,3
4298,2024-06-05,2826.03,completed,Home,North,34,4
4299,2024-06-05,3874.8,failed,Sports,North,19,2
4300,2024-06-05,3754.24,completed,Food,East,25,4
4301,2024-06-05,2802.3,refunded,Clothing,Central,18,4
4302,2024-06-06,3686.35,completed,Books,Central,47,2
4303,2024-06-06,2362.27,completed,Clothing,South,12,2
4304,2024-06-06,3520.38,pending,Books,Central,32,1
4305,2024-06-06,548.12,completed,Home,West,29,5
4306,2024-06-06,2720.81,completed,Clothing,North,9,3
4307,2024-06-06,2836.02,completed,Food,East,43,4
4308,2024-06-06,2286.75,completed,Books,Central,33,5
4309,2024-06-06,651.06,completed,Home,North,32,4
4310,2024-06-06,2145.26,pending,Clothing,North,26,3
4311,2024-06-06,4939.82,completed,Sports,Central,42,2
4312,2024-06-06,1595.57,completed,Sports,North,34,2
4313,2024-06-06,4977.32,completed,Books,West,27,5
4314,2024-06-06,3824.17,completed,Clothing,South,15,3
4315,2024-06-06,1668.51,completed,Home,East,24,1
4316,2024-06-06,3177.4,completed,Food,South,29,4
4317,2024-06-06,995.25,completed,Clothing,South,12,4
4318,2024-06-06,571.13,completed,Food,West,43,3
4319,2024-06-06,3972.69,pending,Food,South,20,2
4320,2024-06-06,3822.23,completed,Electronics,East,26,3
4321,2024-06-06,2353.07,pending,Home,Central,26,1
4322,2024-06-06,3538.46,completed,Food,West,13,1
4323,2024-06-06,2418.12,completed,Books,West,43,3
4324,2024-06-06,3218.07,refunded,Home,East,13,5
4325,2024-06-06,453.07,completed,Food,North,1,4
4326,2024-06-06,3023.21,completed,Home,Central,45,4
4327,2024-06-06,4760.36,failed,Food,North,42,2
4328,2024-06-06,268.22,failed,Food,North,48,4
4329,2024-06-06,4463.93,failed,Home,North,46,5
4330,2024-06-07,1823.7,completed,Electronics,South,12,3
4331,2024-06-07,1762.85,completed,Books,West,11,1
4332,2024-06-07,3475.99,pending,Clothing,East,7,5
4333,2024-06-07,4492.22,pending,Home,North,32,5
4334,2024-06-07,799.41,refunded,Food,South,47,4
4335,2024-06-07,2166.75,completed,Home,East,14,5
4336,2024-06-07,566.84,completed,Books,West,41,3
4337,2024-06-07,1218.45,refunded,Electronics,North,19,5
4338,2024-06-07,2779.28,completed,Sports,West,25,4
4339,2024-06-07,4857.56,failed,Food,West,28,2
4340,2024-06-07,1707.86,completed,Sports,East,7,5
4341,2024-06-07,155.82,pending,Home,South,14,2
4342,2024-06-07,3757.11,completed,Electronics,East,22,5
4343,2024-06-07,71.5,completed,Electronics,West,31,2
4344,2024-06-07,1455.44,completed,Home,East,8,5
4345,2024-06-07,2902.14,pending,Clothing,Central,28,4
4346,2024-06-07,237.3,completed,Home,East,36,3
4347,2024-06-07,3452.7,completed,Food,Central,18,1
4348,2024-06-07,1621.97,completed,Clothing,South,27,2
4349,2024-06-07,967.1,completed,Books,West,44,1
4350,2024-06-07,353.96,completed,Home,South,10,4
4351,2024-06-07,4031.93,failed,Sports,East,45,5
4352,2024-06-07,810.8,completed,Sports,North,10,5
4353,2024-06-07,4576.01,completed,Home,West,40,3
4354,2024-06-07,398.02,completed,Electronics,West,18,4
4355,2024-06-07,1579.05,refunded,Home,East,37,1
4356,2024-06-07,4611.11,pending,Books,Central,33,3
4357,2024-06-08,2283.26,pending,Clothing,North,44,5
4358,2024-06-08,53.0,completed,Sports,South,6,5
4359,2024-06-08,537.65,completed,Home,South,28,1
4360,2024-06-08,2035.57,failed,Electronics,Central,49,5
4361,2024-06-08,4720.01,completed,Home,South,3,2
4362,2024-06-08,219.13,completed,Food,West,24,1
4363,2024-06-08,4532.23,completed,Electronics,South,5,1
4364,2024-06-08,2148.64,pending,Home,South,10,3
4365,2024-06-08,2808.66,pending,Books,Central,32,3
4366,2024-06-08,2096.11,completed,Electronics,Central,13,5
4367,2024-06-08,2183.54,completed,Food,North,3,1
4368,2024-06-08,3170.01,pending,Home,East,20,4
4369,2024-06-08,2978.71,completed,Electronics,South,35,1
4370,2024-06-08,3389.35,completed,Home,East,49,5
4371,2024-06-08,1065.63,completed,Home,Central,33,5
4372,2024-06-08,4308.25,completed,Food,East,28,2
4373,2024-06-08,3961.32,completed,Sports,North,27,1
4374,2024-06-08,375.79,failed,Food,Central,28,5
4375,2024-06-08,1914.33,completed,Books,North,33,5
4376,2024-06-08,1387.65,completed,Home,South,3,1
4377,2024-06-08,631.4,failed,Clothing,East,35,4
4378,2024-06-08,3465.05,completed,Sports,East,14,5
4379,2024-06-08,4801.15,completed,Clothing,West,38,3
4380,2024-06-08,589.86,completed,Food,East,2,5
4381,2024-06-08,905.06,completed,Food,North,20,4
4382,2024-06-08,2729.71,pending,Clothing,Central,41,1
4383,2024-06-08,4351.8,pending,Electronics,East,47,2
4384,2024-06-08,4572.47,completed,Clothing,North,49,5
4385,2024-06-09,2189.38,completed,Home,West,35,4
4386,2024-06-09,1321.34,completed,Food,West,37,3
4387,2024-06-09,2365.7,completed,Sports,South,15,3
4388,2024-06-09,3890.17,completed,Electronics,West,40,2
4389,2024-06-09,277.01,completed,Books,South,22,4
4390,2024-06-09,4009.0,completed,Food,North,32,1
4391,2024-06-09,207.97,completed,Clothing,West,21,4
4392,2024-06-09,2145.9,refunded,Clothing,West,42,5
4393,2024-06-09,4912.03,completed,Electronics,West,32,2
4394,2024-06-09,4434.36,completed,Food,West,22,5
4395,2024-06-09,576.3,completed,Clothing,South,7,5
4396,2024-06-09,3853.4,pending,Clothing,West,37,3
4397,2024-06-09,259.15,completed,Sports,Central,17,1
4398,2024-06-09,4594.94,completed,Electronics,South,5,2
4399,2024-06-09,2082.94,completed,Electronics,West,8,1
4400,2024-06-09,4402.29,failed,Sports,West,27,5
4401,2024-06-09,825.15,completed,Clothing,Central,24,5
4402,2024-06-09,3804.51,completed,Books,North,23,2
4403,2024-06-09,341.98,completed,Sports,East,28,2
4404,2024-06-09,3306.12,completed,Sports,South,24,1
4405,2024-06-09,4008.21,failed,Electronics,East,12,2
4406,2024-06-09,2265.54,failed,Books,East,18,1
4407,2024-06-09,4386.45,completed,Clothing,South,36,2
4408,2024-06-09,4657.59,completed,Sports,East,3,5
4409,2024-06-09,1982.28,refunded,Food,Central,36,2
4410,2024-06-09,4301.33,refunded,Home,South,22,5
4411,2024-06-09,2013.12,completed,Books,Central,8,4
4412,2024-06-10,3684.73,pending,Books,Central,49,3
4413,2024-06-10,4495.78,failed,Clothing,North,14,1
4414,2024-06-10,3309.46,completed,Food,Central,36,3
4415,2024-06-10,1153.59,completed,Books,Central,3,1
4416,2024-06-10,439.92,completed,Food,West,47,2
4417,2024-06-10,1031.4,pending,Home,West,28,5
4418,2024-06-10,1305.63,completed,Home,West,36,4
4419,2024-06-10,3546.08,completed,Electronics,East,32,4
4420,2024-06-10,4247.79,completed,Home,East,12,4
4421,2024-06-10,444.33,completed,Electronics,Central,7,1
4422,2024-06-10,4930.33,pending,Sports,East,16,4
4423,2024-06-10,425.09,completed,Books,North,29,3
4424,2024-06-10,2908.56,completed,Clothing,East,17,4
4425,2024-06-10,2903.9,completed,Home,East,45,2
4426,2024-06-10,4129.69,completed,Sports,East,31,2
4427,2024-06-10,48.93,pending,Books,West,18,4
4428,2024-06-10,2206.28,completed,Clothing,West,11,5
4429,2024-06-10,245.03,completed,Electronics,North,29,5
4430,2024-06-10,2328.74,refunded,Clothing,East,11,3
4431,2024-06-10,2383.22,completed,Clothing,North,28,2
4432,2024-06-10,152.1,completed,Home,West,7,4
4433,2024-06-10,1856.46,completed,Food,North,29,1
4434,2024-06-10,2394.67,completed,Electronics,West,8,2
4435,2024-06-10,3705.23,completed,Clothing,South,44,1
4436,2024-06-10,2900.19,pending,Food,Central,17,3
4437,2024-06-10,3265.55,completed,Clothing,Central,14,1
4438,2024-06-10,3739.24,completed,Sports,South,22,2
4439,2024-06-11,4711.68,completed,Electronics,South,34,2
4440,2024-06-11,2024.09,pending,Books,Central,47,5
4441,2024-06-11,2411.58,completed,Food,Central,46,3
4442,2024-06-11,4984.4,completed,Home,East,39,3
4443,2024-06-11,1731.72,completed,Food,Central,42,5
4444,2024-06-11,3504.49,completed,Food,Central,6,1
4445,2024-06-11,4484.97,completed,Sports,South,5,4
4446,2024-06-11,985.64,completed,Electronics,South,49,5
4447,2024-06-11,1002.47,completed,Sports,West,9,4
4448,2024-06-11,2712.26,completed,Electronics,North,7,4
4449,2024-06-11,3922.83,completed,Electronics,Central,49,2
4450,2024-06-11,2837.1,completed,Home,South,46,3
4451,2024-06-11,132.4,completed,Sports,West,2,1
4452,2024-06-11,2481.47,completed,Sports,Central,42,2
4453,2024-06-11,1694.31,completed,Sports,East,44,1
4454,2024-06-11,1695.18,completed,Food,East,17,3
4455,2024-06-11,331.58,failed,Food,North,41,3
4456,2024-06-11,4699.36,completed,Electronics,West,34,5
4457,2024-06-11,3965.74,completed,Books,South,7,5
4458,2024-06-11,206.98,completed,Food,West,49,3
4459,2024-06-11,2047.29,pending,Electronics,East,46,5
4460,2024-06-11,562.5,pending,Electronics,North,19,1
4461,2024-06-11,2470.91,pending,Clothing,Central,26,1
4462,2024-06-11,1078.83,completed,Clothing,Central,21,2
4463,2024-06-11,273.19,failed,Home,Central,41,4
4464,2024-06-11,4170.27,completed,Books,East,6,4
4465,2024-06-11,1441.72,completed,Clothing,South,31,5
4466,2024-06-11,4091.8,completed,Home,Central,25,3
4467,2024-06-12,1576.26,pending,Food,West,8,4
4468,2024-06-12,4243.31,completed,Food,South,8,3
4469,2024-06-12,617.88,failed,Food,South,45,1
4470,2024-06-12,2162.91,completed,Food,North,41,2
4471,2024-06-12,4548.01,pending,Electronics,South,21,5
4472,2024-06-12,1557.24,completed,Home,West,9,1
4473,2024-06-12,723.73,completed,Clothing,South,35,4
4474,2024-06-12,2870.12,completed,Electronics,West,4,5
4475,2024-06-12,1977.12,completed,Clothing,North,19,3
4476,2024-06-12,539.51,completed,Clothing,South,10,3
4477,2024-06-12,238.79,completed,Books,North,24,4
4478,2024-06-12,4248.04,pending,Home,West,1,2
4479,2024-06-12,4022.05,completed,Home,East,18,2
4480,2024-06-12,671.82,failed,Sports,North,16,1
4481,2024-06-12,4833.76,completed,Books,South,27,3
4482,2024-06-12,593.84,completed,Clothing,East,35,5
4483,2024-06-12,860.91,completed,Books,South,44,3
4484,2024-06-12,3987.64,completed,Books,North,47,2
4485,2024-06-12,2364.18,completed,Books,South,42,5
4486,2024-06-12,1822.31,failed,Sports,North,21,4
4487,2024-06-12,343.29,completed,Sports,North,41,2
4488,2024-06-12,3788.73,completed,Sports,South,25,4
4489,2024-06-12,1310.26,completed,Clothing,Central,45,2
4490,2024-06-12,4518.26,completed,Clothing,East,5,3
4491,2024-06-12,239.53,completed,Clothing,West,9,1
4492,2024-06-12,1121.85,pending,Food,West,45,5
4493,2024-06-12,2979.11,refunded,Home,Central,3,4
4494,2024-06-13,2641.59,completed,Clothing,East,23,3
4495,2024-06-13,3397.64,completed,Food,West,25,5
4496,2024-06-13,2633.0,completed,Electronics,South,7,1
4497,2024-06-13,2341.91,completed,Home,Central,49,4
4498,2024-06-13,1837.98,completed,Home,West,10,2
4499,2024-06-13,933.19,refunded,Home,North,11,3
4500,2024-06-13,3790.85,completed,Sports,Central,38,3
4501,2024-06-13,3293.84,completed,Food,Central,41,4
4502,2024-06-13,1783.17,completed,Books,Central,8,4
4503,2024-06-13,299.15,completed,Electronics,East,39,1
4504,2024-06-13,3005.5,completed,Clothing,South,3,3
4505,2024-06-13,3233.16,completed,Food,Central,5,2
4506,2024-06-13,4930.99,completed,Books,West,38,3
4507,2024-06-13,336.26,completed,Electronics,Central,40,4
4508,2024-06-13,273.19,pending,Books,Central,36,2
4509,2024-06-13,3658.39,completed,Electronics,Central,21,2
4510,2024-06-13,4984.93,completed,Home,West,32,3
4511,2024-06-13,4302.17,pending,Sports,Central,20,3
4512,2024-06-13,3985.85,completed,Books,North,48,5
4513,2024-06-13,4530.3,completed,Electronics,North,29,4
4514,2024-06-13,2100.02,failed,Books,West,12,5
4515,2024-06-13,655.74,refunded,Electronics,North,19,1
4516,2024-06-13,1157.35,completed,Books,North,25,4
4517,2024-06-13,2847.18,completed,Clothing,North,46,2
4518,2024-06-13,282.82,pending,Food,Central,16,1
4519,2024-06-13,3061.25,completed,Books,South,34,4
4520,2024-06-13,3508.81,failed,Electronics,East,13,3
4521,2024-06-13,1573.16,completed,Electronics,East,49,1
4522,2024-06-14,3289.91,failed,Books,Central,46,4
4523,2024-06-14,4388.4,failed,Home,North,26,5
4524,2024-06-14,2517.61,completed,Sports,West,7,3
4525,2024-06-14,2377.5,completed,Sports,South,23,3
4526,2024-06-14,4123.3,completed,Books,South,23,4
4527,2024-06-14,1986.37,completed,Clothing,South,27,4
4528,2024-06-14,3977.36,completed,Sports,West,16,1
4529,2024-06-14,4242.04,pending,Home,East,10,2
4530,2024-06-14,1045.29,completed,Electronics,West,22,1
4531,2024-06-14,3763.49,completed,Home,North,4,1
4532,2024-06-14,1006.71,refunded,Clothing,West,20,4
4533,2024-06-14,3762.64,completed,Sports,North,48,3
4534,2024-06-14,1704.47,completed,Home,Central,32,1
4535,2024-06-14,2382.98,failed,Home,West,25,1
4536,2024-06-14,791.89,completed,Home,East,24,2
4537,2024-06-14,3340.58,completed,Clothing,North,24,4
4538,2024-06-14,4681.47,completed,Electronics,Central,44,5
4539,2024-06-14,2780.46,completed,Clothing,East,1,5
4540,2024-06-14,3180.93,completed,Clothing,East,34,3
4541,2024-06-14,3222.82,completed,Home,South,33,2
4542,2024-06-14,2302.59,completed,Sports,North,5,2
4543,2024-06-14,3598.23,pending,Electronics,South,3,5
4544,2024-06-14,4014.91,pending,Clothing,West,4,2
4545,2024-06-14,1586.56,pending,Food,West,12,3
4546,2024-06-14,4698.36,completed,Home,North,9,4
4547,2024-06-14,2691.24,completed,Electronics,Central,14,3
4548,2024-06-14,3511.17,completed,Clothing,East,48,4
4549,2024-06-15,4022.66,completed,Food,East,4,1
4550,2024-06-15,152.42,completed,Home,South,40,1
4551,2024-06-15,4618.93,completed,Food,Central,19,5
4552,2024-06-15,4108.3,failed,Sports,East,15,2
4553,2024-06-15,458.66,pending,Home,West,41,3
4554,2024-06-15,345.57,completed,Clothing,Central,15,5
4555,2024-06-15,437.42,completed,Food,South,10,5
4556,2024-06-15,4471.84,completed,Books,Central,25,3
4557,2024-06-15,3099.86,completed,Food,Central,20,5
4558,2024-06-15,286.81,completed,Food,South,11,1
4559,2024-06-15,4662.18,failed,Sports,West,2,5
4560,2024-06-15,3371.43,completed,Sports,South,32,5
4561,2024-06-15,1620.52,completed,Food,East,47,1
4562,2024-06-15,3470.02,completed,Food,East,40,2
4563,2024-06-15,4731.24,completed,Food,East,40,3
4564,2024-06-15,483.9,refunded,Food,South,6,2
4565,2024-06-15,4222.82,completed,Food,South,16,4
4566,2024-06-15,2845.72,completed,Books,West,41,1
4567,2024-06-15,1744.18,pending,Clothing,East,24,3
4568,2024-06-15,3155.8,completed,Food,South,43,5
4569,2024-06-15,3618.2,completed,Clothing,North,46,4
4570,2024-06-15,4437.04,completed,Sports,South,32,2
4571,2024-06-15,2347.33,completed,Home,West,36,4
4572,2024-06-15,3877.57,completed,Clothing,South,1,2
4573,2024-06-15,3387.57,completed,Clothing,Central,23,5
4574,2024-06-15,371.51,completed,Food,West,39,2
4575,2024-06-15,3449.62,refunded,Sports,East,15,1
4576,2024-06-16,3141.16,pending,Home,South,44,2
4577,2024-06-16,1771.14,completed,Clothing,West,22,1
4578,2024-06-16,113.09,completed,Clothing,North,12,4
4579,2024-06-16,1606.41,completed,Books,East,9,2
4580,2024-06-16,3986.38,completed,Food,Central,9,1
4581,2024-06-16,4006.24,completed,Sports,East,24,4
4582,2024-06-16,2201.01,failed,Clothing,North,8,5
4583,2024-06-16,4452.29,pending,Home,North,35,5
4584,2024-06-16,3974.21,completed,Clothing,East,44,4
4585,2024-06-16,3092.42,completed,Sports,West,44,3
4586,2024-06-16,4167.27,refunded,Books,South,1,3
4587,2024-06-16,3194.11,completed,Clothing,West,45,4
4588,2024-06-16,2806.05,completed,Sports,East,32,1
4589,2024-06-16,2020.56,completed,Electronics,North,48,1
4590,2024-06-16,1405.82,failed,Home,West,21,1
4591,2024-06-16,637.31,completed,Books,East,48,3
4592,2024-06-16,2934.68,completed,Food,North,15,1
4593,2024-06-16,2134.4,completed,Electronics,South,15,3
4594,2024-06-16,1756.9,refunded,Food,East,48,3
4595,2024-06-16,1310.71,pending,Food,West,6,4
4596,2024-06-16,3387.55,completed,Books,East,35,3
4597,2024-06-16,4679.3,pending,Sports,South,34,3
4598,2024-06-16,1468.7,completed,Clothing,East,22,2
4599,2024-06-16,1007.26,completed,Books,Central,35,1
4600,2024-06-16,2282.85,completed,Sports,West,29,2
4601,2024-06-16,2031.45,completed,Books,North,21,2
4602,2024-06-16,3756.04,completed,Home,Central,10,3
4603,2024-06-16,259.11,completed,Electronics,North,43,2
4604,2024-06-17,2669.88,refunded,Electronics,Central,44,4
4605,2024-06-17,4639.44,completed,Food,East,33,3
4606,2024-06-17,4912.32,completed,Home,East,34,1
4607,2024-06-17,1891.83,completed,Food,South,44,3
4608,2024-06-17,14.12,failed,Clothing,East,24,5
4609,2024-06-17,3646.59,completed,Home,West,49,3
4610,2024-06-17,1232.06,completed,Books,West,5,2
4611,2024-06-17,3162.05,refunded,Home,East,26,3
4612,2024-06-17,2368.34,completed,Food,Central,35,2
4613,2024-06-17,3093.53,pending,Sports,East,2,5
4614,2024-06-17,1751.68,completed,Food,South,18,5
4615,2024-06-17,399.63,completed,Electronics,East,42,3
4616,2024-06-17,4773.35,completed,Electronics,Central,36,3
4617,2024-06-17,4368.79,completed,Clothing,South,15,3
4618,2024-06-17,3663.65,completed,Food,East,7,3
4619,2024-06-17,1080.6,completed,Clothing,South,41,5
4620,2024-06-17,4532.69,pending,Electronics,Central,18,4
4621,2024-06-17,895.88,completed,Clothing,South,31,1
4622,2024-06-17,1873.13,completed,Sports,South,13,3
4623,2024-06-17,4624.68,failed,Electronics,Central,42,1
4624,2024-06-17,1765.56,completed,Clothing,West,15,2
4625,2024-06-17,188.22,pending,Clothing,South,37,4
4626,2024-06-17,3294.75,pending,Home,South,41,1
4627,2024-06-17,3873.99,refunded,Home,West,8,1
4628,2024-06-17,2200.91,completed,Clothing,East,4,1
4629,2024-06-17,3776.22,completed,Home,North,18,4
4630,2024-06-17,3358.21,failed,Food,North,46,2
4631,2024-06-18,1482.74,completed,Sports,North,15,5
4632,2024-06-18,1043.45,completed,Electronics,East,23,3
4633,2024-06-18,2608.4,completed,Home,Central,30,4
4634,2024-06-18,1514.74,pending,Sports,Central,38,5
4635,2024-06-18,2975.55,completed,Clothing,East,30,5
4636,2024-06-18,4932.46,completed,Home,Central,4,1
4637,2024-06-18,895.93,completed,Home,West,38,3
4638,2024-06-18,2863.61,completed,Food,Central,42,2
4639,2024-06-18,909.74,failed,Electronics,South,23,5
4640,2024-06-18,40.4,completed,Books,North,41,5
4641,2024-06-18,4916.9,completed,Clothing,Central,40,4
4642,2024-06-18,3840.84,completed,Electronics,South,29,2
4643,2024-06-18,1001.75,completed,Electronics,Central,36,5
4644,2024-06-18,1117.37,completed,Food,Central,6,5
4645,2024-06-18,243.34,completed,Home,West,21,5
4646,2024-06-18,2888.19,failed,Electronics,West,39,1
4647,2024-06-18,4710.77,failed,Books,West,2,5
4648,2024-06-18,1427.53,completed,Home,West,8,2
4649,2024-06-18,2198.95,completed,Sports,Central,28,5
4650,2024-06-18,1116.34,completed,Home,Central,35,3
4651,2024-06-18,4651.44,completed,Sports,South,2,2
4652,2024-06-18,4859.16,completed,Home,East,7,3
4653,2024-06-18,2303.99,completed,Books,South,39,3
4654,2024-06-18,899.32,pending,Clothing,South,16,2
4655,2024-06-18,3877.23,completed,Food,North,33,3
4656,2024-06-18,3520.67,completed,Books,East,28,1
4657,2024-06-18,644.24,failed,Electronics,West,17,2
4658,2024-06-18,4555.22,refunded,Clothing,East,17,2
4659,2024-06-19,4720.31,completed,Books,North,14,1
4660,2024-06-19,411.34,completed,Clothing,South,35,3
4661,2024-06-19,368.99,completed,Home,North,45,4
4662,2024-06-19,4384.09,completed,Clothing,Central,5,5
4663,2024-06-19,1210.85,completed,Sports,North,14,1
4664,2024-06-19,2343.77,failed,Home,North,7,5
4665,2024-06-19,2353.92,completed,Home,Central,34,1
4666,2024-06-19,1058.78,failed,Clothing,West,15,4
4667,2024-06-19,2658.14,completed,Food,East,42,3
4668,2024-06-19,982.27,pending,Sports,South,28,5
4669,2024-06-19,4782.09,completed,Electronics,East,14,5
4670,2024-06-19,148.14,completed,Books,North,35,1
4671,2024-06-19,3330.72,completed,Home,South,42,4
4672,2024-06-19,4637.64,pending,Electronics,East,34,4
4673,2024-06-19,2668.0,failed,Clothing,South,26,5
4674,2024-06-19,4544.85,completed,Clothing,East,32,3
4675,2024-06-19,4174.94,completed,Food,South,40,3
4676,2024-06-19,882.96,failed,Home,West,23,5
4677,2024-06-19,638.47,completed,Home,East,13,1
4678,2024-06-19,2181.51,completed,Clothing,North,1,5
4679,2024-06-19,2108.89,completed,Clothing,North,43,2
4680,2024-06-19,4823.27,pending,Clothing,South,37,3
4681,2024-06-19,2549.66,completed,Home,North,27,3
4682,2024-06-19,3792.63,failed,Food,North,4,5
4683,2024-06-19,189.86,pending,Books,Central,34,5
4684,2024-06-19,3642.47,completed,Home,Central,2,3
4685,2024-06-19,4223.79,completed,Clothing,South,4,5
4686,2024-06-20,1922.23,completed,Books,Central,5,5
4687,2024-06-20,2387.91,completed,Home,West,34,2
4688,2024-06-20,2652.36,completed,Electronics,Central,26,5
4689,2024-06-20,1045.82,completed,Electronics,East,49,5
4690,2024-06-20,1928.58,completed,Clothing,East,20,3
4691,2024-06-20,2362.64,refunded,Home,North,3,5
4692,2024-06-20,932.87,completed,Electronics,South,30,4
4693,2024-06-20,4935.07,completed,Sports,Central,23,3
4694,2024-06-20,1682.68,failed,Food,North,42,4
4695,2024-06-20,2381.29,failed,Food,East,39,5
4696,2024-06-20,898.87,completed,Food,West,18,4
4697,2024-06-20,4755.59,completed,Books,Central,14,3
4698,2024-06-20,3716.8,pending,Books,West,4,4
4699,2024-06-20,378.18,completed,Books,North,1,5
4700,2024-06-20,2587.02,completed,Clothing,South,7,4
4701,2024-06-20,2043.0,completed,Books,East,35,1
4702,2024-06-20,3983.54,completed,Electronics,Central,9,2
4703,2024-06-20,696.28,pending,Electronics,East,12,2
4704,2024-06-20,1362.52,completed,Home,East,27,3
4705,2024-06-20,3764.05,completed,Clothing,West,21,5
4706,2024-06-20,515.44,failed,Books,North,47,2
4707,2024-06-20,4059.07,pending,Sports,South,22,1
4708,2024-06-20,4236.73,completed,Sports,North,49,5
4709,2024-06-20,1589.76,refunded,Electronics,North,30,1
4710,2024-06-20,4010.54,completed,Food,South,32,5
4711,2024-06-20,1044.11,completed,Books,Central,25,3
4712,2024-06-20,2770.57,completed,Food,West,40,2
4713,2024-06-21,796.12,completed,Food,South,44,5
4714,2024-06-21,1889.91,completed,Electronics,East,30,3
4715,2024-06-21,874.77,completed,Home,West,3,1
4716,2024-06-21,3703.24,refunded,Clothing,North,25,1
4717,2024-06-21,2773.7,completed,Food,North,14,1
4718,2024-06-21,226.05,completed,Home,South,10,1
4719,2024-06-21,4414.0,completed,Home,Central,46,2
4720,2024-06-21,3458.23,failed,Electronics,Central,35,3
4721,2024-06-21,91.51,completed,Food,South,31,2
4722,2024-06-21,4117.66,completed,Books,North,45,5
4723,2024-06-21,1535.41,completed,Clothing,North,24,3
4724,2024-06-21,342.38,completed,Clothing,East,10,2
4725,2024-06-21,675.96,failed,Books,North,11,5
4726,2024-06-21,4764.52,pending,Home,North,37,4
4727,2024-06-21,3180.62,completed,Clothing,West,42,2
4728,2024-06-21,4926.44,completed,Electronics,South,9,2
4729,2024-06-21,4780.54,completed,Home,South,6,5
4730,2024-06-21,1175.26,pending,Food,North,45,1
4731,2024-06-21,1270.54,failed,Clothing,West,29,1
4732,2024-06-21,3622.99,pending,Electronics,West,41,1
4733,2024-06-21,2201.45,completed,Sports,South,31,3
4734,2024-06-21,647.29,completed,Electronics,East,22,2
4735,2024-06-21,1707.74,completed,Sports,South,43,5
4736,2024-06-21,64.71,pending,Home,North,29,1
4737,2024-06-21,1555.88,completed,Books,East,2,4
4738,2024-06-21,1740.04,completed,Electronics,North,44,5
4739,2024-06-21,609.28,completed,Food,East,7,2
4740,2024-06-21,3012.72,completed,Sports,South,16,2
4741,2024-06-22,1324.56,failed,Sports,North,36,3
4742,2024-06-22,4433.68,completed,Clothing,Central,1,1
4743,2024-06-22,4955.04,pending,Books,North,41,2
4744,2024-06-22,1066.42,pending,Electronics,West,16,2
4745,2024-06-22,4883.82,completed,Electronics,East,43,1
4746,2024-06-22,1271.02,completed,Home,East,2,5
4747,2024-06-22,866.91,failed,Books,East,34,3
4748,2024-06-22,2403.26,completed,Food,South,35,1
4749,2024-06-22,1353.67,failed,Clothing,Central,30,5
4750,2024-06-22,2235.86,completed,Clothing,West,14,1
4751,2024-06-22,978.56,completed,Electronics,West,1,5
4752,2024-06-22,3498.02,completed,Home,South,9,1
4753,2024-06-22,4664.25,completed,Food,North,40,4
4754,2024-06-22,4504.37,completed,Sports,East,8,2
4755,2024-06-22,3742.04,completed,Home,Central,21,2
4756,2024-06-22,3459.72,completed,Books,East,11,4
4757,2024-06-22,4491.66,completed,Sports,East,6,4
4758,2024-06-22,1031.26,pending,Clothing,East,6,4
4759,2024-06-22,3249.28,completed,Electronics,North,2,5
4760,2024-06-22,1102.13,completed,Home,South,34,4
4761,2024-06-22,3692.76,failed,Sports,East,48,2
4762,2024-06-22,4443.15,completed,Food,Central,38,5
4763,2024-06-22,1893.72,completed,Home,North,30,3
4764,2024-06-22,1805.52,completed,Electronics,South,21,1
4765,2024-06-22,4079.37,completed,Sports,South,20,3
4766,2024-06-22,2924.88,refunded,Home,West,1,5
4767,2024-06-22,4121.57,completed,Sports,North,31,2
4768,2024-06-23,1899.56,completed,Books,East,9,2
4769,2024-06-23,1128.3,failed,Home,South,25,3
4770,2024-06-23,2291.17,completed,Home,Central,20,2
4771,2024-06-23,3510.16,refunded,Sports,West,34,2
4772,2024-06-23,3250.35,completed,Food,South,20,5
4773,2024-06-23,1093.43,completed,Home,South,37,2
4774,2024-06-23,3657.35,failed,Sports,South,2,5
4775,2024-06-23,364.76,completed,Sports,South,30,4
4776,2024-06-23,4276.48,completed,Electronics,East,10,5
4777,2024-06-23,1202.72,completed,Clothing,East,22,2
4778,2024-06-23,290.91,completed,Clothing,South,28,5
4779,2024-06-23,4679.27,completed,Sports,East,45,5
4780,2024-06-23,4038.23,completed,Food,West,11,3
4781,2024-06-23,2158.46,completed,Electronics,West,27,5
4782,2024-06-23,3589.68,pending,Electronics,Central,1,1
4783,2024-06-23,3598.0,completed,Food,South,13,5
4784,2024-06-23,3117.74,failed,Home,Central,19,2
4785,2024-06-23,1823.92,completed,Books,East,2,4
4786,2024-06-23,1620.18,completed,Books,East,36,2
4787,2024-06-23,4134.4,failed,Food,East,30,1
4788,2024-06-23,1702.76,completed,Clothing,East,23,4
4789,2024-06-23,4975.9,completed,Clothing,West,33,5
4790,2024-06-23,4276.53,failed,Books,West,7,4
4791,2024-06-23,1551.96,completed,Home,Central,10,3
4792,2024-06-23,2116.79,completed,Electronics,Central,20,2
4793,2024-06-23,939.7,failed,Electronics,East,36,5
4794,2024-06-23,2792.25,completed,Sports,East,35,3
4795,2024-06-23,1297.1,pending,Electronics,Central,46,1
4796,2024-06-24,3584.99,completed,Food,North,37,2
4797,2024-06-24,3296.65,completed,Food,Central,18,3
4798,2024-06-24,1222.94,failed,Clothing,North,3,4
4799,2024-06-24,1721.43,completed,Home,East,41,4
4800,2024-06-24,4874.89,completed,Sports,North,30,1
4801,2024-06-24,3488.45,completed,Electronics,West,22,1
4802,2024-06-24,2358.78,completed,Books,East,12,2
4803,2024-06-24,2148.82,completed,Sports,East,21,3
4804,2024-06-24,3844.83,completed,Electronics,North,33,2
4805,2024-06-24,4239.84,completed,Books,Central,19,4
4806,2024-06-24,3594.02,completed,Food,West,42,5
4807,2024-06-24,3592.75,completed,Clothing,East,10,2
4808,2024-06-24,401.56,refunded,Sports,North,17,5
4809,2024-06-24,4311.99,completed,Electronics,Central,7,5
4810,2024-06-24,3333.8,completed,Clothing,West,34,5
4811,2024-06-24,2198.57,completed,Electronics,North,25,3
4812,2024-06-24,2164.98,pending,Books,North,41,5
4813,2024-06-24,2755.88,completed,Home,West,4,5
4814,2024-06-24,597.1,completed,Electronics,North,23,1
4815,2024-06-24,256.63,completed,Books,West,20,2
4816,2024-06-24,486.11,failed,Electronics,North,38,2
4817,2024-06-24,1146.98,completed,Books,North,3,4
4818,2024-06-24,2108.67,completed,Books,Central,20,4
4819,2024-06-24,2468.94,completed,Electronics,East,27,4
4820,2024-06-24,4894.88,failed,Books,East,25,1
4821,2024-06-24,2054.77,failed,Sports,West,34,4
4822,2024-06-24,4806.11,pending,Electronics,South,40,1
4823,2024-06-25,2020.08,failed,Clothing,East,33,5
4824,2024-06-25,4300.07,pending,Home,Central,39,4
4825,2024-06-25,4817.97,completed,Books,East,37,4
4826,2024-06-25,3120.6,refunded,Food,North,6,4
4827,2024-06-25,669.27,completed,Sports,North,35,5
4828,2024-06-25,2734.8,completed,Clothing,Central,39,1
4829,2024-06-25,2430.6,completed,Books,East,17,2
4830,2024-06-25,4413.28,failed,Home,West,25,3
4831,2024-06-25,139.17,completed,Home,South,13,4
4832,2024-06-25,4831.07,completed,Home,South,16,5
4833,2024-06-25,4004.78,completed,Home,South,10,5
4834,2024-06-25,3871.79,completed,Home,Central,38,5
4835,2024-06-25,3669.4,completed,Sports,West,39,4
4836,2024-06-25,1753.72,completed,Electronics,Central,18,5
4837,2024-06-25,427.85,failed,Home,East,11,4
4838,2024-06-25,4978.66,completed,Clothing,Central,10,5
4839,2024-06-25,3932.94,completed,Home,Central,29,4
4840,2024-06-25,1898.4,pending,Clothing,Central,37,5
4841,2024-06-25,3550.37,pending,Sports,South,43,5
4842,2024-06-25,514.11,pending,Home,South,9,1
4843,2024-06-25,2477.45,pending,Books,South,45,2
4844,2024-06-25,3063.58,completed,Home,East,16,4
4845,2024-06-25,4458.33,failed,Home,West,8,4
4846,2024-06-25,202.73,pending,Electronics,Central,8,5
4847,2024-06-25,297.87,completed,Electronics,East,24,1
4848,2024-06-25,2825.17,completed,Sports,North,31,5
4849,2024-06-25,3800.52,completed,Home,East,42,2
4850,2024-06-26,1245.14,completed,Electronics,West,25,1
4851,2024-06-26,2055.42,completed,Books,South,6,1
4852,2024-06-26,1944.24,completed,Clothing,Central,35,1
4853,2024-06-26,3603.53,completed,Books,Central,6,4
4854,2024-06-26,2362.48,completed,Electronics,West,13,3
4855,2024-06-26,549.08,completed,Books,East,15,3
4856,2024-06-26,4618.3,completed,Sports,East,39,4
4857,2024-06-26,3912.17,pending,Books,East,44,1
4858,2024-06-26,992.45,completed,Clothing,West,8,4
4859,2024-06-26,309.11,completed,Food,South,42,3
4860,2024-06-26,3138.34,completed,Clothing,East,18,1
4861,2024-06-26,4609.29,completed,Sports,East,38,3
4862,2024-06-26,82.85,completed,Food,South,49,3
4863,2024-06-26,3334.32,completed,Books,Central,38,4
4864,2024-06-26,3726.18,completed,Books,South,14,2
4865,2024-06-26,651.64,completed,Electronics,East,31,5
4866,2024-06-26,2903.44,pending,Electronics,South,28,1
4867,2024-06-26,181.8,completed,Clothing,West,9,2
4868,2024-06-26,1234.02,completed,Clothing,West,46,4
4869,2024-06-26,321.21,completed,Clothing,North,20,4
4870,2024-06-26,1757.02,completed,Food,Central,43,5
4871,2024-06-26,3017.12,failed,Clothing,South,24,2
4872,2024-06-26,361.39,completed,Sports,East,27,1
4873,2024-06-26,4237.36,completed,Clothing,South,41,2
4874,2024-06-26,350.86,refunded,Electronics,South,26,2
4875,2024-06-26,3592.69,failed,Sports,Central,15,5
4876,2024-06-26,2927.38,failed,Home,East,7,4
4877,2024-06-26,1282.89,refunded,Electronics,South,17,3
4878,2024-06-27,2043.48,pending,Books,East,33,2
4879,2024-06-27,2879.9,completed,Food,North,2,3
4880,2024-06-27,3540.12,completed,Food,North,7,2
4881,2024-06-27,518.11,completed,Home,East,19,2
4882,2024-06-27,387.64,completed,Sports,North,11,3
4883,2024-06-27,1519.83,completed,Home,South,30,4
4884,2024-06-27,97.93,pending,Clothing,North,32,1
4885,2024-06-27,3782.66,completed,Food,West,32,4
4886,2024-06-27,422.52,completed,Electronics,South,12,5
4887,2024-06-27,3715.75,completed,Books,Central,13,4
4888,2024-06-27,2806.36,completed,Home,North,33,5
4889,2024-06-27,3468.04,completed,Clothing,East,35,5
4890,2024-06-27,422.72,pending,Books,West,44,2
4891,2024-06-27,529.4,completed,Food,West,23,1
4892,2024-06-27,4476.0,completed,Home,Central,24,3
4893,2024-06-27,4229.76,completed,Sports,East,49,3
4894,2024-06-27,2673.99,completed,Books,East,18,1
4895,2024-06-27,29.26,completed,Books,North,12,5
4896,2024-06-27,370.18,completed,Sports,East,4,1
4897,2024-06-27,721.4,completed,Sports,South,25,1
4898,2024-06-27,2225.22,completed,Home,West,15,3
4899,2024-06-27,4186.29,completed,Electronics,Central,24,5
4900,2024-06-27,41.26,pending,Sports,South,38,5
4901,2024-06-27,3455.93,completed,Home,South,9,3
4902,2024-06-27,3999.26,pending,Food,East,39,4
4903,2024-06-27,3712.73,completed,Clothing,East,1,3
4904,2024-06-27,1545.84,completed,Clothing,South,31,5
4905,2024-06-28,3154.03,completed,Books,South,13,3
4906,2024-06-28,2715.69,completed,Food,North,44,4
4907,2024-06-28,3493.98,refunded,Home,South,15,5
4908,2024-06-28,3646.72,completed,Food,Central,44,5
4909,2024-06-28,4567.43,completed,Food,Central,8,4
4910,2024-06-28,4782.07,completed,Food,East,29,3
4911,2024-06-28,1101.0,completed,Home,West,11,2
4912,2024-06-28,4809.87,completed,Food,West,35,1
4913,2024-06-28,3878.88,completed,Books,East,30,2
4914,2024-06-28,2928.0,completed,Home,East,25,5
4915,2024-06-28,246.95,completed,Electronics,Central,26,1
4916,2024-06-28,822.23,completed,Books,Central,46,3
4917,2024-06-28,780.75,completed,Electronics,North,22,3
4918,2024-06-28,1823.03,refunded,Clothing,East,10,4
4919,2024-06-28,2896.21,completed,Electronics,Central,40,5
4920,2024-06-28,245.95,completed,Home,East,46,2
4921,2024-06-28,599.6,completed,Food,West,2,4
4922,2024-06-28,2824.95,completed,Sports,North,20,4
4923,2024-06-28,1338.19,completed,Sports,East,49,1
4924,2024-06-28,2487.44,completed,Clothing,West,38,2
4925,2024-06-28,2770.56,failed,Clothing,East,43,1
4926,2024-06-28,2684.86,completed,Sports,West,41,3
4927,2024-06-28,484.83,refunded,Electronics,East,49,3
4928,2024-06-28,2608.76,completed,Books,Central,10,1
4929,2024-06-28,2828.97,completed,Electronics,East,5,4
4930,2024-06-28,2208.91,pending,Food,North,46,2
4931,2024-06-28,3717.1,refunded,Food,North,27,4
4932,2024-06-28,543.01,completed,Food,South,4,2
4933,2024-06-29,3685.01,completed,Books,South,32,3
4934,2024-06-29,4536.68,completed,Books,North,37,4
4935,2024-06-29,3690.3,completed,Home,South,44,1
4936,2024-06-29,3702.96,completed,Home,East,48,3
4937,2024-06-29,2532.11,completed,Home,Central,39,5
4938,2024-06-29,4382.59,pending,Books,East,48,5
4939,2024-06-29,4409.75,pending,Home,South,11,2
4940,2024-06-29,1841.87,failed,Home,South,5,5
4941,2024-06-29,2906.93,completed,Electronics,Central,41,4
4942,2024-06-29,2014.46,completed,Books,North,39,3
4943,2024-06-29,1127.59,completed,Home,West,39,1
4944,2024-06-29,558.0,completed,Sports,North,10,5
4945,2024-06-29,2504.58,completed,Clothing,East,16,2
4946,2024-06-29,1929.67,completed,Sports,Central,28,5
4947,2024-06-29,1128.87,failed,Electronics,East,37,3
4948,2024-06-29,3547.61,completed,Home,West,19,1
4949,2024-06-29,2682.98,completed,Clothing,South,3,2
4950,2024-06-29,2921.05,failed,Clothing,North,33,1
4951,2024-06-29,3058.73,completed,Books,East,3,1
4952,2024-06-29,981.5,completed,Food,West,25,5
4953,2024-06-29,2509.73,pending,Sports,South,41,1
4954,2024-06-29,2955.4,completed,Food,North,28,3
4955,2024-06-29,637.01,refunded,Home,North,11,5
4956,2024-06-29,4908.09,failed,Food,East,10,2
4957,2024-06-29,2492.01,completed,Food,North,15,3
4958,2024-06-29,296.11,completed,Sports,South,18,3
4959,2024-06-29,4854.63,completed,Electronics,North,41,3
4960,2024-06-30,3865.81,completed,Clothing,Central,40,3
4961,2024-06-30,3072.15,completed,Food,Central,40,1
4962,2024-06-30,2487.84,completed,Clothing,East,6,3
4963,2024-06-30,3249.19,completed,Home,East,21,4
4964,2024-06-30,3319.35,completed,Electronics,South,31,2
4965,2024-06-30,2401.52,completed,Home,East,36,4
4966,2024-06-30,1523.1,completed,Books,North,14,3
4967,2024-06-30,165.95,completed,Electronics,Central,20,1
4968,2024-06-30,4472.82,refunded,Clothing,East,35,3
4969,2024-06-30,271.17,completed,Food,West,7,5
4970,2024-06-30,2911.43,completed,Books,East,37,2
4971,2024-06-30,1897.57,completed,Sports,West,13,1
4972,2024-06-30,200.11,completed,Home,West,5,1
4973,2024-06-30,3712.88,completed,Food,North,29,4
4974,2024-06-30,1310.4,completed,Books,North,41,1
4975,2024-06-30,3362.95,completed,Home,Central,19,3
4976,2024-06-30,2294.5,completed,Food,North,1,4
4977,2024-06-30,4089.53,pending,Sports,West,32,3
4978,2024-06-30,3144.83,completed,Electronics,North,48,1
4979,2024-06-30,1789.88,completed,Food,West,31,2
4980,2024-06-30,3552.07,completed,Books,Central,47,3
4981,2024-06-30,3445.29,completed,Food,East,9,2
4982,2024-06-30,2323.16,completed,Food,Central,6,4
4983,2024-06-30,4152.61,completed,Home,South,23,4
4984,2024-06-30,4643.55,completed,Food,West,47,3
4985,2024-06-30,1586.4,completed,Clothing,North,44,1
4986,2024-06-30,969.48,completed,Books,North,2,1
4987,2024-07-01,1307.79,failed,Clothing,South,15,5
4988,2024-07-01,1595.79,completed,Books,North,25,1
4989,2024-07-01,2279.83,pending,Sports,North,47,1
4990,2024-07-01,214.46,completed,Home,West,37,5
4991,2024-07-01,674.56,completed,Clothing,West,46,4
4992,2024-07-01,2179.8,completed,Clothing,West,10,2
4993,2024-07-01,3219.55,completed,Food,West,45,4
4994,2024-07-01,4295.7,failed,Food,South,30,3
4995,2024-07-01,501.37,pending,Books,Central,36,2
4996,2024-07-01,355.58,pending,Clothing,South,38,2
4997,2024-07-01,2136.52,refunded,Clothing,South,28,2
4998,2024-07-01,475.59,completed,Home,Central,3,5
4999,2024-07-01,795.59,completed,Clothing,West,8,2
5000,2024-07-01,496.48,completed,Electronics,North,21,3
5001,2024-07-01,2093.31,completed,Books,North,21,2
5002,2024-07-01,2879.59,completed,Clothing,East,39,3
5003,2024-07-01,2441.06,completed,Food,East,18,4
5004,2024-07-01,2916.39,completed,Home,Central,17,2
5005,2024-07-01,4271.25,failed,Books,Central,12,3
5006,2024-07-01,3209.85,refunded,Clothing,North,15,3
5007,2024-07-01,1001.76,completed,Books,Central,39,3
5008,2024-07-01,1693.59,completed,Home,South,1,5
5009,2024-07-01,2773.85,completed,Books,West,31,2
5010,2024-07-01,2904.39,completed,Food,West,27,1
5011,2024-07-01,3779.82,completed,Books,West,35,3
5012,2024-07-01,2772.05,completed,Food,Central,13,2
5013,2024-07-01,2750.81,completed,Food,Central,38,5
5014,2024-07-01,345.16,completed,Books,South,12,1
5015,2024-07-02,1979.94,completed,Home,South,14,1
5016,2024-07-02,563.67,completed,Home,South,25,2
5017,2024-07-02,2061.84,pending,Home,South,19,4
5018,2024-07-02,1419.83,completed,Sports,East,35,5
5019,2024-07-02,3428.76,completed,Home,East,19,1
5020,2024-07-02,535.89,completed,Food,West,32,1
5021,2024-07-02,3001.9,refunded,Electronics,South,10,1
5022,2024-07-02,4517.17,pending,Books,Central,41,1
5023,2024-07-02,1852.83,pending,Home,North,27,4
5024,2024-07-02,1395.98,pending,Electronics,Central,12,4
5025,2024-07-02,3652.68,completed,Books,East,15,2
5026,2024-07-02,4427.38,pending,Food,West,5,3
5027,2024-07-02,4498.34,pending,Food,West,29,4
5028,2024-07-02,3813.08,failed,Home,West,38,3
5029,2024-07-02,1920.07,completed,Food,East,5,5
5030,2024-07-02,1338.65,completed,Sports,South,35,2
5031,2024-07-02,2719.75,completed,Clothing,South,42,5
5032,2024-07-02,3107.38,pending,Food,East,32,4
5033,2024-07-02,108.3,completed,Clothing,South,1,2
5034,2024-07-02,1625.81,completed,Home,North,49,4
5035,2024-07-02,1840.79,completed,Sports,North,41,5
5036,2024-07-02,2129.88,completed,Clothing,Central,26,3
5037,2024-07-02,485.56,completed,Clothing,West,42,4
5038,2024-07-02,4570.27,completed,Home,North,38,3
5039,2024-07-02,4716.86,completed,Electronics,North,34,2
5040,2024-07-02,4283.42,completed,Books,South,15,4
5041,2024-07-02,4189.93,completed,Clothing,East,36,3
5042,2024-07-03,650.04,completed,Books,Central,7,4
5043,2024-07-03,4031.54,completed,Food,West,13,1
5044,2024-07-03,1783.46,failed,Sports,West,5,1
5045,2024-07-03,802.31,completed,Food,South,25,5
5046,2024-07-03,3347.54,completed,Food,West,21,3
5047,2024-07-03,3959.7,completed,Home,Central,31,4
5048,2024-07-03,1256.05,pending,Sports,South,25,5
5049,2024-07-03,947.94,failed,Books,West,21,5
5050,2024-07-03,610.35,completed,Sports,Central,40,1
5051,2024-07-03,3748.34,completed,Electronics,South,33,2
5052,2024-07-03,2569.23,failed,Sports,North,18,1
5053,2024-07-03,3756.6,completed,Home,North,13,5
5054,2024-07-03,1783.39,completed,Clothing,Central,24,4
5055,2024-07-03,2271.7,completed,Food,North,44,2
5056,2024-07-03,182.72,failed,Home,Central,38,1
5057,2024-07-03,2884.65,completed,Food,East,36,3
5058,2024-07-03,3383.96,pending,Clothing,Central,3,2
5059,2024-07-03,4661.12,completed,Sports,East,31,3
5060,2024-07-03,4772.67,completed,Food,North,27,4
5061,2024-07-03,1297.88,failed,Sports,Central,20,5
5062,2024-07-03,2714.6,completed,Home,West,43,1
5063,2024-07-03,3117.67,completed,Sports,South,32,4
5064,2024-07-03,1119.01,completed,Sports,North,12,2
5065,2024-07-03,932.5,completed,Clothing,East,34,4
5066,2024-07-03,988.09,failed,Clothing,West,1,5
5067,2024-07-03,2810.28,completed,Sports,North,35,1
5068,2024-07-03,4912.24,pending,Food,South,25,2
5069,2024-07-04,939.41,completed,Clothing,South,22,5
5070,2024-07-04,4249.0,refunded,Electronics,North,5,1
5071,2024-07-04,59.28,failed,Sports,West,3,3
5072,2024-07-04,3572.0,completed,Sports,North,19,1
5073,2024-07-04,2268.33,completed,Books,Central,45,1
5074,2024-07-04,90.87,completed,Clothing,Central,29,2
5075,2024-07-04,4641.6,completed,Home,West,5,1
5076,2024-07-04,249.06,completed,Clothing,North,13,1
5077,2024-07-04,1574.41,completed,Books,South,39,4
5078,2024-07-04,161.53,completed,Home,South,25,3
5079,2024-07-04,4795.48,completed,Food,South,32,5
5080,2024-07-04,3262.47,completed,Electronics,West,11,4
5081,2024-07-04,645.66,failed,Food,East,32,3
5082,2024-07-04,3494.98,failed,Books,North,1,5
5083,2024-07-04,4902.58,failed,Food,East,8,3
5084,2024-07-04,2601.91,completed,Food,East,34,3
5085,2024-07-04,1306.5,pending,Electronics,North,23,2
5086,2024-07-04,2917.44,pending,Food,West,39,5
5087,2024-07-04,3084.07,completed,Home,North,41,2
5088,2024-07-04,2431.6,completed,Clothing,South,47,3
5089,2024-07-04,4435.92,completed,Home,Central,34,5
5090,2024-07-04,2903.7,completed,Books,North,12,5
5091,2024-07-04,3457.11,completed,Sports,West,8,3
5092,2024-07-04,3526.94,pending,Books,Central,9,5
5093,2024-07-04,2206.15,failed,Sports,North,1,3
5094,2024-07-04,1877.05,completed,Clothing,East,10,4
5095,2024-07-04,3542.82,failed,Food,North,11,2
5096,2024-07-04,748.54,failed,Sports,West,7,2
5097,2024-07-05,2832.75,completed,Clothing,Central,44,3
5098,2024-07-05,1925.04,completed,Sports,North,48,5
5099,2024-07-05,2062.65,completed,Food,Central,18,3
5100,2024-07-05,4224.07,completed,Electronics,East,22,2
5101,2024-07-05,982.83,completed,Electronics,West,17,4
5102,2024-07-05,1733.71,completed,Sports,Central,30,5
5103,2024-07-05,2930.57,completed,Sports,Central,9,4
5104,2024-07-05,1512.43,completed,Electronics,East,25,2
5105,2024-07-05,4616.12,completed,Clothing,South,35,1
5106,2024-07-05,2587.37,completed,Books,Central,4,4
5107,2024-07-05,2052.28,completed,Home,Central,5,3
5108,2024-07-05,3257.35,failed,Electronics,East,41,4
5109,2024-07-05,2753.83,completed,Sports,Central,34,1
5110,2024-07-05,1126.82,completed,Clothing,South,28,2
5111,2024-07-05,1436.95,failed,Books,East,24,1
5112,2024-07-05,4608.49,refunded,Home,Central,7,3
5113,2024-07-05,2446.12,completed,Home,West,40,5
5114,2024-07-05,1752.5,completed,Electronics,East,49,4
5115,2024-07-05,4747.63,completed,Home,Central,13,5
5116,2024-07-05,3085.43,pending,Clothing,North,48,5
5117,2024-07-05,3462.89,refunded,Clothing,West,28,3
5118,2024-07-05,1388.43,completed,Clothing,South,41,5
5119,2024-07-05,1011.75,completed,Clothing,North,30,2
5120,2024-07-05,2290.19,completed,Books,West,48,5
5121,2024-07-05,2079.45,completed,Books,South,20,4
5122,2024-07-05,3943.99,completed,Clothing,West,42,4
5123,2024-07-05,1125.54,completed,Electronics,East,20,4
5124,2024-07-06,3011.35,completed,Sports,West,29,4
5125,2024-07-06,2282.27,completed,Sports,East,35,1
5126,2024-07-06,3670.19,pending,Food,Central,1,2
5127,2024-07-06,4708.31,completed,Home,North,25,3
5128,2024-07-06,861.82,completed,Food,North,32,4
5129,2024-07-06,4253.09,completed,Clothing,West,38,3
5130,2024-07-06,4013.0,completed,Electronics,East,18,4
5131,2024-07-06,3377.27,failed,Clothing,East,37,1
5132,2024-07-06,760.15,completed,Books,Central,5,2
5133,2024-07-06,3697.37,completed,Food,South,33,1
5134,2024-07-06,1901.33,completed,Sports,South,21,1
5135,2024-07-06,4849.74,completed,Books,South,17,2
5136,2024-07-06,2206.26,completed,Electronics,Central,31,3
5137,2024-07-06,768.73,completed,Food,West,32,1
5138,2024-07-06,3845.06,pending,Books,North,28,2
5139,2024-07-06,3919.61,completed,Sports,North,11,5
5140,2024-07-06,2154.46,completed,Sports,East,10,2
5141,2024-07-06,4037.19,completed,Sports,West,20,5
5142,2024-07-06,3166.81,completed,Food,Central,36,5
5143,2024-07-06,3356.49,completed,Home,Central,5,5
5144,2024-07-06,1843.06,completed,Clothing,North,3,5
5145,2024-07-06,1083.21,completed,Books,East,15,3
5146,2024-07-06,654.09,completed,Clothing,East,35,3
5147,2024-07-06,3807.56,pending,Home,Central,13,3
5148,2024-07-06,4833.81,completed,Food,Central,30,4
5149,2024-07-06,2871.9,completed,Home,North,17,1
5150,2024-07-06,2266.42,completed,Sports,West,20,5
5151,2024-07-06,137.21,completed,Home,East,5,1
5152,2024-07-07,4505.58,pending,Electronics,West,6,5
5153,2024-07-07,4493.23,completed,Home,East,6,1
5154,2024-07-07,2077.73,completed,Clothing,South,9,2
5155,2024-07-07,3641.53,pending,Clothing,North,24,2
5156,2024-07-07,3679.34,completed,Books,West,6,2
5157,2024-07-07,468.27,completed,Food,West,22,4
5158,2024-07-07,2736.37,pending,Electronics,East,33,1
5159,2024-07-07,1368.45,completed,Sports,South,18,2
5160,2024-07-07,3367.26,refunded,Books,North,32,3
5161,2024-07-07,877.16,completed,Electronics,East,28,3
5162,2024-07-07,3715.7,completed,Clothing,North,13,5
5163,2024-07-07,2337.24,completed,Home,West,13,3
5164,2024-07-07,4090.96,completed,Home,Central,29,3
5165,2024-07-07,3933.32,failed,Electronics,Central,17,5
5166,2024-07-07,3408.49,failed,Electronics,Central,45,1
5167,2024-07-07,212.88,completed,Food,Central,25,2
5168,2024-07-07,3861.31,completed,Clothing,North,23,1
5169,2024-07-07,3056.92,completed,Sports,North,19,5
5170,2024-07-07,663.64,completed,Home,North,35,5
5171,2024-07-07,1592.72,completed,Clothing,North,33,3
5172,2024-07-07,4985.21,completed,Books,North,26,3
5173,2024-07-07,4510.95,completed,Food,East,36,1
5174,2024-07-07,1547.79,completed,Sports,South,38,3
5175,2024-07-07,2499.32,completed,Books,East,14,1
5176,2024-07-07,213.68,completed,Electronics,East,16,5
5177,2024-07-07,4924.59,completed,Food,West,37,5
5178,2024-07-07,4834.13,pending,Home,North,18,3
5179,2024-07-08,585.27,completed,Clothing,North,5,2
5180,2024-07-08,1730.8,failed,Food,Central,1,2
5181,2024-07-08,308.66,completed,Home,North,33,3
5182,2024-07-08,4046.28,completed,Books,South,13,1
5183,2024-07-08,2328.21,pending,Sports,West,3,4
5184,2024-07-08,4737.13,failed,Electronics,Central,1,3
5185,2024-07-08,707.06,completed,Home,South,32,4
5186,2024-07-08,404.53,completed,Home,West,20,4
5187,2024-07-08,4635.56,completed,Sports,East,40,2
5188,2024-07-08,4630.95,completed,Clothing,South,19,1
5189,2024-07-08,4270.96,completed,Home,North,47,1
5190,2024-07-08,1385.71,completed,Home,East,31,3
5191,2024-07-08,4996.06,failed,Food,East,13,1
5192,2024-07-08,670.73,completed,Food,North,8,4
5193,2024-07-08,2247.4,completed,Electronics,South,6,1
5194,2024-07-08,1617.31,completed,Electronics,West,17,3
5195,2024-07-08,4166.16,pending,Books,Central,4,5
5196,2024-07-08,3840.84,failed,Clothing,East,42,5
5197,2024-07-08,2250.83,completed,Books,South,17,1
5198,2024-07-08,2996.89,completed,Books,West,11,4
5199,2024-07-08,4452.01,failed,Books,Central,28,1
5200,2024-07-08,416.31,failed,Home,West,22,4
5201,2024-07-08,4649.51,completed,Home,West,27,3
5202,2024-07-08,4840.27,completed,Home,South,13,3
5203,2024-07-08,783.35,completed,Books,East,16,1
5204,2024-07-08,4175.71,completed,Sports,Central,13,2
5205,2024-07-08,684.31,completed,Electronics,Central,2,4
5206,2024-07-09,1943.26,completed,Home,East,48,5
5207,2024-07-09,2274.9,failed,Food,North,37,5
5208,2024-07-09,3175.64,completed,Food,South,48,3
5209,2024-07-09,2255.85,pending,Home,West,33,4
5210,2024-07-09,1331.55,failed,Books,East,2,2
5211,2024-07-09,1969.52,completed,Sports,Central,7,3
5212,2024-07-09,3914.6,completed,Food,Central,11,3
5213,2024-07-09,523.87,completed,Sports,East,44,4
5214,2024-07-09,2504.28,completed,Food,East,44,4
5215,2024-07-09,3549.01,completed,Sports,Central,10,3
5216,2024-07-09,82.86,pending,Home,East,29,5
5217,2024-07-09,2621.44,completed,Clothing,Central,13,1
5218,2024-07-09,600.59,pending,Electronics,North,39,1
5219,2024-07-09,848.03,failed,Books,East,14,1
5220,2024-07-09,964.93,failed,Electronics,South,23,5
5221,2024-07-09,4606.41,completed,Home,West,3,1
5222,2024-07-09,1696.73,pending,Food,Central,38,5
5223,2024-07-09,4224.87,completed,Home,North,40,1
5224,2024-07-09,4912.5,failed,Electronics,Central,11,2
5225,2024-07-09,2016.97,completed,Food,East,31,1
5226,2024-07-09,4595.16,completed,Food,South,31,5
5227,2024-07-09,4154.07,completed,Food,West,14,5
5228,2024-07-09,2594.75,pending,Food,Central,46,2
5229,2024-07-09,4239.0,completed,Clothing,South,27,3
5230,2024-07-09,2671.53,pending,Clothing,Central,40,5
5231,2024-07-09,668.23,pending,Books,North,28,5
5232,2024-07-09,4968.25,failed,Sports,North,45,5
5233,2024-07-09,1309.67,completed,Electronics,North,19,5
5234,2024-07-10,4049.57,completed,Books,West,6,5
5235,2024-07-10,101.58,pending,Food,Central,9,2
5236,2024-07-10,542.95,completed,Home,West,48,4
5237,2024-07-10,2269.17,completed,Food,Central,22,2
5238,2024-07-10,3463.19,completed,Sports,West,29,2
5239,2024-07-10,2422.19,pending,Home,South,43,1
5240,2024-07-10,3244.66,completed,Home,South,19,1
5241,2024-07-10,2622.36,completed,Food,West,25,4
5242,2024-07-10,1925.87,completed,Home,South,38,4
5243,2024-07-10,4234.16,completed,Home,West,11,4
5244,2024-07-10,193.05,completed,Books,West,25,4
5245,2024-07-10,3839.54,pending,Books,Central,3,1
5246,2024-07-10,3883.79,completed,Electronics,East,49,4
5247,2024-07-10,1409.82,completed,Books,Central,15,5
5248,2024-07-10,233.19,completed,Electronics,East,25,5
5249,2024-07-10,1395.3,pending,Clothing,Central,40,1
5250,2024-07-10,3280.84,completed,Sports,North,43,5
5251,2024-07-10,4397.62,refunded,Clothing,Central,24,1
5252,2024-07-10,1292.4,completed,Books,West,17,4
5253,2024-07-10,136.06,completed,Books,Central,16,1
5254,2024-07-10,1911.52,completed,Electronics,West,30,4
5255,2024-07-10,4230.08,completed,Food,North,47,2
5256,2024-07-10,644.41,pending,Sports,South,29,5
5257,2024-07-10,187.58,refunded,Home,East,34,1
5258,2024-07-10,4105.22,completed,Clothing,West,33,3
5259,2024-07-10,4096.46,completed,Electronics,West,8,3
5260,2024-07-10,1575.65,completed,Electronics,East,10,1
5261,2024-07-11,4548.76,completed,Clothing,West,45,2
5262,2024-07-11,2132.94,completed,Clothing,West,25,4
5263,2024-07-11,2588.84,completed,Home,North,49,3
5264,2024-07-11,4903.78,completed,Home,Central,10,5
5265,2024-07-11,2300.15,pending,Clothing,East,11,5
5266,2024-07-11,4157.2,pending,Sports,North,4,5
5267,2024-07-11,1775.78,completed,Electronics,East,9,4
5268,2024-07-11,1680.3,completed,Clothing,East,35,5
5269,2024-07-11,704.41,completed,Food,North,44,4
5270,2024-07-11,3842.54,completed,Home,South,11,4
5271,2024-07-11,2253.81,completed,Electronics,West,34,4
5272,2024-07-11,2276.12,completed,Home,North,36,2
5273,2024-07-11,2972.65,completed,Electronics,South,24,1
5274,2024-07-11,4332.9,completed,Clothing,North,2,3
5275,2024-07-11,1493.86,completed,Home,North,47,4
5276,2024-07-11,4514.33,pending,Books,South,27,5
5277,2024-07-11,3360.34,completed,Sports,West,10,3
5278,2024-07-11,2757.31,completed,Sports,West,27,4
5279,2024-07-11,2369.6,completed,Food,West,22,2
5280,2024-07-11,3427.32,pending,Books,West,23,5
5281,2024-07-11,3437.84,completed,Food,North,40,4
5282,2024-07-11,1276.6,completed,Food,Central,33,4
5283,2024-07-11,979.42,completed,Sports,West,13,2
5284,2024-07-11,2076.25,completed,Sports,North,17,5
5285,2024-07-11,3581.08,pending,Books,South,5,4
5286,2024-07-11,4382.77,completed,Sports,East,38,5
5287,2024-07-11,1475.99,pending,Electronics,West,16,4
5288,2024-07-11,467.36,completed,Clothing,East,48,4
5289,2024-07-12,1750.82,failed,Clothing,North,41,3
5290,2024-07-12,4077.85,completed,Electronics,North,28,1
5291,2024-07-12,2686.54,completed,Home,North,9,5
5292,2024-07-12,483.0,completed,Food,South,48,2
5293,2024-07-12,1771.28,completed,Clothing,Central,36,4
5294,2024-07-12,2411.27,completed,Food,East,29,1
5295,2024-07-12,4809.28,completed,Home,South,30,4
5296,2024-07-12,4608.16,completed,Home,South,34,2
5297,2024-07-12,2134.35,completed,Sports,North,27,3
5298,2024-07-12,4901.3,completed,Sports,North,16,3
5299,2024-07-12,1070.02,completed,Clothing,North,28,1
5300,2024-07-12,4269.82,completed,Food,West,44,5
5301,2024-07-12,4538.44,completed,Food,West,17,4
5302,2024-07-12,2959.05,refunded,Clothing,Central,4,4
5303,2024-07-12,3650.93,completed,Sports,North,20,3
5304,2024-07-12,3668.72,pending,Home,South,15,1
5305,2024-07-12,4657.82,completed,Clothing,North,12,1
5306,2024-07-12,59.49,completed,Food,North,3,5
5307,2024-07-12,1466.02,completed,Clothing,East,8,3
5308,2024-07-12,1239.0,completed,Electronics,Central,47,2
5309,2024-07-12,19.43,completed,Home,North,23,3
5310,2024-07-12,4934.49,completed,Food,East,4,5
5311,2024-07-12,1165.24,completed,Books,South,19,2
5312,2024-07-12,1877.06,failed,Home,Central,34,4
5313,2024-07-12,1616.21,completed,Clothing,Central,5,5
5314,2024-07-12,4571.78,completed,Home,West,21,5
5315,2024-07-12,4942.75,failed,Sports,North,46,3
5316,2024-07-13,1519.49,completed,Electronics,Central,2,4
5317,2024-07-13,4993.08,completed,Clothing,West,26,1
5318,2024-07-13,1381.82,failed,Home,Central,37,5
5319,2024-07-13,4210.09,completed,Books,East,14,2
5320,2024-07-13,4401.28,failed,Home,Central,39,5
5321,2024-07-13,1953.08,completed,Clothing,South,45,4
5322,2024-07-13,1053.71,completed,Electronics,North,14,2
5323,2024-07-13,1154.78,completed,Electronics,South,45,5
5324,2024-07-13,2367.91,completed,Clothing,West,14,2
5325,2024-07-13,3518.08,completed,Home,North,47,3
5326,2024-07-13,4705.62,completed,Sports,Central,2,1
5327,2024-07-13,2012.96,completed,Home,East,23,5
5328,2024-07-13,2221.73,completed,Sports,Central,31,1
5329,2024-07-13,858.13,refunded,Electronics,South,17,4
5330,2024-07-13,2498.7,pending,Food,Central,28,4
5331,2024-07-13,653.65,pending,Sports,Central,32,4
5332,2024-07-13,718.51,completed,Electronics,East,33,5
5333,2024-07-13,3645.69,completed,Home,West,43,1
5334,2024-07-13,2605.97,completed,Electronics,South,3,4
5335,2024-07-13,3673.39,completed,Electronics,Central,32,4
5336,2024-07-13,66.47,pending,Food,Central,31,3
5337,2024-07-13,835.57,pending,Sports,East,45,1
5338,2024-07-13,1274.35,completed,Food,South,13,1
5339,2024-07-13,3172.97,completed,Sports,East,12,3
5340,2024-07-13,4914.9,completed,Home,North,18,5
5341,2024-07-13,2498.2,completed,Food,Central,1,2
5342,2024-07-13,520.0,completed,Home,Central,43,5
5343,2024-07-14,1046.01,pending,Sports,West,3,4
5344,2024-07-14,122.11,refunded,Books,West,33,2
5345,2024-07-14,2050.05,completed,Electronics,North,24,3
5346,2024-07-14,3493.84,completed,Clothing,Central,20,2
5347,2024-07-14,1258.65,failed,Food,South,16,5
5348,2024-07-14,3282.35,failed,Sports,East,43,4
5349,2024-07-14,2189.83,completed,Books,North,4,4
5350,2024-07-14,2364.17,completed,Food,Central,40,4
5351,2024-07-14,4999.37,completed,Clothing,West,44,2
5352,2024-07-14,3933.39,completed,Books,South,2,4
5353,2024-07-14,2075.74,completed,Sports,North,26,5
5354,2024-07-14,1750.9,failed,Home,North,24,5
5355,2024-07-14,4120.55,completed,Clothing,Central,12,2
5356,2024-07-14,1708.66,completed,Home,West,17,1
5357,2024-07-14,1258.13,completed,Books,South,32,1
5358,2024-07-14,2423.26,completed,Food,Central,33,3
5359,2024-07-14,2672.95,completed,Books,East,49,2
5360,2024-07-14,1526.65,pending,Home,Central,13,5
5361,2024-07-14,1540.25,completed,Sports,North,19,5
5362,2024-07-14,3962.0,completed,Home,West,27,4
5363,2024-07-14,4790.61,completed,Books,Central,36,5
5364,2024-07-14,291.68,completed,Home,Central,39,1
5365,2024-07-14,462.56,failed,Home,North,12,2
5366,2024-07-14,3579.84,completed,Books,West,25,2
5367,2024-07-14,3441.38,completed,Clothing,North,20,3
5368,2024-07-14,1990.91,completed,Clothing,North,34,5
5369,2024-07-14,2984.02,pending,Clothing,East,44,5
5370,2024-07-14,890.88,completed,Home,West,19,3
5371,2024-07-15,467.66,completed,Home,East,29,2
5372,2024-07-15,3762.11,completed,Food,North,41,5
5373,2024-07-15,3451.84,completed,Electronics,North,12,5
5374,2024-07-15,1476.5,completed,Sports,North,7,3
5375,2024-07-15,4318.28,completed,Books,North,7,5
5376,2024-07-15,1360.75,completed,Sports,North,35,4
5377,2024-07-15,1551.58,completed,Clothing,West,46,2
5378,2024-07-15,2543.08,completed,Books,North,35,4
5379,2024-07-15,1774.99,completed,Food,South,13,2
5380,2024-07-15,4457.49,completed,Food,Central,1,1
5381,2024-07-15,2844.94,completed,Sports,Central,44,1
5382,2024-07-15,3110.76,refunded,Sports,West,17,4
5383,2024-07-15,622.5,completed,Books,West,39,2
5384,2024-07-15,648.41,failed,Home,East,36,5
5385,2024-07-15,2308.0,pending,Home,East,25,2
5386,2024-07-15,2850.76,pending,Electronics,West,2,2
5387,2024-07-15,1902.84,completed,Books,South,48,3
5388,2024-07-15,1409.58,pending,Electronics,North,5,4
5389,2024-07-15,2743.61,pending,Sports,Central,19,2
5390,2024-07-15,2060.98,completed,Books,Central,24,4
5391,2024-07-15,1272.41,completed,Sports,Central,33,4
5392,2024-07-15,411.94,completed,Books,West,11,3
5393,2024-07-15,1155.88,failed,Books,West,14,5
5394,2024-07-15,3386.65,completed,Sports,Central,30,5
5395,2024-07-15,2283.14,completed,Food,West,16,2
5396,2024-07-15,23.64,completed,Clothing,West,17,4
5397,2024-07-15,2821.14,completed,Sports,South,27,2
5398,2024-07-16,2782.06,completed,Electronics,East,40,5
5399,2024-07-16,3881.55,completed,Home,South,6,5
5400,2024-07-16,2917.7,completed,Electronics,South,34,2
5401,2024-07-16,3065.86,completed,Clothing,North,26,2
5402,2024-07-16,3534.67,completed,Sports,East,24,4
5403,2024-07-16,3681.9,completed,Sports,North,22,3
5404,2024-07-16,689.31,failed,Home,Central,24,1
5405,2024-07-16,1756.33,completed,Clothing,West,35,4
5406,2024-07-16,2707.35,completed,Clothing,West,27,2
5407,2024-07-16,476.24,completed,Sports,North,4,2
5408,2024-07-16,152.5,completed,Home,South,9,4
5409,2024-07-16,68.81,pending,Food,North,43,4
5410,2024-07-16,2465.52,pending,Home,South,12,1
5411,2024-07-16,3184.04,pending,Sports,Central,39,4
5412,2024-07-16,1256.36,completed,Electronics,South,28,4
5413,2024-07-16,686.97,completed,Clothing,West,35,2
5414,2024-07-16,746.76,pending,Food,South,20,5
5415,2024-07-16,450.53,completed,Books,West,4,1
5416,2024-07-16,562.92,pending,Food,North,6,4
5417,2024-07-16,4025.65,failed,Sports,North,13,1
5418,2024-07-16,3211.35,completed,Books,East,7,4
5419,2024-07-16,1798.99,completed,Sports,South,8,2
5420,2024-07-16,1798.48,completed,Sports,South,18,4
5421,2024-07-16,4351.41,pending,Sports,Central,47,5
5422,2024-07-16,3136.75,completed,Clothing,East,19,2
5423,2024-07-16,836.49,completed,Home,West,24,4
5424,2024-07-16,4451.37,completed,Sports,West,42,4
5425,2024-07-16,3507.49,completed,Clothing,South,35,3
5426,2024-07-17,1165.49,pending,Electronics,West,43,5
5427,2024-07-17,4091.1,completed,Home,West,23,1
5428,2024-07-17,2062.21,completed,Home,East,32,3
5429,2024-07-17,4772.7,pending,Food,East,43,2
5430,2024-07-17,3809.88,completed,Food,South,37,2
5431,2024-07-17,1440.84,completed,Clothing,Central,17,1
5432,2024-07-17,3877.88,failed,Home,North,49,4
5433,2024-07-17,1243.05,completed,Books,East,24,1
5434,2024-07-17,4202.57,completed,Sports,South,7,5
5435,2024-07-17,1645.38,completed,Home,West,9,4
5436,2024-07-17,3146.47,completed,Clothing,South,39,1
5437,2024-07-17,1161.14,completed,Food,East,45,3
5438,2024-07-17,3161.31,failed,Home,West,22,2
5439,2024-07-17,1098.07,completed,Food,East,3,4
5440,2024-07-17,482.25,completed,Books,South,40,5
5441,2024-07-17,981.74,completed,Food,South,10,2
5442,2024-07-17,4233.53,completed,Home,Central,4,1
5443,2024-07-17,676.9,failed,Home,South,30,2
5444,2024-07-17,3766.49,failed,Sports,East,7,1
5445,2024-07-17,4485.99,completed,Clothing,South,36,4
5446,2024-07-17,1512.05,completed,Sports,North,34,4
5447,2024-07-17,4200.96,completed,Home,East,27,3
5448,2024-07-17,1373.1,pending,Food,South,41,1
5449,2024-07-17,1846.25,completed,Food,Central,4,3
5450,2024-07-17,4313.27,failed,Books,East,32,1
5451,2024-07-17,3257.59,completed,Electronics,East,15,5
5452,2024-07-17,2721.08,pending,Sports,North,11,5
5453,2024-07-18,346.29,completed,Sports,North,26,4
5454,2024-07-18,4784.03,completed,Books,East,47,2
5455,2024-07-18,47.57,completed,Home,South,48,4
5456,2024-07-18,2514.76,completed,Books,South,35,4
5457,2024-07-18,3839.78,completed,Home,East,21,1
5458,2024-07-18,2275.59,completed,Books,East,23,2
5459,2024-07-18,291.45,completed,Clothing,North,9,2
5460,2024-07-18,3768.56,completed,Books,Central,48,4
5461,2024-07-18,4655.9,completed,Food,Central,2,1
5462,2024-07-18,4548.56,failed,Sports,South,13,3
5463,2024-07-18,3616.78,completed,Books,West,24,3
5464,2024-07-18,2114.89,completed,Electronics,South,29,4
5465,2024-07-18,1536.08,completed,Sports,West,24,1
5466,2024-07-18,1351.56,pending,Books,North,4,3
5467,2024-07-18,3963.57,completed,Food,North,34,5
5468,2024-07-18,37.74,completed,Food,East,18,5
5469,2024-07-18,3004.14,completed,Food,East,14,2
5470,2024-07-18,428.74,completed,Books,South,18,1
5471,2024-07-18,3237.96,failed,Electronics,North,36,2
5472,2024-07-18,52.99,refunded,Home,East,2,1
5473,2024-07-18,242.04,completed,Food,West,2,4
5474,2024-07-18,3942.62,completed,Clothing,East,33,5
5475,2024-07-18,2368.38,completed,Clothing,North,15,5
5476,2024-07-18,3477.08,failed,Clothing,West,31,5
5477,2024-07-18,2874.7,completed,Electronics,West,20,1
5478,2024-07-18,3973.7,completed,Sports,South,39,4
5479,2024-07-18,4848.99,completed,Home,West,24,4
5480,2024-07-19,838.23,completed,Home,Central,6,2
5481,2024-07-19,2290.41,completed,Books,East,16,2
5482,2024-07-19,2344.23,completed,Electronics,South,24,5
5483,2024-07-19,1438.13,completed,Sports,South,41,3
5484,2024-07-19,2653.18,completed,Clothing,South,3,1
5485,2024-07-19,746.01,completed,Electronics,West,6,2
5486,2024-07-19,4695.27,completed,Books,East,10,5
5487,2024-07-19,980.57,refunded,Clothing,South,10,3
5488,2024-07-19,3593.09,completed,Electronics,Central,24,1
5489,2024-07-19,916.29,completed,Food,North,7,2
5490,2024-07-19,1422.17,failed,Electronics,West,24,4
5491,2024-07-19,4149.62,completed,Sports,Central,7,3
5492,2024-07-19,4191.8,pending,Food,West,44,5
5493,2024-07-19,280.75,completed,Electronics,Central,16,3
5494,2024-07-19,1629.29,completed,Sports,East,39,2
5495,2024-07-19,2584.42,failed,Clothing,West,47,5
5496,2024-07-19,3990.2,completed,Food,Central,8,3
5497,2024-07-19,610.44,completed,Sports,North,33,1
5498,2024-07-19,1995.41,completed,Clothing,East,20,5
5499,2024-07-19,4339.79,refunded,Books,Central,42,4
5500,2024-07-19,3759.31,pending,Electronics,Central,23,4
5501,2024-07-19,361.24,completed,Clothing,West,40,3
5502,2024-07-19,2819.92,completed,Books,Central,45,2
5503,2024-07-19,3569.91,completed,Food,East,13,2
5504,2024-07-19,3608.8,pending,Books,West,9,2
5505,2024-07-19,2985.38,failed,Electronics,Central,36,3
5506,2024-07-19,1897.09,completed,Home,West,36,5
5507,2024-07-19,4404.59,completed,Food,East,16,3
5508,2024-07-20,2174.7,refunded,Clothing,South,16,2
5509,2024-07-20,1816.35,refunded,Books,East,14,4
5510,2024-07-20,2327.76,pending,Food,West,13,2
5511,2024-07-20,4253.06,completed,Home,North,47,3
5512,2024-07-20,2320.37,pending,Clothing,South,7,3
5513,2024-07-20,3464.17,completed,Electronics,Central,41,4
5514,2024-07-20,3679.11,completed,Food,West,30,1
5515,2024-07-20,3447.47,completed,Food,East,42,2
5516,2024-07-20,3535.46,completed,Home,East,29,2
5517,2024-07-20,1830.01,pending,Electronics,South,31,4
5518,2024-07-20,89.46,completed,Electronics,Central,32,3
5519,2024-07-20,3824.0,completed,Home,West,24,1
5520,2024-07-20,2931.81,completed,Electronics,East,47,5
5521,2024-07-20,4527.55,completed,Books,South,5,3
5522,2024-07-20,3448.32,completed,Electronics,South,5,4
5523,2024-07-20,269.49,completed,Books,North,47,5
5524,2024-07-20,3553.64,completed,Clothing,South,19,2
5525,2024-07-20,1368.0,failed,Sports,Central,15,3
5526,2024-07-20,4883.25,completed,Books,South,20,2
5527,2024-07-20,2569.09,failed,Electronics,North,11,2
5528,2024-07-20,2370.86,completed,Home,West,40,5
5529,2024-07-20,2256.94,failed,Home,West,47,4
5530,2024-07-20,1098.02,completed,Clothing,Central,36,5
5531,2024-07-20,2078.9,completed,Sports,Central,14,4
5532,2024-07-20,2130.02,completed,Sports,Central,7,1
5533,2024-07-20,4521.37,completed,Home,North,45,4
5534,2024-07-20,142.43,refunded,Books,Central,23,5
5535,2024-07-21,3258.55,completed,Home,West,38,4
5536,2024-07-21,1760.49,completed,Books,East,10,1
5537,2024-07-21,2103.61,failed,Electronics,North,13,4
5538,2024-07-21,4700.86,completed,Food,East,41,1
5539,2024-07-21,1991.95,completed,Electronics,North,5,1
5540,2024-07-21,4593.31,refunded,Home,East,48,2
5541,2024-07-21,4183.46,completed,Clothing,Central,23,5
5542,2024-07-21,2222.52,completed,Home,West,47,4
5543,2024-07-21,4676.76,completed,Food,East,15,4
5544,2024-07-21,2604.71,completed,Electronics,West,6,2
5545,2024-07-21,4373.0,completed,Home,North,20,4
5546,2024-07-21,2304.65,completed,Clothing,West,31,1
5547,2024-07-21,4592.8,completed,Home,North,4,2
5548,2024-07-21,4555.44,pending,Clothing,North,40,1
5549,2024-07-21,1326.38,failed,Home,North,25,4
5550,2024-07-21,2722.0,completed,Home,East,26,3
5551,2024-07-21,4981.56,completed,Clothing,Central,49,3
5552,2024-07-21,2603.88,completed,Clothing,Central,48,3
5553,2024-07-21,2805.43,completed,Sports,North,28,4
5554,2024-07-21,62.63,pending,Sports,West,28,1
5555,2024-07-21,2263.68,completed,Electronics,North,14,4
5556,2024-07-21,449.31,completed,Electronics,Central,12,1
5557,2024-07-21,4047.42,completed,Home,South,44,2
5558,2024-07-21,4895.53,completed,Clothing,North,9,5
5559,2024-07-21,449.6,completed,Clothing,Central,33,1
5560,2024-07-21,2384.78,completed,Food,West,4,2
5561,2024-07-21,1291.08,completed,Sports,South,29,1
5562,2024-07-21,3946.94,completed,Food,North,40,1
5563,2024-07-22,2990.51,completed,Food,East,29,1
5564,2024-07-22,980.37,pending,Sports,North,19,5
5565,2024-07-22,1970.28,pending,Food,South,29,1
5566,2024-07-22,4340.68,completed,Food,West,2,5
5567,2024-07-22,4288.3,completed,Clothing,South,30,2
5568,2024-07-22,4450.19,completed,Sports,North,3,1
5569,2024-07-22,3650.28,completed,Sports,East,19,4
5570,2024-07-22,1281.72,failed,Books,South,5,1
5571,2024-07-22,1585.23,pending,Home,South,24,2
5572,2024-07-22,4423.82,completed,Electronics,Central,39,1
5573,2024-07-22,1260.71,pending,Home,North,11,1
5574,2024-07-22,1140.98,completed,Home,Central,22,1
5575,2024-07-22,4442.53,failed,Electronics,South,12,1
5576,2024-07-22,1444.21,completed,Home,North,3,4
5577,2024-07-22,3254.87,pending,Electronics,East,28,1
5578,2024-07-22,599.03,completed,Sports,West,13,1
5579,2024-07-22,1512.2,completed,Electronics,East,30,4
5580,2024-07-22,3516.26,pending,Food,South,8,1
5581,2024-07-22,4376.11,completed,Food,Central,5,4
5582,2024-07-22,81.21,failed,Food,South,5,1
5583,2024-07-22,1225.66,completed,Electronics,Central,12,4
5584,2024-07-22,4762.24,completed,Electronics,North,26,2
5585,2024-07-22,2515.18,completed,Sports,South,37,4
5586,2024-07-22,3680.4,pending,Books,East,19,3
5587,2024-07-22,4417.09,completed,Food,South,33,2
5588,2024-07-22,309.47,completed,Home,West,26,4
5589,2024-07-22,1390.2,failed,Books,South,4,2
5590,2024-07-23,3578.81,failed,Food,Central,24,1
5591,2024-07-23,161.59,pending,Clothing,Central,38,2
5592,2024-07-23,2393.04,completed,Clothing,North,32,5
5593,2024-07-23,714.1,completed,Books,South,30,5
5594,2024-07-23,3732.58,pending,Clothing,West,22,5
5595,2024-07-23,4809.04,completed,Electronics,Central,47,2
5596,2024-07-23,343.57,pending,Books,East,21,4
5597,2024-07-23,2805.14,completed,Sports,West,22,1
5598,2024-07-23,830.85,completed,Clothing,East,29,2
5599,2024-07-23,3742.41,completed,Food,West,4,5
5600,2024-07-23,3861.05,completed,Home,South,35,2
5601,2024-07-23,4728.31,pending,Sports,South,48,1
5602,2024-07-23,881.5,completed,Books,South,29,2
5603,2024-07-23,652.15,completed,Home,East,24,1
5604,2024-07-23,2560.63,completed,Home,Central,43,5
5605,2024-07-23,2864.74,pending,Sports,South,44,2
5606,2024-07-23,4735.26,completed,Home,Central,20,4
5607,2024-07-23,2394.05,completed,Food,North,47,2
5608,2024-07-23,4970.62,pending,Food,West,22,4
5609,2024-07-23,1796.47,pending,Food,North,24,4
5610,2024-07-23,2970.93,completed,Home,West,42,1
5611,2024-07-23,1466.1,completed,Sports,East,49,2
5612,2024-07-23,1187.46,completed,Sports,North,5,5
5613,2024-07-23,3125.34,failed,Sports,West,49,1
5614,2024-07-23,3640.29,completed,Clothing,East,46,5
5615,2024-07-23,1821.74,failed,Sports,South,44,3
5616,2024-07-23,596.77,pending,Home,South,30,5
5617,2024-07-24,2528.66,completed,Books,North,49,1
5618,2024-07-24,1896.77,completed,Sports,North,21,1
5619,2024-07-24,1776.35,completed,Electronics,East,29,3
5620,2024-07-24,4214.25,completed,Food,South,34,1
5621,2024-07-24,2530.86,completed,Electronics,Central,33,1
5622,2024-07-24,3622.65,pending,Clothing,South,3,2
5623,2024-07-24,1324.64,completed,Clothing,Central,22,3
5624,2024-07-24,1031.57,completed,Food,Central,29,3
5625,2024-07-24,733.22,completed,Electronics,West,25,4
5626,2024-07-24,2077.58,completed,Food,East,42,4
5627,2024-07-24,3119.83,completed,Clothing,East,4,5
5628,2024-07-24,3550.48,completed,Books,North,28,3
5629,2024-07-24,585.48,completed,Books,South,25,2
5630,2024-07-24,754.91,completed,Books,North,20,4
5631,2024-07-24,3198.36,completed,Food,Central,10,3
5632,2024-07-24,4548.54,completed,Electronics,North,16,4
5633,2024-07-24,3746.58,completed,Clothing,North,24,3
5634,2024-07-24,4246.72,completed,Home,Central,6,5
5635,2024-07-24,1067.14,completed,Books,North,48,5
5636,2024-07-24,4500.68,failed,Books,Central,26,2
5637,2024-07-24,1802.76,completed,Clothing,South,3,4
5638,2024-07-24,2894.4,completed,Clothing,North,41,3
5639,2024-07-24,4407.02,failed,Food,West,20,5
5640,2024-07-24,976.96,completed,Food,West,2,1
5641,2024-07-24,4830.75,refunded,Electronics,North,22,3
5642,2024-07-24,4360.69,failed,Food,East,18,3
5643,2024-07-24,230.39,completed,Electronics,Central,26,5
5644,2024-07-24,3706.33,pending,Electronics,East,39,5
5645,2024-07-25,4171.27,completed,Home,East,27,2
5646,2024-07-25,3033.03,completed,Books,East,14,1
5647,2024-07-25,2643.1,completed,Home,North,27,1
5648,2024-07-25,3516.73,completed,Electronics,South,10,1
5649,2024-07-25,952.39,completed,Sports,North,42,2
5650,2024-07-25,3698.14,failed,Electronics,South,43,4
5651,2024-07-25,3822.38,completed,Home,East,31,3
5652,2024-07-25,4375.09,completed,Electronics,North,5,1
5653,2024-07-25,3852.83,completed,Books,South,40,1
5654,2024-07-25,1401.35,completed,Electronics,South,9,5
5655,2024-07-25,1923.59,completed,Sports,West,41,5
5656,2024-07-25,4739.18,completed,Food,Central,47,3
5657,2024-07-25,4866.47,completed,Home,East,6,5
5658,2024-07-25,2752.62,completed,Food,West,6,5
5659,2024-07-25,2431.61,completed,Electronics,Central,44,2
5660,2024-07-25,1599.54,completed,Clothing,West,36,1
5661,2024-07-25,3146.08,completed,Home,Central,7,4
5662,2024-07-25,2238.07,completed,Home,South,41,2
5663,2024-07-25,4211.97,completed,Sports,South,11,1
5664,2024-07-25,1668.62,completed,Electronics,East,1,5
5665,2024-07-25,4550.06,completed,Food,Central,15,4
5666,2024-07-25,4908.54,completed,Electronics,North,20,2
5667,2024-07-25,4942.27,completed,Home,Central,12,5
5668,2024-07-25,4045.78,failed,Electronics,West,28,2
5669,2024-07-25,2927.98,completed,Home,South,48,1
5670,2024-07-25,570.28,completed,Food,Central,35,1
5671,2024-07-25,2572.42,failed,Sports,West,17,3
5672,2024-07-26,4907.85,completed,Home,North,22,4
5673,2024-07-26,2550.73,completed,Home,Central,23,2
5674,2024-07-26,3683.72,pending,Clothing,East,27,4
5675,2024-07-26,483.08,completed,Electronics,West,33,5
5676,2024-07-26,4799.37,pending,Sports,North,22,4
5677,2024-07-26,4901.26,refunded,Home,East,48,5
5678,2024-07-26,953.95,failed,Sports,North,5,2
5679,2024-07-26,1245.29,refunded,Electronics,East,28,1
5680,2024-07-26,2076.9,pending,Home,South,10,2
5681,2024-07-26,3806.0,completed,Electronics,Central,10,2
5682,2024-07-26,3722.71,completed,Clothing,West,43,3
5683,2024-07-26,2226.47,pending,Electronics,South,30,3
5684,2024-07-26,3769.33,completed,Food,West,31,2
5685,2024-07-26,4164.0,completed,Food,North,9,1
5686,2024-07-26,2227.27,completed,Home,South,14,3
5687,2024-07-26,4306.41,completed,Home,Central,16,3
5688,2024-07-26,1757.33,completed,Electronics,North,20,5
5689,2024-07-26,968.98,completed,Sports,South,31,3
5690,2024-07-26,1434.45,pending,Sports,South,41,1
5691,2024-07-26,52.67,refunded,Sports,South,12,3
5692,2024-07-26,737.49,failed,Food,East,14,4
5693,2024-07-26,1845.84,completed,Electronics,Central,48,4
5694,2024-07-26,3327.0,failed,Food,North,7,1
5695,2024-07-26,428.84,completed,Clothing,North,20,4
5696,2024-07-26,1444.64,completed,Food,West,35,1
5697,2024-07-26,2871.74,completed,Sports,Central,20,1
5698,2024-07-26,499.39,completed,Food,South,39,4
5699,2024-07-26,1505.7,completed,Clothing,South,15,4
5700,2024-07-27,1150.79,completed,Electronics,West,16,5
5701,2024-07-27,961.69,completed,Food,North,30,3
5702,2024-07-27,199.03,completed,Electronics,Central,22,2
5703,2024-07-27,4666.28,completed,Electronics,West,29,2
5704,2024-07-27,4629.96,completed,Sports,South,30,3
5705,2024-07-27,2563.26,completed,Electronics,East,25,5
5706,2024-07-27,2519.42,completed,Food,West,12,5
5707,2024-07-27,118.38,completed,Books,North,12,3
5708,2024-07-27,1337.57,completed,Home,West,26,4
5709,2024-07-27,3868.2,failed,Clothing,East,13,5
5710,2024-07-27,4388.43,refunded,Food,West,36,5
5711,2024-07-27,3825.49,completed,Sports,North,7,4
5712,2024-07-27,2357.83,completed,Food,Central,28,4
5713,2024-07-27,3034.83,completed,Food,North,45,4
5714,2024-07-27,1910.23,completed,Home,South,35,5
5715,2024-07-27,2894.03,failed,Clothing,West,4,1
5716,2024-07-27,1197.89,completed,Clothing,Central,20,2
5717,2024-07-27,4149.44,completed,Books,South,27,2
5718,2024-07-27,1793.4,completed,Home,South,10,5
5719,2024-07-27,2384.82,completed,Food,West,27,1
5720,2024-07-27,3860.32,completed,Electronics,East,25,3
5721,2024-07-27,4561.02,completed,Books,North,23,3
5722,2024-07-27,721.51,failed,Books,South,10,5
5723,2024-07-27,557.05,pending,Clothing,East,9,3
5724,2024-07-27,3418.1,completed,Clothing,East,35,2
5725,2024-07-27,1535.1,refunded,Books,East,15,2
5726,2024-07-27,143.9,completed,Food,North,4,3
5727,2024-07-28,3017.85,completed,Books,Central,5,4
5728,2024-07-28,1119.91,completed,Sports,South,46,1
5729,2024-07-28,3702.47,refunded,Clothing,East,40,4
5730,2024-07-28,4168.17,completed,Home,East,27,3
5731,2024-07-28,2953.05,failed,Food,North,15,3
5732,2024-07-28,3851.37,pending,Clothing,South,7,3
5733,2024-07-28,2214.52,completed,Clothing,North,14,5
5734,2024-07-28,407.48,failed,Sports,South,37,2
5735,2024-07-28,1938.64,failed,Food,East,35,3
5736,2024-07-28,3724.08,completed,Food,East,1,1
5737,2024-07-28,645.09,completed,Food,South,36,3
5738,2024-07-28,1561.21,completed,Clothing,North,49,5
5739,2024-07-28,4242.51,completed,Food,Central,33,3
5740,2024-07-28,2848.6,completed,Home,North,40,3
5741,2024-07-28,372.13,completed,Sports,East,28,2
5742,2024-07-28,3273.47,completed,Food,West,13,1
5743,2024-07-28,534.7,pending,Clothing,South,39,1
5744,2024-07-28,2187.04,pending,Clothing,Central,26,3
5745,2024-07-28,2617.49,completed,Books,East,31,4
5746,2024-07-28,2488.36,completed,Books,West,35,3
5747,2024-07-28,429.22,completed,Clothing,East,13,2
5748,2024-07-28,2982.89,completed,Clothing,West,19,3
5749,2024-07-28,2010.77,completed,Books,South,10,3
5750,2024-07-28,3631.51,completed,Books,Central,9,4
5751,2024-07-28,3933.07,completed,Electronics,West,48,2
5752,2024-07-28,1708.52,completed,Clothing,West,14,5
5753,2024-07-28,2364.9,completed,Electronics,West,39,5
5754,2024-07-29,2928.33,pending,Clothing,Central,36,3
5755,2024-07-29,3851.14,completed,Electronics,East,33,3
5756,2024-07-29,1827.44,completed,Home,West,41,3
5757,2024-07-29,2829.19,completed,Clothing,Central,31,4
5758,2024-07-29,3837.84,refunded,Sports,North,4,4
5759,2024-07-29,2337.81,completed,Clothing,North,39,3
5760,2024-07-29,986.26,pending,Books,North,3,5
5761,2024-07-29,1120.92,completed,Books,Central,11,4
5762,2024-07-29,45.69,pending,Sports,West,29,5
5763,2024-07-29,3649.69,pending,Sports,North,22,2
5764,2024-07-29,955.71,completed,Clothing,North,24,4
5765,2024-07-29,1720.17,completed,Clothing,East,15,4
5766,2024-07-29,1482.62,completed,Sports,East,48,5
5767,2024-07-29,408.01,completed,Books,Central,38,2
5768,2024-07-29,4477.63,completed,Books,South,22,3
5769,2024-07-29,1291.29,completed,Electronics,North,22,5
5770,2024-07-29,505.31,failed,Home,South,3,3
5771,2024-07-29,3470.35,pending,Books,Central,44,3
5772,2024-07-29,1436.15,completed,Food,North,17,3
5773,2024-07-29,758.65,pending,Electronics,North,3,3
5774,2024-07-29,2938.43,completed,Books,East,5,5
5775,2024-07-29,3513.54,completed,Electronics,East,34,2
5776,2024-07-29,798.54,completed,Food,West,27,5
5777,2024-07-29,648.86,completed,Books,Central,24,2
5778,2024-07-29,2855.53,failed,Clothing,East,22,5
5779,2024-07-29,223.24,pending,Home,West,43,1
5780,2024-07-29,585.24,completed,Sports,Central,5,1
5781,2024-07-29,917.76,completed,Home,South,23,1
5782,2024-07-30,665.91,completed,Sports,West,41,1
5783,2024-07-30,2142.77,completed,Books,East,8,4
5784,2024-07-30,3078.34,failed,Home,East,4,5
5785,2024-07-30,2208.99,completed,Clothing,West,13,2
5786,2024-07-30,4290.29,pending,Sports,South,29,4
5787,2024-07-30,2775.53,completed,Electronics,East,3,5
5788,2024-07-30,4005.34,completed,Clothing,Central,20,1
5789,2024-07-30,3240.62,completed,Home,East,29,4
5790,2024-07-30,607.12,refunded,Sports,West,39,4
5791,2024-07-30,4990.91,completed,Sports,East,9,3
5792,2024-07-30,1972.84,completed,Home,Central,30,5
5793,2024-07-30,2383.11,completed,Electronics,North,10,3
5794,2024-07-30,4664.46,completed,Sports,South,20,5
5795,2024-07-30,2157.74,completed,Home,East,30,5
5796,2024-07-30,1122.88,completed,Clothing,East,41,2
5797,2024-07-30,1646.2,completed,Clothing,North,49,4
5798,2024-07-30,635.97,completed,Books,South,24,2
5799,2024-07-30,1003.4,completed,Food,North,48,3
5800,2024-07-30,3107.91,pending,Books,Central,8,5
5801,2024-07-30,4661.07,completed,Sports,East,26,1
5802,2024-07-30,3231.37,pending,Clothing,South,49,1
5803,2024-07-30,4276.49,pending,Sports,South,10,5
5804,2024-07-30,1721.59,completed,Clothing,East,20,2
5805,2024-07-30,2961.35,completed,Food,East,18,4
5806,2024-07-30,87.72,completed,Sports,South,9,5
5807,2024-07-30,1617.98,refunded,Clothing,North,28,5
5808,2024-07-30,28.57,completed,Sports,Central,24,4
5809,2024-07-31,3578.26,refunded,Sports,North,37,1
5810,2024-07-31,4219.92,failed,Food,East,34,3
5811,2024-07-31,2882.11,completed,Clothing,South,16,1
5812,2024-07-31,1025.19,completed,Electronics,East,43,5
5813,2024-07-31,674.76,pending,Books,East,43,4
5814,2024-07-31,152.3,completed,Food,West,3,3
5815,2024-07-31,3349.77,completed,Clothing,West,48,5
5816,2024-07-31,1591.81,completed,Clothing,West,40,3
5817,2024-07-31,4863.39,pending,Food,West,12,5
5818,2024-07-31,3627.91,completed,Electronics,Central,6,2
5819,2024-07-31,3577.2,completed,Books,East,40,3
5820,2024-07-31,866.14,failed,Electronics,South,35,4
5821,2024-07-31,1726.99,completed,Sports,South,8,3
5822,2024-07-31,3374.11,completed,Clothing,North,44,1
5823,2024-07-31,1885.85,completed,Sports,West,46,1
5824,2024-07-31,2407.46,completed,Sports,East,11,5
5825,2024-07-31,3207.91,completed,Home,East,47,4
5826,2024-07-31,1979.45,completed,Books,Central,36,4
5827,2024-07-31,1704.89,completed,Clothing,South,37,4
5828,2024-07-31,3277.82,pending,Food,South,13,2
5829,2024-07-31,2473.63,completed,Electronics,East,45,5
5830,2024-07-31,671.61,failed,Electronics,East,11,4
5831,2024-07-31,4023.67,pending,Electronics,East,31,3
5832,2024-07-31,2709.55,pending,Electronics,Central,5,3
5833,2024-07-31,4835.18,completed,Food,Central,36,2
5834,2024-07-31,1585.12,completed,Sports,East,4,3
5835,2024-07-31,2725.85,failed,Sports,South,20,3
5836,2024-07-31,3089.33,pending,Home,West,27,4
5837,2024-08-01,4029.59,completed,Clothing,Central,43,3
5838,2024-08-01,4898.57,completed,Electronics,West,35,3
5839,2024-08-01,2373.1,completed,Clothing,West,23,4
5840,2024-08-01,2530.43,completed,Electronics,South,21,4
5841,2024-08-01,2407.24,completed,Food,South,36,5
5842,2024-08-01,715.88,completed,Sports,Central,40,3
5843,2024-08-01,4268.97,completed,Sports,North,31,2
5844,2024-08-01,350.37,completed,Sports,South,29,4
5845,2024-08-01,3961.17,pending,Books,West,34,2
5846,2024-08-01,3980.16,refunded,Sports,East,37,3
5847,2024-08-01,4664.2,completed,Electronics,North,10,2
5848,2024-08-01,2152.04,completed,Books,Central,29,2
5849,2024-08-01,2491.53,completed,Books,East,46,4
5850,2024-08-01,4947.65,completed,Home,East,48,3
5851,2024-08-01,2083.54,completed,Home,West,32,1
5852,2024-08-01,1045.26,completed,Clothing,West,32,5
5853,2024-08-01,977.2,completed,Books,North,2,5
5854,2024-08-01,502.05,refunded,Sports,East,4,4
5855,2024-08-01,1386.89,failed,Books,Central,22,4
5856,2024-08-01,3573.31,completed,Food,East,45,1
5857,2024-08-01,1646.67,completed,Electronics,East,15,4
5858,2024-08-01,3352.08,pending,Sports,Central,5,2
5859,2024-08-01,613.49,pending,Food,South,42,2
5860,2024-08-01,2102.29,completed,Electronics,West,18,5
5861,2024-08-01,957.7,completed,Clothing,North,5,3
5862,2024-08-01,3539.36,refunded,Home,Central,16,4
5863,2024-08-01,3728.34,completed,Electronics,South,15,3
5864,2024-08-02,3429.82,completed,Food,East,19,3
5865,2024-08-02,316.0,pending,Electronics,East,23,1
5866,2024-08-02,4094.76,completed,Electronics,South,49,3
5867,2024-08-02,3396.77,pending,Sports,East,48,5
5868,2024-08-02,4347.29,completed,Home,Central,34,3
5869,2024-08-02,4471.8,completed,Electronics,South,22,5
5870,2024-08-02,3532.56,completed,Books,South,9,3
5871,2024-08-02,3529.39,completed,Books,East,18,5
5872,2024-08-02,3167.29,completed,Home,North,4,5
5873,2024-08-02,3490.89,refunded,Food,East,20,3
5874,2024-08-02,1393.45,completed,Clothing,East,45,2
5875,2024-08-02,3467.38,failed,Electronics,South,23,5
5876,2024-08-02,4374.77,pending,Food,West,42,2
5877,2024-08-02,1432.41,completed,Books,East,2,3
5878,2024-08-02,2099.85,pending,Electronics,North,19,5
5879,2024-08-02,2051.47,failed,Sports,South,45,2
5880,2024-08-02,3298.42,completed,Sports,North,16,5
5881,2024-08-02,3267.31,completed,Clothing,East,5,1
5882,2024-08-02,3379.15,pending,Food,North,21,5
5883,2024-08-02,577.87,completed,Books,East,32,1
5884,2024-08-02,4584.34,completed,Books,Central,27,1
5885,2024-08-02,796.05,completed,Sports,Central,32,3
5886,2024-08-02,1476.54,completed,Home,South,7,1
5887,2024-08-02,3080.45,completed,Electronics,Central,27,3
5888,2024-08-02,3044.01,completed,Books,Central,9,3
5889,2024-08-02,875.63,completed,Books,Central,27,3
5890,2024-08-02,1637.37,completed,Electronics,Central,6,4
5891,2024-08-03,3970.14,failed,Sports,South,16,3
5892,2024-08-03,2698.65,pending,Clothing,Central,2,1
5893,2024-08-03,4615.1,completed,Sports,East,38,4
5894,2024-08-03,2360.89,completed,Sports,Central,18,1
5895,2024-08-03,1811.06,completed,Food,West,32,5
5896,2024-08-03,3495.83,completed,Clothing,North,15,4
5897,2024-08-03,2876.04,completed,Sports,South,12,2
5898,2024-08-03,2832.34,pending,Books,Central,16,4
5899,2024-08-03,1623.19,completed,Food,East,16,4
5900,2024-08-03,2145.83,completed,Food,North,23,1
5901,2024-08-03,21.53,completed,Clothing,East,8,4
5902,2024-08-03,1241.77,completed,Food,Central,39,4
5903,2024-08-03,241.75,completed,Food,East,5,1
5904,2024-08-03,4505.16,completed,Sports,East,24,2
5905,2024-08-03,2085.31,completed,Sports,West,35,5
5906,2024-08-03,4920.63,failed,Sports,South,41,3
5907,2024-08-03,2355.92,completed,Electronics,South,43,4
5908,2024-08-03,464.4,refunded,Electronics,Central,32,1
5909,2024-08-03,3568.0,completed,Food,East,21,2
5910,2024-08-03,3082.98,completed,Sports,East,29,3
5911,2024-08-03,3089.62,completed,Sports,East,20,2
5912,2024-08-03,4793.98,pending,Home,West,49,2
5913,2024-08-03,4237.09,completed,Books,South,7,2
5914,2024-08-03,3434.0,pending,Clothing,North,32,2
5915,2024-08-03,1862.95,pending,Books,East,3,3
5916,2024-08-03,4249.06,completed,Sports,West,6,4
5917,2024-08-03,2566.55,pending,Clothing,East,16,4
5918,2024-08-03,4557.51,completed,Food,Central,10,4
5919,2024-08-04,55.28,completed,Electronics,Central,14,5
5920,2024-08-04,4394.11,pending,Home,South,8,3
5921,2024-08-04,867.25,refunded,Clothing,South,18,2
5922,2024-08-04,2634.73,refunded,Sports,South,26,2
5923,2024-08-04,3453.52,completed,Books,South,20,2
5924,2024-08-04,3632.37,completed,Home,South,5,3
5925,2024-08-04,3385.38,completed,Books,North,9,5
5926,2024-08-04,2139.6,completed,Electronics,North,44,1
5927,2024-08-04,2235.99,completed,Electronics,South,14,1
5928,2024-08-04,4269.91,completed,Home,East,20,4
5929,2024-08-04,2992.59,completed,Food,East,28,5
5930,2024-08-04,2324.16,failed,Clothing,South,6,1
5931,2024-08-04,666.92,failed,Books,Central,43,5
5932,2024-08-04,1915.09,completed,Home,North,3,3
5933,2024-08-04,2399.43,failed,Books,East,36,4
5934,2024-08-04,4805.43,completed,Food,Central,25,2
5935,2024-08-04,2010.17,completed,Food,North,8,5
5936,2024-08-04,167.14,completed,Home,South,19,3
5937,2024-08-04,760.1,completed,Home,East,2,4
5938,2024-08-04,1054.15,refunded,Sports,North,36,5
5939,2024-08-04,701.1,pending,Clothing,Central,36,5
5940,2024-08-04,1582.9,completed,Electronics,North,8,1
5941,2024-08-04,1797.13,completed,Sports,East,9,2
5942,2024-08-04,2989.42,completed,Books,West,13,1
5943,2024-08-04,883.33,completed,Clothing,South,8,1
5944,2024-08-04,325.59,completed,Books,North,21,4
5945,2024-08-04,4907.99,completed,Electronics,North,6,4
5946,2024-08-05,3947.8,failed,Food,Central,41,3
5947,2024-08-05,1384.77,completed,Home,West,40,1
5948,2024-08-05,3165.66,completed,Home,West,22,5
5949,2024-08-05,4946.76,completed,Home,South,4,5
5950,2024-08-05,561.4,failed,Electronics,Central,9,4
5951,2024-08-05,4624.29,completed,Food,North,7,4
5952,2024-08-05,3344.91,completed,Home,Central,3,5
5953,2024-08-05,1509.2,completed,Books,West,11,4
5954,2024-08-05,4438.18,completed,Food,West,30,3
5955,2024-08-05,3749.57,failed,Electronics,North,15,3
5956,2024-08-05,778.4,pending,Clothing,South,12,2
5957,2024-08-05,719.67,completed,Books,Central,5,3
5958,2024-08-05,1485.63,completed,Sports,East,29,4
5959,2024-08-05,3080.77,completed,Books,East,16,4
5960,2024-08-05,2288.95,completed,Books,West,39,2
5961,2024-08-05,3483.31,pending,Books,South,13,2
5962,2024-08-05,3803.52,completed,Electronics,North,39,3
5963,2024-08-05,664.78,pending,Food,Central,18,4
5964,2024-08-05,1479.62,completed,Food,West,42,5
5965,2024-08-05,1906.59,completed,Clothing,North,27,2
5966,2024-08-05,885.51,completed,Clothing,West,34,5
5967,2024-08-05,4946.52,completed,Food,North,29,2
5968,2024-08-05,2885.28,completed,Books,North,49,4
5969,2024-08-05,1351.87,completed,Books,West,9,1
5970,2024-08-05,1844.4,completed,Clothing,West,31,5
5971,2024-08-05,1282.19,completed,Sports,Central,47,5
5972,2024-08-05,4885.4,completed,Food,East,39,3
5973,2024-08-05,4405.05,pending,Clothing,North,6,5
5974,2024-08-06,1658.82,completed,Electronics,East,42,5
5975,2024-08-06,4002.16,pending,Electronics,East,38,5
5976,2024-08-06,3577.27,completed,Home,Central,12,5
5977,2024-08-06,4770.5,completed,Books,South,48,1
5978,2024-08-06,1051.67,completed,Electronics,Central,19,1
5979,2024-08-06,484.12,completed,Home,North,13,1
5980,2024-08-06,3227.13,refunded,Food,Central,37,1
5981,2024-08-06,3724.7,completed,Clothing,Central,30,1
5982,2024-08-06,419.56,completed,Sports,Central,41,4
5983,2024-08-06,3424.05,completed,Clothing,West,17,2
5984,2024-08-06,4223.42,completed,Clothing,West,21,5
5985,2024-08-06,3095.65,completed,Sports,West,7,1
5986,2024-08-06,3231.28,completed,Sports,Central,25,2
5987,2024-08-06,3230.82,completed,Books,North,26,5
5988,2024-08-06,3437.91,completed,Home,East,41,1
5989,2024-08-06,3870.74,completed,Home,Central,23,4
5990,2024-08-06,3113.28,completed,Food,South,41,2
5991,2024-08-06,2032.47,completed,Electronics,South,6,3
5992,2024-08-06,1584.44,completed,Books,South,40,3
5993,2024-08-06,2021.51,completed,Food,Central,39,4
5994,2024-08-06,1375.08,failed,Home,North,16,3
5995,2024-08-06,3645.9,pending,Clothing,East,39,1
5996,2024-08-06,727.89,completed,Home,South,30,2
5997,2024-08-06,4694.6,completed,Books,Central,46,1
5998,2024-08-06,1706.58,completed,Home,Central,47,4
5999,2024-08-06,1293.41,completed,Books,West,13,5
6000,2024-08-06,4828.83,completed,Electronics,Central,15,2
6001,2024-08-07,798.05,completed,Electronics,East,49,3
6002,2024-08-07,4024.63,completed,Clothing,South,29,5
6003,2024-08-07,1125.9,completed,Electronics,East,16,1
6004,2024-08-07,3708.53,completed,Clothing,North,49,2
6005,2024-08-07,2654.45,completed,Books,South,31,5
6006,2024-08-07,1995.61,completed,Home,West,13,4
6007,2024-08-07,3518.09,completed,Food,West,8,1
6008,2024-08-07,1952.77,completed,Food,West,44,1
6009,2024-08-07,1919.91,refunded,Electronics,West,23,5
6010,2024-08-07,2588.82,completed,Food,Central,17,5
6011,2024-08-07,3518.3,completed,Food,Central,3,3
6012,2024-08-07,4989.83,pending,Electronics,West,5,4
6013,2024-08-07,4522.34,completed,Sports,North,30,5
6014,2024-08-07,4651.07,refunded,Clothing,North,21,5
6015,2024-08-07,4496.13,completed,Sports,West,36,5
6016,2024-08-07,2703.47,completed,Food,Central,8,3
6017,2024-08-07,2514.42,completed,Clothing,East,27,3
6018,2024-08-07,3425.13,completed,Clothing,Central,49,3
6019,2024-08-07,4504.33,failed,Electronics,East,31,5
6020,2024-08-07,4505.2,completed,Home,South,2,1
6021,2024-08-07,2393.36,completed,Clothing,North,19,3
6022,2024-08-07,4182.09,completed,Electronics,North,38,5
6023,2024-08-07,4430.26,pending,Sports,North,27,4
6024,2024-08-07,2779.65,completed,Home,Central,41,5
6025,2024-08-07,4819.06,completed,Food,Central,1,3
6026,2024-08-07,3330.74,refunded,Home,East,15,3
6027,2024-08-07,2912.38,completed,Food,North,38,1
6028,2024-08-08,4994.02,pending,Food,North,45,1
6029,2024-08-08,1646.51,completed,Electronics,Central,32,2
6030,2024-08-08,1109.09,completed,Sports,West,29,5
6031,2024-08-08,2460.85,completed,Books,South,44,2
6032,2024-08-08,1225.88,failed,Home,North,45,4
6033,2024-08-08,4012.94,completed,Home,West,1,4
6034,2024-08-08,3837.27,completed,Home,East,5,5
6035,2024-08-08,3492.41,completed,Clothing,Central,42,3
6036,2024-08-08,2112.33,completed,Books,Central,18,2
6037,2024-08-08,1583.23,completed,Clothing,East,42,5
6038,2024-08-08,4971.68,completed,Food,South,9,5
6039,2024-08-08,2174.25,completed,Home,North,35,1
6040,2024-08-08,3719.18,pending,Food,North,23,1
6041,2024-08-08,1888.65,pending,Clothing,Central,38,2
6042,2024-08-08,2831.06,completed,Food,South,24,5
6043,2024-08-08,2096.63,refunded,Food,North,7,3
6044,2024-08-08,2313.66,pending,Books,Central,15,2
6045,2024-08-08,4960.91,completed,Sports,West,46,2
6046,2024-08-08,4332.2,completed,Sports,Central,36,2
6047,2024-08-08,1654.08,pending,Clothing,Central,34,4
6048,2024-08-08,23.45,completed,Sports,North,45,3
6049,2024-08-08,2155.29,completed,Sports,South,7,5
6050,2024-08-08,412.05,completed,Home,North,31,5
6051,2024-08-08,2718.69,pending,Home,West,38,3
6052,2024-08-08,430.99,completed,Clothing,North,42,1
6053,2024-08-08,2708.38,failed,Home,East,11,4
6054,2024-08-08,4067.89,failed,Books,Central,32,1
6055,2024-08-08,1164.69,completed,Home,North,13,4
6056,2024-08-09,778.72,failed,Electronics,East,42,3
6057,2024-08-09,599.58,failed,Sports,East,12,5
6058,2024-08-09,2089.24,pending,Clothing,North,29,3
6059,2024-08-09,2528.66,completed,Home,North,9,3
6060,2024-08-09,852.79,completed,Electronics,East,9,3
6061,2024-08-09,3471.66,pending,Books,South,8,3
6062,2024-08-09,2506.67,completed,Electronics,West,12,1
6063,2024-08-09,1281.69,failed,Home,Central,23,3
6064,2024-08-09,116.8,completed,Sports,North,18,2
6065,2024-08-09,3358.23,completed,Books,South,34,2
6066,2024-08-09,2105.83,pending,Food,West,9,2
6067,2024-08-09,2317.86,failed,Sports,West,40,5
6068,2024-08-09,3297.08,completed,Books,East,9,3
6069,2024-08-09,4239.21,pending,Home,Central,12,1
6070,2024-08-09,1791.85,refunded,Food,Central,48,3
6071,2024-08-09,3420.28,completed,Books,Central,17,5
6072,2024-08-09,3406.45,completed,Sports,West,16,1
6073,2024-08-09,1369.45,pending,Electronics,East,40,4
6074,2024-08-09,1003.25,failed,Food,West,49,5
6075,2024-08-09,4490.58,completed,Electronics,South,43,3
6076,2024-08-09,1132.7,pending,Electronics,East,45,1
6077,2024-08-09,439.97,completed,Food,Central,13,5
6078,2024-08-09,927.65,completed,Books,North,31,2
6079,2024-08-09,4227.06,completed,Clothing,West,44,1
6080,2024-08-09,4375.41,completed,Food,West,21,3
6081,2024-08-09,4303.3,pending,Sports,East,21,3
6082,2024-08-09,1823.19,failed,Clothing,South,23,1
6083,2024-08-10,4563.06,completed,Food,North,17,2
6084,2024-08-10,4700.42,completed,Clothing,Central,5,4
6085,2024-08-10,2375.09,completed,Sports,Central,49,3
6086,2024-08-10,3631.06,completed,Sports,Central,6,1
6087,2024-08-10,925.35,completed,Electronics,Central,9,2
6088,2024-08-10,2329.6,completed,Food,West,21,4
6089,2024-08-10,595.1,completed,Sports,North,36,5
6090,2024-08-10,4374.75,completed,Sports,North,45,2
6091,2024-08-10,1760.13,completed,Food,Central,13,3
6092,2024-08-10,276.95,failed,Books,Central,47,1
6093,2024-08-10,2646.44,completed,Books,Central,9,1
6094,2024-08-10,1054.55,completed,Clothing,North,8,5
6095,2024-08-10,3235.39,pending,Clothing,West,24,4
6096,2024-08-10,3827.59,pending,Clothing,South,31,5
6097,2024-08-10,1659.08,completed,Clothing,South,49,5
6098,2024-08-10,2476.61,failed,Books,South,42,1
6099,2024-08-10,719.05,pending,Food,North,33,4
6100,2024-08-10,3229.79,completed,Sports,North,33,3
6101,2024-08-10,2744.03,completed,Home,Central,6,2
6102,2024-08-10,578.02,completed,Books,West,15,1
6103,2024-08-10,4722.76,completed,Home,West,24,4
6104,2024-08-10,4439.95,refunded,Books,North,47,5
6105,2024-08-10,1559.37,completed,Electronics,Central,24,4
6106,2024-08-10,3288.83,failed,Home,South,49,1
6107,2024-08-10,4359.69,failed,Electronics,East,4,4
6108,2024-08-10,809.5,completed,Sports,South,23,5
6109,2024-08-10,2300.16,completed,Books,Central,48,1
6110,2024-08-11,3279.77,completed,Electronics,East,8,1
6111,2024-08-11,4285.08,completed,Books,West,15,3
6112,2024-08-11,4621.29,completed,Food,North,13,1
6113,2024-08-11,1165.31,pending,Food,West,6,5
6114,2024-08-11,4846.5,pending,Food,West,45,5
6115,2024-08-11,1852.82,completed,Books,East,22,4
6116,2024-08-11,3107.21,failed,Food,West,39,4
6117,2024-08-11,1189.41,refunded,Food,South,44,3
6118,2024-08-11,3166.52,completed,Electronics,Central,20,2
6119,2024-08-11,2597.02,completed,Home,West,24,5
6120,2024-08-11,322.06,completed,Home,South,24,5
6121,2024-08-11,875.59,completed,Clothing,Central,16,5
6122,2024-08-11,1778.76,completed,Home,North,42,2
6123,2024-08-11,842.3,completed,Books,Central,45,1
6124,2024-08-11,496.55,pending,Electronics,North,20,1
6125,2024-08-11,1810.62,completed,Food,East,46,3
6126,2024-08-11,3312.46,completed,Electronics,Central,41,3
6127,2024-08-11,3906.93,completed,Clothing,Central,35,5
6128,2024-08-11,2256.79,completed,Home,North,35,3
6129,2024-08-11,1017.1,completed,Sports,North,1,4
6130,2024-08-11,4075.21,completed,Sports,Central,37,5
6131,2024-08-11,2507.48,pending,Food,Central,36,3
6132,2024-08-11,3883.52,completed,Sports,West,2,1
6133,2024-08-11,3629.66,completed,Home,East,1,4
6134,2024-08-11,650.28,completed,Books,North,28,4
6135,2024-08-11,1410.56,completed,Sports,North,40,4
6136,2024-08-11,4456.2,completed,Books,North,47,4
6137,2024-08-11,3998.48,completed,Electronics,North,17,2
6138,2024-08-12,82.42,failed,Electronics,South,47,2
6139,2024-08-12,2405.19,completed,Electronics,East,35,4
6140,2024-08-12,3313.1,completed,Sports,West,46,2
6141,2024-08-12,2847.69,completed,Electronics,West,18,5
6142,2024-08-12,2159.99,completed,Sports,South,29,1
6143,2024-08-12,3752.0,completed,Sports,North,41,2
6144,2024-08-12,684.75,pending,Home,West,45,4
6145,2024-08-12,4557.87,completed,Home,South,47,1
6146,2024-08-12,3069.97,pending,Sports,Central,26,1
6147,2024-08-12,4450.15,completed,Home,North,15,1
6148,2024-08-12,4788.98,completed,Food,Central,4,2
6149,2024-08-12,2953.09,completed,Clothing,East,4,2
6150,2024-08-12,20.46,completed,Electronics,East,37,3
6151,2024-08-12,414.19,completed,Books,West,41,5
6152,2024-08-12,4095.92,completed,Books,West,28,3
6153,2024-08-12,3276.62,completed,Sports,North,33,1
6154,2024-08-12,2449.42,completed,Books,North,40,1
6155,2024-08-12,2578.83,completed,Books,Central,39,1
6156,2024-08-12,1711.62,failed,Electronics,Central,20,5
6157,2024-08-12,507.24,completed,Books,South,45,1
6158,2024-08-12,2641.64,completed,Sports,South,37,4
6159,2024-08-12,2656.68,pending,Electronics,East,49,4
6160,2024-08-12,1157.0,completed,Books,East,17,4
6161,2024-08-12,1607.46,pending,Food,East,33,1
6162,2024-08-12,1644.21,completed,Home,North,39,1
6163,2024-08-12,620.94,completed,Food,North,26,4
6164,2024-08-12,1425.95,refunded,Home,East,17,2
6165,2024-08-13,4885.49,pending,Sports,South,16,2
6166,2024-08-13,58.5,completed,Sports,South,29,4
6167,2024-08-13,1078.72,completed,Home,Central,36,4
6168,2024-08-13,4085.95,completed,Food,East,31,2
6169,2024-08-13,2013.74,completed,Electronics,Central,21,3
6170,2024-08-13,226.16,failed,Electronics,South,9,5
6171,2024-08-13,3824.34,failed,Electronics,South,16,5
6172,2024-08-13,4530.03,completed,Electronics,North,29,3
6173,2024-08-13,533.61,completed,Sports,Central,31,2
6174,2024-08-13,910.45,completed,Books,West,38,1
6175,2024-08-13,4738.01,pending,Food,South,22,2
6176,2024-08-13,2972.95,completed,Sports,East,15,4
6177,2024-08-13,766.08,completed,Books,Central,6,1
6178,2024-08-13,3516.72,completed,Sports,South,41,5
6179,2024-08-13,3630.42,refunded,Food,East,42,5
6180,2024-08-13,800.21,completed,Home,South,32,3
6181,2024-08-13,1836.45,failed,Sports,East,32,1
6182,2024-08-13,4195.72,pending,Sports,East,31,5
6183,2024-08-13,1245.16,failed,Food,West,36,1
6184,2024-08-13,3198.48,completed,Home,West,34,1
6185,2024-08-13,3982.58,completed,Electronics,North,48,3
6186,2024-08-13,466.47,completed,Food,East,38,2
6187,2024-08-13,3786.36,pending,Books,West,34,2
6188,2024-08-13,3436.13,pending,Clothing,East,38,5
6189,2024-08-13,4105.61,completed,Home,South,10,5
6190,2024-08-13,2343.0,pending,Books,East,22,5
6191,2024-08-13,3349.12,completed,Sports,North,30,3
6192,2024-08-13,2746.15,completed,Electronics,South,39,3
6193,2024-08-14,3770.73,failed,Electronics,West,31,2
6194,2024-08-14,3720.61,completed,Books,North,29,5
6195,2024-08-14,3385.56,pending,Sports,Central,10,3
6196,2024-08-14,756.67,completed,Food,South,24,2
6197,2024-08-14,4388.86,completed,Clothing,East,31,3
6198,2024-08-14,4561.96,completed,Clothing,Central,44,3
6199,2024-08-14,1666.49,refunded,Sports,East,31,2
6200,2024-08-14,3381.29,completed,Electronics,Central,24,1
6201,2024-08-14,1563.85,completed,Home,East,42,4
6202,2024-08-14,1696.89,completed,Food,West,24,4
6203,2024-08-14,685.63,completed,Clothing,South,18,5
6204,2024-08-14,1594.29,completed,Sports,West,6,1
6205,2024-08-14,856.34,completed,Clothing,Central,8,2
6206,2024-08-14,1046.43,failed,Food,East,43,3
6207,2024-08-14,4280.64,pending,Sports,Central,9,5
6208,2024-08-14,4873.06,failed,Clothing,Central,38,2
6209,2024-08-14,2786.25,completed,Food,East,39,1
6210,2024-08-14,4665.97,completed,Home,South,44,4
6211,2024-08-14,4220.85,completed,Sports,North,31,4
6212,2024-08-14,1182.22,refunded,Books,North,49,1
6213,2024-08-14,3349.06,completed,Electronics,East,22,1
6214,2024-08-14,4285.24,completed,Sports,East,14,1
6215,2024-08-14,822.53,completed,Clothing,East,18,4
6216,2024-08-14,3497.69,completed,Electronics,North,41,2
6217,2024-08-14,3476.77,pending,Home,South,29,2
6218,2024-08-14,3733.08,completed,Sports,Central,35,3
6219,2024-08-14,1088.93,refunded,Electronics,West,8,2
6220,2024-08-15,4092.7,pending,Food,Central,22,3
6221,2024-08-15,296.88,failed,Sports,West,35,2
6222,2024-08-15,1719.74,completed,Sports,West,48,4
6223,2024-08-15,132.55,completed,Clothing,Central,42,5
6224,2024-08-15,3584.95,completed,Books,East,15,1
6225,2024-08-15,2029.55,failed,Books,Central,45,1
6226,2024-08-15,1582.44,completed,Books,Central,8,1
6227,2024-08-15,1639.88,refunded,Home,West,13,2
6228,2024-08-15,517.21,completed,Electronics,North,10,2
6229,2024-08-15,1120.98,completed,Books,South,30,5
6230,2024-08-15,3929.2,completed,Sports,South,35,2
6231,2024-08-15,4823.68,completed,Electronics,South,1,4
6232,2024-08-15,4564.0,completed,Electronics,West,40,1
6233,2024-08-15,738.7,failed,Clothing,East,24,4
6234,2024-08-15,1884.55,pending,Food,East,29,3
6235,2024-08-15,76.02,pending,Books,East,6,4
6236,2024-08-15,1698.72,failed,Books,South,24,3
6237,2024-08-15,1433.22,failed,Electronics,South,35,3
6238,2024-08-15,3351.4,pending,Clothing,East,25,4
6239,2024-08-15,3714.66,failed,Home,West,31,2
6240,2024-08-15,2268.99,completed,Electronics,North,4,4
6241,2024-08-15,2347.17,completed,Clothing,South,46,5
6242,2024-08-15,3266.54,completed,Clothing,West,41,2
6243,2024-08-15,2783.29,completed,Clothing,South,5,3
6244,2024-08-15,4591.25,pending,Food,Central,21,2
6245,2024-08-15,28.62,completed,Electronics,North,14,4
6246,2024-08-15,3098.47,completed,Books,Central,10,5
6247,2024-08-16,1227.65,completed,Sports,South,34,4
6248,2024-08-16,2781.29,completed,Food,West,2,3
6249,2024-08-16,1831.67,pending,Food,East,41,1
6250,2024-08-16,3069.25,failed,Sports,West,15,5
6251,2024-08-16,3125.8,completed,Sports,West,30,4
6252,2024-08-16,4228.51,failed,Books,Central,8,4
6253,2024-08-16,771.47,completed,Books,North,40,5
6254,2024-08-16,4843.56,completed,Clothing,East,43,3
6255,2024-08-16,3820.25,completed,Home,East,14,4
6256,2024-08-16,3058.07,completed,Electronics,West,47,4
6257,2024-08-16,2016.64,completed,Electronics,Central,42,4
6258,2024-08-16,2758.7,pending,Food,East,18,1
6259,2024-08-16,241.39,completed,Electronics,West,35,5
6260,2024-08-16,404.8,completed,Clothing,West,16,1
6261,2024-08-16,1534.06,completed,Sports,Central,3,4
6262,2024-08-16,4945.55,completed,Food,West,46,4
6263,2024-08-16,1372.17,completed,Home,West,48,1
6264,2024-08-16,4598.9,completed,Food,North,13,5
6265,2024-08-16,4296.41,completed,Books,North,39,2
6266,2024-08-16,3871.62,completed,Sports,South,16,4
6267,2024-08-16,3640.39,failed,Books,South,12,3
6268,2024-08-16,2156.73,completed,Electronics,North,10,4
6269,2024-08-16,1301.47,refunded,Home,South,31,4
6270,2024-08-16,1107.5,completed,Home,Central,19,2
6271,2024-08-16,3704.12,completed,Sports,West,40,4
6272,2024-08-16,4162.75,failed,Home,South,6,3
6273,2024-08-16,4921.82,completed,Sports,South,47,1
6274,2024-08-16,1802.76,completed,Sports,South,23,1
6275,2024-08-17,993.74,completed,Food,Central,26,4
6276,2024-08-17,2708.14,completed,Electronics,West,38,4
6277,2024-08-17,1901.6,pending,Books,North,31,1
6278,2024-08-17,973.52,completed,Home,West,36,2
6279,2024-08-17,2780.98,completed,Clothing,Central,3,4
6280,2024-08-17,4530.86,completed,Food,South,1,5
6281,2024-08-17,226.22,completed,Electronics,North,32,2
6282,2024-08-17,1873.89,completed,Sports,North,46,3
6283,2024-08-17,608.17,completed,Electronics,Central,7,4
6284,2024-08-17,1413.58,completed,Electronics,East,33,3
6285,2024-08-17,3518.96,completed,Electronics,North,44,2
6286,2024-08-17,1679.43,completed,Sports,West,8,3
6287,2024-08-17,1088.71,completed,Clothing,West,7,1
6288,2024-08-17,4862.06,pending,Food,Central,3,3
6289,2024-08-17,2132.14,completed,Books,North,42,2
6290,2024-08-17,1035.12,completed,Sports,North,2,5
6291,2024-08-17,1150.87,refunded,Home,West,2,1
6292,2024-08-17,665.93,completed,Electronics,Central,3,1
6293,2024-08-17,3375.59,completed,Books,South,39,5
6294,2024-08-17,3879.34,completed,Clothing,East,19,3
6295,2024-08-17,3434.72,completed,Clothing,North,16,5
6296,2024-08-17,4161.49,failed,Sports,West,42,4
6297,2024-08-17,3947.05,pending,Sports,North,32,3
6298,2024-08-17,1694.27,completed,Food,South,11,2
6299,2024-08-17,1831.93,failed,Food,West,18,4
6300,2024-08-17,1890.21,completed,Electronics,South,32,1
6301,2024-08-17,438.13,completed,Home,East,38,1
6302,2024-08-18,4438.84,completed,Home,West,15,3
6303,2024-08-18,4652.71,failed,Books,North,44,1
6304,2024-08-18,4949.76,pending,Clothing,West,31,5
6305,2024-08-18,2927.99,completed,Books,West,16,4
6306,2024-08-18,4722.45,completed,Clothing,South,24,5
6307,2024-08-18,1222.54,completed,Clothing,South,18,2
6308,2024-08-18,3374.9,completed,Books,West,24,1
6309,2024-08-18,2520.25,completed,Electronics,East,24,2
6310,2024-08-18,1762.11,completed,Clothing,Central,37,3
6311,2024-08-18,2820.61,pending,Clothing,North,19,1
6312,2024-08-18,2692.42,failed,Food,North,25,4
6313,2024-08-18,4284.03,completed,Electronics,West,17,2
6314,2024-08-18,2972.47,completed,Home,East,14,5
6315,2024-08-18,4019.06,refunded,Clothing,South,23,2
6316,2024-08-18,3581.01,pending,Food,South,2,2
6317,2024-08-18,3119.11,pending,Books,East,1,3
6318,2024-08-18,768.72,completed,Home,South,49,3
6319,2024-08-18,417.44,completed,Clothing,East,46,2
6320,2024-08-18,4107.73,refunded,Home,South,28,3
6321,2024-08-18,1236.41,completed,Sports,South,49,4
6322,2024-08-18,2685.14,failed,Food,East,41,5
6323,2024-08-18,1100.79,completed,Electronics,Central,19,3
6324,2024-08-18,1347.05,completed,Sports,South,2,3
6325,2024-08-18,184.47,completed,Clothing,Central,17,4
6326,2024-08-18,2390.63,completed,Food,East,16,3
6327,2024-08-18,3278.12,failed,Books,West,49,5
6328,2024-08-18,4171.3,completed,Food,Central,1,1
6329,2024-08-18,4971.09,completed,Electronics,East,2,5
6330,2024-08-19,3246.88,completed,Electronics,Central,39,5
6331,2024-08-19,1941.25,pending,Clothing,South,19,5
6332,2024-08-19,2689.04,failed,Clothing,East,23,5
6333,2024-08-19,3420.88,failed,Electronics,South,19,3
6334,2024-08-19,988.06,completed,Books,South,34,1
6335,2024-08-19,3215.48,pending,Books,North,3,4
6336,2024-08-19,2621.15,completed,Clothing,East,29,1
6337,2024-08-19,2202.13,completed,Home,Central,3,1
6338,2024-08-19,3480.55,completed,Electronics,South,44,1
6339,2024-08-19,4716.18,completed,Sports,South,25,5
6340,2024-08-19,3624.99,completed,Food,North,22,2
6341,2024-08-19,36.08,completed,Electronics,Central,37,3
6342,2024-08-19,3925.55,completed,Clothing,North,19,5
6343,2024-08-19,704.61,completed,Home,West,25,4
6344,2024-08-19,2084.27,completed,Clothing,North,17,4
6345,2024-08-19,4844.5,completed,Books,East,47,1
6346,2024-08-19,142.73,failed,Electronics,South,46,3
6347,2024-08-19,2900.04,completed,Electronics,East,36,5
6348,2024-08-19,1453.08,completed,Clothing,East,35,5
6349,2024-08-19,4938.42,completed,Electronics,North,2,2
6350,2024-08-19,1304.02,pending,Home,South,47,2
6351,2024-08-19,4036.24,completed,Electronics,West,47,5
6352,2024-08-19,2665.91,completed,Sports,Central,3,4
6353,2024-08-19,3210.5,completed,Home,North,37,1
6354,2024-08-19,1864.27,completed,Clothing,North,31,3
6355,2024-08-19,569.81,completed,Clothing,Central,28,3
6356,2024-08-19,2979.26,failed,Clothing,Central,11,5
6357,2024-08-20,644.17,failed,Electronics,West,13,4
6358,2024-08-20,3429.35,failed,Food,South,48,1
6359,2024-08-20,1355.08,pending,Electronics,South,35,4
6360,2024-08-20,722.23,completed,Clothing,West,37,1
6361,2024-08-20,1178.01,completed,Electronics,Central,33,3
6362,2024-08-20,1530.18,failed,Clothing,Central,27,5
6363,2024-08-20,349.51,completed,Books,West,19,5
6364,2024-08-20,2581.99,completed,Home,North,33,1
6365,2024-08-20,4975.81,completed,Sports,South,27,1
6366,2024-08-20,3580.93,completed,Clothing,North,1,3
6367,2024-08-20,3800.74,completed,Sports,West,36,5
6368,2024-08-20,1657.51,completed,Clothing,East,31,5
6369,2024-08-20,1936.73,completed,Electronics,South,9,4
6370,2024-08-20,81.93,refunded,Clothing,North,31,5
6371,2024-08-20,1216.23,completed,Electronics,East,11,2
6372,2024-08-20,3760.23,completed,Clothing,East,31,5
6373,2024-08-20,4296.2,completed,Clothing,East,10,4
6374,2024-08-20,3823.23,completed,Clothing,West,13,1
6375,2024-08-20,3443.45,completed,Food,South,23,5
6376,2024-08-20,4737.72,completed,Books,Central,18,3
6377,2024-08-20,1864.19,pending,Food,West,39,3
6378,2024-08-20,792.38,completed,Sports,East,6,3
6379,2024-08-20,3468.84,completed,Home,West,15,3
6380,2024-08-20,2500.29,completed,Home,East,25,4
6381,2024-08-20,212.44,completed,Sports,East,25,3
6382,2024-08-20,2497.63,failed,Food,North,31,5
6383,2024-08-20,268.54,pending,Food,South,32,5
6384,2024-08-21,2330.39,refunded,Clothing,South,23,5
6385,2024-08-21,302.8,completed,Books,South,15,4
6386,2024-08-21,4678.46,completed,Books,North,41,4
6387,2024-08-21,4121.47,completed,Food,North,36,3
6388,2024-08-21,4778.72,pending,Electronics,West,33,1
6389,2024-08-21,3467.23,completed,Electronics,East,9,3
6390,2024-08-21,1024.06,completed,Clothing,West,35,3
6391,2024-08-21,2854.6,completed,Electronics,East,29,5
6392,2024-08-21,1499.1,completed,Home,Central,33,4
6393,2024-08-21,3163.63,completed,Food,North,7,1
6394,2024-08-21,4761.31,pending,Sports,South,4,1
6395,2024-08-21,4627.18,completed,Sports,East,45,2
6396,2024-08-21,306.26,failed,Food,Central,9,2
6397,2024-08-21,3005.22,completed,Electronics,North,26,3
6398,2024-08-21,4156.61,completed,Books,West,46,1
6399,2024-08-21,1026.83,pending,Sports,South,49,3
6400,2024-08-21,3437.86,completed,Sports,South,21,2
6401,2024-08-21,2753.21,completed,Home,East,47,5
6402,2024-08-21,281.49,completed,Food,West,21,2
6403,2024-08-21,4019.1,completed,Sports,West,45,4
6404,2024-08-21,3211.51,completed,Electronics,Central,20,3
6405,2024-08-21,4335.86,failed,Sports,South,40,5
6406,2024-08-21,2346.45,completed,Books,East,12,5
6407,2024-08-21,3838.29,completed,Books,West,30,2
6408,2024-08-21,1331.77,completed,Sports,North,40,5
6409,2024-08-21,3280.77,completed,Home,East,32,3
6410,2024-08-21,4514.08,completed,Home,North,35,5
6411,2024-08-21,4620.49,completed,Sports,East,31,1
6412,2024-08-22,284.83,pending,Electronics,West,31,3
6413,2024-08-22,95.77,completed,Electronics,Central,22,4
6414,2024-08-22,4980.5,pending,Clothing,East,2,5
6415,2024-08-22,2107.6,completed,Food,South,15,3
6416,2024-08-22,955.02,failed,Electronics,Central,32,5
6417,2024-08-22,2356.29,completed,Home,East,33,4
6418,2024-08-22,2006.81,failed,Electronics,East,40,2
6419,2024-08-22,3965.65,completed,Home,East,34,2
6420,2024-08-22,765.78,completed,Electronics,Central,11,2
6421,2024-08-22,3199.2,pending,Clothing,Central,49,1
6422,2024-08-22,1027.1,completed,Sports,Central,24,4
6423,2024-08-22,3719.2,pending,Food,East,47,3
6424,2024-08-22,4896.8,pending,Home,East,41,4
6425,2024-08-22,4411.24,failed,Clothing,East,26,2
6426,2024-08-22,2403.08,completed,Food,North,1,2
6427,2024-08-22,1949.63,completed,Sports,South,26,3
6428,2024-08-22,3828.98,completed,Home,North,29,3
6429,2024-08-22,1122.96,completed,Electronics,West,41,3
6430,2024-08-22,593.63,completed,Home,East,9,2
6431,2024-08-22,3713.08,completed,Home,West,29,3
6432,2024-08-22,2655.27,completed,Books,North,48,4
6433,2024-08-22,2999.81,completed,Electronics,North,26,1
6434,2024-08-22,3086.17,completed,Electronics,West,24,2
6435,2024-08-22,3653.83,completed,Electronics,Central,2,2
6436,2024-08-22,4543.03,pending,Electronics,North,16,5
6437,2024-08-22,293.19,completed,Clothing,Central,9,1
6438,2024-08-22,2463.31,failed,Books,East,39,5
6439,2024-08-23,3180.36,completed,Food,East,24,4
6440,2024-08-23,4816.47,pending,Books,West,41,3
6441,2024-08-23,3582.71,completed,Food,Central,11,3
6442,2024-08-23,3536.25,pending,Books,Central,46,2
6443,2024-08-23,1588.1,completed,Food,West,43,4
6444,2024-08-23,4213.16,pending,Books,West,27,4
6445,2024-08-23,1353.36,completed,Books,Central,47,3
6446,2024-08-23,4459.34,completed,Books,West,10,3
6447,2024-08-23,2955.86,failed,Food,North,28,5
6448,2024-08-23,1126.78,completed,Clothing,East,47,5
6449,2024-08-23,1126.49,completed,Electronics,West,27,4
6450,2024-08-23,2504.23,completed,Books,East,33,5
6451,2024-08-23,2075.36,completed,Home,North,36,5
6452,2024-08-23,1457.79,completed,Home,Central,3,4
6453,2024-08-23,768.96,completed,Home,East,22,1
6454,2024-08-23,36.99,pending,Electronics,West,3,2
6455,2024-08-23,2042.91,failed,Electronics,South,49,5
6456,2024-08-23,1243.16,pending,Electronics,West,46,3
6457,2024-08-23,567.05,completed,Electronics,North,41,2
6458,2024-08-23,1335.42,completed,Electronics,West,16,5
6459,2024-08-23,2750.2,completed,Home,West,43,4
6460,2024-08-23,3143.11,pending,Electronics,Central,19,2
6461,2024-08-23,1978.31,completed,Food,East,42,4
6462,2024-08-23,4266.21,completed,Home,North,20,5
6463,2024-08-23,54.5,completed,Home,North,35,3
6464,2024-08-23,1897.19,completed,Books,West,9,5
6465,2024-08-23,4204.34,completed,Electronics,East,32,5
6466,2024-08-23,3435.22,pending,Clothing,North,48,5
6467,2024-08-24,2833.27,completed,Clothing,North,25,1
6468,2024-08-24,612.3,completed,Home,North,33,1
6469,2024-08-24,4278.8,completed,Home,North,17,3
6470,2024-08-24,816.38,completed,Electronics,South,46,2
6471,2024-08-24,4839.74,completed,Sports,South,42,3
6472,2024-08-24,4452.11,completed,Clothing,West,5,2
6473,2024-08-24,1108.92,completed,Food,South,11,4
6474,2024-08-24,679.52,pending,Clothing,West,3,5
6475,2024-08-24,2021.95,completed,Sports,East,9,4
6476,2024-08-24,4976.8,completed,Clothing,Central,42,3
6477,2024-08-24,1207.57,refunded,Home,East,28,1
6478,2024-08-24,3813.21,completed,Sports,West,9,2
6479,2024-08-24,2714.23,completed,Electronics,South,15,2
6480,2024-08-24,1405.98,completed,Books,South,20,3
6481,2024-08-24,4205.18,pending,Clothing,North,42,2
6482,2024-08-24,2889.21,pending,Books,West,43,3
6483,2024-08-24,4159.61,completed,Books,West,9,1
6484,2024-08-24,165.99,completed,Sports,West,6,2
6485,2024-08-24,2135.43,pending,Books,North,31,4
6486,2024-08-24,894.27,completed,Sports,Central,38,2
6487,2024-08-24,463.82,completed,Sports,South,23,4
6488,2024-08-24,4353.04,completed,Food,East,4,5
6489,2024-08-24,128.28,pending,Clothing,North,36,1
6490,2024-08-24,2985.99,completed,Electronics,South,11,5
6491,2024-08-24,3512.53,pending,Books,East,9,2
6492,2024-08-24,2372.12,completed,Sports,North,29,3
6493,2024-08-24,3881.81,completed,Electronics,Central,40,2
6494,2024-08-25,3122.36,failed,Sports,East,32,4
6495,2024-08-25,3015.7,completed,Clothing,Central,15,4
6496,2024-08-25,1408.84,failed,Sports,East,20,5
6497,2024-08-25,1157.16,pending,Sports,East,11,2
6498,2024-08-25,4654.86,failed,Electronics,West,47,4
6499,2024-08-25,1514.55,completed,Sports,Central,7,3
6500,2024-08-25,3560.68,refunded,Sports,North,43,5
6501,2024-08-25,4839.28,completed,Food,East,31,2
6502,2024-08-25,4674.17,pending,Books,South,13,4
6503,2024-08-25,4529.72,failed,Electronics,East,4,5
6504,2024-08-25,4495.2,completed,Clothing,South,47,3
6505,2024-08-25,785.12,pending,Sports,Central,22,3
6506,2024-08-25,1932.22,completed,Clothing,North,22,2
6507,2024-08-25,4945.64,failed,Clothing,South,40,3
6508,2024-08-25,1017.85,failed,Food,West,8,4
6509,2024-08-25,1412.43,completed,Home,North,25,2
6510,2024-08-25,4430.77,failed,Clothing,South,1,5
6511,2024-08-25,848.54,completed,Home,North,5,2
6512,2024-08-25,527.5,refunded,Books,North,42,5
6513,2024-08-25,417.08,completed,Electronics,Central,24,5
6514,2024-08-25,1366.73,completed,Food,North,39,2
6515,2024-08-25,4922.35,completed,Food,North,13,1
6516,2024-08-25,3392.86,completed,Food,West,32,2
6517,2024-08-25,422.97,completed,Electronics,East,19,2
6518,2024-08-25,2429.38,completed,Electronics,South,12,2
6519,2024-08-25,564.26,completed,Clothing,North,6,5
6520,2024-08-25,1276.7,completed,Food,West,12,5
6521,2024-08-26,779.83,completed,Books,South,1,4
6522,2024-08-26,3697.72,pending,Sports,South,8,5
6523,2024-08-26,726.21,completed,Sports,North,34,2
6524,2024-08-26,2175.89,completed,Home,East,36,5
6525,2024-08-26,3019.3,completed,Clothing,Central,16,2
6526,2024-08-26,2962.58,pending,Food,Central,14,1
6527,2024-08-26,2830.92,completed,Sports,West,37,5
6528,2024-08-26,620.8,failed,Food,West,26,1
6529,2024-08-26,2699.57,failed,Food,East,12,5
6530,2024-08-26,112.57,completed,Books,South,10,3
6531,2024-08-26,660.95,completed,Books,East,1,4
6532,2024-08-26,2265.4,completed,Food,Central,35,2
6533,2024-08-26,2430.05,failed,Books,South,29,2
6534,2024-08-26,4376.41,completed,Food,South,8,1
6535,2024-08-26,3125.53,completed,Home,North,8,5
6536,2024-08-26,1082.26,completed,Electronics,East,26,5
6537,2024-08-26,1028.38,completed,Home,East,44,1
6538,2024-08-26,3645.43,completed,Sports,West,33,1
6539,2024-08-26,274.09,completed,Clothing,North,14,2
6540,2024-08-26,3422.48,failed,Books,Central,48,3
6541,2024-08-26,794.16,failed,Food,South,17,3
6542,2024-08-26,4275.16,completed,Sports,East,10,5
6543,2024-08-26,2198.6,completed,Home,South,12,1
6544,2024-08-26,2970.77,pending,Food,North,47,5
6545,2024-08-26,4372.29,pending,Sports,North,5,4
6546,2024-08-26,1737.05,completed,Electronics,North,48,1
6547,2024-08-26,2562.17,completed,Clothing,East,1,5
6548,2024-08-26,1085.26,completed,Food,East,47,2
6549,2024-08-27,2075.11,completed,Food,North,14,2
6550,2024-08-27,3588.29,completed,Clothing,South,39,3
6551,2024-08-27,1903.79,completed,Food,South,44,2
6552,2024-08-27,229.57,completed,Electronics,East,16,1
6553,2024-08-27,1420.53,failed,Electronics,South,31,4
6554,2024-08-27,2863.02,completed,Sports,South,24,5
6555,2024-08-27,99.27,completed,Books,North,46,4
6556,2024-08-27,3172.13,refunded,Home,North,3,3
6557,2024-08-27,4352.48,completed,Home,South,7,1
6558,2024-08-27,1491.92,completed,Sports,North,21,2
6559,2024-08-27,3252.73,completed,Clothing,South,26,4
6560,2024-08-27,2712.8,failed,Home,South,7,1
6561,2024-08-27,2909.74,completed,Sports,North,17,2
6562,2024-08-27,2962.82,completed,Books,North,4,4
6563,2024-08-27,2571.59,completed,Home,Central,44,5
6564,2024-08-27,3329.11,failed,Clothing,East,34,3
6565,2024-08-27,2926.95,completed,Home,North,20,1
6566,2024-08-27,2653.76,completed,Home,South,27,2
6567,2024-08-27,1110.82,completed,Electronics,East,10,5
6568,2024-08-27,4544.7,completed,Electronics,Central,18,4
6569,2024-08-27,1083.75,refunded,Sports,West,44,5
6570,2024-08-27,554.09,completed,Clothing,Central,41,2
6571,2024-08-27,3586.9,completed,Books,East,7,3
6572,2024-08-27,640.04,completed,Home,South,2,1
6573,2024-08-27,1124.57,completed,Food,Central,20,5
6574,2024-08-27,4344.79,completed,Books,East,12,5
6575,2024-08-27,2246.39,failed,Electronics,East,36,2
6576,2024-08-28,3312.93,completed,Home,North,30,3
6577,2024-08-28,1946.68,completed,Food,East,5,2
6578,2024-08-28,3232.51,failed,Sports,South,7,1
6579,2024-08-28,4194.41,completed,Books,West,48,2
6580,2024-08-28,2577.31,pending,Sports,North,41,3
6581,2024-08-28,3069.17,completed,Home,Central,19,4
6582,2024-08-28,370.42,pending,Food,North,35,3
6583,2024-08-28,1164.73,completed,Food,West,28,3
6584,2024-08-28,3136.57,completed,Sports,North,38,5
6585,2024-08-28,221.02,completed,Home,East,49,1
6586,2024-08-28,2652.45,pending,Electronics,South,36,3
6587,2024-08-28,3863.14,completed,Clothing,North,37,5
6588,2024-08-28,4617.54,completed,Clothing,Central,39,4
6589,2024-08-28,3376.75,completed,Food,North,16,1
6590,2024-08-28,4701.25,completed,Home,Central,35,4
6591,2024-08-28,4545.13,failed,Home,East,48,2
6592,2024-08-28,2108.43,completed,Sports,Central,15,2
6593,2024-08-28,3574.86,refunded,Food,West,27,1
6594,2024-08-28,1850.99,completed,Clothing,East,47,2
6595,2024-08-28,493.74,failed,Books,North,22,5
6596,2024-08-28,1243.27,completed,Books,North,17,3
6597,2024-08-28,3143.28,completed,Sports,South,27,2
6598,2024-08-28,2106.91,completed,Food,North,13,5
6599,2024-08-28,2699.95,completed,Home,South,3,2
6600,2024-08-28,1868.48,completed,Home,East,14,1
6601,2024-08-28,1657.46,completed,Food,South,33,1
6602,2024-08-28,546.64,pending,Books,North,4,5
6603,2024-08-28,1238.89,completed,Books,East,42,5
6604,2024-08-29,2334.27,pending,Electronics,North,1,5
6605,2024-08-29,751.39,completed,Clothing,Central,3,2
6606,2024-08-29,3216.92,completed,Sports,North,3,4
6607,2024-08-29,2847.44,completed,Clothing,South,36,4
6608,2024-08-29,1476.71,completed,Home,East,18,4
6609,2024-08-29,3593.21,completed,Clothing,South,31,3
6610,2024-08-29,904.9,failed,Books,Central,28,2
6611,2024-08-29,414.52,completed,Electronics,North,3,2
6612,2024-08-29,3874.57,completed,Home,Central,32,5
6613,2024-08-29,3216.53,completed,Clothing,South,12,3
6614,2024-08-29,645.41,failed,Clothing,West,36,3
6615,2024-08-29,2166.51,completed,Home,North,39,1
6616,2024-08-29,959.26,pending,Sports,East,9,2
6617,2024-08-29,2466.22,completed,Electronics,East,5,3
6618,2024-08-29,754.54,completed,Sports,East,17,4
6619,2024-08-29,4900.95,completed,Electronics,South,17,5
6620,2024-08-29,2197.67,completed,Sports,East,1,4
6621,2024-08-29,324.08,completed,Food,South,34,2
6622,2024-08-29,4093.64,failed,Electronics,West,30,2
6623,2024-08-29,4805.7,failed,Electronics,North,21,1
6624,2024-08-29,3636.88,completed,Food,Central,34,5
6625,2024-08-29,408.13,completed,Home,North,39,4
6626,2024-08-29,4810.69,completed,Books,West,14,2
6627,2024-08-29,2247.8,completed,Home,Central,29,2
6628,2024-08-29,4195.69,completed,Home,South,42,3
6629,2024-08-29,1914.81,completed,Clothing,Central,3,4
6630,2024-08-29,474.99,completed,Home,East,4,1
6631,2024-08-30,1689.17,completed,Clothing,South,23,2
6632,2024-08-30,4968.36,pending,Home,North,8,3
6633,2024-08-30,223.16,completed,Electronics,East,47,2
6634,2024-08-30,2868.85,completed,Sports,Central,31,4
6635,2024-08-30,3838.03,completed,Sports,Central,25,3
6636,2024-08-30,1188.27,refunded,Food,West,39,1
6637,2024-08-30,2085.95,completed,Clothing,South,11,2
6638,2024-08-30,4276.59,completed,Sports,Central,41,2
6639,2024-08-30,1639.72,completed,Electronics,Central,32,3
6640,2024-08-30,2580.36,pending,Sports,Central,6,4
6641,2024-08-30,4415.81,completed,Clothing,South,21,1
6642,2024-08-30,2733.31,failed,Sports,South,8,2
6643,2024-08-30,2620.36,completed,Sports,South,11,3
6644,2024-08-30,1860.01,completed,Food,East,42,1
6645,2024-08-30,3530.82,completed,Home,East,8,2
6646,2024-08-30,4837.87,completed,Food,East,38,1
6647,2024-08-30,1524.65,completed,Sports,South,18,1
6648,2024-08-30,1834.22,completed,Electronics,South,6,3
6649,2024-08-30,1232.44,completed,Sports,North,45,2
6650,2024-08-30,1565.7,completed,Electronics,Central,27,1
6651,2024-08-30,683.43,completed,Clothing,North,10,3
6652,2024-08-30,1212.82,completed,Clothing,East,15,2
6653,2024-08-30,4866.93,completed,Clothing,North,48,4
6654,2024-08-30,4612.46,completed,Home,West,18,3
6655,2024-08-30,3735.85,completed,Clothing,North,21,3
6656,2024-08-30,2359.03,completed,Electronics,Central,41,1
6657,2024-08-30,4615.77,completed,Books,Central,20,3
6658,2024-08-31,1933.52,completed,Clothing,East,26,2
6659,2024-08-31,1202.59,completed,Clothing,West,2,1
6660,2024-08-31,4188.07,pending,Home,East,46,1
6661,2024-08-31,228.71,completed,Home,North,43,5
6662,2024-08-31,3590.25,completed,Books,East,41,3
6663,2024-08-31,591.89,completed,Electronics,Central,14,2
6664,2024-08-31,2870.48,completed,Sports,North,13,1
6665,2024-08-31,3797.54,failed,Food,Central,22,2
6666,2024-08-31,2178.04,completed,Electronics,West,47,4
6667,2024-08-31,745.21,pending,Sports,Central,18,4
6668,2024-08-31,2243.88,pending,Books,Central,8,3
6669,2024-08-31,2416.13,completed,Food,Central,11,5
6670,2024-08-31,2938.77,completed,Food,North,42,3
6671,2024-08-31,1194.56,completed,Clothing,South,18,2
6672,2024-08-31,1934.12,completed,Electronics,East,27,3
6673,2024-08-31,2099.26,completed,Food,East,25,5
6674,2024-08-31,955.98,pending,Food,South,4,2
6675,2024-08-31,2673.7,completed,Electronics,North,47,5
6676,2024-08-31,1280.4,completed,Books,Central,16,1
6677,2024-08-31,4790.05,failed,Food,Central,39,4
6678,2024-08-31,3380.42,completed,Sports,East,49,4
6679,2024-08-31,2797.23,completed,Electronics,West,12,5
6680,2024-08-31,3242.5,completed,Electronics,West,15,3
6681,2024-08-31,684.73,failed,Sports,East,38,2
6682,2024-08-31,1080.65,refunded,Clothing,Central,3,5
6683,2024-08-31,1338.88,completed,Electronics,Central,49,2
6684,2024-08-31,2294.64,completed,Home,South,20,1
6685,2024-08-31,4824.96,completed,Food,North,11,4
6686,2024-09-01,2852.86,failed,Home,South,42,1
6687,2024-09-01,3557.43,completed,Clothing,Central,6,4
6688,2024-09-01,1726.53,completed,Sports,West,17,4
6689,2024-09-01,2709.03,completed,Electronics,South,42,3
6690,2024-09-01,509.91,completed,Books,South,35,2
6691,2024-09-01,2366.71,pending,Electronics,North,32,1
6692,2024-09-01,701.62,failed,Clothing,West,13,4
6693,2024-09-01,3706.9,completed,Books,East,21,4
6694,2024-09-01,741.49,completed,Home,West,45,1
6695,2024-09-01,1459.61,completed,Home,Central,34,3
6696,2024-09-01,4737.03,completed,Home,Central,47,4
6697,2024-09-01,4681.79,completed,Books,South,49,5
6698,2024-09-01,3141.07,completed,Home,South,47,1
6699,2024-09-01,3564.56,completed,Clothing,Central,24,1
6700,2024-09-01,4743.82,pending,Sports,West,13,3
6701,2024-09-01,4745.43,completed,Food,West,12,3
6702,2024-09-01,164.96,completed,Home,East,30,2
6703,2024-09-01,35.62,completed,Home,Central,24,1
6704,2024-09-01,4072.16,completed,Home,South,18,3
6705,2024-09-01,885.4,completed,Home,South,45,4
6706,2024-09-01,2779.11,completed,Books,West,19,4
6707,2024-09-01,4645.17,failed,Food,Central,5,2
6708,2024-09-01,331.91,completed,Books,West,37,4
6709,2024-09-01,498.21,completed,Sports,North,27,5
6710,2024-09-01,1537.79,completed,Books,South,20,2
6711,2024-09-01,819.58,completed,Clothing,East,8,2
6712,2024-09-01,258.61,completed,Books,Central,34,4
6713,2024-09-02,1031.85,completed,Home,West,45,3
6714,2024-09-02,2323.38,completed,Clothing,East,49,4
6715,2024-09-02,4933.66,completed,Clothing,Central,42,1
6716,2024-09-02,560.38,completed,Food,East,8,5
6717,2024-09-02,4629.35,completed,Food,East,36,1
6718,2024-09-02,2769.71,completed,Sports,West,26,3
6719,2024-09-02,4990.06,completed,Sports,North,8,4
6720,2024-09-02,3385.07,completed,Sports,Central,43,4
6721,2024-09-02,3338.38,completed,Electronics,West,42,3
6722,2024-09-02,1054.44,completed,Food,East,49,5
6723,2024-09-02,2088.76,failed,Food,West,1,1
6724,2024-09-02,1216.54,pending,Home,South,48,2
6725,2024-09-02,1520.79,completed,Food,West,33,3
6726,2024-09-02,2359.05,completed,Electronics,Central,46,2
6727,2024-09-02,2403.87,completed,Clothing,South,2,2
6728,2024-09-02,3200.22,pending,Sports,South,39,4
6729,2024-09-02,2503.63,failed,Clothing,North,20,4
6730,2024-09-02,3147.14,pending,Home,South,41,5
6731,2024-09-02,1528.22,refunded,Food,West,23,5
6732,2024-09-02,3853.35,pending,Home,North,37,2
6733,2024-09-02,773.88,completed,Books,Central,17,3
6734,2024-09-02,3622.77,completed,Electronics,East,38,5
6735,2024-09-02,1849.96,completed,Electronics,East,29,4
6736,2024-09-02,2012.13,pending,Home,East,21,2
6737,2024-09-02,3875.71,completed,Clothing,Central,21,5
6738,2024-09-02,1341.23,completed,Home,North,46,2
6739,2024-09-02,3610.24,pending,Books,North,34,4
6740,2024-09-02,1872.8,completed,Clothing,South,27,5
6741,2024-09-03,3006.67,completed,Electronics,West,8,1
6742,2024-09-03,4598.21,completed,Books,West,4,2
6743,2024-09-03,4748.72,failed,Books,Central,9,5
6744,2024-09-03,3298.58,completed,Food,East,20,4
6745,2024-09-03,1383.81,completed,Books,East,7,3
6746,2024-09-03,2249.67,pending,Books,West,36,3
6747,2024-09-03,841.64,completed,Sports,Central,27,2
6748,2024-09-03,3047.99,completed,Home,Central,34,2
6749,2024-09-03,2201.34,completed,Home,East,4,2
6750,2024-09-03,2522.27,failed,Sports,South,23,1
6751,2024-09-03,3839.34,completed,Food,South,10,5
6752,2024-09-03,4102.97,pending,Food,South,18,4
6753,2024-09-03,617.73,completed,Books,West,6,3
6754,2024-09-03,3344.66,completed,Electronics,South,1,5
6755,2024-09-03,2195.88,completed,Electronics,East,27,2
6756,2024-09-03,2392.23,completed,Electronics,West,46,1
6757,2024-09-03,3228.8,failed,Home,East,47,1
6758,2024-09-03,4789.75,completed,Food,East,6,4
6759,2024-09-03,4944.38,completed,Clothing,Central,4,3
6760,2024-09-03,1890.02,completed,Clothing,South,11,1
6761,2024-09-03,3809.13,completed,Sports,West,4,2
6762,2024-09-03,126.93,failed,Home,East,18,5
6763,2024-09-03,3179.02,completed,Home,West,17,1
6764,2024-09-03,2535.15,completed,Books,South,30,3
6765,2024-09-03,3810.77,completed,Food,West,28,1
6766,2024-09-03,2880.05,completed,Electronics,North,30,2
6767,2024-09-03,2912.09,completed,Books,North,38,2
6768,2024-09-04,3851.47,completed,Food,South,22,1
6769,2024-09-04,49.9,completed,Electronics,East,34,1
6770,2024-09-04,3738.91,completed,Food,North,21,2
6771,2024-09-04,2882.83,pending,Food,Central,28,2
6772,2024-09-04,797.34,completed,Books,South,19,5
6773,2024-09-04,1222.09,completed,Sports,North,27,5
6774,2024-09-04,1418.95,pending,Electronics,South,18,2
6775,2024-09-04,4365.38,completed,Books,Central,17,2
6776,2024-09-04,4299.36,completed,Food,Central,32,1
6777,2024-09-04,4502.73,completed,Sports,North,38,3
6778,2024-09-04,3941.11,completed,Food,Central,23,5
6779,2024-09-04,4420.83,pending,Food,North,23,5
6780,2024-09-04,4843.67,completed,Clothing,North,4,2
6781,2024-09-04,3943.36,pending,Food,West,26,5
6782,2024-09-04,2745.4,completed,Food,East,40,4
6783,2024-09-04,3827.02,completed,Home,West,1,4
6784,2024-09-04,1961.81,refunded,Sports,South,21,3
6785,2024-09-04,3019.8,completed,Home,South,9,4
6786,2024-09-04,4299.76,completed,Food,South,14,1
6787,2024-09-04,841.75,completed,Books,East,42,3
6788,2024-09-04,969.99,pending,Home,South,29,2
6789,2024-09-04,4319.17,completed,Home,North,41,5
6790,2024-09-04,1721.0,completed,Sports,Central,10,3
6791,2024-09-04,842.42,failed,Home,East,26,4
6792,2024-09-04,339.92,pending,Clothing,West,2,5
6793,2024-09-04,2084.33,completed,Electronics,North,16,1
6794,2024-09-04,2776.18,completed,Food,Central,3,4
6795,2024-09-05,1932.22,refunded,Home,South,35,2
6796,2024-09-05,3024.41,failed,Electronics,South,36,2
6797,2024-09-05,3563.3,failed,Books,North,1,1
6798,2024-09-05,1057.29,pending,Electronics,South,46,4
6799,2024-09-05,761.48,completed,Home,North,24,4
6800,2024-09-05,3497.35,pending,Food,West,26,1
6801,2024-09-05,3169.99,completed,Home,South,20,1
6802,2024-09-05,3834.68,completed,Books,South,43,2
6803,2024-09-05,725.9,completed,Clothing,South,10,1
6804,2024-09-05,1382.34,refunded,Electronics,South,43,4
6805,2024-09-05,4350.15,completed,Home,North,34,4
6806,2024-09-05,987.81,pending,Clothing,Central,43,5
6807,2024-09-05,374.13,completed,Electronics,East,13,5
6808,2024-09-05,921.5,pending,Food,Central,22,5
6809,2024-09-05,2766.25,completed,Electronics,South,7,5
6810,2024-09-05,1131.76,completed,Sports,North,24,2
6811,2024-09-05,4241.6,pending,Sports,East,41,1
6812,2024-09-05,2607.62,completed,Clothing,South,15,4
6813,2024-09-05,1936.39,completed,Sports,Central,29,2
6814,2024-09-05,1847.02,completed,Sports,East,24,3
6815,2024-09-05,1303.0,completed,Clothing,North,18,5
6816,2024-09-05,4653.82,completed,Home,West,6,1
6817,2024-09-05,3287.71,completed,Electronics,West,42,1
6818,2024-09-05,4384.75,pending,Electronics,North,27,1
6819,2024-09-05,4830.72,completed,Food,East,32,3
6820,2024-09-05,3792.3,completed,Home,South,20,5
6821,2024-09-05,3066.27,completed,Clothing,Central,44,3
6822,2024-09-05,4782.68,pending,Books,North,14,2
6823,2024-09-06,4249.79,pending,Home,Central,37,2
6824,2024-09-06,2394.02,completed,Home,West,31,3
6825,2024-09-06,2561.14,failed,Food,South,12,5
6826,2024-09-06,3353.31,completed,Home,West,48,5
6827,2024-09-06,3679.6,completed,Books,Central,7,3
6828,2024-09-06,979.72,pending,Clothing,East,49,4
6829,2024-09-06,1517.19,pending,Electronics,South,18,3
6830,2024-09-06,4230.79,pending,Home,East,46,5
6831,2024-09-06,4617.04,completed,Home,West,31,5
6832,2024-09-06,3423.3,completed,Books,South,2,2
6833,2024-09-06,2836.43,completed,Electronics,East,13,4
6834,2024-09-06,593.87,completed,Home,East,20,2
6835,2024-09-06,3754.72,completed,Clothing,West,1,5
6836,2024-09-06,2727.2,completed,Home,East,43,5
6837,2024-09-06,4062.34,pending,Home,West,4,4
6838,2024-09-06,1117.73,pending,Food,West,29,5
6839,2024-09-06,3114.01,completed,Food,West,19,1
6840,2024-09-06,1132.85,completed,Electronics,South,1,4
6841,2024-09-06,890.99,refunded,Food,East,33,4
6842,2024-09-06,2333.12,completed,Food,East,17,2
6843,2024-09-06,2799.03,completed,Sports,South,45,1
6844,2024-09-06,4553.67,completed,Clothing,East,30,2
6845,2024-09-06,4555.69,failed,Clothing,East,39,4
6846,2024-09-06,3671.78,completed,Electronics,West,18,3
6847,2024-09-06,1426.32,completed,Books,West,20,5
6848,2024-09-06,4082.1,completed,Food,Central,30,4
6849,2024-09-06,255.52,pending,Food,West,34,5
6850,2024-09-07,2651.89,completed,Home,East,13,2
6851,2024-09-07,2602.18,pending,Home,West,1,4
6852,2024-09-07,3588.66,completed,Books,West,49,2
6853,2024-09-07,1125.49,completed,Home,West,5,1
6854,2024-09-07,4398.92,completed,Books,South,15,5
6855,2024-09-07,726.33,completed,Clothing,Central,48,4
6856,2024-09-07,615.12,completed,Clothing,West,10,4
6857,2024-09-07,2052.78,completed,Home,North,13,4
6858,2024-09-07,3428.0,completed,Food,North,19,3
6859,2024-09-07,2392.59,completed,Food,West,32,2
6860,2024-09-07,488.86,completed,Clothing,South,29,3
6861,2024-09-07,2471.98,completed,Clothing,West,15,1
6862,2024-09-07,1093.36,completed,Clothing,East,37,1
6863,2024-09-07,4991.83,completed,Clothing,South,27,5
6864,2024-09-07,3287.94,completed,Books,South,35,5
6865,2024-09-07,1449.01,completed,Sports,North,25,4
6866,2024-09-07,3936.18,completed,Food,North,4,3
6867,2024-09-07,646.34,completed,Books,Central,26,1
6868,2024-09-07,2961.28,completed,Sports,West,26,3
6869,2024-09-07,126.54,pending,Food,East,15,4
6870,2024-09-07,850.95,completed,Food,East,29,1
6871,2024-09-07,4910.85,completed,Food,South,22,2
6872,2024-09-07,1993.25,completed,Books,Central,49,4
6873,2024-09-07,758.18,completed,Electronics,South,31,5
6874,2024-09-07,1651.0,completed,Home,North,39,5
6875,2024-09-07,3872.87,completed,Clothing,South,39,4
6876,2024-09-07,3133.81,completed,Books,North,24,4
6877,2024-09-07,213.69,completed,Food,Central,5,4
6878,2024-09-08,3190.14,completed,Home,East,5,5
6879,2024-09-08,4703.68,pending,Sports,North,30,2
6880,2024-09-08,2446.59,pending,Clothing,East,31,5
6881,2024-09-08,147.13,completed,Food,Central,35,2
6882,2024-09-08,624.51,pending,Clothing,Central,15,5
6883,2024-09-08,3644.59,pending,Food,South,39,2
6884,2024-09-08,3433.64,completed,Sports,East,2,1
6885,2024-09-08,1792.45,failed,Clothing,Central,30,3
6886,2024-09-08,2260.7,completed,Home,North,6,3
6887,2024-09-08,2697.16,completed,Food,South,11,1
6888,2024-09-08,449.87,completed,Home,East,21,5
6889,2024-09-08,3957.78,completed,Home,North,37,1
6890,2024-09-08,1110.12,failed,Sports,North,38,2
6891,2024-09-08,746.64,completed,Electronics,West,28,3
6892,2024-09-08,1223.93,completed,Home,South,42,4
6893,2024-09-08,228.72,failed,Sports,Central,1,1
6894,2024-09-08,4625.27,pending,Books,South,10,1
6895,2024-09-08,3750.71,refunded,Home,West,2,5
6896,2024-09-08,2317.19,pending,Sports,West,22,3
6897,2024-09-08,3240.52,completed,Sports,West,44,3
6898,2024-09-08,4712.36,completed,Books,East,32,3
6899,2024-09-08,2733.49,pending,Books,South,43,4
6900,2024-09-08,2827.08,completed,Food,West,17,2
6901,2024-09-08,140.42,failed,Sports,West,34,2
6902,2024-09-08,2011.89,failed,Electronics,South,37,4
6903,2024-09-08,3323.26,completed,Food,North,2,3
6904,2024-09-08,1360.4,refunded,Sports,West,4,1
6905,2024-09-09,4481.46,completed,Electronics,Central,41,3
6906,2024-09-09,3063.85,completed,Home,West,37,4
6907,2024-09-09,2713.4,completed,Books,North,7,3
6908,2024-09-09,1129.81,completed,Books,East,37,3
6909,2024-09-09,2409.69,completed,Electronics,West,26,3
6910,2024-09-09,1188.57,failed,Electronics,North,2,1
6911,2024-09-09,4042.31,completed,Electronics,East,35,1
6912,2024-09-09,2362.27,refunded,Food,Central,10,2
6913,2024-09-09,4402.3,pending,Sports,Central,7,1
6914,2024-09-09,2851.61,completed,Food,East,32,1
6915,2024-09-09,3320.25,completed,Books,West,17,5
6916,2024-09-09,1143.06,completed,Books,South,23,5
6917,2024-09-09,1756.05,completed,Sports,East,45,4
6918,2024-09-09,3354.9,completed,Sports,East,14,5
6919,2024-09-09,4053.03,completed,Clothing,South,35,3
6920,2024-09-09,3537.35,pending,Food,West,11,4
6921,2024-09-09,4835.5,completed,Books,East,31,5
6922,2024-09-09,763.12,completed,Food,West,27,4
6923,2024-09-09,771.38,completed,Food,West,3,2
6924,2024-09-09,1999.9,completed,Home,North,14,5
6925,2024-09-09,1570.96,failed,Sports,East,15,1
6926,2024-09-09,426.7,completed,Books,Central,19,3
6927,2024-09-09,3275.36,completed,Sports,Central,19,5
6928,2024-09-09,3081.95,pending,Clothing,Central,4,1
6929,2024-09-09,888.34,refunded,Books,North,4,2
6930,2024-09-09,3036.55,completed,Sports,Central,24,5
6931,2024-09-09,4924.13,pending,Electronics,North,10,1
6932,2024-09-10,2472.34,completed,Clothing,West,14,1
6933,2024-09-10,3490.05,completed,Sports,West,35,2
6934,2024-09-10,3107.22,failed,Home,East,40,1
6935,2024-09-10,1328.82,failed,Food,South,7,4
6936,2024-09-10,2879.65,failed,Books,North,23,5
6937,2024-09-10,2998.7,completed,Books,North,7,3
6938,2024-09-10,4661.56,completed,Electronics,West,15,5
6939,2024-09-10,4230.65,completed,Clothing,North,20,2
6940,2024-09-10,2011.38,pending,Sports,South,18,1
6941,2024-09-10,4460.44,completed,Sports,Central,46,3
6942,2024-09-10,1271.61,completed,Food,West,9,2
6943,2024-09-10,2411.39,completed,Sports,South,31,1
6944,2024-09-10,4133.73,failed,Electronics,Central,10,4
6945,2024-09-10,2955.17,completed,Electronics,East,12,4
6946,2024-09-10,3166.1,completed,Food,West,4,4
6947,2024-09-10,3591.53,completed,Electronics,South,37,1
6948,2024-09-10,4975.64,completed,Books,West,33,4
6949,2024-09-10,1418.28,completed,Sports,South,1,2
6950,2024-09-10,4345.3,completed,Sports,Central,25,1
6951,2024-09-10,1727.72,completed,Sports,West,11,2
6952,2024-09-10,2368.91,pending,Sports,Central,9,1
6953,2024-09-10,3734.81,failed,Home,Central,15,2
6954,2024-09-10,1647.58,completed,Food,North,26,1
6955,2024-09-10,3171.77,completed,Food,Central,49,4
6956,2024-09-10,4316.64,completed,Sports,South,31,2
6957,2024-09-10,3301.6,completed,Sports,South,12,5
6958,2024-09-10,3500.99,completed,Books,South,48,5
6959,2024-09-10,1489.68,completed,Books,South,37,5
6960,2024-09-11,4330.41,refunded,Home,Central,10,3
6961,2024-09-11,1067.43,completed,Home,Central,34,5
6962,2024-09-11,872.13,completed,Home,Central,13,2
6963,2024-09-11,591.94,completed,Books,East,24,2
6964,2024-09-11,2222.08,completed,Clothing,North,24,5
6965,2024-09-11,4233.75,completed,Electronics,North,33,2
6966,2024-09-11,2871.01,pending,Electronics,South,27,3
6967,2024-09-11,2693.63,refunded,Sports,West,31,1
6968,2024-09-11,2184.21,completed,Electronics,North,13,3
6969,2024-09-11,4032.95,failed,Books,East,44,1
6970,2024-09-11,808.53,completed,Clothing,Central,39,5
6971,2024-09-11,2799.12,completed,Home,Central,3,5
6972,2024-09-11,354.25,failed,Books,South,36,1
6973,2024-09-11,3845.67,completed,Food,Central,43,3
6974,2024-09-11,3920.69,pending,Sports,West,1,2
6975,2024-09-11,535.13,completed,Sports,North,14,3
6976,2024-09-11,3984.59,completed,Home,North,46,2
6977,2024-09-11,1068.41,pending,Home,Central,36,1
6978,2024-09-11,4512.76,pending,Clothing,Central,19,2
6979,2024-09-11,2531.75,completed,Clothing,North,28,1
6980,2024-09-11,1764.25,completed,Sports,North,34,1
6981,2024-09-11,3469.53,completed,Clothing,Central,40,4
6982,2024-09-11,662.49,completed,Electronics,North,22,5
6983,2024-09-11,3271.71,completed,Food,East,44,4
6984,2024-09-11,2378.08,completed,Electronics,East,21,4
6985,2024-09-11,2197.29,completed,Clothing,South,13,4
6986,2024-09-11,741.34,completed,Sports,Central,18,4
6987,2024-09-12,3862.58,completed,Clothing,North,36,1
6988,2024-09-12,2518.04,pending,Clothing,East,3,5
6989,2024-09-12,28.9,completed,Home,West,30,5
6990,2024-09-12,1856.87,pending,Books,East,46,2
6991,2024-09-12,4665.63,pending,Food,Central,11,2
6992,2024-09-12,1888.08,pending,Home,East,31,1
6993,2024-09-12,1831.65,completed,Home,West,21,4
6994,2024-09-12,849.71,completed,Food,South,3,3
6995,2024-09-12,2165.9,completed,Books,West,43,5
6996,2024-09-12,731.31,completed,Food,South,43,1
6997,2024-09-12,3810.82,completed,Books,West,31,2
6998,2024-09-12,3208.73,completed,Clothing,West,38,1
6999,2024-09-12,1315.41,completed,Food,West,29,2
7000,2024-09-12,640.12,completed,Food,East,11,5
7001,2024-09-12,3444.48,failed,Electronics,North,28,4
7002,2024-09-12,78.36,completed,Sports,Central,16,1
7003,2024-09-12,4909.01,pending,Books,Central,36,5
7004,2024-09-12,1038.54,completed,Sports,South,4,2
7005,2024-09-12,771.41,failed,Clothing,North,19,5
7006,2024-09-12,623.77,failed,Home,North,21,3
7007,2024-09-12,3781.75,completed,Sports,Central,17,1
7008,2024-09-12,4841.91,failed,Clothing,South,26,5
7009,2024-09-12,3505.52,completed,Food,East,39,4
7010,2024-09-12,4446.12,pending,Food,South,26,5
7011,2024-09-12,1741.48,completed,Electronics,Central,23,3
7012,2024-09-12,733.71,pending,Sports,East,34,5
7013,2024-09-12,3211.17,pending,Electronics,North,13,2
7014,2024-09-13,1562.93,completed,Home,West,43,1
7015,2024-09-13,1975.33,completed,Electronics,Central,20,5
7016,2024-09-13,4310.68,completed,Books,East,7,5
7017,2024-09-13,1972.02,completed,Food,West,24,1
7018,2024-09-13,144.1,completed,Food,South,37,2
7019,2024-09-13,2628.21,completed,Electronics,North,34,4
7020,2024-09-13,1521.2,completed,Home,East,49,1
7021,2024-09-13,1478.02,completed,Electronics,North,30,1
7022,2024-09-13,4366.11,pending,Sports,West,22,1
7023,2024-09-13,2097.85,pending,Books,Central,6,3
7024,2024-09-13,4968.13,completed,Books,West,18,4
7025,2024-09-13,434.53,pending,Food,West,11,3
7026,2024-09-13,3649.23,completed,Electronics,West,9,3
7027,2024-09-13,4140.91,completed,Books,North,20,5
7028,2024-09-13,3159.52,completed,Home,Central,9,3
7029,2024-09-13,424.11,completed,Clothing,East,47,5
7030,2024-09-13,43.63,pending,Food,South,5,2
7031,2024-09-13,4065.47,completed,Clothing,Central,7,1
7032,2024-09-13,4636.47,pending,Clothing,North,45,5
7033,2024-09-13,4492.47,pending,Books,East,18,5
7034,2024-09-13,2908.09,completed,Books,South,28,1
7035,2024-09-13,1504.31,refunded,Electronics,West,14,2
7036,2024-09-13,1310.89,completed,Electronics,Central,6,2
7037,2024-09-13,3944.06,completed,Electronics,South,17,2
7038,2024-09-13,4134.02,pending,Home,North,41,2
7039,2024-09-13,3219.62,completed,Electronics,Central,19,1
7040,2024-09-13,4972.08,completed,Sports,North,39,4
7041,2024-09-13,4789.61,completed,Home,North,35,4
7042,2024-09-14,115.18,failed,Clothing,West,4,4
7043,2024-09-14,2786.22,completed,Electronics,North,33,1
7044,2024-09-14,4076.13,pending,Sports,West,25,2
7045,2024-09-14,4308.95,completed,Books,Central,34,2
7046,2024-09-14,1110.02,completed,Home,West,33,1
7047,2024-09-14,3360.25,completed,Books,South,18,3
7048,2024-09-14,2003.33,pending,Electronics,South,45,2
7049,2024-09-14,4861.69,completed,Home,North,29,3
7050,2024-09-14,958.7,completed,Electronics,West,41,2
7051,2024-09-14,2482.41,completed,Food,East,17,3
7052,2024-09-14,3156.51,completed,Clothing,Central,28,4
7053,2024-09-14,2833.49,completed,Food,South,20,1
7054,2024-09-14,3843.77,failed,Home,East,35,2
7055,2024-09-14,2898.15,completed,Books,West,40,1
7056,2024-09-14,3054.64,refunded,Food,North,23,3
7057,2024-09-14,4189.76,failed,Home,East,22,3
7058,2024-09-14,581.21,completed,Sports,West,31,4
7059,2024-09-14,3928.72,completed,Electronics,North,46,5
7060,2024-09-14,2478.77,refunded,Food,West,19,3
7061,2024-09-14,3451.86,completed,Electronics,Central,26,2
7062,2024-09-14,3120.13,failed,Food,South,23,3
7063,2024-09-14,1756.35,failed,Sports,West,29,3
7064,2024-09-14,1572.46,completed,Home,South,42,1
7065,2024-09-14,813.23,failed,Electronics,West,29,3
7066,2024-09-14,903.83,refunded,Clothing,Central,6,4
7067,2024-09-14,1164.64,completed,Electronics,Central,27,3
7068,2024-09-14,544.61,completed,Electronics,South,28,2
7069,2024-09-15,3068.04,completed,Electronics,North,37,2
7070,2024-09-15,1745.21,refunded,Sports,North,13,2
7071,2024-09-15,3666.05,completed,Food,Central,34,4
7072,2024-09-15,4960.54,failed,Sports,South,33,1
7073,2024-09-15,2844.93,pending,Food,Central,47,3
7074,2024-09-15,2003.12,completed,Books,East,11,4
7075,2024-09-15,1457.93,completed,Home,East,46,4
7076,2024-09-15,1322.75,completed,Books,East,43,3
7077,2024-09-15,1137.43,pending,Home,South,41,5
7078,2024-09-15,2252.9,completed,Clothing,East,24,4
7079,2024-09-15,967.42,completed,Home,West,17,3
7080,2024-09-15,893.03,pending,Books,West,38,4
7081,2024-09-15,97.51,completed,Food,North,19,1
7082,2024-09-15,1723.7,completed,Home,Central,6,5
7083,2024-09-15,163.08,completed,Clothing,East,19,5
7084,2024-09-15,1131.82,completed,Electronics,West,10,3
7085,2024-09-15,2319.72,failed,Home,Central,17,4
7086,2024-09-15,573.17,completed,Electronics,South,11,4
7087,2024-09-15,2023.0,failed,Food,East,47,3
7088,2024-09-15,3595.86,refunded,Books,South,40,5
7089,2024-09-15,1240.23,completed,Clothing,South,17,4
7090,2024-09-15,40.77,failed,Sports,Central,18,4
7091,2024-09-15,16.98,completed,Home,Central,3,5
7092,2024-09-15,3748.4,completed,Sports,East,3,3
7093,2024-09-15,3393.06,completed,Food,West,28,2
7094,2024-09-15,4890.1,completed,Sports,South,40,5
7095,2024-09-15,2249.94,completed,Electronics,East,2,1
7096,2024-09-15,3277.9,completed,Home,North,45,5
7097,2024-09-16,3363.64,completed,Home,North,49,4
7098,2024-09-16,841.32,completed,Sports,South,39,3
7099,2024-09-16,994.18,completed,Sports,Central,12,4
7100,2024-09-16,3598.86,completed,Clothing,Central,40,5
7101,2024-09-16,411.41,completed,Food,North,1,5
7102,2024-09-16,287.63,completed,Home,Central,37,3
7103,2024-09-16,4921.55,completed,Food,Central,37,4
7104,2024-09-16,2939.57,completed,Food,West,49,2
7105,2024-09-16,1411.24,completed,Food,West,30,3
7106,2024-09-16,3120.09,failed,Books,West,5,3
7107,2024-09-16,4242.76,completed,Books,South,1,2
7108,2024-09-16,2057.15,failed,Electronics,East,31,5
7109,2024-09-16,4045.66,completed,Sports,South,15,5
7110,2024-09-16,3399.87,completed,Books,Central,37,1
7111,2024-09-16,1333.92,completed,Home,Central,7,2
7112,2024-09-16,1944.61,completed,Sports,East,1,2
7113,2024-09-16,3584.54,completed,Books,East,6,4
7114,2024-09-16,4460.51,completed,Clothing,Central,35,4
7115,2024-09-16,125.56,completed,Clothing,North,11,3
7116,2024-09-16,2382.6,completed,Home,East,16,5
7117,2024-09-16,1912.59,failed,Sports,North,49,2
7118,2024-09-16,4085.93,completed,Electronics,Central,44,5
7119,2024-09-16,3910.42,completed,Sports,Central,15,5
7120,2024-09-16,4645.59,completed,Food,East,45,1
7121,2024-09-16,3424.79,completed,Books,West,43,5
7122,2024-09-16,4838.04,completed,Food,North,8,1
7123,2024-09-16,4998.32,completed,Food,Central,6,5
7124,2024-09-17,3165.33,completed,Sports,East,20,1
7125,2024-09-17,186.96,pending,Food,South,41,5
7126,2024-09-17,1353.92,completed,Sports,West,3,2
7127,2024-09-17,1339.39,completed,Home,Central,44,5
7128,2024-09-17,3892.97,completed,Food,South,19,2
7129,2024-09-17,3524.07,completed,Food,South,6,3
7130,2024-09-17,1222.52,completed,Sports,East,6,4
7131,2024-09-17,883.26,completed,Home,Central,21,2
7132,2024-09-17,1602.8,completed,Home,South,20,2
7133,2024-09-17,948.02,completed,Books,West,29,4
7134,2024-09-17,4892.67,pending,Sports,South,8,5
7135,2024-09-17,686.11,completed,Electronics,South,18,2
7136,2024-09-17,2486.59,completed,Home,West,27,2
7137,2024-09-17,2753.23,completed,Food,South,11,4
7138,2024-09-17,3719.84,pending,Sports,Central,29,1
7139,2024-09-17,2286.76,completed,Books,North,29,3
7140,2024-09-17,2396.59,completed,Sports,North,19,4
7141,2024-09-17,4441.9,failed,Home,Central,26,3
7142,2024-09-17,2763.68,completed,Food,West,39,1
7143,2024-09-17,2385.49,completed,Sports,East,29,2
7144,2024-09-17,4585.75,completed,Sports,East,15,3
7145,2024-09-17,3835.57,pending,Books,East,4,4
7146,2024-09-17,588.97,completed,Food,North,14,5
7147,2024-09-17,238.61,completed,Electronics,East,29,1
7148,2024-09-17,3792.08,completed,Electronics,North,11,3
7149,2024-09-17,2199.45,failed,Books,East,23,2
7150,2024-09-17,4013.38,pending,Clothing,South,43,5
7151,2024-09-18,4333.23,completed,Food,West,9,2
7152,2024-09-18,3631.69,refunded,Home,East,33,4
7153,2024-09-18,2971.97,completed,Sports,East,41,1
7154,2024-09-18,4764.13,completed,Clothing,West,29,3
7155,2024-09-18,2973.85,completed,Books,South,33,2
7156,2024-09-18,4892.34,completed,Clothing,East,42,3
7157,2024-09-18,4549.55,completed,Electronics,North,11,5
7158,2024-09-18,2318.53,pending,Food,North,8,1
7159,2024-09-18,442.63,completed,Clothing,South,21,2
7160,2024-09-18,2061.45,completed,Books,West,7,1
7161,2024-09-18,3608.22,completed,Electronics,South,45,1
7162,2024-09-18,1670.9,completed,Sports,Central,5,5
7163,2024-09-18,2450.12,completed,Electronics,West,36,5
7164,2024-09-18,2269.42,pending,Home,East,26,1
7165,2024-09-18,12.2,completed,Electronics,South,19,1
7166,2024-09-18,3188.17,refunded,Electronics,West,32,3
7167,2024-09-18,1816.1,pending,Books,South,29,5
7168,2024-09-18,4552.33,completed,Books,South,40,1
7169,2024-09-18,589.8,failed,Electronics,East,20,1
7170,2024-09-18,3651.01,completed,Clothing,West,18,5
7171,2024-09-18,2865.71,pending,Food,East,34,1
7172,2024-09-18,4176.31,failed,Clothing,West,45,3
7173,2024-09-18,1942.41,failed,Food,East,17,2
7174,2024-09-18,736.54,failed,Electronics,East,37,4
7175,2024-09-18,1212.42,failed,Books,East,13,4
7176,2024-09-18,2691.9,failed,Books,West,16,2
7177,2024-09-18,2325.88,completed,Clothing,North,31,1
7178,2024-09-18,312.42,completed,Home,West,42,1
7179,2024-09-19,2447.02,completed,Food,West,12,3
7180,2024-09-19,1171.3,completed,Electronics,East,10,1
7181,2024-09-19,2972.86,completed,Food,South,38,5
7182,2024-09-19,3270.61,pending,Electronics,Central,24,5
7183,2024-09-19,785.65,pending,Home,Central,36,4
7184,2024-09-19,2227.38,completed,Sports,North,26,1
7185,2024-09-19,137.47,completed,Clothing,East,45,5
7186,2024-09-19,3918.29,pending,Home,Central,13,4
7187,2024-09-19,594.91,failed,Sports,North,45,3
7188,2024-09-19,2427.19,failed,Food,West,42,5
7189,2024-09-19,3182.28,completed,Clothing,East,31,2
7190,2024-09-19,2652.2,completed,Food,North,5,2
7191,2024-09-19,4438.14,refunded,Home,West,32,4
7192,2024-09-19,3698.8,completed,Home,South,40,5
7193,2024-09-19,184.61,completed,Electronics,South,3,2
7194,2024-09-19,2874.51,completed,Food,South,19,1
7195,2024-09-19,1692.52,completed,Sports,East,11,5
7196,2024-09-19,1921.48,pending,Home,Central,7,1
7197,2024-09-19,1291.47,completed,Sports,South,8,2
7198,2024-09-19,3036.95,failed,Clothing,East,20,4
7199,2024-09-19,4387.1,failed,Food,West,8,3
7200,2024-09-19,2911.71,failed,Electronics,North,10,3
7201,2024-09-19,1001.29,completed,Electronics,Central,16,3
7202,2024-09-19,249.29,refunded,Sports,Central,39,4
7203,2024-09-19,1177.12,completed,Home,Central,40,4
7204,2024-09-19,3375.13,completed,Home,West,5,2
7205,2024-09-19,4320.7,failed,Food,Central,26,1
7206,2024-09-20,4615.49,completed,Electronics,North,34,3
7207,2024-09-20,4582.34,completed,Home,Central,42,5
7208,2024-09-20,4709.43,completed,Food,West,13,1
7209,2024-09-20,3137.93,completed,Sports,South,18,5
7210,2024-09-20,579.62,completed,Electronics,South,47,3
7211,2024-09-20,753.02,completed,Sports,Central,25,4
7212,2024-09-20,2870.76,completed,Electronics,West,27,3
7213,2024-09-20,486.46,pending,Sports,North,46,5
7214,2024-09-20,3201.03,completed,Clothing,West,40,3
7215,2024-09-20,3461.78,refunded,Sports,Central,9,4
7216,2024-09-20,678.24,completed,Electronics,West,31,1
7217,2024-09-20,3799.47,pending,Clothing,North,34,3
7218,2024-09-20,2193.5,completed,Home,Central,14,1
7219,2024-09-20,329.56,completed,Clothing,East,26,5
7220,2024-09-20,1636.16,pending,Electronics,West,44,2
7221,2024-09-20,4862.14,pending,Food,East,30,5
7222,2024-09-20,4319.94,completed,Sports,North,10,3
7223,2024-09-20,4031.37,completed,Books,North,47,2
7224,2024-09-20,4071.32,pending,Food,South,15,4
7225,2024-09-20,2444.26,pending,Home,West,42,4
7226,2024-09-20,2691.23,failed,Home,North,11,1
7227,2024-09-20,4513.0,completed,Books,North,42,4
7228,2024-09-20,315.21,completed,Electronics,West,2,4
7229,2024-09-20,1873.35,failed,Books,Central,46,2
7230,2024-09-20,286.58,completed,Clothing,West,39,2
7231,2024-09-20,1656.29,completed,Clothing,West,4,4
7232,2024-09-20,1081.26,completed,Clothing,South,8,2
7233,2024-09-20,2719.63,refunded,Books,West,32,4
7234,2024-09-21,3523.01,completed,Electronics,North,25,3
7235,2024-09-21,2617.7,completed,Home,West,14,4
7236,2024-09-21,4090.21,completed,Food,East,26,3
7237,2024-09-21,1146.97,completed,Sports,Central,42,5
7238,2024-09-21,4177.33,completed,Sports,Central,36,4
7239,2024-09-21,3818.56,completed,Home,East,5,5
7240,2024-09-21,30.32,completed,Clothing,East,43,3
7241,2024-09-21,4236.95,completed,Books,South,40,2
7242,2024-09-21,4414.87,completed,Books,Central,43,4
7243,2024-09-21,2048.36,completed,Sports,East,21,5
7244,2024-09-21,1855.15,completed,Home,Central,34,4
7245,2024-09-21,2503.83,completed,Electronics,South,20,2
7246,2024-09-21,1228.41,completed,Books,Central,27,5
7247,2024-09-21,3687.39,completed,Books,South,42,5
7248,2024-09-21,2781.91,completed,Books,South,48,3
7249,2024-09-21,432.39,pending,Home,Central,40,5
7250,2024-09-21,4297.74,failed,Electronics,South,34,4
7251,2024-09-21,1558.06,pending,Electronics,East,11,2
7252,2024-09-21,1226.26,pending,Clothing,West,42,2
7253,2024-09-21,3862.1,refunded,Home,West,7,5
7254,2024-09-21,2485.28,completed,Food,West,45,4
7255,2024-09-21,4679.47,completed,Sports,West,7,2
7256,2024-09-21,1210.71,completed,Sports,West,10,4
7257,2024-09-21,3000.74,completed,Sports,North,15,2
7258,2024-09-21,178.6,completed,Food,West,16,1
7259,2024-09-21,4911.42,completed,Electronics,East,3,2
7260,2024-09-21,62.21,completed,Books,East,25,3
7261,2024-09-22,1391.6,completed,Home,South,5,1
7262,2024-09-22,109.16,completed,Sports,East,18,5
7263,2024-09-22,1374.33,completed,Sports,West,21,1
7264,2024-09-22,4737.77,completed,Clothing,South,42,2
7265,2024-09-22,1862.08,completed,Clothing,Central,45,3
7266,2024-09-22,2303.61,completed,Clothing,East,11,3
7267,2024-09-22,4481.73,failed,Books,Central,8,5
7268,2024-09-22,90.07,completed,Food,South,39,3
7269,2024-09-22,4566.98,pending,Sports,Central,44,5
7270,2024-09-22,4906.12,pending,Sports,North,26,5
7271,2024-09-22,2225.36,pending,Electronics,West,17,3
7272,2024-09-22,959.94,completed,Sports,South,33,5
7273,2024-09-22,3455.63,completed,Food,West,28,3
7274,2024-09-22,3870.25,failed,Home,East,7,3
7275,2024-09-22,2078.41,completed,Sports,West,20,3
7276,2024-09-22,4077.78,completed,Books,South,46,2
7277,2024-09-22,1202.05,completed,Food,North,28,3
7278,2024-09-22,235.75,failed,Books,South,20,2
7279,2024-09-22,3202.15,failed,Clothing,Central,15,4
7280,2024-09-22,2641.54,completed,Clothing,South,34,4
7281,2024-09-22,207.73,refunded,Books,West,4,5
7282,2024-09-22,1081.28,completed,Sports,South,44,3
7283,2024-09-22,2923.12,completed,Food,West,43,5
7284,2024-09-22,3270.56,pending,Food,East,18,5
7285,2024-09-22,3384.85,completed,Food,East,24,5
7286,2024-09-22,2038.92,completed,Sports,South,36,5
7287,2024-09-22,3710.65,failed,Clothing,West,47,1
7288,2024-09-23,3439.15,completed,Food,South,5,3
7289,2024-09-23,699.19,completed,Electronics,West,27,1
7290,2024-09-23,2919.95,failed,Sports,Central,13,1
7291,2024-09-23,944.78,failed,Home,North,44,1
7292,2024-09-23,3374.86,completed,Books,West,22,2
7293,2024-09-23,3100.41,completed,Books,Central,12,3
7294,2024-09-23,4630.6,refunded,Electronics,West,9,3
7295,2024-09-23,967.47,completed,Electronics,Central,16,3
7296,2024-09-23,2158.75,pending,Sports,West,10,4
7297,2024-09-23,523.98,failed,Clothing,South,6,5
7298,2024-09-23,1560.01,completed,Food,West,35,5
7299,2024-09-23,3435.29,completed,Clothing,East,29,2
7300,2024-09-23,933.74,completed,Electronics,North,39,3
7301,2024-09-23,4157.34,completed,Books,North,6,1
7302,2024-09-23,2209.97,completed,Books,North,41,3
7303,2024-09-23,1818.18,completed,Food,East,24,1
7304,2024-09-23,3982.24,completed,Clothing,East,8,5
7305,2024-09-23,4065.41,completed,Clothing,West,4,2
7306,2024-09-23,483.06,completed,Sports,North,30,5
7307,2024-09-23,4935.8,completed,Electronics,South,23,1
7308,2024-09-23,3918.56,refunded,Books,North,34,2
7309,2024-09-23,1884.2,completed,Electronics,West,41,4
7310,2024-09-23,260.18,completed,Sports,Central,32,3
7311,2024-09-23,1070.57,completed,Electronics,North,3,5
7312,2024-09-23,705.84,completed,Home,Central,15,4
7313,2024-09-23,216.21,failed,Food,East,36,3
7314,2024-09-23,1814.99,completed,Clothing,West,45,2
7315,2024-09-23,777.24,failed,Electronics,West,8,2
7316,2024-09-24,2706.38,pending,Electronics,North,31,5
7317,2024-09-24,3482.68,completed,Books,East,9,4
7318,2024-09-24,1489.47,completed,Sports,North,3,2
7319,2024-09-24,991.57,completed,Sports,South,7,1
7320,2024-09-24,2788.18,failed,Home,West,13,3
7321,2024-09-24,4849.83,completed,Food,North,46,3
7322,2024-09-24,3607.27,completed,Sports,Central,28,1
7323,2024-09-24,2249.45,failed,Clothing,North,11,2
7324,2024-09-24,1178.39,completed,Electronics,West,21,3
7325,2024-09-24,2032.26,completed,Home,North,45,4
7326,2024-09-24,507.17,completed,Clothing,West,32,3
7327,2024-09-24,2944.99,pending,Books,East,46,2
7328,2024-09-24,1250.06,completed,Home,North,14,1
7329,2024-09-24,773.73,completed,Home,North,20,1
7330,2024-09-24,3833.06,failed,Home,West,25,2
7331,2024-09-24,1999.65,pending,Clothing,Central,7,3
7332,2024-09-24,3851.21,pending,Books,Central,33,5
7333,2024-09-24,1283.46,completed,Electronics,West,19,5
7334,2024-09-24,2656.09,completed,Books,South,35,4
7335,2024-09-24,275.17,failed,Food,West,17,5
7336,2024-09-24,2721.2,completed,Food,West,7,3
7337,2024-09-24,3064.86,completed,Clothing,North,1,4
7338,2024-09-24,4561.5,completed,Clothing,North,24,4
7339,2024-09-24,4814.61,completed,Home,West,17,5
7340,2024-09-24,2116.79,completed,Electronics,East,47,3
7341,2024-09-24,256.37,completed,Clothing,West,19,2
7342,2024-09-24,2971.61,completed,Sports,Central,13,2
7343,2024-09-25,3600.39,completed,Sports,West,23,5
7344,2024-09-25,933.1,pending,Electronics,South,33,4
7345,2024-09-25,1243.74,completed,Sports,East,7,4
7346,2024-09-25,3984.96,completed,Sports,Central,2,3
7347,2024-09-25,2319.09,failed,Clothing,Central,17,5
7348,2024-09-25,1553.29,completed,Home,South,30,1
7349,2024-09-25,4231.41,completed,Sports,North,24,4
7350,2024-09-25,835.83,completed,Sports,North,11,1
7351,2024-09-25,212.39,failed,Books,East,49,2
7352,2024-09-25,1097.5,completed,Home,North,30,5
7353,2024-09-25,3855.82,completed,Electronics,North,44,1
7354,2024-09-25,3323.04,completed,Electronics,South,23,3
7355,2024-09-25,228.83,pending,Electronics,East,15,4
7356,2024-09-25,830.43,completed,Home,West,33,4
7357,2024-09-25,719.99,completed,Electronics,North,41,4
7358,2024-09-25,1520.29,completed,Clothing,North,18,1
7359,2024-09-25,879.19,completed,Food,West,30,5
7360,2024-09-25,3413.45,completed,Electronics,South,38,3
7361,2024-09-25,4195.64,refunded,Books,Central,5,1
7362,2024-09-25,4370.38,completed,Books,Central,7,1
7363,2024-09-25,2386.07,completed,Electronics,East,31,1
7364,2024-09-25,673.43,completed,Food,South,4,4
7365,2024-09-25,252.75,pending,Home,West,28,2
7366,2024-09-25,1984.8,completed,Home,Central,16,3
7367,2024-09-25,2475.02,completed,Books,Central,9,4
7368,2024-09-25,736.39,pending,Sports,South,46,5
7369,2024-09-25,121.37,completed,Electronics,South,17,2
7370,2024-09-25,523.49,completed,Electronics,South,48,4
7371,2024-09-26,3686.87,pending,Electronics,East,36,2
7372,2024-09-26,981.39,completed,Books,Central,21,5
7373,2024-09-26,4056.94,completed,Food,West,30,4
7374,2024-09-26,4585.44,completed,Home,South,2,1
7375,2024-09-26,1652.29,completed,Sports,North,16,1
7376,2024-09-26,3232.8,completed,Sports,East,20,2
7377,2024-09-26,1450.99,completed,Food,West,43,3
7378,2024-09-26,3619.94,completed,Sports,East,31,2
7379,2024-09-26,1066.64,pending,Clothing,East,6,1
7380,2024-09-26,2029.61,completed,Books,Central,46,4
7381,2024-09-26,4311.82,completed,Books,North,33,5
7382,2024-09-26,3141.6,failed,Sports,Central,43,4
7383,2024-09-26,390.7,pending,Books,West,13,1
7384,2024-09-26,406.41,completed,Books,South,7,5
7385,2024-09-26,4930.33,completed,Food,North,37,3
7386,2024-09-26,1835.74,completed,Home,South,40,4
7387,2024-09-26,1014.58,completed,Home,East,4,2
7388,2024-09-26,2307.74,completed,Electronics,East,10,2
7389,2024-09-26,1845.51,completed,Sports,East,17,3
7390,2024-09-26,3296.76,completed,Books,North,44,1
7391,2024-09-26,2519.58,completed,Electronics,West,24,4
7392,2024-09-26,3168.37,completed,Home,Central,12,3
7393,2024-09-26,4289.3,completed,Food,Central,19,2
7394,2024-09-26,2353.88,pending,Books,North,31,1
7395,2024-09-26,3508.88,completed,Home,North,35,1
7396,2024-09-26,2397.59,completed,Home,North,40,1
7397,2024-09-26,4186.16,completed,Food,Central,41,5
7398,2024-09-27,2203.33,completed,Food,West,23,5
7399,2024-09-27,1413.24,completed,Food,Central,12,2
7400,2024-09-27,4613.17,completed,Sports,Central,8,5
7401,2024-09-27,2516.67,pending,Clothing,West,11,4
7402,2024-09-27,3580.55,completed,Sports,South,15,1
7403,2024-09-27,3348.49,completed,Home,East,35,3
7404,2024-09-27,3463.62,failed,Books,Central,17,4
7405,2024-09-27,507.03,completed,Clothing,South,29,5
7406,2024-09-27,1994.59,completed,Clothing,Central,9,4
7407,2024-09-27,4738.25,completed,Food,South,34,5
7408,2024-09-27,2511.0,completed,Home,South,44,1
7409,2024-09-27,596.7,completed,Electronics,North,20,4
7410,2024-09-27,1477.21,failed,Food,East,20,3
7411,2024-09-27,494.26,failed,Books,East,32,4
7412,2024-09-27,2074.07,pending,Food,East,29,2
7413,2024-09-27,752.77,completed,Sports,South,48,2
7414,2024-09-27,4145.85,refunded,Food,Central,43,1
7415,2024-09-27,2156.3,completed,Books,South,44,2
7416,2024-09-27,4392.98,failed,Home,South,49,1
7417,2024-09-27,3316.93,completed,Home,East,31,3
7418,2024-09-27,2518.95,completed,Home,North,20,1
7419,2024-09-27,514.66,completed,Books,East,6,1
7420,2024-09-27,1008.39,completed,Food,North,47,2
7421,2024-09-27,2439.68,completed,Books,South,47,3
7422,2024-09-27,1691.77,completed,Clothing,North,11,3
7423,2024-09-27,4006.09,completed,Sports,West,33,5
7424,2024-09-27,3004.39,refunded,Home,East,11,1
7425,2024-09-28,1690.97,completed,Books,East,29,2
7426,2024-09-28,2362.99,completed,Clothing,North,21,1
7427,2024-09-28,1847.0,completed,Books,West,7,2
7428,2024-09-28,2705.14,failed,Clothing,North,4,5
7429,2024-09-28,414.21,completed,Home,North,49,2
7430,2024-09-28,2419.62,refunded,Books,Central,30,4
7431,2024-09-28,1644.42,completed,Books,North,32,5
7432,2024-09-28,3990.52,pending,Clothing,South,30,5
7433,2024-09-28,1726.02,completed,Food,Central,27,2
7434,2024-09-28,3735.93,completed,Home,Central,2,4
7435,2024-09-28,415.44,completed,Home,South,30,2
7436,2024-09-28,4623.71,refunded,Clothing,East,3,4
7437,2024-09-28,2292.22,completed,Clothing,North,26,2
7438,2024-09-28,2009.83,failed,Clothing,South,15,3
7439,2024-09-28,2892.03,completed,Home,East,34,5
7440,2024-09-28,1951.69,pending,Books,South,6,3
7441,2024-09-28,1459.52,completed,Electronics,South,19,5
7442,2024-09-28,286.03,completed,Food,Central,8,5
7443,2024-09-28,2175.47,completed,Electronics,Central,35,2
7444,2024-09-28,1586.37,failed,Books,Central,47,5
7445,2024-09-28,3808.73,completed,Clothing,Central,46,4
7446,2024-09-28,468.59,completed,Clothing,South,35,1
7447,2024-09-28,229.88,completed,Electronics,Central,22,4
7448,2024-09-28,2318.81,completed,Books,Central,43,4
7449,2024-09-28,3158.16,completed,Electronics,East,7,4
7450,2024-09-28,1736.58,completed,Electronics,West,44,1
7451,2024-09-28,4461.27,completed,Sports,North,40,5
7452,2024-09-28,1675.5,completed,Books,West,12,2
7453,2024-09-29,1952.44,completed,Books,North,28,2
7454,2024-09-29,1803.26,completed,Sports,East,18,1
7455,2024-09-29,1422.76,completed,Electronics,North,28,3
7456,2024-09-29,3541.19,completed,Books,South,23,5
7457,2024-09-29,4765.73,completed,Clothing,East,19,1
7458,2024-09-29,4177.96,refunded,Food,South,13,5
7459,2024-09-29,2215.69,refunded,Home,North,11,1
7460,2024-09-29,1552.7,pending,Clothing,North,21,1
7461,2024-09-29,4111.91,completed,Books,South,45,5
7462,2024-09-29,3466.77,refunded,Food,West,10,4
7463,2024-09-29,3244.81,pending,Electronics,Central,1,3
7464,2024-09-29,4665.79,refunded,Books,East,25,4
7465,2024-09-29,983.6,completed,Electronics,Central,3,2
7466,2024-09-29,3129.26,failed,Electronics,East,49,2
7467,2024-09-29,2880.99,pending,Sports,West,43,3
7468,2024-09-29,4577.2,pending,Home,North,41,1
7469,2024-09-29,972.71,failed,Clothing,Central,20,1
7470,2024-09-29,2317.41,completed,Electronics,West,41,4
7471,2024-09-29,23.27,completed,Clothing,Central,18,1
7472,2024-09-29,287.97,completed,Clothing,West,40,5
7473,2024-09-29,827.92,pending,Food,North,48,2
7474,2024-09-29,4908.16,completed,Books,Central,44,1
7475,2024-09-29,2068.07,completed,Books,North,9,5
7476,2024-09-29,1168.22,completed,Sports,South,41,2
7477,2024-09-29,2704.85,completed,Food,West,37,5
7478,2024-09-29,4027.84,completed,Home,Central,48,4
7479,2024-09-29,777.11,pending,Books,South,34,2
7480,2024-09-30,3160.95,completed,Sports,North,12,3
7481,2024-09-30,2355.79,completed,Home,Central,48,5
7482,2024-09-30,3607.39,completed,Sports,East,32,5
7483,2024-09-30,1945.67,pending,Clothing,East,17,3
7484,2024-09-30,1568.7,completed,Electronics,North,44,2
7485,2024-09-30,3629.64,completed,Books,Central,12,3
7486,2024-09-30,4724.54,completed,Home,West,44,2
7487,2024-09-30,1768.71,completed,Clothing,Central,6,1
7488,2024-09-30,3648.82,completed,Books,South,16,2
7489,2024-09-30,3566.45,completed,Home,West,43,4
7490,2024-09-30,1006.68,pending,Books,East,2,3
7491,2024-09-30,4940.36,pending,Electronics,North,38,1
7492,2024-09-30,1557.24,pending,Sports,South,44,2
7493,2024-09-30,591.03,completed,Books,West,10,5
7494,2024-09-30,4853.31,failed,Electronics,East,34,3
7495,2024-09-30,2941.31,completed,Clothing,West,38,2
7496,2024-09-30,3374.42,completed,Electronics,South,35,4
7497,2024-09-30,2988.92,failed,Books,Central,13,5
7498,2024-09-30,4947.49,completed,Sports,South,17,1
7499,2024-09-30,3616.39,failed,Food,North,45,4
7500,2024-09-30,3676.14,completed,Home,West,3,4
7501,2024-09-30,2639.53,completed,Clothing,North,20,5
7502,2024-09-30,79.72,completed,Electronics,South,29,3
7503,2024-09-30,194.61,completed,Home,East,10,3
7504,2024-09-30,4208.22,pending,Electronics,Central,29,3
7505,2024-09-30,1277.66,completed,Electronics,West,31,4
7506,2024-09-30,1032.46,completed,Electronics,West,4,4
7507,2024-09-30,591.33,pending,Home,North,28,2
7508,2024-10-01,1975.35,pending,Food,South,43,4
7509,2024-10-01,4717.75,completed,Home,North,44,2
7510,2024-10-01,627.08,completed,Home,Central,11,4
7511,2024-10-01,3138.71,completed,Clothing,North,7,4
7512,2024-10-01,1079.98,completed,Sports,Central,24,5
7513,2024-10-01,1106.91,failed,Food,West,14,4
7514,2024-10-01,3173.36,completed,Food,East,40,5
7515,2024-10-01,4513.43,completed,Clothing,Central,47,5
7516,2024-10-01,3174.4,failed,Clothing,South,40,5
7517,2024-10-01,4571.15,pending,Sports,Central,9,3
7518,2024-10-01,4994.61,pending,Sports,West,45,2
7519,2024-10-01,4562.35,failed,Books,West,24,2
7520,2024-10-01,1393.4,completed,Clothing,West,37,3
7521,2024-10-01,334.42,completed,Food,West,37,3
7522,2024-10-01,3452.2,completed,Electronics,Central,34,1
7523,2024-10-01,3109.53,failed,Electronics,East,1,2
7524,2024-10-01,418.06,completed,Electronics,East,13,2
7525,2024-10-01,3221.66,completed,Electronics,West,16,3
7526,2024-10-01,897.14,failed,Sports,West,17,3
7527,2024-10-01,3095.26,completed,Food,Central,30,1
7528,2024-10-01,1461.55,completed,Food,Central,37,1
7529,2024-10-01,4477.6,pending,Clothing,South,41,1
7530,2024-10-01,1057.48,completed,Home,West,38,3
7531,2024-10-01,2164.68,completed,Clothing,North,30,2
7532,2024-10-01,246.05,completed,Clothing,East,20,2
7533,2024-10-01,3689.34,completed,Clothing,South,45,1
7534,2024-10-01,4531.01,refunded,Clothing,West,38,2
7535,2024-10-02,4625.67,completed,Sports,South,43,2
7536,2024-10-02,1013.01,completed,Books,Central,47,2
7537,2024-10-02,3168.27,completed,Clothing,East,12,4
7538,2024-10-02,3774.13,completed,Sports,South,34,5
7539,2024-10-02,2009.93,completed,Clothing,South,49,5
7540,2024-10-02,2168.49,failed,Books,West,36,3
7541,2024-10-02,1592.9,completed,Clothing,East,40,2
7542,2024-10-02,3058.0,completed,Clothing,West,47,4
7543,2024-10-02,78.76,completed,Home,West,18,3
7544,2024-10-02,3916.35,completed,Electronics,South,43,4
7545,2024-10-02,4720.55,completed,Home,Central,38,2
7546,2024-10-02,4206.29,completed,Food,North,7,5
7547,2024-10-02,4267.87,completed,Books,West,49,1
7548,2024-10-02,4837.4,pending,Books,East,29,1
7549,2024-10-02,1432.22,failed,Clothing,West,47,4
7550,2024-10-02,2283.05,completed,Electronics,East,34,3
7551,2024-10-02,1777.77,completed,Food,North,4,4
7552,2024-10-02,2686.88,completed,Food,South,39,1
7553,2024-10-02,4397.85,completed,Home,West,26,1
7554,2024-10-02,2415.41,pending,Sports,East,6,3
7555,2024-10-02,2568.19,completed,Home,East,30,2
7556,2024-10-02,4549.06,pending,Books,East,29,1
7557,2024-10-02,2513.12,completed,Sports,North,27,2
7558,2024-10-02,107.11,completed,Electronics,West,35,4
7559,2024-10-02,4087.82,failed,Books,Central,41,5
7560,2024-10-02,2120.35,completed,Home,West,11,2
7561,2024-10-02,3617.76,completed,Home,South,46,2
7562,2024-10-03,3765.61,pending,Electronics,Central,30,1
7563,2024-10-03,1657.84,completed,Home,East,20,5
7564,2024-10-03,4570.09,completed,Food,North,10,2
7565,2024-10-03,3466.4,completed,Clothing,South,1,2
7566,2024-10-03,884.08,completed,Home,East,14,3
7567,2024-10-03,402.13,pending,Clothing,South,45,3
7568,2024-10-03,922.33,completed,Electronics,South,13,5
7569,2024-10-03,2969.65,pending,Clothing,North,18,2
7570,2024-10-03,788.99,completed,Food,North,20,2
7571,2024-10-03,2218.98,completed,Books,North,26,5
7572,2024-10-03,1018.21,pending,Books,East,26,5
7573,2024-10-03,119.31,completed,Books,East,41,3
7574,2024-10-03,2019.28,pending,Electronics,South,7,1
7575,2024-10-03,1191.21,completed,Electronics,South,9,1
7576,2024-10-03,2215.51,refunded,Sports,Central,14,4
7577,2024-10-03,2724.46,completed,Books,North,13,2
7578,2024-10-03,2074.66,completed,Food,North,6,1
7579,2024-10-03,1741.93,completed,Home,East,42,1
7580,2024-10-03,1862.89,completed,Electronics,North,33,2
7581,2024-10-03,592.52,completed,Clothing,West,43,5
7582,2024-10-03,2975.88,completed,Books,Central,24,4
7583,2024-10-03,1084.5,completed,Clothing,West,5,5
7584,2024-10-03,2035.7,completed,Clothing,South,44,4
7585,2024-10-03,3401.33,completed,Sports,Central,9,5
7586,2024-10-03,3227.66,completed,Clothing,North,9,5
7587,2024-10-03,4856.48,completed,Sports,North,14,4
7588,2024-10-03,3668.73,completed,Home,North,34,3
7589,2024-10-03,912.47,completed,Books,Central,25,4
7590,2024-10-04,96.71,pending,Food,South,3,3
7591,2024-10-04,202.75,pending,Books,Central,32,4
7592,2024-10-04,41.64,refunded,Sports,Central,48,2
7593,2024-10-04,3836.83,failed,Home,West,19,1
7594,2024-10-04,2601.13,completed,Home,North,4,1
7595,2024-10-04,2413.73,completed,Clothing,Central,30,5
7596,2024-10-04,3001.25,pending,Clothing,West,26,4
7597,2024-10-04,927.33,completed,Books,West,4,3
7598,2024-10-04,1233.9,failed,Home,North,9,5
7599,2024-10-04,4816.35,pending,Home,West,23,1
7600,2024-10-04,681.22,completed,Books,South,29,4
7601,2024-10-04,454.98,completed,Sports,North,33,5
7602,2024-10-04,4315.13,pending,Food,South,18,1
7603,2024-10-04,4683.9,refunded,Food,North,11,3
7604,2024-10-04,163.25,completed,Home,East,20,2
7605,2024-10-04,3759.27,completed,Clothing,West,44,3
7606,2024-10-04,2098.79,completed,Electronics,North,12,2
7607,2024-10-04,1075.51,completed,Home,Central,24,2
7608,2024-10-04,272.43,completed,Food,South,13,4
7609,2024-10-04,1623.72,completed,Home,East,47,1
7610,2024-10-04,3851.94,completed,Electronics,South,1,5
7611,2024-10-04,4168.92,completed,Electronics,East,19,2
7612,2024-10-04,3381.48,completed,Home,South,12,4
7613,2024-10-04,986.3,pending,Books,South,17,1
7614,2024-10-04,1931.55,completed,Home,West,47,3
7615,2024-10-04,708.63,completed,Food,East,8,4
7616,2024-10-04,210.27,completed,Sports,South,25,3
7617,2024-10-05,860.78,pending,Clothing,South,42,4
7618,2024-10-05,2342.53,completed,Food,South,26,4
7619,2024-10-05,1999.92,completed,Clothing,East,33,5
7620,2024-10-05,1607.48,completed,Home,South,12,2
7621,2024-10-05,1882.85,pending,Home,North,14,1
7622,2024-10-05,2030.24,completed,Books,South,3,3
7623,2024-10-05,4653.09,completed,Clothing,West,44,4
7624,2024-10-05,2383.57,completed,Sports,South,7,5
7625,2024-10-05,1831.77,completed,Home,South,1,2
7626,2024-10-05,111.7,completed,Books,South,28,1
7627,2024-10-05,4800.79,completed,Sports,Central,21,3
7628,2024-10-05,757.08,completed,Clothing,South,3,4
7629,2024-10-05,767.95,pending,Food,South,49,2
7630,2024-10-05,4366.76,completed,Home,West,16,2
7631,2024-10-05,2113.31,completed,Clothing,North,17,1
7632,2024-10-05,1465.25,completed,Electronics,South,41,1
7633,2024-10-05,1455.11,failed,Clothing,West,31,4
7634,2024-10-05,1352.57,completed,Sports,Central,8,4
7635,2024-10-05,1489.95,completed,Electronics,Central,27,5
7636,2024-10-05,1492.45,completed,Books,West,31,1
7637,2024-10-05,2518.01,pending,Home,North,47,5
7638,2024-10-05,1426.75,completed,Electronics,Central,4,1
7639,2024-10-05,1428.38,completed,Home,East,38,5
7640,2024-10-05,1393.33,completed,Clothing,South,45,4
7641,2024-10-05,1786.86,completed,Food,West,44,2
7642,2024-10-05,3420.01,completed,Food,East,23,4
7643,2024-10-05,4686.75,completed,Books,North,18,2
7644,2024-10-05,4607.25,completed,Home,Central,21,5
7645,2024-10-06,2734.34,pending,Clothing,Central,44,4
7646,2024-10-06,1483.62,failed,Clothing,Central,15,2
7647,2024-10-06,2772.33,pending,Clothing,South,4,2
7648,2024-10-06,2236.85,completed,Food,North,27,5
7649,2024-10-06,3496.4,failed,Home,East,48,1
7650,2024-10-06,2051.17,completed,Clothing,East,19,3
7651,2024-10-06,3130.82,completed,Sports,East,20,3
7652,2024-10-06,3398.09,completed,Books,South,21,1
7653,2024-10-06,4017.95,completed,Clothing,South,20,5
7654,2024-10-06,3325.1,refunded,Sports,Central,6,1
7655,2024-10-06,4143.35,pending,Books,West,38,1
7656,2024-10-06,3557.97,completed,Clothing,East,12,2
7657,2024-10-06,4164.39,completed,Electronics,North,18,4
7658,2024-10-06,2096.11,completed,Home,Central,39,3
7659,2024-10-06,3901.12,completed,Home,East,4,5
7660,2024-10-06,4544.76,completed,Food,West,23,5
7661,2024-10-06,387.04,completed,Books,Central,13,4
7662,2024-10-06,2971.95,pending,Clothing,East,38,3
7663,2024-10-06,463.56,completed,Clothing,North,2,5
7664,2024-10-06,2697.84,completed,Clothing,South,47,4
7665,2024-10-06,440.48,pending,Food,West,32,4
7666,2024-10-06,3264.15,completed,Electronics,Central,9,2
7667,2024-10-06,1718.8,pending,Clothing,South,31,4
7668,2024-10-06,626.78,completed,Books,West,46,4
7669,2024-10-06,3777.38,completed,Clothing,West,30,3
7670,2024-10-06,1775.07,completed,Home,West,31,5
7671,2024-10-06,2110.72,failed,Books,South,13,5
7672,2024-10-07,1971.54,completed,Home,South,34,2
7673,2024-10-07,2022.59,pending,Home,East,3,2
7674,2024-10-07,1807.78,completed,Food,West,45,2
7675,2024-10-07,4692.78,completed,Home,West,30,5
7676,2024-10-07,3194.1,completed,Sports,East,8,2
7677,2024-10-07,1423.8,completed,Books,South,22,4
7678,2024-10-07,3931.49,failed,Home,North,25,1
7679,2024-10-07,200.41,completed,Sports,North,6,3
7680,2024-10-07,1792.93,refunded,Food,North,2,5
7681,2024-10-07,1804.91,completed,Food,South,22,4
7682,2024-10-07,2034.13,completed,Electronics,East,33,5
7683,2024-10-07,2692.19,completed,Sports,South,15,3
7684,2024-10-07,839.02,completed,Home,Central,22,1
7685,2024-10-07,4114.58,completed,Food,West,11,1
7686,2024-10-07,3078.5,completed,Food,South,25,3
7687,2024-10-07,4662.36,completed,Electronics,South,40,3
7688,2024-10-07,3197.48,completed,Clothing,East,32,4
7689,2024-10-07,1255.26,completed,Home,West,46,5
7690,2024-10-07,738.51,completed,Electronics,South,34,4
7691,2024-10-07,2219.69,completed,Food,North,46,2
7692,2024-10-07,844.73,completed,Home,East,11,3
7693,2024-10-07,4813.08,refunded,Books,South,36,3
7694,2024-10-07,4480.87,completed,Sports,Central,28,5
7695,2024-10-07,587.04,completed,Home,North,17,1
7696,2024-10-07,4609.52,completed,Clothing,Central,42,3
7697,2024-10-07,3249.84,pending,Clothing,West,48,5
7698,2024-10-07,940.99,completed,Sports,Central,42,1
7699,2024-10-08,3040.66,completed,Home,Central,44,2
7700,2024-10-08,1123.32,completed,Sports,South,23,5
7701,2024-10-08,488.46,completed,Food,East,13,3
7702,2024-10-08,1200.9,pending,Home,East,17,2
7703,2024-10-08,1806.93,pending,Sports,East,30,1
7704,2024-10-08,4124.05,failed,Clothing,North,6,1
7705,2024-10-08,978.95,completed,Food,West,10,2
7706,2024-10-08,4573.41,completed,Food,North,47,5
7707,2024-10-08,255.28,completed,Clothing,West,36,1
7708,2024-10-08,1249.22,completed,Electronics,South,22,4
7709,2024-10-08,4607.4,completed,Books,North,9,1
7710,2024-10-08,3356.7,failed,Clothing,North,38,5
7711,2024-10-08,3953.67,completed,Sports,West,42,5
7712,2024-10-08,4378.33,completed,Clothing,South,4,3
7713,2024-10-08,797.54,completed,Food,Central,21,1
7714,2024-10-08,4540.03,completed,Clothing,East,3,3
7715,2024-10-08,4236.14,refunded,Home,East,14,2
7716,2024-10-08,3438.93,pending,Food,Central,22,1
7717,2024-10-08,4962.71,completed,Sports,Central,23,3
7718,2024-10-08,4809.89,refunded,Sports,North,41,2
7719,2024-10-08,1694.61,completed,Electronics,West,39,4
7720,2024-10-08,4195.8,completed,Books,North,26,2
7721,2024-10-08,777.92,completed,Clothing,West,41,4
7722,2024-10-08,1975.7,failed,Food,North,26,1
7723,2024-10-08,3761.83,completed,Electronics,Central,2,1
7724,2024-10-08,3048.44,refunded,Food,Central,21,1
7725,2024-10-08,2550.06,completed,Clothing,South,28,5
7726,2024-10-08,612.44,completed,Clothing,North,6,4
7727,2024-10-09,2224.56,completed,Sports,Central,10,3
7728,2024-10-09,144.14,completed,Electronics,Central,15,3
7729,2024-10-09,2047.07,completed,Home,North,10,3
7730,2024-10-09,1518.05,completed,Books,Central,34,1
7731,2024-10-09,3692.25,pending,Electronics,North,10,5
7732,2024-10-09,4502.66,failed,Home,South,21,4
7733,2024-10-09,4709.02,completed,Clothing,North,10,3
7734,2024-10-09,2703.95,completed,Books,West,14,4
7735,2024-10-09,3602.29,completed,Home,East,21,3
7736,2024-10-09,1610.12,completed,Home,West,23,1
7737,2024-10-09,2398.38,failed,Food,Central,18,2
7738,2024-10-09,3229.46,completed,Books,Central,39,3
7739,2024-10-09,309.97,completed,Clothing,South,40,5
7740,2024-10-09,585.2,completed,Clothing,North,14,5
7741,2024-10-09,2029.34,completed,Books,West,18,4
7742,2024-10-09,2714.31,completed,Home,South,20,3
7743,2024-10-09,615.72,pending,Books,Central,5,4
7744,2024-10-09,1537.63,completed,Electronics,South,12,3
7745,2024-10-09,3017.75,pending,Books,South,17,1
7746,2024-10-09,2003.74,completed,Sports,West,24,4
7747,2024-10-09,4938.41,failed,Electronics,West,28,1
7748,2024-10-09,779.12,completed,Books,West,49,4
7749,2024-10-09,1940.93,completed,Electronics,Central,25,1
7750,2024-10-09,1759.5,completed,Sports,South,20,2
7751,2024-10-09,1664.37,completed,Books,South,3,2
7752,2024-10-09,4170.32,completed,Clothing,South,12,5
7753,2024-10-09,824.84,completed,Electronics,Central,11,4
7754,2024-10-10,2426.55,completed,Sports,West,37,1
7755,2024-10-10,1516.45,failed,Home,West,13,4
7756,2024-10-10,1065.99,refunded,Electronics,East,47,2
7757,2024-10-10,559.54,completed,Books,West,44,2
7758,2024-10-10,2422.09,completed,Home,West,36,3
7759,2024-10-10,3777.01,completed,Clothing,Central,32,3
7760,2024-10-10,552.96,failed,Sports,Central,42,3
7761,2024-10-10,313.72,completed,Food,South,33,5
7762,2024-10-10,3329.11,completed,Home,South,18,1
7763,2024-10-10,16.11,failed,Sports,West,21,2
7764,2024-10-10,1522.66,completed,Books,North,45,4
7765,2024-10-10,120.41,pending,Sports,East,9,4
7766,2024-10-10,4307.21,failed,Electronics,East,36,4
7767,2024-10-10,714.74,completed,Books,West,36,2
7768,2024-10-10,1859.88,completed,Clothing,North,34,2
7769,2024-10-10,2544.85,pending,Food,Central,38,3
7770,2024-10-10,4258.99,completed,Books,East,12,3
7771,2024-10-10,393.62,completed,Books,East,1,1
7772,2024-10-10,3342.65,completed,Books,West,34,4
7773,2024-10-10,3726.65,refunded,Food,West,25,2
7774,2024-10-10,4921.28,completed,Sports,East,1,5
7775,2024-10-10,921.87,failed,Home,East,37,5
7776,2024-10-10,3548.76,completed,Home,Central,49,3
7777,2024-10-10,4720.68,completed,Clothing,West,23,1
7778,2024-10-10,3377.15,completed,Sports,South,23,5
7779,2024-10-10,409.99,completed,Sports,Central,29,4
7780,2024-10-10,1142.02,completed,Clothing,South,17,1
7781,2024-10-10,2732.09,pending,Books,West,12,3
7782,2024-10-11,869.69,pending,Electronics,North,46,5
7783,2024-10-11,3709.21,pending,Sports,South,35,3
7784,2024-10-11,2023.59,completed,Food,North,43,5
7785,2024-10-11,4793.75,completed,Clothing,West,27,5
7786,2024-10-11,3316.65,refunded,Electronics,East,35,4
7787,2024-10-11,3225.98,completed,Clothing,South,17,4
7788,2024-10-11,4233.43,failed,Books,North,47,5
7789,2024-10-11,2291.49,completed,Home,East,26,5
7790,2024-10-11,2388.24,pending,Home,East,8,2
7791,2024-10-11,2414.0,refunded,Books,East,17,2
7792,2024-10-11,4239.37,completed,Books,South,5,1
7793,2024-10-11,1391.28,completed,Sports,West,43,2
7794,2024-10-11,4592.28,completed,Food,West,37,5
7795,2024-10-11,1237.97,pending,Sports,East,40,2
7796,2024-10-11,2782.65,completed,Books,East,15,4
7797,2024-10-11,1699.05,failed,Home,North,10,2
7798,2024-10-11,3951.23,completed,Sports,East,18,5
7799,2024-10-11,4934.43,completed,Electronics,East,30,5
7800,2024-10-11,2619.51,completed,Home,Central,42,1
7801,2024-10-11,2564.29,completed,Food,South,11,3
7802,2024-10-11,2625.16,completed,Clothing,West,21,5
7803,2024-10-11,2100.67,refunded,Home,Central,2,1
7804,2024-10-11,3610.48,failed,Food,South,18,2
7805,2024-10-11,3834.23,failed,Sports,North,2,5
7806,2024-10-11,3137.64,pending,Food,West,18,3
7807,2024-10-11,329.07,refunded,Books,West,49,1
7808,2024-10-11,1376.58,completed,Food,West,41,3
7809,2024-10-12,2788.65,refunded,Sports,South,33,2
7810,2024-10-12,507.4,failed,Clothing,Central,47,5
7811,2024-10-12,3028.97,completed,Electronics,Central,17,4
7812,2024-10-12,643.95,completed,Sports,West,46,1
7813,2024-10-12,4523.13,pending,Clothing,North,12,5
7814,2024-10-12,4897.05,pending,Electronics,South,34,4
7815,2024-10-12,1387.26,completed,Books,East,6,4
7816,2024-10-12,2802.33,completed,Books,Central,25,1
7817,2024-10-12,3471.95,completed,Electronics,Central,20,2
7818,2024-10-12,2085.42,completed,Food,South,18,5
7819,2024-10-12,1811.68,refunded,Clothing,South,37,4
7820,2024-10-12,4104.85,pending,Electronics,Central,21,2
7821,2024-10-12,2980.23,pending,Electronics,Central,28,2
7822,2024-10-12,691.26,completed,Clothing,Central,19,3
7823,2024-10-12,4672.39,completed,Sports,Central,18,4
7824,2024-10-12,3384.87,completed,Clothing,East,35,4
7825,2024-10-12,4688.07,completed,Electronics,West,47,5
7826,2024-10-12,1199.98,pending,Electronics,West,49,4
7827,2024-10-12,2084.01,pending,Sports,Central,37,5
7828,2024-10-12,2138.63,completed,Home,Central,45,3
7829,2024-10-12,540.23,completed,Clothing,South,46,5
7830,2024-10-12,965.17,completed,Electronics,West,31,2
7831,2024-10-12,4300.38,completed,Sports,South,6,4
7832,2024-10-12,1079.83,pending,Electronics,South,43,1
7833,2024-10-12,512.23,completed,Home,South,41,5
7834,2024-10-12,4144.2,pending,Food,North,43,4
7835,2024-10-12,4596.74,completed,Sports,Central,37,5
7836,2024-10-13,4419.15,completed,Food,South,46,4
7837,2024-10-13,3256.91,completed,Electronics,West,37,1
7838,2024-10-13,2408.21,completed,Home,East,13,4
7839,2024-10-13,1552.11,completed,Food,North,47,1
7840,2024-10-13,1684.26,completed,Books,South,23,1
7841,2024-10-13,804.44,pending,Books,Central,9,2
7842,2024-10-13,4569.72,failed,Clothing,West,33,2
7843,2024-10-13,3449.39,completed,Electronics,South,31,3
7844,2024-10-13,2575.27,refunded,Books,South,38,2
7845,2024-10-13,1088.76,completed,Clothing,North,10,4
7846,2024-10-13,1057.73,completed,Food,South,16,5
7847,2024-10-13,2661.75,pending,Food,South,19,4
7848,2024-10-13,2479.27,failed,Food,West,7,2
7849,2024-10-13,4423.43,completed,Home,West,1,2
7850,2024-10-13,4813.62,completed,Food,East,33,4
7851,2024-10-13,2952.29,completed,Books,Central,37,4
7852,2024-10-13,3982.78,pending,Home,East,14,1
7853,2024-10-13,2858.23,completed,Electronics,South,27,3
7854,2024-10-13,1150.17,failed,Sports,South,18,2
7855,2024-10-13,1291.51,completed,Electronics,West,44,3
7856,2024-10-13,3429.49,completed,Clothing,West,29,1
7857,2024-10-13,189.35,completed,Food,East,39,5
7858,2024-10-13,3463.56,refunded,Clothing,West,49,2
7859,2024-10-13,3417.91,pending,Sports,South,31,4
7860,2024-10-13,593.56,completed,Clothing,Central,20,1
7861,2024-10-13,4035.35,completed,Sports,South,42,1
7862,2024-10-13,270.77,completed,Sports,East,17,1
7863,2024-10-13,900.23,completed,Home,South,1,2
7864,2024-10-14,832.51,completed,Books,South,32,1
7865,2024-10-14,700.16,failed,Sports,North,20,4
7866,2024-10-14,2895.46,failed,Home,North,21,2
7867,2024-10-14,3928.64,completed,Home,North,38,3
7868,2024-10-14,2715.22,completed,Clothing,West,26,2
7869,2024-10-14,1853.58,pending,Home,South,15,5
7870,2024-10-14,4519.62,completed,Home,North,8,5
7871,2024-10-14,1864.8,completed,Books,West,49,3
7872,2024-10-14,2905.38,pending,Electronics,South,47,5
7873,2024-10-14,4605.18,completed,Electronics,Central,15,2
7874,2024-10-14,4126.08,completed,Electronics,Central,7,3
7875,2024-10-14,1610.73,completed,Home,Central,15,5
7876,2024-10-14,2338.48,pending,Electronics,West,28,3
7877,2024-10-14,2356.29,completed,Sports,East,31,5
7878,2024-10-14,3358.36,completed,Home,East,8,1
7879,2024-10-14,312.69,pending,Books,North,3,2
7880,2024-10-14,4266.91,completed,Home,West,37,5
7881,2024-10-14,3260.83,completed,Clothing,Central,21,5
7882,2024-10-14,3260.9,completed,Food,East,45,5
7883,2024-10-14,217.61,pending,Home,North,16,4
7884,2024-10-14,967.56,completed,Clothing,North,19,2
7885,2024-10-14,2137.61,completed,Electronics,East,21,1
7886,2024-10-14,359.85,completed,Food,East,26,1
7887,2024-10-14,3762.42,pending,Electronics,North,46,1
7888,2024-10-14,1948.31,completed,Books,East,8,4
7889,2024-10-14,3857.0,failed,Food,North,4,2
7890,2024-10-14,1217.35,completed,Clothing,South,46,4
7891,2024-10-15,4891.31,completed,Food,Central,8,5
7892,2024-10-15,2394.68,completed,Books,South,46,4
7893,2024-10-15,151.42,completed,Home,South,49,3
7894,2024-10-15,2384.14,completed,Sports,West,21,4
7895,2024-10-15,3218.73,pending,Sports,South,36,3
7896,2024-10-15,587.91,completed,Sports,North,47,2
7897,2024-10-15,227.06,completed,Clothing,North,22,4
7898,2024-10-15,2510.19,completed,Food,Central,43,5
7899,2024-10-15,2736.71,completed,Food,Central,38,2
7900,2024-10-15,2073.92,completed,Clothing,South,26,5
7901,2024-10-15,2494.46,completed,Electronics,North,3,5
7902,2024-10-15,4457.88,completed,Clothing,West,16,4
7903,2024-10-15,593.14,completed,Books,North,37,1
7904,2024-10-15,4612.84,pending,Food,Central,9,4
7905,2024-10-15,988.33,completed,Books,West,44,4
7906,2024-10-15,2984.78,completed,Home,Central,40,5
7907,2024-10-15,2434.1,completed,Clothing,Central,36,4
7908,2024-10-15,3727.39,completed,Clothing,West,24,5
7909,2024-10-15,1720.02,failed,Food,North,47,5
7910,2024-10-15,4814.79,pending,Home,North,6,2
7911,2024-10-15,594.19,completed,Home,Central,28,3
7912,2024-10-15,3029.63,completed,Home,North,40,3
7913,2024-10-15,2683.79,refunded,Books,Central,5,4
7914,2024-10-15,78.95,failed,Books,Central,18,5
7915,2024-10-15,817.65,completed,Books,East,12,4
7916,2024-10-15,4718.76,failed,Sports,South,43,2
7917,2024-10-15,2381.53,refunded,Electronics,West,23,5
7918,2024-10-15,1522.68,failed,Food,North,17,3
7919,2024-10-16,2206.29,pending,Clothing,Central,27,2
7920,2024-10-16,484.71,completed,Electronics,North,8,4
7921,2024-10-16,4673.13,completed,Clothing,South,26,4
7922,2024-10-16,1793.5,completed,Books,West,39,3
7923,2024-10-16,3641.75,completed,Sports,East,19,2
7924,2024-10-16,328.52,completed,Food,Central,5,3
7925,2024-10-16,4006.32,completed,Home,West,40,2
7926,2024-10-16,1932.02,completed,Sports,West,20,1
7927,2024-10-16,2753.98,completed,Home,West,49,5
7928,2024-10-16,4254.76,completed,Food,Central,32,2
7929,2024-10-16,2745.93,completed,Home,North,3,5
7930,2024-10-16,3721.73,refunded,Books,North,43,2
7931,2024-10-16,158.53,completed,Sports,Central,38,3
7932,2024-10-16,2704.5,completed,Food,West,13,3
7933,2024-10-16,2357.19,completed,Sports,North,12,1
7934,2024-10-16,1755.08,pending,Electronics,South,5,4
7935,2024-10-16,577.61,completed,Books,South,28,1
7936,2024-10-16,134.54,failed,Sports,South,42,3
7937,2024-10-16,2330.7,completed,Books,Central,49,2
7938,2024-10-16,1695.79,completed,Sports,North,41,1
7939,2024-10-16,118.99,failed,Sports,South,20,4
7940,2024-10-16,3973.16,failed,Electronics,West,17,4
7941,2024-10-16,4668.93,completed,Electronics,South,42,5
7942,2024-10-16,386.05,completed,Food,North,4,4
7943,2024-10-16,4045.34,refunded,Food,Central,3,4
7944,2024-10-16,789.34,completed,Clothing,South,14,1
7945,2024-10-16,1225.97,completed,Clothing,Central,31,1
7946,2024-10-17,563.94,completed,Food,North,49,4
7947,2024-10-17,2879.73,completed,Electronics,North,13,3
7948,2024-10-17,1940.93,completed,Clothing,North,13,5
7949,2024-10-17,4343.29,completed,Home,East,32,1
7950,2024-10-17,2993.96,pending,Clothing,West,37,5
7951,2024-10-17,1118.05,completed,Home,North,33,1
7952,2024-10-17,3867.99,pending,Clothing,South,8,3
7953,2024-10-17,4281.92,completed,Electronics,South,36,2
7954,2024-10-17,1267.89,completed,Food,North,15,3
7955,2024-10-17,1816.82,failed,Food,Central,33,1
7956,2024-10-17,3641.66,completed,Home,South,32,4
7957,2024-10-17,3517.18,completed,Food,Central,7,4
7958,2024-10-17,4307.43,completed,Sports,South,46,3
7959,2024-10-17,3284.28,failed,Electronics,East,26,1
7960,2024-10-17,1146.99,completed,Clothing,Central,13,1
7961,2024-10-17,1963.71,completed,Books,East,18,5
7962,2024-10-17,2010.7,failed,Food,Central,12,4
7963,2024-10-17,1988.47,pending,Food,West,7,2
7964,2024-10-17,1174.91,pending,Home,Central,29,2
7965,2024-10-17,2532.73,refunded,Food,South,3,3
7966,2024-10-17,2432.03,completed,Home,North,38,4
7967,2024-10-17,2960.95,completed,Home,South,34,4
7968,2024-10-17,4803.33,completed,Clothing,East,35,5
7969,2024-10-17,223.88,completed,Books,North,10,5
7970,2024-10-17,4065.26,completed,Food,West,8,4
7971,2024-10-17,1965.57,completed,Books,East,9,4
7972,2024-10-17,482.09,completed,Books,North,33,5
7973,2024-10-18,4121.54,failed,Food,East,35,2
7974,2024-10-18,2723.94,completed,Books,Central,12,1
7975,2024-10-18,1419.37,completed,Clothing,North,2,1
7976,2024-10-18,1398.48,completed,Food,West,16,4
7977,2024-10-18,1637.04,completed,Electronics,North,10,1
7978,2024-10-18,4762.11,completed,Electronics,Central,40,3
7979,2024-10-18,855.99,completed,Electronics,North,43,4
7980,2024-10-18,46.93,completed,Home,West,11,4
7981,2024-10-18,4628.94,failed,Home,West,19,1
7982,2024-10-18,4574.47,pending,Clothing,West,6,1
7983,2024-10-18,2859.53,completed,Clothing,West,1,4
7984,2024-10-18,3746.81,failed,Food,North,26,2
7985,2024-10-18,2178.28,failed,Clothing,Central,22,2
7986,2024-10-18,222.01,pending,Books,Central,22,2
7987,2024-10-18,1163.98,completed,Home,West,11,3
7988,2024-10-18,4362.21,completed,Electronics,West,2,5
7989,2024-10-18,3156.72,completed,Sports,Central,20,5
7990,2024-10-18,2437.29,completed,Food,North,1,4
7991,2024-10-18,4937.31,refunded,Food,South,13,3
7992,2024-10-18,2387.65,completed,Books,Central,41,4
7993,2024-10-18,1337.44,completed,Home,North,26,2
7994,2024-10-18,835.37,completed,Food,North,10,1
7995,2024-10-18,1594.23,completed,Sports,North,27,3
7996,2024-10-18,3039.96,completed,Food,North,14,2
7997,2024-10-18,3985.42,completed,Food,Central,37,4
7998,2024-10-18,4659.93,completed,Home,South,48,4
7999,2024-10-18,2664.15,failed,Books,South,35,1
8000,2024-10-18,1330.06,failed,Food,East,33,3
8001,2024-10-19,4393.22,pending,Books,West,22,4
8002,2024-10-19,4376.68,completed,Food,West,14,2
8003,2024-10-19,3362.26,refunded,Books,West,19,4
8004,2024-10-19,4758.83,pending,Sports,North,46,5
8005,2024-10-19,1860.12,pending,Sports,West,15,3
8006,2024-10-19,3142.53,completed,Sports,South,36,2
8007,2024-10-19,2204.41,completed,Books,South,38,1
8008,2024-10-19,3719.49,pending,Clothing,East,43,3
8009,2024-10-19,834.99,completed,Home,South,36,3
8010,2024-10-19,4372.88,completed,Books,South,23,4
8011,2024-10-19,4444.1,completed,Sports,North,17,1
8012,2024-10-19,3196.08,completed,Food,South,12,1
8013,2024-10-19,982.86,failed,Home,West,45,3
8014,2024-10-19,3466.96,completed,Books,East,35,1
8015,2024-10-19,2964.47,pending,Food,East,2,3
8016,2024-10-19,65.96,pending,Electronics,Central,24,1
8017,2024-10-19,1407.18,completed,Sports,West,35,5
8018,2024-10-19,346.92,pending,Sports,West,15,3
8019,2024-10-19,2541.94,failed,Sports,East,15,5
8020,2024-10-19,704.14,refunded,Food,North,32,5
8021,2024-10-19,1649.6,pending,Books,West,3,3
8022,2024-10-19,913.32,completed,Electronics,North,16,5
8023,2024-10-19,4800.6,completed,Books,North,45,5
8024,2024-10-19,964.08,completed,Electronics,Central,11,4
8025,2024-10-19,1774.01,completed,Books,South,12,2
8026,2024-10-19,490.87,completed,Sports,North,27,4
8027,2024-10-19,4934.63,refunded,Sports,North,14,5
8028,2024-10-20,2686.64,refunded,Books,South,23,2
8029,2024-10-20,1365.78,completed,Books,East,1,3
8030,2024-10-20,3685.26,completed,Sports,North,39,4
8031,2024-10-20,179.18,completed,Electronics,South,41,5
8032,2024-10-20,3323.73,completed,Sports,Central,26,3
8033,2024-10-20,2108.12,failed,Home,North,5,2
8034,2024-10-20,293.86,completed,Electronics,West,23,1
8035,2024-10-20,2048.58,pending,Electronics,Central,26,3
8036,2024-10-20,344.36,refunded,Books,Central,36,5
8037,2024-10-20,4772.91,pending,Electronics,South,41,3
8038,2024-10-20,3877.22,completed,Home,East,46,2
8039,2024-10-20,2593.39,completed,Clothing,South,17,2
8040,2024-10-20,1765.92,pending,Sports,West,18,3
8041,2024-10-20,1402.9,completed,Clothing,South,40,2
8042,2024-10-20,2576.06,pending,Clothing,East,4,1
8043,2024-10-20,4810.68,failed,Food,East,4,1
8044,2024-10-20,2694.11,pending,Books,East,28,1
8045,2024-10-20,4237.11,failed,Books,East,41,4
8046,2024-10-20,50.94,refunded,Food,South,37,4
8047,2024-10-20,1827.38,failed,Electronics,West,17,4
8048,2024-10-20,1396.76,completed,Sports,East,8,3
8049,2024-10-20,66.05,completed,Sports,East,35,1
8050,2024-10-20,1309.68,completed,Home,North,22,2
8051,2024-10-20,1280.48,completed,Home,North,21,2
8052,2024-10-20,1198.42,completed,Books,East,5,2
8053,2024-10-20,44.32,pending,Sports,East,35,2
8054,2024-10-20,623.99,completed,Food,East,4,2
8055,2024-10-21,603.75,refunded,Food,South,49,4
8056,2024-10-21,2984.49,completed,Clothing,East,21,5
8057,2024-10-21,1723.34,completed,Sports,East,24,1
8058,2024-10-21,2728.29,completed,Clothing,East,37,1
8059,2024-10-21,1806.26,completed,Food,East,39,3
8060,2024-10-21,3060.14,completed,Clothing,South,11,4
8061,2024-10-21,2782.46,completed,Clothing,Central,4,4
8062,2024-10-21,3944.41,completed,Food,South,23,1
8063,2024-10-21,4127.54,pending,Food,South,22,3
8064,2024-10-21,2212.17,completed,Electronics,South,35,4
8065,2024-10-21,4063.76,completed,Home,South,15,5
8066,2024-10-21,738.85,completed,Food,West,43,4
8067,2024-10-21,2267.04,completed,Food,South,19,5
8068,2024-10-21,1225.49,failed,Electronics,Central,38,3
8069,2024-10-21,4891.07,failed,Home,East,9,3
8070,2024-10-21,2069.17,completed,Clothing,Central,13,4
8071,2024-10-21,2933.27,completed,Home,North,2,4
8072,2024-10-21,4104.85,failed,Home,West,39,2
8073,2024-10-21,2032.64,completed,Food,Central,40,2
8074,2024-10-21,2040.87,pending,Food,East,13,4
8075,2024-10-21,2506.9,pending,Food,East,4,4
8076,2024-10-21,4495.28,completed,Books,West,25,5
8077,2024-10-21,1985.92,pending,Sports,Central,41,4
8078,2024-10-21,830.96,completed,Sports,West,35,5
8079,2024-10-21,876.44,failed,Electronics,South,29,3
8080,2024-10-21,2495.29,pending,Food,Central,25,5
8081,2024-10-21,3569.21,completed,Food,South,5,3
8082,2024-10-21,2078.81,completed,Electronics,North,8,3
8083,2024-10-22,2660.44,failed,Books,East,47,4
8084,2024-10-22,2442.79,failed,Clothing,East,40,1
8085,2024-10-22,4273.71,refunded,Electronics,South,12,1
8086,2024-10-22,575.92,failed,Food,North,36,4
8087,2024-10-22,4002.88,completed,Books,South,14,3
8088,2024-10-22,533.83,failed,Food,North,16,4
8089,2024-10-22,1954.4,completed,Electronics,Central,44,4
8090,2024-10-22,3611.5,pending,Electronics,Central,8,3
8091,2024-10-22,2461.89,completed,Clothing,Central,25,5
8092,2024-10-22,273.53,pending,Home,West,21,2
8093,2024-10-22,555.28,completed,Food,East,8,3
8094,2024-10-22,4723.78,completed,Home,Central,3,2
8095,2024-10-22,1778.37,completed,Books,North,47,2
8096,2024-10-22,3403.5,completed,Electronics,Central,15,4
8097,2024-10-22,322.66,completed,Home,West,6,2
8098,2024-10-22,4725.61,completed,Food,South,6,1
8099,2024-10-22,3651.2,pending,Food,East,36,4
8100,2024-10-22,2898.98,pending,Clothing,South,33,5
8101,2024-10-22,3314.46,completed,Sports,West,37,3
8102,2024-10-22,627.04,completed,Clothing,East,27,5
8103,2024-10-22,4651.96,completed,Electronics,North,33,3
8104,2024-10-22,4960.29,completed,Home,Central,3,3
8105,2024-10-22,1092.08,completed,Electronics,West,3,4
8106,2024-10-22,3160.29,completed,Clothing,North,23,5
8107,2024-10-22,3429.83,completed,Home,North,44,1
8108,2024-10-22,1883.77,completed,Food,North,32,5
8109,2024-10-22,4687.11,failed,Sports,North,37,1
8110,2024-10-23,1040.04,completed,Sports,West,44,5
8111,2024-10-23,1592.1,completed,Clothing,West,46,2
8112,2024-10-23,2842.98,pending,Electronics,South,44,3
8113,2024-10-23,974.92,completed,Home,South,31,5
8114,2024-10-23,699.85,completed,Books,East,39,4
8115,2024-10-23,2836.8,completed,Electronics,West,41,2
8116,2024-10-23,2593.26,completed,Sports,East,7,1
8117,2024-10-23,2314.18,completed,Food,East,33,3
8118,2024-10-23,4532.26,completed,Sports,North,31,5
8119,2024-10-23,3464.21,failed,Sports,North,44,4
8120,2024-10-23,4668.21,failed,Food,South,34,3
8121,2024-10-23,481.27,refunded,Books,North,8,5
8122,2024-10-23,1833.95,failed,Books,South,22,3
8123,2024-10-23,246.93,failed,Electronics,North,31,4
8124,2024-10-23,3501.23,completed,Books,East,9,3
8125,2024-10-23,4490.67,pending,Food,East,28,5
8126,2024-10-23,3212.52,completed,Books,Central,28,5
8127,2024-10-23,1386.7,completed,Sports,Central,9,4
8128,2024-10-23,1619.16,completed,Books,North,9,3
8129,2024-10-23,517.59,pending,Electronics,Central,10,4
8130,2024-10-23,3398.89,completed,Sports,Central,21,4
8131,2024-10-23,2650.2,completed,Electronics,West,31,1
8132,2024-10-23,1341.96,pending,Electronics,East,18,3
8133,2024-10-23,3764.57,completed,Clothing,South,45,4
8134,2024-10-23,4891.29,completed,Electronics,Central,14,1
8135,2024-10-23,1804.42,pending,Clothing,Central,25,3
8136,2024-10-23,589.77,completed,Clothing,North,9,5
8137,2024-10-23,2989.86,failed,Books,West,33,2
8138,2024-10-24,3310.23,completed,Sports,South,27,2
8139,2024-10-24,2975.47,completed,Home,Central,3,5
8140,2024-10-24,2106.58,pending,Electronics,West,16,5
8141,2024-10-24,3632.36,completed,Food,West,9,2
8142,2024-10-24,1549.53,completed,Electronics,West,8,3
8143,2024-10-24,1863.15,completed,Books,West,4,3
8144,2024-10-24,4766.59,pending,Food,East,27,1
8145,2024-10-24,3549.21,failed,Electronics,East,17,5
8146,2024-10-24,32.67,completed,Clothing,South,34,4
8147,2024-10-24,1844.89,pending,Clothing,South,6,5
8148,2024-10-24,3981.05,pending,Electronics,South,8,4
8149,2024-10-24,4471.16,pending,Electronics,North,39,2
8150,2024-10-24,954.48,completed,Books,North,35,4
8151,2024-10-24,4046.22,completed,Sports,Central,46,2
8152,2024-10-24,1558.82,failed,Clothing,Central,18,1
8153,2024-10-24,2261.52,completed,Sports,South,11,4
8154,2024-10-24,2107.4,completed,Food,South,27,4
8155,2024-10-24,2328.18,completed,Sports,South,20,4
8156,2024-10-24,1033.7,completed,Clothing,Central,12,5
8157,2024-10-24,111.63,pending,Home,North,39,2
8158,2024-10-24,1070.65,pending,Sports,North,1,5
8159,2024-10-24,3348.16,completed,Home,South,38,5
8160,2024-10-24,2118.61,completed,Books,West,11,2
8161,2024-10-24,846.75,completed,Home,West,8,1
8162,2024-10-24,4038.6,completed,Food,West,19,5
8163,2024-10-24,1509.55,completed,Clothing,West,20,4
8164,2024-10-24,2711.92,completed,Home,West,8,5
8165,2024-10-25,622.56,pending,Home,East,16,4
8166,2024-10-25,1343.17,completed,Clothing,East,36,5
8167,2024-10-25,1556.76,completed,Home,Central,48,4
8168,2024-10-25,2871.1,completed,Food,North,46,5
8169,2024-10-25,1505.19,completed,Electronics,West,15,2
8170,2024-10-25,2364.03,completed,Books,North,20,1
8171,2024-10-25,1885.87,completed,Books,East,42,1
8172,2024-10-25,4056.73,refunded,Home,West,26,3
8173,2024-10-25,4679.4,completed,Electronics,South,49,2
8174,2024-10-25,4930.75,pending,Food,Central,34,1
8175,2024-10-25,2896.73,pending,Electronics,North,38,5
8176,2024-10-25,3234.68,completed,Sports,Central,38,5
8177,2024-10-25,356.81,completed,Electronics,West,37,1
8178,2024-10-25,117.08,pending,Clothing,Central,22,5
8179,2024-10-25,2526.36,refunded,Home,East,15,4
8180,2024-10-25,4535.43,pending,Electronics,West,6,2
8181,2024-10-25,1004.57,failed,Sports,West,29,4
8182,2024-10-25,1744.26,completed,Food,South,49,3
8183,2024-10-25,3170.37,pending,Home,South,7,3
8184,2024-10-25,3606.93,refunded,Food,East,5,2
8185,2024-10-25,1831.3,completed,Sports,East,20,2
8186,2024-10-25,1389.98,completed,Home,West,20,3
8187,2024-10-25,85.34,pending,Sports,North,34,1
8188,2024-10-25,117.98,completed,Books,Central,6,2
8189,2024-10-25,1983.64,completed,Food,Central,42,1
8190,2024-10-25,1194.68,failed,Electronics,North,38,1
8191,2024-10-25,2829.27,completed,Clothing,East,38,2
8192,2024-10-26,878.53,completed,Books,South,31,2
8193,2024-10-26,1404.22,completed,Home,South,40,1
8194,2024-10-26,2486.35,completed,Books,West,33,3
8195,2024-10-26,4375.75,pending,Books,South,11,4
8196,2024-10-26,4799.34,completed,Books,West,42,3
8197,2024-10-26,4447.3,completed,Home,North,13,4
8198,2024-10-26,317.63,completed,Home,South,11,2
8199,2024-10-26,1713.77,completed,Sports,East,11,3
8200,2024-10-26,1559.87,completed,Books,East,17,4
8201,2024-10-26,17.7,pending,Electronics,North,4,3
8202,2024-10-26,2050.36,completed,Books,North,25,5
8203,2024-10-26,1692.32,completed,Books,North,30,2
8204,2024-10-26,1472.51,completed,Sports,Central,16,1
8205,2024-10-26,3871.44,completed,Sports,West,29,4
8206,2024-10-26,2147.23,completed,Books,West,3,1
8207,2024-10-26,4058.25,completed,Sports,East,7,1
8208,2024-10-26,64.64,failed,Electronics,South,17,5
8209,2024-10-26,2857.91,completed,Electronics,West,36,4
8210,2024-10-26,2985.08,completed,Home,East,35,4
8211,2024-10-26,4612.92,completed,Sports,East,33,1
8212,2024-10-26,4117.58,completed,Home,South,32,3
8213,2024-10-26,4823.28,pending,Food,South,48,2
8214,2024-10-26,3571.29,completed,Sports,West,28,1
8215,2024-10-26,4481.76,refunded,Sports,West,47,1
8216,2024-10-26,4011.49,completed,Electronics,West,38,3
8217,2024-10-26,34.17,failed,Books,Central,30,3
8218,2024-10-26,237.68,completed,Food,East,40,3
8219,2024-10-26,2865.05,completed,Books,Central,40,3
8220,2024-10-27,4702.54,completed,Sports,South,2,5
8221,2024-10-27,234.06,failed,Books,Central,1,4
8222,2024-10-27,3581.84,completed,Books,South,38,5
8223,2024-10-27,2528.75,completed,Books,West,5,4
8224,2024-10-27,2365.15,completed,Electronics,Central,12,5
8225,2024-10-27,4677.9,completed,Clothing,West,33,4
8226,2024-10-27,770.34,completed,Electronics,East,33,1
8227,2024-10-27,4374.71,completed,Clothing,West,25,2
8228,2024-10-27,1562.64,refunded,Food,Central,4,3
8229,2024-10-27,831.38,pending,Home,North,10,1
8230,2024-10-27,2646.79,completed,Clothing,North,40,5
8231,2024-10-27,1994.17,completed,Food,Central,1,4
8232,2024-10-27,1362.75,completed,Electronics,Central,49,4
8233,2024-10-27,4832.37,completed,Clothing,North,2,3
8234,2024-10-27,706.18,completed,Books,North,12,2
8235,2024-10-27,906.92,completed,Home,East,14,2
8236,2024-10-27,4345.11,completed,Sports,East,38,5
8237,2024-10-27,673.0,completed,Books,South,5,4
8238,2024-10-27,2507.37,pending,Sports,East,25,2
8239,2024-10-27,2734.45,completed,Home,East,37,2
8240,2024-10-27,758.93,completed,Food,Central,16,4
8241,2024-10-27,3410.2,completed,Food,North,6,1
8242,2024-10-27,4730.19,completed,Home,North,15,3
8243,2024-10-27,1726.6,completed,Electronics,South,28,4
8244,2024-10-27,2784.66,completed,Home,West,28,1
8245,2024-10-27,3976.0,pending,Sports,Central,23,3
8246,2024-10-27,936.62,completed,Sports,East,18,4
8247,2024-10-28,1812.26,completed,Clothing,South,7,1
8248,2024-10-28,1884.36,failed,Electronics,Central,47,2
8249,2024-10-28,813.32,completed,Electronics,North,21,4
8250,2024-10-28,3332.74,completed,Sports,South,1,5
8251,2024-10-28,3665.68,failed,Home,East,2,2
8252,2024-10-28,2449.84,completed,Clothing,North,36,4
8253,2024-10-28,2251.89,completed,Clothing,East,47,4
8254,2024-10-28,1670.71,refunded,Clothing,Central,10,4
8255,2024-10-28,1834.06,completed,Books,South,49,5
8256,2024-10-28,3324.23,completed,Sports,North,14,4
8257,2024-10-28,3331.63,completed,Books,North,49,1
8258,2024-10-28,3508.84,completed,Sports,South,22,1
8259,2024-10-28,3045.05,completed,Books,West,9,5
8260,2024-10-28,2865.12,completed,Clothing,East,28,5
8261,2024-10-28,4957.56,refunded,Food,South,16,2
8262,2024-10-28,1982.92,completed,Clothing,Central,49,5
8263,2024-10-28,1261.98,failed,Electronics,East,39,1
8264,2024-10-28,845.28,completed,Food,South,31,5
8265,2024-10-28,2129.56,completed,Books,East,13,4
8266,2024-10-28,2151.52,completed,Home,East,19,4
8267,2024-10-28,596.66,completed,Clothing,East,33,2
8268,2024-10-28,3864.83,completed,Electronics,South,16,4
8269,2024-10-28,883.21,pending,Clothing,West,6,2
8270,2024-10-28,441.02,failed,Books,Central,19,5
8271,2024-10-28,2187.33,completed,Home,West,35,3
8272,2024-10-28,3713.48,pending,Clothing,East,21,2
8273,2024-10-28,789.51,completed,Electronics,South,42,3
8274,2024-10-28,1326.76,completed,Electronics,Central,6,5
8275,2024-10-29,3413.79,completed,Sports,North,26,1
8276,2024-10-29,2117.23,pending,Clothing,Central,14,2
8277,2024-10-29,4725.46,completed,Home,Central,28,1
8278,2024-10-29,4711.42,completed,Food,Central,5,3
8279,2024-10-29,315.2,completed,Sports,North,20,4
8280,2024-10-29,659.78,completed,Electronics,East,34,4
8281,2024-10-29,1264.49,failed,Books,North,15,5
8282,2024-10-29,2236.48,pending,Clothing,West,21,1
8283,2024-10-29,1236.55,completed,Food,Central,25,4
8284,2024-10-29,1457.61,refunded,Home,Central,11,5
8285,2024-10-29,3542.0,pending,Electronics,West,36,4
8286,2024-10-29,1207.44,completed,Books,West,24,2
8287,2024-10-29,3252.77,pending,Electronics,North,45,5
8288,2024-10-29,4351.26,completed,Electronics,East,26,4
8289,2024-10-29,74.36,completed,Food,South,35,4
8290,2024-10-29,4034.53,pending,Sports,Central,25,2
8291,2024-10-29,881.9,completed,Electronics,South,8,2
8292,2024-10-29,4376.99,completed,Sports,North,2,1
8293,2024-10-29,2482.36,completed,Food,West,3,2
8294,2024-10-29,3899.1,completed,Food,South,40,3
8295,2024-10-29,1451.52,completed,Clothing,East,29,3
8296,2024-10-29,2327.06,completed,Books,Central,31,4
8297,2024-10-29,3802.05,completed,Home,Central,19,1
8298,2024-10-29,1753.42,completed,Food,South,8,5
8299,2024-10-29,1651.28,completed,Home,West,8,4
8300,2024-10-29,899.19,failed,Clothing,Central,36,4
8301,2024-10-29,1647.3,refunded,Electronics,North,16,3
8302,2024-10-30,3968.09,completed,Home,West,12,3
8303,2024-10-30,4914.79,completed,Books,West,21,2
8304,2024-10-30,18.47,completed,Electronics,South,40,5
8305,2024-10-30,816.0,refunded,Home,West,16,1
8306,2024-10-30,3224.39,completed,Home,East,1,2
8307,2024-10-30,2656.25,completed,Home,South,34,1
8308,2024-10-30,4743.54,completed,Home,West,15,1
8309,2024-10-30,1250.27,completed,Home,East,38,3
8310,2024-10-30,486.17,completed,Electronics,West,22,1
8311,2024-10-30,178.77,pending,Home,West,18,4
8312,2024-10-30,2176.52,completed,Books,West,19,2
8313,2024-10-30,1372.38,completed,Books,Central,38,1
8314,2024-10-30,1609.46,completed,Home,North,20,5
8315,2024-10-30,3256.82,pending,Sports,North,14,4
8316,2024-10-30,2941.46,failed,Books,South,14,4
8317,2024-10-30,1683.09,completed,Books,West,37,4
8318,2024-10-30,2213.93,pending,Sports,West,46,3
8319,2024-10-30,1659.17,completed,Sports,West,9,4
8320,2024-10-30,2337.18,completed,Books,North,1,1
8321,2024-10-30,171.73,completed,Electronics,North,10,4
8322,2024-10-30,2423.54,completed,Electronics,North,14,3
8323,2024-10-30,1116.4,completed,Electronics,South,41,2
8324,2024-10-30,1712.73,completed,Clothing,East,42,3
8325,2024-10-30,3435.2,pending,Books,South,22,1
8326,2024-10-30,2945.64,pending,Sports,East,17,5
8327,2024-10-30,3427.18,completed,Clothing,West,34,1
8328,2024-10-30,4592.28,completed,Clothing,North,45,5
8329,2024-10-31,4640.1,completed,Home,West,18,4
8330,2024-10-31,2131.34,completed,Sports,West,5,1
8331,2024-10-31,4565.21,refunded,Electronics,North,4,4
8332,2024-10-31,3516.36,completed,Clothing,South,9,3
8333,2024-10-31,2463.8,pending,Sports,West,26,2
8334,2024-10-31,1632.8,completed,Food,North,9,4
8335,2024-10-31,94.05,completed,Home,South,46,4
8336,2024-10-31,2818.98,completed,Electronics,South,38,5
8337,2024-10-31,4068.5,failed,Sports,South,11,5
8338,2024-10-31,2244.43,pending,Electronics,South,17,4
8339,2024-10-31,3961.46,failed,Home,North,18,1
8340,2024-10-31,2770.77,completed,Books,West,47,2
8341,2024-10-31,4650.36,completed,Food,South,4,2
8342,2024-10-31,136.72,pending,Books,West,26,5
8343,2024-10-31,3659.53,pending,Home,North,18,2
8344,2024-10-31,1259.32,completed,Books,Central,48,4
8345,2024-10-31,4240.65,completed,Clothing,North,38,1
8346,2024-10-31,1518.04,completed,Books,South,2,1
8347,2024-10-31,1406.61,failed,Home,North,31,3
8348,2024-10-31,1782.77,completed,Sports,Central,13,2
8349,2024-10-31,2222.93,completed,Home,South,32,3
8350,2024-10-31,818.3,pending,Sports,East,35,5
8351,2024-10-31,4214.95,completed,Home,South,26,3
8352,2024-10-31,79.2,completed,Clothing,South,45,2
8353,2024-10-31,418.81,completed,Books,West,13,2
8354,2024-10-31,1087.35,completed,Books,East,25,4
8355,2024-10-31,3736.86,completed,Home,West,38,5
8356,2024-10-31,1203.77,completed,Electronics,Central,23,3
8357,2024-11-01,1038.48,completed,Clothing,Central,25,2
8358,2024-11-01,301.13,completed,Books,North,19,2
8359,2024-11-01,121.11,completed,Books,West,34,2
8360,2024-11-01,2337.79,pending,Clothing,North,27,1
8361,2024-11-01,2600.78,completed,Sports,South,29,4
8362,2024-11-01,845.01,completed,Electronics,North,15,4
8363,2024-11-01,567.79,completed,Sports,South,29,5
8364,2024-11-01,4219.96,completed,Books,Central,11,4
8365,2024-11-01,202.79,completed,Books,South,38,2
8366,2024-11-01,654.88,completed,Books,South,2,2
8367,2024-11-01,800.68,completed,Food,Central,48,2
8368,2024-11-01,879.16,completed,Home,South,6,3
8369,2024-11-01,3290.12,completed,Books,Central,14,3
8370,2024-11-01,3267.58,failed,Electronics,North,28,5
8371,2024-11-01,2158.63,completed,Home,Central,21,3
8372,2024-11-01,4918.48,completed,Books,North,3,1
8373,2024-11-01,4465.28,completed,Clothing,East,16,5
8374,2024-11-01,3813.18,completed,Sports,West,19,5
8375,2024-11-01,381.05,completed,Clothing,East,24,4
8376,2024-11-01,1884.12,refunded,Books,East,2,5
8377,2024-11-01,1053.19,refunded,Clothing,South,22,4
8378,2024-11-01,2560.07,completed,Books,South,10,5
8379,2024-11-01,1266.65,completed,Electronics,West,9,4
8380,2024-11-01,1351.67,failed,Electronics,East,4,3
8381,2024-11-01,1127.65,completed,Sports,Central,20,3
8382,2024-11-01,2725.98,refunded,Sports,South,3,4
8383,2024-11-01,2609.88,completed,Books,West,20,1
8384,2024-11-02,2935.6,completed,Books,Central,48,3
8385,2024-11-02,971.07,pending,Electronics,South,8,1
8386,2024-11-02,4505.57,completed,Food,North,48,3
8387,2024-11-02,3986.97,completed,Sports,Central,32,2
8388,2024-11-02,1518.13,pending,Sports,West,3,2
8389,2024-11-02,3380.96,completed,Clothing,West,35,5
8390,2024-11-02,4936.36,pending,Sports,East,37,4
8391,2024-11-02,1991.03,failed,Books,South,22,2
8392,2024-11-02,2316.43,completed,Electronics,West,25,4
8393,2024-11-02,98.65,completed,Electronics,East,9,3
8394,2024-11-02,4431.5,completed,Home,North,16,5
8395,2024-11-02,2910.18,pending,Electronics,West,46,1
8396,2024-11-02,4306.06,completed,Clothing,North,9,1
8397,2024-11-02,1261.67,pending,Home,North,36,1
8398,2024-11-02,537.92,pending,Books,West,28,4
8399,2024-11-02,3906.24,completed,Clothing,East,3,2
8400,2024-11-02,891.81,completed,Home,West,32,1
8401,2024-11-02,4793.97,completed,Home,Central,41,4
8402,2024-11-02,2470.79,failed,Electronics,Central,45,5
8403,2024-11-02,695.28,pending,Clothing,West,38,3
8404,2024-11-02,4939.6,completed,Clothing,West,31,2
8405,2024-11-02,124.06,completed,Food,East,15,2
8406,2024-11-02,1434.77,completed,Sports,West,30,1
8407,2024-11-02,4586.24,completed,Home,East,15,3
8408,2024-11-02,2657.11,refunded,Sports,East,33,3
8409,2024-11-02,4562.17,completed,Food,North,33,5
8410,2024-11-02,4286.62,failed,Electronics,North,29,1
8411,2024-11-02,4987.0,refunded,Home,South,25,4
8412,2024-11-03,2554.3,completed,Sports,North,42,2
8413,2024-11-03,2029.63,completed,Food,East,43,4
8414,2024-11-03,1459.31,failed,Food,North,41,3
8415,2024-11-03,484.93,completed,Food,Central,44,5
8416,2024-11-03,3908.66,pending,Clothing,East,28,2
8417,2024-11-03,4783.09,completed,Books,Central,45,5
8418,2024-11-03,2778.36,failed,Clothing,North,47,2
8419,2024-11-03,2968.82,completed,Food,North,27,5
8420,2024-11-03,2307.34,completed,Sports,East,16,3
8421,2024-11-03,2955.32,completed,Electronics,North,40,3
8422,2024-11-03,507.41,pending,Books,East,31,4
8423,2024-11-03,233.21,completed,Home,East,30,5
8424,2024-11-03,524.66,completed,Sports,Central,39,3
8425,2024-11-03,300.46,completed,Books,West,23,3
8426,2024-11-03,1015.69,completed,Books,South,35,5
8427,2024-11-03,3498.04,completed,Clothing,Central,46,4
8428,2024-11-03,4357.0,completed,Electronics,West,42,3
8429,2024-11-03,1105.02,completed,Sports,North,28,3
8430,2024-11-03,123.27,completed,Electronics,West,30,4
8431,2024-11-03,4832.77,completed,Sports,West,7,2
8432,2024-11-03,827.1,completed,Food,Central,17,4
8433,2024-11-03,3903.74,completed,Sports,North,24,1
8434,2024-11-03,4613.54,pending,Home,North,39,5
8435,2024-11-03,3716.02,pending,Clothing,South,2,1
8436,2024-11-03,456.97,pending,Clothing,West,36,5
8437,2024-11-03,4266.35,completed,Home,Central,29,5
8438,2024-11-03,3158.74,completed,Electronics,Central,16,3
8439,2024-11-04,1805.02,pending,Home,Central,20,2
8440,2024-11-04,2866.5,completed,Clothing,West,46,4
8441,2024-11-04,4358.25,completed,Sports,East,12,3
8442,2024-11-04,3355.29,completed,Sports,East,32,3
8443,2024-11-04,3872.06,refunded,Sports,Central,13,1
8444,2024-11-04,4310.13,failed,Books,East,1,4
8445,2024-11-04,1194.61,completed,Books,West,32,2
8446,2024-11-04,3678.1,completed,Sports,Central,3,5
8447,2024-11-04,3634.9,completed,Books,West,10,4
8448,2024-11-04,3974.68,completed,Electronics,North,46,5
8449,2024-11-04,1757.19,pending,Books,North,1,5
8450,2024-11-04,4240.61,pending,Home,South,49,5
8451,2024-11-04,637.73,completed,Clothing,South,5,3
8452,2024-11-04,3849.98,completed,Food,North,4,5
8453,2024-11-04,765.37,completed,Sports,East,22,1
8454,2024-11-04,517.21,completed,Food,West,20,1
8455,2024-11-04,4058.37,completed,Clothing,East,38,2
8456,2024-11-04,2005.23,failed,Sports,North,8,4
8457,2024-11-04,3245.69,completed,Books,South,17,5
8458,2024-11-04,3079.01,failed,Home,North,30,3
8459,2024-11-04,3007.58,completed,Home,North,20,5
8460,2024-11-04,2353.04,completed,Electronics,East,16,2
8461,2024-11-04,3798.75,pending,Home,North,30,5
8462,2024-11-04,1476.08,completed,Clothing,Central,22,2
8463,2024-11-04,3550.09,completed,Clothing,East,7,1
8464,2024-11-04,1627.58,completed,Electronics,South,4,4
8465,2024-11-04,646.69,completed,Sports,West,27,4
8466,2024-11-05,885.89,pending,Electronics,East,3,3
8467,2024-11-05,1987.57,completed,Home,South,23,4
8468,2024-11-05,1882.7,completed,Food,Central,12,3
8469,2024-11-05,3880.82,completed,Home,Central,25,5
8470,2024-11-05,1816.38,completed,Electronics,Central,1,4
8471,2024-11-05,3901.0,pending,Electronics,South,29,2
8472,2024-11-05,378.42,completed,Clothing,East,38,5
8473,2024-11-05,1297.55,completed,Books,East,43,5
8474,2024-11-05,4914.52,refunded,Sports,East,44,1
8475,2024-11-05,1640.72,completed,Books,South,10,2
8476,2024-11-05,2046.3,completed,Home,North,8,3
8477,2024-11-05,2189.31,completed,Electronics,East,11,1
8478,2024-11-05,4103.59,pending,Clothing,West,43,5
8479,2024-11-05,3552.01,completed,Home,Central,49,1
8480,2024-11-05,746.19,completed,Food,North,22,3
8481,2024-11-05,4319.36,completed,Home,Central,11,5
8482,2024-11-05,1637.16,completed,Electronics,West,45,5
8483,2024-11-05,4504.1,refunded,Electronics,South,26,5
8484,2024-11-05,4334.35,completed,Clothing,South,43,1
8485,2024-11-05,403.56,refunded,Sports,East,27,3
8486,2024-11-05,2302.91,pending,Food,Central,14,4
8487,2024-11-05,4110.84,refunded,Home,North,38,5
8488,2024-11-05,3736.92,completed,Clothing,Central,16,1
8489,2024-11-05,3021.3,completed,Clothing,Central,10,4
8490,2024-11-05,4794.06,completed,Sports,South,14,1
8491,2024-11-05,401.3,completed,Clothing,East,17,1
8492,2024-11-05,4225.97,completed,Home,South,41,1
8493,2024-11-05,4353.98,completed,Sports,West,37,4
8494,2024-11-06,1571.69,pending,Home,West,4,3
8495,2024-11-06,101.82,failed,Clothing,East,25,5
8496,2024-11-06,4456.83,pending,Electronics,West,45,4
8497,2024-11-06,3044.53,completed,Electronics,North,3,1
8498,2024-11-06,1149.72,completed,Home,East,20,4
8499,2024-11-06,4758.15,completed,Home,West,9,3
8500,2024-11-06,1773.38,failed,Electronics,East,30,3
8501,2024-11-06,1707.94,completed,Food,North,16,4
8502,2024-11-06,3715.24,completed,Electronics,East,24,2
8503,2024-11-06,2613.01,completed,Food,West,13,3
8504,2024-11-06,4179.37,completed,Sports,East,43,5
8505,2024-11-06,3360.54,pending,Electronics,Central,46,2
8506,2024-11-06,1251.58,pending,Sports,East,4,5
8507,2024-11-06,36.05,completed,Clothing,North,37,2
8508,2024-11-06,3016.19,completed,Home,Central,25,4
8509,2024-11-06,4219.65,pending,Electronics,East,23,5
8510,2024-11-06,2813.95,completed,Electronics,North,36,1
8511,2024-11-06,3797.33,refunded,Sports,West,6,4
8512,2024-11-06,938.77,completed,Home,East,30,3
8513,2024-11-06,2682.52,completed,Electronics,North,7,5
8514,2024-11-06,4197.73,completed,Home,North,29,3
8515,2024-11-06,3600.38,completed,Books,Central,32,4
8516,2024-11-06,1262.16,failed,Home,East,13,2
8517,2024-11-06,948.7,completed,Home,West,48,5
8518,2024-11-06,3104.8,completed,Home,West,18,1
8519,2024-11-06,248.68,failed,Clothing,West,38,1
8520,2024-11-06,454.35,completed,Electronics,North,46,3
8521,2024-11-07,2722.7,completed,Food,Central,33,3
8522,2024-11-07,185.01,completed,Books,East,14,4
8523,2024-11-07,188.75,completed,Home,East,18,1
8524,2024-11-07,598.8,completed,Electronics,South,18,5
8525,2024-11-07,843.96,pending,Home,East,20,2
8526,2024-11-07,2057.09,refunded,Food,West,6,4
8527,2024-11-07,3300.91,completed,Food,South,39,3
8528,2024-11-07,148.79,completed,Electronics,East,39,1
8529,2024-11-07,1148.69,completed,Food,South,38,3
8530,2024-11-07,3468.84,pending,Food,South,4,1
8531,2024-11-07,2294.42,completed,Food,West,23,3
8532,2024-11-07,31.0,completed,Home,North,24,4
8533,2024-11-07,1631.2,pending,Electronics,West,47,5
8534,2024-11-07,4416.46,completed,Clothing,Central,36,1
8535,2024-11-07,257.28,completed,Electronics,South,21,1
8536,2024-11-07,2396.66,completed,Clothing,East,7,2
8537,2024-11-07,44.75,completed,Books,South,8,4
8538,2024-11-07,2322.49,completed,Books,East,26,2
8539,2024-11-07,1543.61,completed,Electronics,Central,24,5
8540,2024-11-07,1323.57,failed,Food,Central,22,5
8541,2024-11-07,2972.84,completed,Electronics,East,29,4
8542,2024-11-07,1043.42,completed,Home,North,30,3
8543,2024-11-07,4616.24,pending,Home,Central,38,1
8544,2024-11-07,3423.4,completed,Books,West,22,5
8545,2024-11-07,1422.69,completed,Home,North,10,1
8546,2024-11-07,2701.98,completed,Books,North,43,4
8547,2024-11-07,2251.35,completed,Home,West,2,1
8548,2024-11-07,200.54,completed,Clothing,Central,14,4
8549,2024-11-08,768.56,completed,Books,Central,44,1
8550,2024-11-08,3273.71,refunded,Clothing,South,33,3
8551,2024-11-08,1495.52,completed,Clothing,North,9,3
8552,2024-11-08,2244.7,completed,Electronics,West,6,3
8553,2024-11-08,1491.87,completed,Food,Central,17,2
8554,2024-11-08,1161.04,refunded,Sports,Central,44,1
8555,2024-11-08,84.67,completed,Clothing,West,43,5
8556,2024-11-08,3477.99,completed,Electronics,North,42,2
8557,2024-11-08,4590.54,completed,Books,West,18,2
8558,2024-11-08,1187.68,pending,Sports,North,29,5
8559,2024-11-08,942.22,completed,Books,North,19,4
8560,2024-11-08,4616.83,completed,Books,West,18,1
8561,2024-11-08,3752.15,completed,Sports,South,46,2
8562,2024-11-08,1341.56,pending,Electronics,North,46,2
8563,2024-11-08,3985.91,completed,Sports,West,6,4
8564,2024-11-08,749.61,completed,Clothing,Central,33,2
8565,2024-11-08,1128.41,failed,Sports,East,36,5
8566,2024-11-08,4067.21,completed,Clothing,Central,36,4
8567,2024-11-08,1160.29,completed,Food,East,47,2
8568,2024-11-08,194.19,completed,Books,West,39,5
8569,2024-11-08,86.4,completed,Sports,Central,49,1
8570,2024-11-08,1405.27,completed,Books,South,21,2
8571,2024-11-08,3113.69,completed,Sports,East,22,5
8572,2024-11-08,4813.71,pending,Electronics,Central,22,4
8573,2024-11-08,3980.82,completed,Electronics,Central,2,5
8574,2024-11-08,4085.13,failed,Clothing,South,1,2
8575,2024-11-08,2880.61,completed,Home,North,20,5
8576,2024-11-09,841.97,completed,Clothing,Central,37,3
8577,2024-11-09,2817.62,completed,Electronics,South,39,3
8578,2024-11-09,991.7,completed,Home,East,28,3
8579,2024-11-09,3303.52,refunded,Sports,Central,12,4
8580,2024-11-09,2869.02,completed,Home,West,45,3
8581,2024-11-09,2141.62,completed,Electronics,East,37,1
8582,2024-11-09,3307.65,pending,Clothing,West,43,1
8583,2024-11-09,3662.59,completed,Books,South,46,2
8584,2024-11-09,194.24,completed,Sports,East,9,3
8585,2024-11-09,4734.41,completed,Books,West,24,1
8586,2024-11-09,1118.56,pending,Electronics,East,44,5
8587,2024-11-09,1393.86,completed,Food,East,44,5
8588,2024-11-09,3760.75,refunded,Clothing,Central,24,5
8589,2024-11-09,2124.67,completed,Electronics,South,48,2
8590,2024-11-09,3431.34,completed,Clothing,North,21,3
8591,2024-11-09,3339.33,completed,Food,Central,48,2
8592,2024-11-09,3004.74,completed,Sports,Central,7,2
8593,2024-11-09,3056.21,completed,Home,North,25,1
8594,2024-11-09,22.12,pending,Clothing,West,4,5
8595,2024-11-09,4837.33,pending,Clothing,West,37,5
8596,2024-11-09,822.48,completed,Home,Central,4,5
8597,2024-11-09,2447.34,pending,Books,West,45,4
8598,2024-11-09,3318.04,completed,Home,West,23,1
8599,2024-11-09,658.02,completed,Electronics,South,8,5
8600,2024-11-09,2392.83,completed,Home,East,33,2
8601,2024-11-09,53.67,completed,Sports,East,35,4
8602,2024-11-09,432.29,failed,Home,West,49,3
8603,2024-11-10,2048.72,completed,Books,North,19,2
8604,2024-11-10,4321.99,completed,Food,South,23,4
8605,2024-11-10,3971.01,failed,Sports,North,48,4
8606,2024-11-10,669.04,completed,Clothing,North,15,3
8607,2024-11-10,3872.05,completed,Books,South,3,4
8608,2024-11-10,12.89,completed,Home,South,41,2
8609,2024-11-10,527.9,completed,Books,West,42,4
8610,2024-11-10,3792.66,completed,Electronics,North,13,2
8611,2024-11-10,4431.97,completed,Sports,South,35,1
8612,2024-11-10,2101.09,failed,Books,West,4,5
8613,2024-11-10,1039.03,completed,Clothing,South,40,2
8614,2024-11-10,812.41,pending,Clothing,East,27,4
8615,2024-11-10,1431.07,completed,Books,Central,16,3
8616,2024-11-10,1311.68,pending,Sports,South,26,3
8617,2024-11-10,4904.96,completed,Sports,East,36,2
8618,2024-11-10,2630.81,refunded,Home,East,46,1
8619,2024-11-10,1900.57,completed,Sports,North,5,3
8620,2024-11-10,3768.24,refunded,Food,Central,6,2
8621,2024-11-10,3881.82,pending,Books,North,46,2
8622,2024-11-10,879.49,completed,Sports,Central,36,5
8623,2024-11-10,2093.07,failed,Food,Central,38,2
8624,2024-11-10,1942.27,completed,Food,South,34,5
8625,2024-11-10,624.97,completed,Electronics,East,45,5
8626,2024-11-10,658.45,completed,Sports,East,8,2
8627,2024-11-10,4821.15,completed,Books,North,9,5
8628,2024-11-10,819.19,completed,Books,South,22,1
8629,2024-11-10,3177.96,failed,Books,Central,26,4
8630,2024-11-10,3324.1,completed,Food,East,40,4
8631,2024-11-11,2325.47,pending,Electronics,Central,18,4
8632,2024-11-11,1446.25,failed,Food,North,42,3
8633,2024-11-11,4437.25,completed,Electronics,West,13,4
8634,2024-11-11,1704.65,completed,Clothing,East,2,2
8635,2024-11-11,899.17,completed,Clothing,West,14,2
8636,2024-11-11,3955.55,completed,Books,East,11,5
8637,2024-11-11,3179.6,completed,Clothing,East,6,3
8638,2024-11-11,940.78,completed,Home,West,15,4
8639,2024-11-11,3683.82,pending,Sports,West,34,3
8640,2024-11-11,877.18,completed,Food,East,10,5
8641,2024-11-11,1953.65,completed,Home,West,20,2
8642,2024-11-11,4809.24,completed,Books,South,27,4
8643,2024-11-11,541.48,completed,Sports,West,33,3
8644,2024-11-11,3900.19,completed,Clothing,Central,43,1
8645,2024-11-11,1825.34,completed,Electronics,Central,31,4
8646,2024-11-11,4791.53,completed,Books,North,5,5
8647,2024-11-11,3444.5,refunded,Food,North,24,5
8648,2024-11-11,1326.52,completed,Food,West,23,5
8649,2024-11-11,3477.51,completed,Books,Central,10,4
8650,2024-11-11,3960.28,completed,Home,South,31,1
8651,2024-11-11,2000.08,completed,Home,North,46,4
8652,2024-11-11,309.67,completed,Sports,North,2,3
8653,2024-11-11,3371.4,completed,Home,West,40,3
8654,2024-11-11,1825.02,failed,Books,North,11,2
8655,2024-11-11,4153.44,pending,Electronics,Central,23,3
8656,2024-11-11,4638.07,completed,Books,West,40,3
8657,2024-11-11,1343.81,completed,Electronics,South,3,5
8658,2024-11-12,1469.74,completed,Books,West,27,2
8659,2024-11-12,1351.02,completed,Clothing,Central,16,2
8660,2024-11-12,2772.48,completed,Electronics,Central,4,2
8661,2024-11-12,3303.33,completed,Home,South,22,4
8662,2024-11-12,1761.17,pending,Electronics,South,10,5
8663,2024-11-12,614.09,failed,Clothing,East,12,1
8664,2024-11-12,2451.79,pending,Books,Central,1,1
8665,2024-11-12,1599.78,completed,Sports,Central,20,5
8666,2024-11-12,3526.26,completed,Books,North,6,5
8667,2024-11-12,3238.54,refunded,Books,East,42,5
8668,2024-11-12,2945.22,completed,Clothing,South,29,1
8669,2024-11-12,4876.57,completed,Books,North,42,3
8670,2024-11-12,48.28,completed,Sports,Central,25,5
8671,2024-11-12,1039.03,completed,Books,South,10,1
8672,2024-11-12,173.13,completed,Electronics,South,2,3
8673,2024-11-12,4935.46,completed,Clothing,South,30,2
8674,2024-11-12,445.14,failed,Sports,West,26,2
8675,2024-11-12,942.31,pending,Electronics,North,9,1
8676,2024-11-12,214.08,completed,Books,South,27,4
8677,2024-11-12,1483.34,completed,Books,North,11,5
8678,2024-11-12,3743.16,completed,Clothing,North,23,3
8679,2024-11-12,331.89,refunded,Books,South,13,2
8680,2024-11-12,4837.64,refunded,Home,South,37,4
8681,2024-11-12,2342.4,completed,Electronics,West,32,4
8682,2024-11-12,2625.43,pending,Sports,West,27,4
8683,2024-11-12,1146.26,completed,Home,West,27,5
8684,2024-11-12,488.29,completed,Home,East,39,2
8685,2024-11-12,1887.79,completed,Sports,South,17,1
8686,2024-11-13,25.48,completed,Clothing,South,39,1
8687,2024-11-13,1209.39,completed,Food,North,48,5
8688,2024-11-13,4310.2,completed,Books,Central,44,1
8689,2024-11-13,3298.47,pending,Sports,Central,6,1
8690,2024-11-13,4342.57,completed,Sports,South,36,4
8691,2024-11-13,2349.99,completed,Sports,Central,28,4
8692,2024-11-13,593.35,completed,Books,West,47,4
8693,2024-11-13,4417.57,pending,Books,North,4,5
8694,2024-11-13,4845.25,completed,Home,North,41,1
8695,2024-11-13,3127.43,completed,Sports,Central,17,5
8696,2024-11-13,3183.17,completed,Clothing,South,32,2
8697,2024-11-13,4888.3,completed,Clothing,West,31,4
8698,2024-11-13,4244.22,completed,Books,South,3,1
8699,2024-11-13,2146.79,pending,Clothing,North,21,2
8700,2024-11-13,2956.89,completed,Books,East,35,1
8701,2024-11-13,122.07,failed,Books,North,13,4
8702,2024-11-13,1334.62,completed,Books,East,39,1
8703,2024-11-13,577.86,completed,Electronics,West,10,2
8704,2024-11-13,1327.3,pending,Books,West,19,2
8705,2024-11-13,2914.34,completed,Sports,South,37,4
8706,2024-11-13,1537.92,completed,Sports,East,47,3
8707,2024-11-13,2351.99,completed,Books,South,3,5
8708,2024-11-13,3822.0,completed,Sports,Central,32,3
8709,2024-11-13,3243.29,failed,Food,Central,39,5
8710,2024-11-13,1294.81,completed,Books,Central,43,1
8711,2024-11-13,2395.22,pending,Home,North,22,4
8712,2024-11-13,177.61,completed,Electronics,East,49,3
8713,2024-11-14,3874.23,completed,Food,West,22,4
8714,2024-11-14,3686.16,failed,Food,East,24,4
8715,2024-11-14,2521.91,refunded,Books,West,44,5
8716,2024-11-14,2171.27,completed,Clothing,South,41,3
8717,2024-11-14,4047.76,completed,Sports,West,41,3
8718,2024-11-14,4802.66,completed,Electronics,West,40,1
8719,2024-11-14,809.84,completed,Food,East,32,1
8720,2024-11-14,2898.95,completed,Sports,South,35,4
8721,2024-11-14,2169.93,pending,Sports,North,35,2
8722,2024-11-14,74.71,failed,Clothing,East,1,4
8723,2024-11-14,1749.48,completed,Sports,South,27,1
8724,2024-11-14,4119.93,completed,Home,West,26,2
8725,2024-11-14,4918.85,pending,Clothing,South,38,2
8726,2024-11-14,687.21,pending,Sports,North,37,3
8727,2024-11-14,744.12,completed,Home,South,8,5
8728,2024-11-14,2833.01,completed,Electronics,North,19,5
8729,2024-11-14,906.69,completed,Food,North,45,2
8730,2024-11-14,4590.02,completed,Clothing,East,24,5
8731,2024-11-14,768.07,completed,Books,North,15,1
8732,2024-11-14,4564.76,completed,Sports,East,30,2
8733,2024-11-14,430.45,completed,Clothing,Central,17,1
8734,2024-11-14,783.19,completed,Books,Central,27,3
8735,2024-11-14,3562.38,completed,Books,East,26,3
8736,2024-11-14,3614.34,completed,Electronics,South,16,4
8737,2024-11-14,4756.13,pending,Books,South,43,3
8738,2024-11-14,4260.05,refunded,Food,North,39,2
8739,2024-11-14,4593.25,completed,Electronics,Central,32,1
8740,2024-11-15,856.73,completed,Books,East,32,3
8741,2024-11-15,3227.39,completed,Electronics,West,11,1
8742,2024-11-15,823.82,completed,Food,East,35,2
8743,2024-11-15,1316.01,completed,Clothing,South,20,2
8744,2024-11-15,4270.02,completed,Sports,Central,12,2
8745,2024-11-15,567.8,completed,Books,South,40,4
8746,2024-11-15,1310.88,failed,Clothing,Central,39,3
8747,2024-11-15,4922.4,completed,Books,North,26,1
8748,2024-11-15,4769.91,completed,Food,Central,4,1
8749,2024-11-15,3168.94,pending,Clothing,North,20,1
8750,2024-11-15,691.5,failed,Clothing,North,17,5
8751,2024-11-15,101.01,completed,Clothing,East,22,2
8752,2024-11-15,1779.95,completed,Food,North,36,4
8753,2024-11-15,4881.59,completed,Clothing,South,26,1
8754,2024-11-15,161.5,pending,Clothing,Central,27,2
8755,2024-11-15,3046.89,completed,Books,Central,4,2
8756,2024-11-15,2781.81,completed,Sports,North,26,2
8757,2024-11-15,1510.98,pending,Electronics,East,30,1
8758,2024-11-15,2715.46,pending,Electronics,North,4,5
8759,2024-11-15,2989.81,completed,Sports,West,19,4
8760,2024-11-15,4230.65,completed,Home,Central,43,4
8761,2024-11-15,1086.38,completed,Home,East,3,1
8762,2024-11-15,3704.26,completed,Electronics,South,28,4
8763,2024-11-15,3355.45,completed,Sports,North,29,4
8764,2024-11-15,782.57,completed,Sports,Central,11,4
8765,2024-11-15,3156.08,pending,Books,South,25,3
8766,2024-11-15,865.48,completed,Books,West,29,4
8767,2024-11-15,2650.58,completed,Sports,West,28,2
8768,2024-11-16,1979.98,completed,Sports,South,42,1
8769,2024-11-16,1950.21,completed,Clothing,South,16,1
8770,2024-11-16,1970.69,completed,Home,South,23,1
8771,2024-11-16,186.22,pending,Clothing,North,28,5
8772,2024-11-16,4306.2,completed,Books,South,1,2
8773,2024-11-16,3959.73,completed,Home,Central,22,4
8774,2024-11-16,3433.51,failed,Clothing,Central,35,4
8775,2024-11-16,2149.25,completed,Books,East,30,2
8776,2024-11-16,3440.24,completed,Clothing,South,25,2
8777,2024-11-16,3186.95,completed,Books,Central,28,3
8778,2024-11-16,2720.19,completed,Food,Central,40,4
8779,2024-11-16,1813.22,pending,Clothing,West,44,3
8780,2024-11-16,683.22,completed,Food,East,41,3
8781,2024-11-16,3548.85,completed,Books,South,28,4
8782,2024-11-16,3233.96,completed,Sports,West,22,5
8783,2024-11-16,4971.3,completed,Books,East,33,5
8784,2024-11-16,3729.78,completed,Home,Central,2,4
8785,2024-11-16,4072.08,completed,Electronics,North,5,2
8786,2024-11-16,3807.88,completed,Books,South,12,2
8787,2024-11-16,1736.1,completed,Home,West,9,1
8788,2024-11-16,4425.42,refunded,Clothing,East,41,3
8789,2024-11-16,144.05,completed,Electronics,North,41,2
8790,2024-11-16,292.43,completed,Books,Central,7,5
8791,2024-11-16,3293.64,completed,Electronics,South,26,5
8792,2024-11-16,2991.21,completed,Sports,North,38,2
8793,2024-11-16,4899.41,completed,Clothing,East,48,4
8794,2024-11-16,85.89,completed,Home,North,24,2
8795,2024-11-17,346.36,completed,Food,North,36,4
8796,2024-11-17,3957.38,completed,Food,North,24,4
8797,2024-11-17,4846.73,pending,Electronics,West,11,1
8798,2024-11-17,3520.3,completed,Home,Central,34,3
8799,2024-11-17,1409.08,completed,Sports,South,4,1
8800,2024-11-17,2226.46,completed,Books,South,18,2
8801,2024-11-17,3753.37,completed,Home,South,13,2
8802,2024-11-17,207.74,completed,Home,East,8,3
8803,2024-11-17,4037.0,refunded,Sports,Central,32,1
8804,2024-11-17,873.52,completed,Home,Central,40,2
8805,2024-11-17,3529.41,completed,Food,Central,9,2
8806,2024-11-17,4909.98,completed,Clothing,West,2,1
8807,2024-11-17,1341.62,refunded,Home,South,24,1
8808,2024-11-17,596.49,completed,Books,South,19,2
8809,2024-11-17,706.94,completed,Home,South,20,5
8810,2024-11-17,924.96,completed,Electronics,North,34,2
8811,2024-11-17,730.59,pending,Food,West,23,2
8812,2024-11-17,4040.77,completed,Books,North,20,4
8813,2024-11-17,1944.24,failed,Books,East,25,2
8814,2024-11-17,934.86,completed,Clothing,West,17,1
8815,2024-11-17,1162.97,pending,Home,North,25,3
8816,2024-11-17,3718.87,completed,Clothing,South,48,3
8817,2024-11-17,708.35,completed,Food,South,38,4
8818,2024-11-17,1373.58,pending,Clothing,East,8,3
8819,2024-11-17,3665.66,completed,Clothing,East,28,4
8820,2024-11-17,2478.31,completed,Home,Central,12,5
8821,2024-11-17,4543.53,failed,Electronics,East,34,3
8822,2024-11-17,2409.33,pending,Books,East,17,2
8823,2024-11-18,2558.11,completed,Food,Central,20,1
8824,2024-11-18,839.87,completed,Food,North,29,1
8825,2024-11-18,4896.38,completed,Clothing,South,30,5
8826,2024-11-18,2477.46,completed,Food,Central,43,5
8827,2024-11-18,979.0,completed,Food,East,27,3
8828,2024-11-18,3065.06,completed,Sports,South,46,3
8829,2024-11-18,3265.76,completed,Electronics,North,24,5
8830,2024-11-18,1671.87,completed,Books,Central,49,2
8831,2024-11-18,847.12,completed,Food,North,24,4
8832,2024-11-18,1108.2,completed,Food,Central,48,1
8833,2024-11-18,948.73,refunded,Electronics,West,37,5
8834,2024-11-18,34.72,completed,Food,North,17,1
8835,2024-11-18,3771.68,completed,Home,West,40,5
8836,2024-11-18,341.0,completed,Food,Central,2,5
8837,2024-11-18,3041.33,pending,Clothing,West,23,4
8838,2024-11-18,368.0,failed,Electronics,Central,5,5
8839,2024-11-18,487.91,completed,Food,Central,11,2
8840,2024-11-18,60.35,pending,Clothing,North,49,2
8841,2024-11-18,101.2,failed,Electronics,North,15,3
8842,2024-11-18,4480.45,completed,Food,Central,44,5
8843,2024-11-18,488.3,pending,Sports,Central,33,3
8844,2024-11-18,3075.9,completed,Clothing,Central,21,4
8845,2024-11-18,1720.97,failed,Food,North,10,1
8846,2024-11-18,3792.7,refunded,Sports,West,45,1
8847,2024-11-18,490.58,pending,Electronics,North,46,1
8848,2024-11-18,33.28,completed,Electronics,North,16,1
8849,2024-11-18,4217.4,completed,Clothing,Central,18,5
8850,2024-11-19,3231.4,completed,Sports,Central,34,4
8851,2024-11-19,3319.25,completed,Electronics,South,18,3
8852,2024-11-19,4943.1,completed,Sports,North,39,3
8853,2024-11-19,4187.14,completed,Books,East,22,1
8854,2024-11-19,1324.42,completed,Home,East,21,4
8855,2024-11-19,4244.88,failed,Home,North,13,3
8856,2024-11-19,3306.69,completed,Food,East,32,5
8857,2024-11-19,4507.7,completed,Sports,South,27,5
8858,2024-11-19,4298.15,completed,Clothing,West,46,3
8859,2024-11-19,1426.23,completed,Food,North,47,2
8860,2024-11-19,4063.22,completed,Sports,West,44,1
8861,2024-11-19,2434.23,failed,Electronics,North,37,5
8862,2024-11-19,740.07,refunded,Home,Central,42,4
8863,2024-11-19,3962.55,pending,Clothing,West,9,3
8864,2024-11-19,2352.49,completed,Electronics,West,47,4
8865,2024-11-19,2448.32,completed,Food,North,24,1
8866,2024-11-19,3378.1,completed,Food,North,45,4
8867,2024-11-19,40.0,completed,Books,East,7,3
8868,2024-11-19,4743.81,completed,Electronics,East,10,1
8869,2024-11-19,1334.78,completed,Food,North,17,3
8870,2024-11-19,3399.45,completed,Electronics,West,11,5
8871,2024-11-19,608.13,refunded,Clothing,Central,31,3
8872,2024-11-19,4114.01,completed,Books,East,4,5
8873,2024-11-19,622.05,completed,Sports,North,39,1
8874,2024-11-19,420.64,pending,Sports,East,1,1
8875,2024-11-19,3778.24,completed,Food,West,48,3
8876,2024-11-19,583.73,pending,Sports,Central,8,5
8877,2024-11-20,1724.48,completed,Clothing,Central,7,3
8878,2024-11-20,576.93,failed,Home,Central,22,5
8879,2024-11-20,901.37,completed,Sports,West,43,5
8880,2024-11-20,1425.62,completed,Electronics,West,28,5
8881,2024-11-20,1322.96,completed,Sports,North,3,5
8882,2024-11-20,4812.19,completed,Sports,Central,18,2
8883,2024-11-20,2636.06,completed,Electronics,North,49,1
8884,2024-11-20,1772.93,completed,Clothing,North,24,5
8885,2024-11-20,4009.04,completed,Home,Central,44,5
8886,2024-11-20,909.83,completed,Sports,Central,13,3
8887,2024-11-20,3099.65,completed,Sports,East,45,1
8888,2024-11-20,3910.0,failed,Sports,North,10,1
8889,2024-11-20,3248.24,pending,Books,North,22,2
8890,2024-11-20,3926.2,completed,Clothing,East,34,2
8891,2024-11-20,4131.41,failed,Books,East,13,3
8892,2024-11-20,3196.83,completed,Sports,Central,14,4
8893,2024-11-20,761.45,completed,Books,North,7,4
8894,2024-11-20,3790.53,refunded,Electronics,West,1,4
8895,2024-11-20,4737.13,completed,Home,Central,43,4
8896,2024-11-20,4026.86,failed,Home,Central,12,4
8897,2024-11-20,2739.4,completed,Clothing,Central,11,1
8898,2024-11-20,1492.82,completed,Sports,West,40,4
8899,2024-11-20,97.32,pending,Home,North,26,2
8900,2024-11-20,2210.91,completed,Books,East,23,5
8901,2024-11-20,3884.07,completed,Clothing,East,28,1
8902,2024-11-20,2346.26,completed,Sports,Central,29,1
8903,2024-11-20,1343.57,completed,Sports,East,3,3
8904,2024-11-20,4117.12,completed,Sports,Central,47,2
8905,2024-11-21,3756.29,pending,Clothing,East,33,5
8906,2024-11-21,3825.27,completed,Books,West,1,3
8907,2024-11-21,4968.71,completed,Clothing,North,15,1
8908,2024-11-21,4109.19,refunded,Electronics,Central,44,3
8909,2024-11-21,3744.16,completed,Clothing,South,2,5
8910,2024-11-21,340.93,completed,Sports,Central,33,4
8911,2024-11-21,4697.06,failed,Electronics,West,18,5
8912,2024-11-21,2571.24,pending,Home,North,42,4
8913,2024-11-21,4312.47,completed,Electronics,Central,44,4
8914,2024-11-21,4324.4,pending,Electronics,Central,45,2
8915,2024-11-21,964.66,completed,Books,West,3,2
8916,2024-11-21,649.01,completed,Food,East,1,4
8917,2024-11-21,3427.65,completed,Clothing,East,41,5
8918,2024-11-21,1885.32,completed,Clothing,North,8,2
8919,2024-11-21,4185.32,completed,Sports,North,27,4
8920,2024-11-21,1788.07,completed,Food,North,8,2
8921,2024-11-21,2144.26,completed,Home,East,45,4
8922,2024-11-21,3587.57,failed,Books,South,36,1
8923,2024-11-21,3742.51,completed,Sports,South,38,3
8924,2024-11-21,1699.29,completed,Sports,South,39,4
8925,2024-11-21,3035.34,completed,Home,North,33,1
8926,2024-11-21,3068.87,pending,Food,Central,14,1
8927,2024-11-21,1534.39,refunded,Books,South,33,3
8928,2024-11-21,295.92,completed,Food,Central,29,2
8929,2024-11-21,2267.53,pending,Electronics,North,9,5
8930,2024-11-21,1475.86,pending,Books,West,35,5
8931,2024-11-21,999.11,pending,Books,Central,12,2
8932,2024-11-22,920.12,pending,Home,Central,17,4
8933,2024-11-22,1641.64,completed,Books,East,24,1
8934,2024-11-22,1558.73,completed,Sports,South,8,2
8935,2024-11-22,1928.84,completed,Clothing,South,16,3
8936,2024-11-22,4273.42,failed,Food,South,46,2
8937,2024-11-22,3295.32,completed,Home,West,8,3
8938,2024-11-22,3337.58,failed,Home,North,23,5
8939,2024-11-22,3728.05,completed,Books,West,12,1
8940,2024-11-22,3090.03,completed,Home,East,3,3
8941,2024-11-22,1188.77,failed,Electronics,North,18,4
8942,2024-11-22,2783.24,refunded,Electronics,East,9,1
8943,2024-11-22,4030.61,completed,Clothing,Central,17,2
8944,2024-11-22,3997.82,completed,Home,South,30,4
8945,2024-11-22,3787.83,completed,Home,North,27,5
8946,2024-11-22,2911.92,completed,Home,South,22,2
8947,2024-11-22,1655.01,pending,Electronics,South,19,4
8948,2024-11-22,4493.55,completed,Home,East,39,2
8949,2024-11-22,4786.03,completed,Home,West,14,3
8950,2024-11-22,4898.61,completed,Home,Central,25,3
8951,2024-11-22,122.18,refunded,Books,South,32,5
8952,2024-11-22,3474.3,completed,Home,North,41,3
8953,2024-11-22,1858.21,pending,Home,South,19,5
8954,2024-11-22,2396.67,completed,Clothing,East,21,5
8955,2024-11-22,230.52,completed,Books,Central,30,3
8956,2024-11-22,3279.89,refunded,Food,West,38,4
8957,2024-11-22,4684.0,pending,Electronics,Central,25,2
8958,2024-11-22,206.18,completed,Sports,West,35,2
8959,2024-11-22,2063.89,completed,Sports,North,30,4
8960,2024-11-23,274.8,pending,Clothing,South,19,5
8961,2024-11-23,4448.49,completed,Clothing,North,28,2
8962,2024-11-23,3766.62,completed,Clothing,East,29,2
8963,2024-11-23,1739.66,pending,Home,West,2,5
8964,2024-11-23,2828.8,completed,Clothing,West,40,2
8965,2024-11-23,2023.34,completed,Home,North,4,4
8966,2024-11-23,4795.32,failed,Books,North,3,3
8967,2024-11-23,844.43,completed,Food,North,39,5
8968,2024-11-23,2380.34,completed,Sports,North,8,5
8969,2024-11-23,2950.24,completed,Food,Central,23,3
8970,2024-11-23,568.01,completed,Home,North,6,5
8971,2024-11-23,3989.82,completed,Food,South,42,3
8972,2024-11-23,285.99,failed,Electronics,North,49,1
8973,2024-11-23,392.12,completed,Books,Central,33,4
8974,2024-11-23,2570.73,pending,Electronics,North,22,5
8975,2024-11-23,1415.85,completed,Food,East,45,5
8976,2024-11-23,339.4,completed,Food,East,21,1
8977,2024-11-23,736.36,failed,Clothing,South,20,3
8978,2024-11-23,4299.24,completed,Electronics,East,20,4
8979,2024-11-23,4259.41,completed,Sports,North,12,3
8980,2024-11-23,3308.94,completed,Clothing,West,20,1
8981,2024-11-23,2950.39,completed,Clothing,West,36,2
8982,2024-11-23,106.69,completed,Clothing,Central,45,4
8983,2024-11-23,2246.07,completed,Electronics,Central,21,2
8984,2024-11-23,4676.41,completed,Food,East,23,5
8985,2024-11-23,4329.5,completed,Food,North,2,2
8986,2024-11-23,3755.9,completed,Electronics,South,5,5
8987,2024-11-24,2420.73,completed,Home,South,8,2
8988,2024-11-24,2893.92,pending,Clothing,Central,25,4
8989,2024-11-24,3165.32,completed,Clothing,Central,20,1
8990,2024-11-24,4418.17,completed,Sports,Central,41,1
8991,2024-11-24,3485.64,completed,Books,North,1,1
8992,2024-11-24,3028.01,completed,Home,East,30,2
8993,2024-11-24,4754.04,completed,Food,East,42,4
8994,2024-11-24,1817.4,completed,Books,East,18,4
8995,2024-11-24,1781.83,completed,Books,North,45,1
8996,2024-11-24,4371.56,completed,Electronics,West,7,5
8997,2024-11-24,3964.8,failed,Books,North,11,1
8998,2024-11-24,1203.81,pending,Food,East,15,1
8999,2024-11-24,3091.51,completed,Home,South,12,4
9000,2024-11-24,4404.06,completed,Books,South,24,1
9001,2024-11-24,3162.02,completed,Clothing,West,14,1
9002,2024-11-24,2328.15,refunded,Home,South,47,1
9003,2024-11-24,1812.45,completed,Books,East,46,1
9004,2024-11-24,3254.0,completed,Home,West,7,2
9005,2024-11-24,4272.65,pending,Food,Central,23,2
9006,2024-11-24,2439.63,pending,Home,East,44,1
9007,2024-11-24,1655.16,completed,Electronics,Central,7,1
9008,2024-11-24,758.21,completed,Sports,Central,28,2
9009,2024-11-24,803.44,completed,Food,West,21,3
9010,2024-11-24,1877.31,pending,Clothing,Central,21,5
9011,2024-11-24,3562.88,completed,Books,North,14,5
9012,2024-11-24,3775.05,completed,Electronics,North,31,2
9013,2024-11-24,1742.48,completed,Food,West,19,1
9014,2024-11-25,1229.56,pending,Books,Central,1,5
9015,2024-11-25,3807.53,completed,Food,North,29,2
9016,2024-11-25,4779.28,completed,Books,Central,20,3
9017,2024-11-25,2418.68,completed,Electronics,West,14,5
9018,2024-11-25,1695.6,refunded,Sports,Central,36,5
9019,2024-11-25,2106.45,completed,Sports,West,42,2
9020,2024-11-25,4278.32,pending,Clothing,South,16,1
9021,2024-11-25,118.34,completed,Electronics,Central,48,4
9022,2024-11-25,576.94,completed,Sports,South,18,2
9023,2024-11-25,849.87,completed,Home,East,43,4
9024,2024-11-25,4688.95,refunded,Sports,North,42,1
9025,2024-11-25,2780.89,completed,Electronics,South,12,3
9026,2024-11-25,1076.94,completed,Sports,North,48,3
9027,2024-11-25,2806.26,completed,Sports,Central,22,2
9028,2024-11-25,2504.13,completed,Electronics,East,31,5
9029,2024-11-25,2334.76,completed,Home,Central,1,3
9030,2024-11-25,2619.43,pending,Sports,North,42,1
9031,2024-11-25,4786.49,completed,Clothing,West,16,3
9032,2024-11-25,451.13,completed,Home,South,28,4
9033,2024-11-25,2192.69,completed,Home,Central,32,5
9034,2024-11-25,1814.05,completed,Home,East,36,4
9035,2024-11-25,2137.32,failed,Clothing,North,19,2
9036,2024-11-25,2712.61,completed,Clothing,West,27,1
9037,2024-11-25,2503.49,completed,Home,South,42,4
9038,2024-11-25,3634.8,completed,Food,Central,29,3
9039,2024-11-25,3917.64,pending,Home,South,19,4
9040,2024-11-25,3911.64,failed,Electronics,North,35,5
9041,2024-11-25,2416.61,completed,Sports,Central,11,1
9042,2024-11-26,359.61,pending,Clothing,North,12,4
9043,2024-11-26,4548.55,completed,Books,West,15,4
9044,2024-11-26,4901.51,completed,Sports,South,47,3
9045,2024-11-26,1985.94,completed,Sports,North,37,3
9046,2024-11-26,3090.29,failed,Sports,East,44,2
9047,2024-11-26,3703.71,completed,Home,South,42,5
9048,2024-11-26,802.65,completed,Electronics,West,41,3
9049,2024-11-26,2418.71,completed,Home,West,48,4
9050,2024-11-26,4543.04,completed,Home,Central,19,1
9051,2024-11-26,723.63,completed,Home,West,11,1
9052,2024-11-26,2834.13,completed,Books,West,49,1
9053,2024-11-26,1323.25,pending,Books,North,3,4
9054,2024-11-26,3298.35,refunded,Books,West,35,3
9055,2024-11-26,1847.32,completed,Books,Central,35,1
9056,2024-11-26,881.72,completed,Clothing,Central,5,4
9057,2024-11-26,1970.89,completed,Food,East,23,3
9058,2024-11-26,2989.17,completed,Clothing,West,15,3
9059,2024-11-26,952.03,completed,Home,North,26,4
9060,2024-11-26,1107.59,completed,Electronics,North,19,5
9061,2024-11-26,1209.54,completed,Sports,South,24,1
9062,2024-11-26,3290.24,failed,Books,Central,38,5
9063,2024-11-26,1526.35,pending,Clothing,South,20,4
9064,2024-11-26,3162.67,failed,Home,West,36,2
9065,2024-11-26,2025.72,pending,Electronics,South,41,1
9066,2024-11-26,2325.95,completed,Food,North,48,2
9067,2024-11-26,3598.82,completed,Electronics,West,39,1
9068,2024-11-26,2357.75,completed,Food,West,25,2
9069,2024-11-27,407.12,completed,Electronics,South,15,1
9070,2024-11-27,4289.7,completed,Electronics,South,47,5
9071,2024-11-27,764.81,completed,Electronics,South,44,1
9072,2024-11-27,2801.89,completed,Electronics,West,7,4
9073,2024-11-27,4031.6,pending,Home,North,25,4
9074,2024-11-27,1389.13,completed,Food,Central,46,5
9075,2024-11-27,4800.49,completed,Home,North,7,5
9076,2024-11-27,1658.99,completed,Electronics,North,4,4
9077,2024-11-27,3235.64,completed,Electronics,South,43,4
9078,2024-11-27,4150.49,completed,Electronics,South,12,5
9079,2024-11-27,476.78,completed,Clothing,Central,49,3
9080,2024-11-27,2932.83,completed,Sports,East,41,2
9081,2024-11-27,2698.22,completed,Food,South,6,2
9082,2024-11-27,4344.74,completed,Clothing,South,4,1
9083,2024-11-27,630.63,completed,Books,East,41,1
9084,2024-11-27,2411.93,completed,Sports,West,16,3
9085,2024-11-27,327.45,completed,Home,East,12,4
9086,2024-11-27,3984.34,pending,Books,North,4,4
9087,2024-11-27,4539.21,completed,Food,West,16,1
9088,2024-11-27,98.33,completed,Electronics,North,49,5
9089,2024-11-27,1130.99,failed,Clothing,West,11,5
9090,2024-11-27,3401.58,completed,Home,Central,29,5
9091,2024-11-27,2474.61,completed,Clothing,South,11,2
9092,2024-11-27,2087.49,failed,Food,East,41,4
9093,2024-11-27,1422.69,completed,Sports,East,42,2
9094,2024-11-27,1329.58,completed,Food,North,44,1
9095,2024-11-27,2235.43,completed,Electronics,Central,36,2
9096,2024-11-28,146.72,completed,Electronics,South,40,4
9097,2024-11-28,510.55,completed,Home,West,34,4
9098,2024-11-28,805.93,completed,Clothing,South,33,2
9099,2024-11-28,4071.92,pending,Electronics,West,46,1
9100,2024-11-28,4170.32,completed,Sports,Central,27,4
9101,2024-11-28,1120.73,pending,Home,South,36,3
9102,2024-11-28,1249.14,completed,Home,North,21,1
9103,2024-11-28,118.24,completed,Electronics,East,19,3
9104,2024-11-28,1311.88,completed,Food,North,47,4
9105,2024-11-28,2920.91,pending,Home,East,34,1
9106,2024-11-28,2781.42,completed,Home,Central,45,2
9107,2024-11-28,4674.23,refunded,Home,Central,4,1
9108,2024-11-28,4124.34,completed,Sports,East,16,2
9109,2024-11-28,2249.01,completed,Home,North,49,1
9110,2024-11-28,3024.56,completed,Clothing,North,24,5
9111,2024-11-28,463.57,failed,Electronics,Central,10,5
9112,2024-11-28,4835.25,refunded,Clothing,South,20,3
9113,2024-11-28,4397.57,pending,Clothing,West,30,5
9114,2024-11-28,2084.61,failed,Sports,North,22,5
9115,2024-11-28,3747.19,completed,Books,South,35,4
9116,2024-11-28,4248.35,pending,Electronics,East,48,4
9117,2024-11-28,4027.4,completed,Home,East,40,3
9118,2024-11-28,668.74,completed,Books,West,45,1
9119,2024-11-28,2992.42,completed,Home,South,42,1
9120,2024-11-28,4218.01,completed,Clothing,West,28,3
9121,2024-11-28,2293.48,completed,Books,North,45,3
9122,2024-11-28,2902.75,failed,Clothing,North,23,3
9123,2024-11-28,3482.37,completed,Clothing,South,6,1
9124,2024-11-29,1391.09,pending,Food,South,5,5
9125,2024-11-29,4297.96,refunded,Food,South,34,3
9126,2024-11-29,2454.77,failed,Home,East,17,2
9127,2024-11-29,3466.42,completed,Electronics,West,43,2
9128,2024-11-29,3176.71,failed,Books,Central,48,1
9129,2024-11-29,4667.77,pending,Sports,Central,20,1
9130,2024-11-29,708.19,completed,Home,North,19,4
9131,2024-11-29,1945.26,failed,Books,Central,33,3
9132,2024-11-29,3205.84,completed,Home,North,13,4
9133,2024-11-29,2663.81,completed,Electronics,Central,19,3
9134,2024-11-29,1493.93,pending,Clothing,North,46,4
9135,2024-11-29,4231.43,completed,Home,South,27,1
9136,2024-11-29,851.17,failed,Food,West,17,1
9137,2024-11-29,3219.13,completed,Books,North,48,1
9138,2024-11-29,46.92,pending,Food,West,42,5
9139,2024-11-29,3995.52,completed,Electronics,West,20,4
9140,2024-11-29,2763.86,completed,Electronics,North,20,1
9141,2024-11-29,587.46,completed,Home,South,17,5
9142,2024-11-29,3157.62,failed,Clothing,East,24,1
9143,2024-11-29,2767.91,pending,Food,East,12,2
9144,2024-11-29,58.2,failed,Books,East,33,5
9145,2024-11-29,4190.35,completed,Sports,North,21,4
9146,2024-11-29,4460.85,pending,Sports,East,24,2
9147,2024-11-29,1716.4,refunded,Books,North,25,3
9148,2024-11-29,4656.38,completed,Books,South,19,5
9149,2024-11-29,2763.47,completed,Electronics,North,30,2
9150,2024-11-29,2983.74,refunded,Food,South,30,1
9151,2024-11-30,2499.62,completed,Food,East,33,2
9152,2024-11-30,2829.66,completed,Sports,North,23,1
9153,2024-11-30,1703.48,completed,Sports,East,34,1
9154,2024-11-30,1152.46,pending,Home,East,9,2
9155,2024-11-30,3831.74,failed,Books,South,21,4
9156,2024-11-30,4002.69,completed,Sports,West,46,3
9157,2024-11-30,2105.52,pending,Electronics,East,47,1
9158,2024-11-30,1582.49,pending,Clothing,West,9,5
9159,2024-11-30,3483.39,refunded,Home,West,9,3
9160,2024-11-30,1207.57,completed,Food,South,19,1
9161,2024-11-30,1606.32,completed,Clothing,Central,21,2
9162,2024-11-30,3519.89,completed,Sports,East,12,5
9163,2024-11-30,2674.17,pending,Clothing,East,42,5
9164,2024-11-30,4820.18,completed,Electronics,East,31,3
9165,2024-11-30,3368.26,pending,Home,East,1,5
9166,2024-11-30,4511.28,completed,Electronics,South,45,1
9167,2024-11-30,2480.53,completed,Books,West,2,2
9168,2024-11-30,2861.04,pending,Sports,Central,9,3
9169,2024-11-30,2468.2,completed,Home,North,39,4
9170,2024-11-30,2115.81,completed,Home,West,2,5
9171,2024-11-30,3911.21,completed,Electronics,South,34,1
9172,2024-11-30,2543.36,completed,Electronics,West,4,4
9173,2024-11-30,3856.96,completed,Clothing,East,14,5
9174,2024-11-30,4632.91,completed,Electronics,South,25,1
9175,2024-11-30,2874.57,completed,Electronics,North,11,1
9176,2024-11-30,2633.63,pending,Books,West,17,5
9177,2024-11-30,3967.14,completed,Sports,Central,37,3
9178,2024-11-30,2795.33,completed,Home,Central,44,1
9179,2024-12-01,3339.2,pending,Clothing,East,6,4
9180,2024-12-01,2888.95,completed,Home,Central,36,2
9181,2024-12-01,1865.55,completed,Electronics,West,42,4
9182,2024-12-01,2784.07,refunded,Electronics,North,31,1
9183,2024-12-01,4350.16,completed,Home,West,27,5
9184,2024-12-01,1452.08,completed,Electronics,West,41,5
9185,2024-12-01,3908.1,completed,Clothing,North,40,3
9186,2024-12-01,2160.93,pending,Books,West,25,4
9187,2024-12-01,4400.78,completed,Books,West,36,2
9188,2024-12-01,1029.4,refunded,Food,North,8,2
9189,2024-12-01,4060.7,failed,Electronics,South,47,3
9190,2024-12-01,1889.46,completed,Electronics,West,16,2
9191,2024-12-01,2864.71,completed,Home,West,9,4
9192,2024-12-01,612.97,pending,Food,East,12,4
9193,2024-12-01,976.61,completed,Clothing,East,17,4
9194,2024-12-01,4623.33,pending,Electronics,Central,21,1
9195,2024-12-01,2220.97,failed,Clothing,West,30,3
9196,2024-12-01,1980.75,completed,Electronics,North,35,2
9197,2024-12-01,1390.21,completed,Home,South,14,5
9198,2024-12-01,2198.28,completed,Sports,East,24,1
9199,2024-12-01,3281.64,completed,Sports,South,39,5
9200,2024-12-01,2037.57,completed,Food,South,44,3
9201,2024-12-01,948.92,completed,Sports,Central,10,2
9202,2024-12-01,3997.49,pending,Electronics,Central,23,2
9203,2024-12-01,1983.54,completed,Home,East,40,5
9204,2024-12-01,4693.95,failed,Books,Central,27,5
9205,2024-12-01,2347.33,completed,Books,East,3,3
9206,2024-12-02,4391.2,refunded,Sports,East,41,3
9207,2024-12-02,544.8,completed,Electronics,North,27,3
9208,2024-12-02,2864.44,completed,Clothing,Central,26,1
9209,2024-12-02,370.35,completed,Food,South,20,3
9210,2024-12-02,1350.82,completed,Books,South,34,3
9211,2024-12-02,2943.32,failed,Electronics,Central,1,1
9212,2024-12-02,3252.58,completed,Electronics,West,1,5
9213,2024-12-02,1644.23,completed,Books,North,40,1
9214,2024-12-02,4022.78,completed,Food,South,33,2
9215,2024-12-02,4623.18,completed,Food,North,17,2
9216,2024-12-02,2241.59,completed,Home,East,29,4
9217,2024-12-02,1833.18,completed,Clothing,North,35,2
9218,2024-12-02,2331.5,pending,Sports,Central,9,1
9219,2024-12-02,3620.75,completed,Sports,North,12,5
9220,2024-12-02,2815.35,refunded,Books,East,44,1
9221,2024-12-02,1969.81,refunded,Sports,North,6,4
9222,2024-12-02,3298.42,completed,Home,Central,3,1
9223,2024-12-02,3752.97,pending,Electronics,East,24,4
9224,2024-12-02,707.93,pending,Food,South,43,4
9225,2024-12-02,3688.77,failed,Sports,West,13,4
9226,2024-12-02,1646.55,completed,Food,South,34,1
9227,2024-12-02,2348.72,completed,Clothing,North,20,4
9228,2024-12-02,3533.71,completed,Clothing,Central,17,3
9229,2024-12-02,1133.5,completed,Food,West,15,2
9230,2024-12-02,3706.94,failed,Books,South,3,5
9231,2024-12-02,2728.24,completed,Clothing,South,48,3
9232,2024-12-02,536.35,pending,Electronics,South,43,1
9233,2024-12-03,4284.32,completed,Books,Central,12,1
9234,2024-12-03,3111.81,completed,Books,Central,19,2
9235,2024-12-03,434.63,completed,Sports,Central,6,5
9236,2024-12-03,3768.44,completed,Clothing,Central,5,2
9237,2024-12-03,874.29,pending,Food,North,38,5
9238,2024-12-03,2223.43,completed,Clothing,West,19,5
9239,2024-12-03,2777.34,completed,Books,South,36,2
9240,2024-12-03,1352.01,completed,Books,Central,30,3
9241,2024-12-03,3398.45,completed,Food,East,15,1
9242,2024-12-03,286.14,completed,Electronics,South,21,4
9243,2024-12-03,271.95,completed,Sports,North,31,3
9244,2024-12-03,3635.37,completed,Food,South,11,4
9245,2024-12-03,2511.49,completed,Sports,South,21,4
9246,2024-12-03,4769.38,completed,Books,Central,15,2
9247,2024-12-03,1338.3,pending,Clothing,Central,42,1
9248,2024-12-03,4499.49,completed,Sports,Central,43,4
9249,2024-12-03,574.43,failed,Sports,East,27,3
9250,2024-12-03,1191.43,completed,Food,South,12,4
9251,2024-12-03,2481.92,pending,Books,North,2,5
9252,2024-12-03,3325.61,completed,Food,North,7,1
9253,2024-12-03,707.18,completed,Electronics,Central,7,1
9254,2024-12-03,2405.11,completed,Home,South,39,3
9255,2024-12-03,1419.28,completed,Home,West,7,4
9256,2024-12-03,1124.11,pending,Books,West,8,5
9257,2024-12-03,1902.2,completed,Books,South,38,1
9258,2024-12-03,283.88,completed,Home,East,48,3
9259,2024-12-03,3370.13,pending,Clothing,South,21,1
9260,2024-12-03,807.76,completed,Food,East,42,1
9261,2024-12-04,1040.72,completed,Electronics,West,4,1
9262,2024-12-04,4580.74,completed,Clothing,North,2,1
9263,2024-12-04,4136.65,completed,Sports,Central,8,5
9264,2024-12-04,509.55,failed,Sports,East,41,3
9265,2024-12-04,3178.1,completed,Books,North,48,3
9266,2024-12-04,4185.08,completed,Sports,Central,18,2
9267,2024-12-04,1137.22,failed,Sports,West,21,1
9268,2024-12-04,4542.72,completed,Home,South,44,5
9269,2024-12-04,3099.21,refunded,Sports,Central,4,1
9270,2024-12-04,1186.8,completed,Food,North,34,2
9271,2024-12-04,3012.62,completed,Electronics,Central,14,2
9272,2024-12-04,3819.02,completed,Sports,South,39,4
9273,2024-12-04,1892.15,completed,Food,East,34,2
9274,2024-12-04,2061.7,refunded,Sports,South,26,3
9275,2024-12-04,3135.2,completed,Books,South,4,4
9276,2024-12-04,3092.02,completed,Clothing,Central,42,3
9277,2024-12-04,1416.22,pending,Food,Central,8,3
9278,2024-12-04,1091.1,completed,Clothing,West,11,1
9279,2024-12-04,4668.03,completed,Clothing,South,26,1
9280,2024-12-04,3296.02,completed,Electronics,East,42,2
9281,2024-12-04,768.01,completed,Electronics,South,8,5
9282,2024-12-04,2085.03,completed,Clothing,East,1,5
9283,2024-12-04,321.4,completed,Clothing,East,35,3
9284,2024-12-04,4181.47,completed,Home,North,19,3
9285,2024-12-04,1548.9,pending,Sports,South,27,5
9286,2024-12-04,1801.75,completed,Sports,South,39,2
9287,2024-12-04,802.82,completed,Home,West,17,5
9288,2024-12-05,4743.39,completed,Electronics,North,46,2
9289,2024-12-05,1475.38,completed,Home,South,3,5
9290,2024-12-05,376.43,completed,Books,East,4,1
9291,2024-12-05,157.47,pending,Food,North,7,5
9292,2024-12-05,2636.32,completed,Electronics,Central,18,5
9293,2024-12-05,99.31,completed,Books,West,28,5
9294,2024-12-05,4513.92,completed,Food,West,16,1
9295,2024-12-05,1904.31,completed,Food,East,8,4
9296,2024-12-05,1244.84,completed,Food,South,20,4
9297,2024-12-05,4934.75,completed,Clothing,South,36,2
9298,2024-12-05,1701.11,completed,Home,South,18,3
9299,2024-12-05,2379.13,pending,Books,West,26,4
9300,2024-12-05,1220.77,pending,Books,East,40,3
9301,2024-12-05,2976.43,pending,Clothing,South,24,4
9302,2024-12-05,1032.9,completed,Books,East,33,3
9303,2024-12-05,2530.52,completed,Home,South,37,1
9304,2024-12-05,3015.47,refunded,Sports,Central,18,5
9305,2024-12-05,773.81,pending,Sports,East,10,4
9306,2024-12-05,528.83,failed,Home,East,6,3
9307,2024-12-05,4076.44,completed,Books,North,39,4
9308,2024-12-05,2100.0,completed,Books,South,19,2
9309,2024-12-05,3136.89,completed,Clothing,East,39,1
9310,2024-12-05,1965.75,failed,Food,South,17,3
9311,2024-12-05,1933.89,completed,Home,Central,9,2
9312,2024-12-05,4668.21,pending,Home,South,23,4
9313,2024-12-05,4297.46,pending,Electronics,Central,10,4
9314,2024-12-05,4058.71,completed,Clothing,Central,10,4
9315,2024-12-05,2883.79,pending,Home,Central,14,4
9316,2024-12-06,2148.13,failed,Home,Central,44,1
9317,2024-12-06,2176.82,failed,Books,North,12,4
9318,2024-12-06,3408.98,completed,Home,Central,4,1
9319,2024-12-06,1489.47,completed,Clothing,South,5,2
9320,2024-12-06,2563.94,refunded,Clothing,North,34,1
9321,2024-12-06,535.29,pending,Books,East,17,5
9322,2024-12-06,2416.08,pending,Clothing,South,14,5
9323,2024-12-06,3567.53,completed,Books,East,25,3
9324,2024-12-06,1251.5,failed,Sports,West,2,2
9325,2024-12-06,3870.05,completed,Home,North,43,3
9326,2024-12-06,4092.59,completed,Clothing,West,49,1
9327,2024-12-06,2623.87,completed,Clothing,East,49,1
9328,2024-12-06,3427.97,completed,Food,South,38,5
9329,2024-12-06,3495.41,completed,Food,South,16,3
9330,2024-12-06,3163.53,refunded,Electronics,South,15,5
9331,2024-12-06,3735.66,completed,Food,Central,10,4
9332,2024-12-06,3754.61,completed,Home,North,27,5
9333,2024-12-06,4363.81,failed,Clothing,South,34,1
9334,2024-12-06,1267.55,pending,Sports,North,25,5
9335,2024-12-06,1674.15,pending,Home,North,22,5
9336,2024-12-06,2119.34,completed,Books,West,10,3
9337,2024-12-06,1058.85,completed,Food,East,10,3
9338,2024-12-06,2825.72,completed,Books,Central,7,3
9339,2024-12-06,813.35,completed,Clothing,East,49,1
9340,2024-12-06,2111.18,completed,Food,Central,26,2
9341,2024-12-06,2656.53,completed,Home,Central,11,3
9342,2024-12-06,548.85,completed,Food,North,13,2
9343,2024-12-07,1071.35,completed,Sports,South,45,3
9344,2024-12-07,3153.88,completed,Clothing,West,11,2
9345,2024-12-07,4947.84,completed,Home,East,2,2
9346,2024-12-07,4390.96,completed,Books,South,6,4
9347,2024-12-07,1330.04,completed,Sports,North,18,5
9348,2024-12-07,4039.77,completed,Home,West,17,1
9349,2024-12-07,582.44,pending,Home,North,7,3
9350,2024-12-07,1691.44,completed,Clothing,West,27,2
9351,2024-12-07,1281.26,completed,Food,West,30,1
9352,2024-12-07,1525.51,completed,Clothing,West,2,5
9353,2024-12-07,1748.81,completed,Sports,East,41,4
9354,2024-12-07,3892.66,completed,Clothing,North,38,4
9355,2024-12-07,3015.11,completed,Sports,Central,45,1
9356,2024-12-07,2741.07,completed,Home,Central,2,1
9357,2024-12-07,1984.14,completed,Clothing,East,39,2
9358,2024-12-07,456.51,failed,Sports,Central,48,1
9359,2024-12-07,1391.98,completed,Food,South,45,2
9360,2024-12-07,118.15,completed,Food,South,49,1
9361,2024-12-07,2104.13,pending,Electronics,West,43,5
9362,2024-12-07,393.77,completed,Food,North,29,1
9363,2024-12-07,2386.27,pending,Electronics,West,18,2
9364,2024-12-07,2952.21,pending,Electronics,North,18,3
9365,2024-12-07,4057.11,failed,Sports,North,10,3
9366,2024-12-07,1361.51,pending,Sports,Central,16,4
9367,2024-12-07,2206.29,completed,Home,North,49,5
9368,2024-12-07,2905.89,completed,Sports,East,2,1
9369,2024-12-07,1432.95,pending,Food,West,16,4
9370,2024-12-08,2668.56,failed,Clothing,East,42,4
9371,2024-12-08,2806.09,completed,Food,South,20,4
9372,2024-12-08,2220.6,completed,Home,East,19,4
9373,2024-12-08,4957.23,completed,Books,West,21,4
9374,2024-12-08,4958.54,failed,Books,North,15,4
9375,2024-12-08,905.87,completed,Books,North,20,1
9376,2024-12-08,2118.31,pending,Sports,West,46,3
9377,2024-12-08,4503.12,pending,Sports,East,9,4
9378,2024-12-08,4783.39,completed,Home,West,7,5
9379,2024-12-08,1237.25,completed,Home,North,4,2
9380,2024-12-08,2851.8,failed,Sports,South,35,4
9381,2024-12-08,1833.51,completed,Clothing,North,39,5
9382,2024-12-08,1988.23,completed,Home,Central,14,4
9383,2024-12-08,21.56,completed,Sports,Central,29,1
9384,2024-12-08,3654.65,completed,Food,North,2,4
9385,2024-12-08,746.69,refunded,Food,West,10,1
9386,2024-12-08,3470.25,completed,Home,Central,30,1
9387,2024-12-08,371.71,completed,Home,South,3,3
9388,2024-12-08,1721.66,completed,Sports,South,49,3
9389,2024-12-08,4336.24,failed,Clothing,South,22,5
9390,2024-12-08,4157.49,completed,Sports,South,45,3
9391,2024-12-08,770.76,completed,Sports,North,7,2
9392,2024-12-08,3916.91,completed,Electronics,West,49,5
9393,2024-12-08,4079.46,completed,Clothing,Central,1,4
9394,2024-12-08,652.74,failed,Books,Central,15,2
9395,2024-12-08,583.31,failed,Clothing,West,12,3
9396,2024-12-08,2184.77,completed,Electronics,Central,47,3
9397,2024-12-08,2353.53,completed,Clothing,South,17,5
9398,2024-12-09,316.59,completed,Food,East,4,4
9399,2024-12-09,3625.61,pending,Books,East,48,1
9400,2024-12-09,973.58,completed,Clothing,South,23,1
9401,2024-12-09,891.47,completed,Food,South,27,2
9402,2024-12-09,4937.88,completed,Food,Central,4,5
9403,2024-12-09,344.3,completed,Food,East,20,4
9404,2024-12-09,4823.88,completed,Books,Central,41,4
9405,2024-12-09,3972.68,completed,Clothing,West,1,5
9406,2024-12-09,2037.8,refunded,Clothing,South,5,2
9407,2024-12-09,3874.99,completed,Home,North,39,3
9408,2024-12-09,2471.09,completed,Food,Central,6,2
9409,2024-12-09,1309.76,completed,Home,North,22,3
9410,2024-12-09,2972.82,failed,Clothing,East,18,5
9411,2024-12-09,4995.93,completed,Sports,West,45,5
9412,2024-12-09,2406.41,completed,Electronics,Central,5,4
9413,2024-12-09,3730.18,pending,Books,West,19,1
9414,2024-12-09,875.77,completed,Home,Central,6,4
9415,2024-12-09,1474.05,completed,Food,South,5,4
9416,2024-12-09,2659.77,completed,Books,Central,38,5
9417,2024-12-09,36.69,pending,Books,North,30,3
9418,2024-12-09,3573.13,completed,Electronics,Central,3,1
9419,2024-12-09,202.4,completed,Sports,East,4,3
9420,2024-12-09,4730.83,completed,Sports,West,46,3
9421,2024-12-09,3294.29,completed,Books,South,20,1
9422,2024-12-09,1347.88,completed,Sports,South,18,4
9423,2024-12-09,4804.42,completed,Food,North,24,2
9424,2024-12-09,4689.31,completed,Food,North,15,1
9425,2024-12-10,2839.58,pending,Clothing,West,9,3
9426,2024-12-10,4971.6,refunded,Food,Central,26,2
9427,2024-12-10,899.58,completed,Food,Central,30,2
9428,2024-12-10,3666.67,completed,Books,South,30,2
9429,2024-12-10,4593.62,pending,Sports,South,38,2
9430,2024-12-10,1053.55,completed,Electronics,East,9,2
9431,2024-12-10,3060.12,pending,Home,West,9,1
9432,2024-12-10,2804.76,completed,Clothing,Central,7,4
9433,2024-12-10,3975.72,completed,Books,West,41,1
9434,2024-12-10,127.58,completed,Electronics,West,10,5
9435,2024-12-10,3749.27,completed,Sports,West,14,1
9436,2024-12-10,3984.59,completed,Books,East,37,5
9437,2024-12-10,1998.71,completed,Home,North,16,5
9438,2024-12-10,650.36,completed,Electronics,West,46,4
9439,2024-12-10,1334.22,completed,Home,North,32,2
9440,2024-12-10,3379.0,completed,Electronics,Central,11,5
9441,2024-12-10,597.81,completed,Sports,East,2,2
9442,2024-12-10,2682.24,failed,Books,Central,6,4
9443,2024-12-10,2017.17,completed,Books,East,41,4
9444,2024-12-10,3108.26,completed,Clothing,North,47,5
9445,2024-12-10,3050.87,completed,Sports,East,11,2
9446,2024-12-10,1266.55,completed,Electronics,Central,39,3
9447,2024-12-10,4726.03,failed,Clothing,South,2,2
9448,2024-12-10,1998.85,completed,Books,West,39,3
9449,2024-12-10,3872.99,completed,Books,South,38,1
9450,2024-12-10,4844.38,completed,Sports,South,31,2
9451,2024-12-10,4497.69,completed,Home,North,14,3
9452,2024-12-10,3134.29,completed,Sports,South,35,3
9453,2024-12-11,3392.12,pending,Sports,North,39,3
9454,2024-12-11,2053.57,refunded,Clothing,South,16,1
9455,2024-12-11,1882.99,failed,Sports,East,39,2
9456,2024-12-11,3828.45,failed,Electronics,North,14,5
9457,2024-12-11,4336.98,completed,Electronics,Central,23,4
9458,2024-12-11,4908.33,completed,Electronics,East,27,3
9459,2024-12-11,2970.66,pending,Books,South,17,2
9460,2024-12-11,3859.55,completed,Sports,East,45,1
9461,2024-12-11,3243.09,completed,Home,East,48,3
9462,2024-12-11,3809.83,completed,Food,West,7,4
9463,2024-12-11,4038.91,completed,Home,West,36,1
9464,2024-12-11,1683.69,completed,Food,West,23,1
9465,2024-12-11,1609.41,completed,Food,East,30,2
9466,2024-12-11,81.87,completed,Sports,Central,25,4
9467,2024-12-11,2205.24,completed,Clothing,East,6,1
9468,2024-12-11,2861.15,failed,Books,South,18,1
9469,2024-12-11,3531.42,completed,Home,South,22,4
9470,2024-12-11,954.15,pending,Clothing,West,31,4
9471,2024-12-11,711.33,completed,Sports,East,21,4
9472,2024-12-11,3600.59,completed,Home,Central,31,5
9473,2024-12-11,257.26,completed,Electronics,East,23,3
9474,2024-12-11,4824.38,failed,Clothing,Central,9,5
9475,2024-12-11,4337.17,completed,Electronics,East,17,5
9476,2024-12-11,1171.6,completed,Clothing,East,43,3
9477,2024-12-11,2355.52,failed,Electronics,East,49,3
9478,2024-12-11,822.2,completed,Sports,Central,2,3
9479,2024-12-11,148.64,completed,Clothing,West,26,1
9480,2024-12-12,1973.56,completed,Sports,South,5,5
9481,2024-12-12,373.59,pending,Sports,West,19,3
9482,2024-12-12,4820.93,completed,Clothing,West,15,2
9483,2024-12-12,4716.3,failed,Electronics,North,33,2
9484,2024-12-12,3447.04,failed,Sports,Central,10,1
9485,2024-12-12,2791.02,failed,Food,West,34,2
9486,2024-12-12,2273.4,completed,Books,Central,8,1
9487,2024-12-12,3386.34,pending,Food,Central,35,1
9488,2024-12-12,615.29,failed,Electronics,North,27,4
9489,2024-12-12,4879.82,completed,Books,North,23,4
9490,2024-12-12,1337.81,completed,Food,North,25,1
9491,2024-12-12,2214.8,completed,Food,South,1,1
9492,2024-12-12,287.0,refunded,Food,East,41,2
9493,2024-12-12,2547.48,failed,Home,East,2,4
9494,2024-12-12,3684.41,completed,Books,East,28,1
9495,2024-12-12,3346.54,completed,Sports,South,9,5
9496,2024-12-12,243.33,completed,Books,South,42,5
9497,2024-12-12,3624.46,completed,Sports,North,3,4
9498,2024-12-12,684.93,pending,Electronics,South,48,3
9499,2024-12-12,4017.23,completed,Food,East,4,4
9500,2024-12-12,4798.99,completed,Food,South,9,3
9501,2024-12-12,1897.43,completed,Food,North,21,1
9502,2024-12-12,3566.85,failed,Electronics,West,20,2
9503,2024-12-12,4542.75,completed,Electronics,South,34,3
9504,2024-12-12,2361.66,completed,Books,West,1,3
9505,2024-12-12,3877.58,completed,Sports,North,48,2
9506,2024-12-12,2262.06,completed,Books,South,38,3
9507,2024-12-13,4737.25,completed,Food,West,22,1
9508,2024-12-13,759.46,pending,Clothing,Central,47,1
9509,2024-12-13,21.05,completed,Electronics,South,17,2
9510,2024-12-13,3911.08,refunded,Food,South,14,1
9511,2024-12-13,1663.08,pending,Books,South,1,5
9512,2024-12-13,4918.38,completed,Sports,North,42,4
9513,2024-12-13,4048.93,refunded,Books,North,19,5
9514,2024-12-13,3774.53,completed,Food,North,48,3
9515,2024-12-13,2246.04,completed,Clothing,North,34,1
9516,2024-12-13,3138.45,completed,Clothing,North,23,4
9517,2024-12-13,1660.34,completed,Sports,Central,38,1
9518,2024-12-13,4623.82,completed,Books,East,12,2
9519,2024-12-13,312.34,completed,Sports,West,25,4
9520,2024-12-13,2378.76,completed,Clothing,South,35,4
9521,2024-12-13,633.11,pending,Clothing,East,41,2
9522,2024-12-13,2902.74,completed,Books,North,22,3
9523,2024-12-13,281.87,completed,Home,Central,3,3
9524,2024-12-13,574.69,completed,Electronics,West,44,5
9525,2024-12-13,3635.63,completed,Clothing,West,12,3
9526,2024-12-13,1922.94,completed,Sports,East,18,5
9527,2024-12-13,2343.44,pending,Sports,North,20,1
9528,2024-12-13,2443.95,pending,Home,East,24,4
9529,2024-12-13,4706.3,failed,Books,South,45,1
9530,2024-12-13,2131.61,completed,Clothing,North,21,2
9531,2024-12-13,562.71,completed,Clothing,Central,25,4
9532,2024-12-13,3074.1,completed,Books,North,40,3
9533,2024-12-13,1767.39,completed,Home,North,30,3
9534,2024-12-13,1228.88,completed,Electronics,West,41,4
9535,2024-12-14,2480.06,completed,Sports,West,37,4
9536,2024-12-14,1962.52,completed,Electronics,Central,25,3
9537,2024-12-14,3308.97,pending,Sports,North,10,3
9538,2024-12-14,1682.77,completed,Food,West,24,4
9539,2024-12-14,4719.1,completed,Sports,East,41,1
9540,2024-12-14,343.57,pending,Electronics,South,46,4
9541,2024-12-14,1926.83,failed,Sports,East,12,1
9542,2024-12-14,1834.83,pending,Sports,South,1,5
9543,2024-12-14,1216.22,failed,Sports,Central,16,5
9544,2024-12-14,653.49,completed,Home,North,19,4
9545,2024-12-14,2418.92,completed,Electronics,West,42,1
9546,2024-12-14,2971.26,completed,Sports,Central,32,3
9547,2024-12-14,3253.33,failed,Sports,North,44,1
9548,2024-12-14,991.24,completed,Sports,Central,35,5
9549,2024-12-14,1148.38,completed,Books,North,42,1
9550,2024-12-14,3081.09,completed,Home,West,35,1
9551,2024-12-14,3571.2,refunded,Electronics,Central,23,2
9552,2024-12-14,1910.93,pending,Clothing,North,48,3
9553,2024-12-14,3881.12,completed,Home,North,8,3
9554,2024-12-14,2792.29,completed,Home,North,23,2
9555,2024-12-14,3042.66,completed,Clothing,Central,43,2
9556,2024-12-14,2279.82,completed,Electronics,North,25,5
9557,2024-12-14,2819.72,completed,Electronics,West,45,1
9558,2024-12-14,1494.92,completed,Books,West,29,3
9559,2024-12-14,3709.2,completed,Sports,East,16,2
9560,2024-12-14,3820.55,completed,Food,Central,4,1
9561,2024-12-14,4318.45,completed,Clothing,East,2,5
9562,2024-12-15,3994.15,completed,Clothing,East,15,1
9563,2024-12-15,1103.2,failed,Food,North,14,3
9564,2024-12-15,1341.39,pending,Home,West,46,3
9565,2024-12-15,358.21,completed,Books,North,18,4
9566,2024-12-15,3105.08,refunded,Electronics,West,12,5
9567,2024-12-15,3361.26,completed,Clothing,East,2,1
9568,2024-12-15,2586.74,failed,Electronics,South,24,4
9569,2024-12-15,2071.17,failed,Books,West,49,1
9570,2024-12-15,4647.25,refunded,Books,Central,20,1
9571,2024-12-15,4567.46,completed,Sports,East,2,4
9572,2024-12-15,2390.86,pending,Home,East,40,4
9573,2024-12-15,1600.06,failed,Electronics,Central,39,5
9574,2024-12-15,1937.88,failed,Sports,Central,6,2
9575,2024-12-15,4950.91,pending,Electronics,South,5,2
9576,2024-12-15,301.8,failed,Sports,North,11,4
9577,2024-12-15,2645.96,completed,Home,Central,46,3
9578,2024-12-15,4150.21,completed,Books,North,49,5
9579,2024-12-15,519.55,completed,Sports,Central,19,2
9580,2024-12-15,504.42,completed,Books,South,23,1
9581,2024-12-15,3585.87,completed,Home,North,49,4
9582,2024-12-15,4017.73,pending,Sports,North,29,1
9583,2024-12-15,3694.84,completed,Electronics,East,5,4
9584,2024-12-15,4094.83,completed,Home,Central,7,3
9585,2024-12-15,1522.69,completed,Clothing,North,6,2
9586,2024-12-15,337.71,completed,Electronics,West,4,5
9587,2024-12-15,2396.94,completed,Sports,Central,35,1
9588,2024-12-15,1103.2,pending,Clothing,West,34,5
9589,2024-12-15,3651.77,pending,Electronics,East,43,1
9590,2024-12-16,407.59,completed,Sports,East,15,3
9591,2024-12-16,3754.78,completed,Electronics,East,27,5
9592,2024-12-16,3858.16,completed,Home,Central,21,1
9593,2024-12-16,4406.12,completed,Sports,West,23,4
9594,2024-12-16,4944.67,completed,Home,East,14,2
9595,2024-12-16,190.63,completed,Books,South,17,5
9596,2024-12-16,1904.62,pending,Sports,East,5,2
9597,2024-12-16,2930.14,completed,Books,South,9,1
9598,2024-12-16,2427.5,failed,Clothing,North,23,1
9599,2024-12-16,825.29,pending,Food,East,38,5
9600,2024-12-16,4367.99,completed,Food,West,40,4
9601,2024-12-16,4005.15,completed,Home,Central,26,3
9602,2024-12-16,4716.78,completed,Food,West,46,1
9603,2024-12-16,2895.19,failed,Sports,Central,24,4
9604,2024-12-16,343.24,completed,Books,North,22,3
9605,2024-12-16,2217.83,pending,Clothing,Central,31,4
9606,2024-12-16,104.06,pending,Food,East,13,2
9607,2024-12-16,3901.64,completed,Clothing,East,8,5
9608,2024-12-16,2574.62,completed,Books,West,47,4
9609,2024-12-16,2992.54,completed,Sports,North,48,1
9610,2024-12-16,2795.89,completed,Home,North,28,5
9611,2024-12-16,4578.17,completed,Books,Central,10,2
9612,2024-12-16,4596.54,failed,Food,Central,34,5
9613,2024-12-16,2734.4,completed,Sports,North,36,1
9614,2024-12-16,1467.93,pending,Electronics,South,43,5
9615,2024-12-16,1106.19,refunded,Food,Central,2,5
9616,2024-12-16,2277.11,completed,Clothing,West,30,2
9617,2024-12-17,1459.32,pending,Electronics,North,28,5
9618,2024-12-17,3099.72,completed,Sports,East,49,2
9619,2024-12-17,1164.21,completed,Food,East,41,3
9620,2024-12-17,708.31,completed,Home,East,8,1
9621,2024-12-17,3965.12,pending,Books,West,31,4
9622,2024-12-17,3993.75,completed,Clothing,South,47,4
9623,2024-12-17,4501.93,completed,Sports,East,32,3
9624,2024-12-17,2382.66,completed,Electronics,East,4,5
9625,2024-12-17,476.96,pending,Sports,Central,45,5
9626,2024-12-17,4224.44,completed,Home,Central,41,4
9627,2024-12-17,1592.73,completed,Electronics,West,25,3
9628,2024-12-17,2563.27,completed,Home,South,7,3
9629,2024-12-17,1212.89,completed,Home,South,36,5
9630,2024-12-17,3071.97,completed,Home,Central,37,3
9631,2024-12-17,4773.34,pending,Books,North,45,3
9632,2024-12-17,2601.19,completed,Home,East,45,5
9633,2024-12-17,4100.43,completed,Electronics,North,32,1
9634,2024-12-17,1989.8,failed,Sports,Central,15,3
9635,2024-12-17,4106.18,pending,Food,South,9,1
9636,2024-12-17,1369.68,completed,Sports,West,35,4
9637,2024-12-17,1261.54,completed,Clothing,South,11,3
9638,2024-12-17,2141.37,completed,Clothing,Central,23,3
9639,2024-12-17,3077.68,completed,Electronics,North,6,1
9640,2024-12-17,2267.05,completed,Home,West,45,4
9641,2024-12-17,1389.77,completed,Books,West,33,1
9642,2024-12-17,2518.93,completed,Sports,East,28,1
9643,2024-12-17,2154.16,completed,Home,Central,10,2
9644,2024-12-18,2307.17,refunded,Electronics,Central,24,1
9645,2024-12-18,4069.2,pending,Home,South,18,5
9646,2024-12-18,4526.82,completed,Sports,South,29,1
9647,2024-12-18,253.19,completed,Food,Central,16,2
9648,2024-12-18,4278.27,failed,Electronics,Central,9,3
9649,2024-12-18,2834.49,completed,Sports,East,7,4
9650,2024-12-18,1456.94,completed,Books,North,24,5
9651,2024-12-18,4520.59,refunded,Books,West,37,3
9652,2024-12-18,1195.29,completed,Clothing,Central,3,1
9653,2024-12-18,2505.57,failed,Clothing,West,38,4
9654,2024-12-18,4560.88,completed,Sports,South,42,2
9655,2024-12-18,197.18,completed,Electronics,Central,4,5
9656,2024-12-18,3541.42,completed,Home,West,21,4
9657,2024-12-18,1540.92,completed,Clothing,East,39,4
9658,2024-12-18,1898.87,completed,Food,Central,17,3
9659,2024-12-18,2468.82,completed,Electronics,East,24,5
9660,2024-12-18,2912.37,refunded,Clothing,South,11,3
9661,2024-12-18,1060.43,failed,Electronics,North,39,3
9662,2024-12-18,3353.2,completed,Books,Central,41,4
9663,2024-12-18,1515.94,completed,Home,Central,1,1
9664,2024-12-18,1274.15,pending,Sports,Central,43,5
9665,2024-12-18,2975.52,completed,Books,South,5,1
9666,2024-12-18,1699.68,completed,Sports,South,11,5
9667,2024-12-18,1539.25,completed,Clothing,Central,28,5
9668,2024-12-18,2495.52,refunded,Clothing,North,44,2
9669,2024-12-18,4793.22,completed,Clothing,East,42,2
9670,2024-12-18,3753.8,completed,Clothing,Central,25,4
9671,2024-12-18,614.84,completed,Home,North,17,5
9672,2024-12-19,2220.45,completed,Sports,West,23,3
9673,2024-12-19,3334.61,completed,Food,Central,27,2
9674,2024-12-19,2913.83,pending,Food,North,4,2
9675,2024-12-19,2260.88,completed,Books,North,3,5
9676,2024-12-19,4966.26,completed,Sports,North,49,2
9677,2024-12-19,4629.94,completed,Sports,Central,28,1
9678,2024-12-19,1613.21,pending,Sports,North,45,3
9679,2024-12-19,2529.94,completed,Home,North,3,5
9680,2024-12-19,2193.5,completed,Books,Central,44,3
9681,2024-12-19,2955.15,completed,Food,West,25,3
9682,2024-12-19,148.23,pending,Food,North,39,1
9683,2024-12-19,956.81,completed,Books,West,8,5
9684,2024-12-19,2140.76,failed,Clothing,West,28,3
9685,2024-12-19,3538.84,pending,Electronics,South,41,5
9686,2024-12-19,512.11,completed,Home,North,16,5
9687,2024-12-19,2341.12,completed,Home,East,14,2
9688,2024-12-19,3485.85,completed,Books,West,30,1
9689,2024-12-19,2158.58,completed,Food,North,29,1
9690,2024-12-19,4541.0,completed,Books,South,2,5
9691,2024-12-19,4597.61,completed,Clothing,East,35,4
9692,2024-12-19,4104.75,completed,Home,East,35,5
9693,2024-12-19,1396.72,completed,Food,Central,34,2
9694,2024-12-19,4481.74,completed,Electronics,Central,29,3
9695,2024-12-19,1485.06,pending,Books,East,15,4
9696,2024-12-19,326.24,completed,Clothing,North,7,2
9697,2024-12-19,3569.09,failed,Sports,West,2,4
9698,2024-12-19,3828.14,completed,Food,North,4,2
9699,2024-12-20,644.22,completed,Clothing,South,21,5
9700,2024-12-20,4620.14,completed,Clothing,South,31,5
9701,2024-12-20,2427.62,completed,Sports,North,1,2
9702,2024-12-20,2252.65,completed,Clothing,North,3,4
9703,2024-12-20,583.14,completed,Electronics,South,22,2
9704,2024-12-20,904.21,refunded,Clothing,West,21,1
9705,2024-12-20,4429.03,completed,Home,Central,27,3
9706,2024-12-20,881.37,completed,Books,East,19,3
9707,2024-12-20,2464.68,completed,Food,Central,38,5
9708,2024-12-20,4868.7,completed,Books,West,26,3
9709,2024-12-20,4112.35,completed,Home,South,44,5
9710,2024-12-20,3213.5,completed,Home,East,25,2
9711,2024-12-20,3331.2,completed,Clothing,East,2,3
9712,2024-12-20,1824.38,completed,Books,South,40,4
9713,2024-12-20,4056.41,completed,Food,East,48,1
9714,2024-12-20,2876.99,completed,Sports,Central,35,3
9715,2024-12-20,391.87,completed,Clothing,East,18,2
9716,2024-12-20,663.34,completed,Food,South,19,2
9717,2024-12-20,3973.45,pending,Home,East,20,2
9718,2024-12-20,2492.88,completed,Food,East,15,1
9719,2024-12-20,4743.18,completed,Food,West,30,5
9720,2024-12-20,4317.91,pending,Home,South,11,2
9721,2024-12-20,3001.15,completed,Food,Central,42,3
9722,2024-12-20,4917.32,completed,Home,North,26,3
9723,2024-12-20,20.06,pending,Electronics,West,13,4
9724,2024-12-20,2031.49,failed,Electronics,East,5,3
9725,2024-12-20,511.32,completed,Books,West,35,4
9726,2024-12-20,1127.05,refunded,Books,North,13,4
9727,2024-12-21,2411.01,completed,Books,East,41,2
9728,2024-12-21,4069.73,failed,Clothing,West,32,3
9729,2024-12-21,2931.27,completed,Food,East,38,2
9730,2024-12-21,1373.07,completed,Clothing,South,11,4
9731,2024-12-21,4937.46,completed,Clothing,North,6,2
9732,2024-12-21,2606.92,completed,Books,Central,19,1
9733,2024-12-21,1791.96,completed,Books,South,48,5
9734,2024-12-21,3060.81,completed,Electronics,North,23,4
9735,2024-12-21,107.78,completed,Electronics,South,33,4
9736,2024-12-21,2484.52,pending,Home,East,45,3
9737,2024-12-21,1316.98,completed,Electronics,West,12,1
9738,2024-12-21,3901.04,completed,Home,West,20,1
9739,2024-12-21,3224.63,completed,Electronics,South,26,3
9740,2024-12-21,4392.88,completed,Clothing,South,49,5
9741,2024-12-21,650.34,completed,Sports,West,39,5
9742,2024-12-21,626.17,completed,Sports,North,6,2
9743,2024-12-21,1217.67,completed,Home,West,37,2
9744,2024-12-21,4440.93,completed,Electronics,South,49,1
9745,2024-12-21,4753.39,completed,Home,South,36,4
9746,2024-12-21,3703.49,completed,Electronics,East,18,4
9747,2024-12-21,2208.68,failed,Sports,North,11,5
9748,2024-12-21,2510.14,completed,Clothing,South,43,5
9749,2024-12-21,1224.34,pending,Home,West,4,1
9750,2024-12-21,3227.49,completed,Electronics,Central,42,5
9751,2024-12-21,4885.88,completed,Sports,Central,30,5
9752,2024-12-21,860.68,failed,Electronics,South,18,5
9753,2024-12-21,1099.29,refunded,Books,South,7,1
9754,2024-12-22,2065.67,failed,Electronics,South,24,1
9755,2024-12-22,4138.19,completed,Home,East,13,1
9756,2024-12-22,2987.53,completed,Electronics,West,18,2
9757,2024-12-22,3489.89,failed,Home,South,23,2
9758,2024-12-22,3296.44,completed,Clothing,Central,48,1
9759,2024-12-22,445.86,completed,Clothing,East,25,2
9760,2024-12-22,3321.44,failed,Sports,East,24,4
9761,2024-12-22,4768.48,completed,Books,Central,34,4
9762,2024-12-22,257.84,completed,Sports,Central,46,4
9763,2024-12-22,2380.56,completed,Books,North,6,2
9764,2024-12-22,4054.71,refunded,Clothing,North,21,1
9765,2024-12-22,1512.61,completed,Clothing,East,33,1
9766,2024-12-22,415.02,completed,Clothing,West,20,5
9767,2024-12-22,2456.52,pending,Clothing,Central,43,5
9768,2024-12-22,432.71,failed,Books,West,14,5
9769,2024-12-22,3049.23,completed,Home,North,49,1
9770,2024-12-22,3889.8,completed,Sports,East,31,2
9771,2024-12-22,2093.59,completed,Home,South,28,2
9772,2024-12-22,2418.5,completed,Electronics,East,12,1
9773,2024-12-22,2722.63,completed,Food,West,27,4
9774,2024-12-22,2771.71,pending,Books,North,46,4
9775,2024-12-22,3779.41,completed,Clothing,North,3,3
9776,2024-12-22,3348.08,failed,Electronics,Central,35,5
9777,2024-12-22,3740.46,completed,Home,North,41,3
9778,2024-12-22,2680.62,completed,Clothing,South,20,5
9779,2024-12-22,1294.89,completed,Home,North,9,3
9780,2024-12-22,1335.79,failed,Clothing,Central,49,1
9781,2024-12-23,3937.53,completed,Sports,North,20,2
9782,2024-12-23,4203.37,completed,Clothing,Central,46,2
9783,2024-12-23,1244.29,completed,Sports,East,14,1
9784,2024-12-23,596.35,completed,Sports,Central,13,2
9785,2024-12-23,2116.57,pending,Books,East,21,1
9786,2024-12-23,4190.13,completed,Books,South,44,4
9787,2024-12-23,3994.94,pending,Food,West,49,1
9788,2024-12-23,597.1,completed,Sports,North,9,4
9789,2024-12-23,889.33,completed,Food,North,30,4
9790,2024-12-23,658.4,completed,Home,East,35,2
9791,2024-12-23,3690.88,completed,Sports,East,17,3
9792,2024-12-23,2451.51,completed,Books,North,19,2
9793,2024-12-23,4904.09,completed,Food,South,47,2
9794,2024-12-23,1957.22,completed,Books,South,41,4
9795,2024-12-23,4187.88,pending,Home,East,15,3
9796,2024-12-23,4198.34,completed,Electronics,North,11,4
9797,2024-12-23,4798.16,completed,Food,Central,12,1
9798,2024-12-23,2561.45,completed,Sports,Central,14,5
9799,2024-12-23,414.85,completed,Food,West,2,3
9800,2024-12-23,4545.67,pending,Clothing,Central,45,1
9801,2024-12-23,1845.53,completed,Home,South,12,3
9802,2024-12-23,4634.46,completed,Sports,East,37,5
9803,2024-12-23,2572.03,completed,Books,West,21,4
9804,2024-12-23,1998.13,completed,Sports,Central,31,4
9805,2024-12-23,325.61,failed,Sports,Central,1,3
9806,2024-12-23,3819.35,completed,Electronics,North,25,3
9807,2024-12-23,3435.31,completed,Clothing,West,6,4
9808,2024-12-23,4897.29,failed,Sports,West,39,5
9809,2024-12-24,2350.51,pending,Sports,South,38,4
9810,2024-12-24,4164.58,completed,Books,North,31,3
9811,2024-12-24,3858.47,completed,Home,North,13,3
9812,2024-12-24,2991.32,completed,Food,South,36,2
9813,2024-12-24,3636.67,completed,Electronics,Central,40,4
9814,2024-12-24,2081.05,completed,Home,South,15,2
9815,2024-12-24,4324.24,completed,Clothing,East,33,2
9816,2024-12-24,4745.94,completed,Clothing,North,43,4
9817,2024-12-24,126.25,completed,Sports,Central,24,2
9818,2024-12-24,2218.13,completed,Books,West,29,1
9819,2024-12-24,684.33,completed,Home,East,21,5
9820,2024-12-24,1287.11,completed,Clothing,Central,25,3
9821,2024-12-24,3162.22,completed,Sports,South,1,5
9822,2024-12-24,2012.73,completed,Sports,East,15,1
9823,2024-12-24,715.66,completed,Sports,Central,47,5
9824,2024-12-24,3624.5,completed,Home,South,10,5
9825,2024-12-24,4567.23,completed,Home,West,31,4
9826,2024-12-24,108.14,completed,Electronics,South,45,1
9827,2024-12-24,1727.74,completed,Sports,North,38,2
9828,2024-12-24,647.04,completed,Clothing,North,47,1
9829,2024-12-24,1794.25,pending,Electronics,East,25,3
9830,2024-12-24,3427.3,failed,Sports,North,38,2
9831,2024-12-24,749.84,pending,Clothing,West,45,3
9832,2024-12-24,57.43,completed,Sports,North,16,4
9833,2024-12-24,4156.76,completed,Books,West,33,5
9834,2024-12-24,4158.51,failed,Home,Central,20,4
9835,2024-12-24,1792.25,failed,Food,West,41,2
9836,2024-12-25,4524.16,completed,Sports,Central,3,2
9837,2024-12-25,44.95,completed,Home,North,22,3
9838,2024-12-25,2118.94,completed,Sports,West,7,5
9839,2024-12-25,2069.66,completed,Clothing,South,13,2
9840,2024-12-25,1702.33,completed,Sports,East,3,4
9841,2024-12-25,1406.98,completed,Clothing,East,49,5
9842,2024-12-25,1382.83,completed,Food,Central,35,5
9843,2024-12-25,1269.05,completed,Food,East,17,4
9844,2024-12-25,3564.53,completed,Food,East,31,5
9845,2024-12-25,4435.53,completed,Sports,Central,39,5
9846,2024-12-25,4938.61,pending,Electronics,West,26,5
9847,2024-12-25,2512.34,completed,Books,North,8,4
9848,2024-12-25,2024.17,completed,Electronics,East,1,1
9849,2024-12-25,4608.01,completed,Sports,South,26,4
9850,2024-12-25,3882.83,completed,Home,Central,46,5
9851,2024-12-25,2210.57,completed,Sports,Central,34,5
9852,2024-12-25,1755.79,completed,Electronics,South,49,3
9853,2024-12-25,494.63,completed,Sports,East,32,1
9854,2024-12-25,1087.14,completed,Clothing,West,16,2
9855,2024-12-25,4882.59,completed,Books,North,7,4
9856,2024-12-25,3993.0,completed,Clothing,West,38,4
9857,2024-12-25,2140.93,completed,Electronics,West,43,5
9858,2024-12-25,3311.76,completed,Books,South,22,4
9859,2024-12-25,529.14,completed,Food,West,38,4
9860,2024-12-25,4777.9,pending,Electronics,West,4,4
9861,2024-12-25,2758.13,pending,Food,West,29,1
9862,2024-12-25,3817.7,pending,Sports,East,6,4
9863,2024-12-25,3253.66,completed,Home,West,42,2
9864,2024-12-26,3012.05,completed,Home,North,5,5
9865,2024-12-26,2674.75,completed,Food,West,11,5
9866,2024-12-26,856.76,completed,Food,West,49,3
9867,2024-12-26,2528.18,completed,Home,Central,47,2
9868,2024-12-26,4886.47,completed,Food,South,1,4
9869,2024-12-26,289.8,completed,Sports,West,46,3
9870,2024-12-26,1734.24,completed,Electronics,West,10,5
9871,2024-12-26,4140.22,completed,Sports,East,34,5
9872,2024-12-26,3373.49,completed,Electronics,South,44,4
9873,2024-12-26,896.1,refunded,Electronics,East,16,5
9874,2024-12-26,793.21,completed,Sports,East,29,4
9875,2024-12-26,2382.66,pending,Books,Central,2,4
9876,2024-12-26,1383.76,completed,Sports,South,15,2
9877,2024-12-26,865.56,failed,Sports,East,12,2
9878,2024-12-26,4146.86,completed,Sports,North,7,3
9879,2024-12-26,3618.76,completed,Home,South,18,3
9880,2024-12-26,2151.03,completed,Sports,North,33,2
9881,2024-12-26,859.21,completed,Food,Central,4,1
9882,2024-12-26,50.78,completed,Food,Central,5,5
9883,2024-12-26,731.49,refunded,Clothing,East,16,1
9884,2024-12-26,1601.26,completed,Sports,North,29,3
9885,2024-12-26,1314.84,pending,Home,East,34,5
9886,2024-12-26,1380.1,pending,Food,East,26,1
9887,2024-12-26,1098.58,completed,Books,Central,30,4
9888,2024-12-26,395.79,completed,Electronics,North,5,1
9889,2024-12-26,408.45,completed,Home,East,37,4
9890,2024-12-26,4886.69,failed,Clothing,Central,16,2
9891,2024-12-27,739.75,completed,Clothing,North,13,1
9892,2024-12-27,694.25,completed,Food,East,17,4
9893,2024-12-27,653.22,completed,Clothing,South,43,1
9894,2024-12-27,1746.84,completed,Electronics,South,45,3
9895,2024-12-27,4752.58,pending,Sports,West,38,1
9896,2024-12-27,3178.19,completed,Books,Central,41,3
9897,2024-12-27,4836.79,completed,Sports,East,15,3
9898,2024-12-27,922.95,completed,Books,East,35,5
9899,2024-12-27,3650.63,pending,Sports,North,39,5
9900,2024-12-27,409.28,completed,Food,South,24,4
9901,2024-12-27,2878.92,completed,Electronics,South,38,1
9902,2024-12-27,3856.84,pending,Books,Central,39,5
9903,2024-12-27,599.9,pending,Sports,East,29,3
9904,2024-12-27,2143.67,completed,Food,West,35,5
9905,2024-12-27,958.11,refunded,Sports,West,19,3
9906,2024-12-27,2066.31,completed,Home,South,39,5
9907,2024-12-27,641.82,pending,Books,North,39,2
9908,2024-12-27,3894.34,completed,Home,South,18,1
9909,2024-12-27,257.33,completed,Clothing,North,25,2
9910,2024-12-27,873.53,completed,Books,Central,3,5
9911,2024-12-27,88.08,completed,Clothing,Central,19,5
9912,2024-12-27,4038.93,failed,Electronics,West,11,4
9913,2024-12-27,845.95,failed,Food,South,36,1
9914,2024-12-27,3749.58,refunded,Clothing,East,26,4
9915,2024-12-27,2785.8,completed,Clothing,North,9,4
9916,2024-12-27,442.35,refunded,Books,East,44,3
9917,2024-12-27,3383.0,completed,Books,North,7,3
9918,2024-12-28,4711.39,completed,Clothing,North,11,1
9919,2024-12-28,4113.34,pending,Food,North,48,4
9920,2024-12-28,281.79,pending,Sports,Central,29,2
9921,2024-12-28,1268.15,completed,Clothing,South,38,1
9922,2024-12-28,4527.96,completed,Food,East,49,3
9923,2024-12-28,1466.27,completed,Sports,North,5,1
9924,2024-12-28,2570.73,completed,Clothing,West,32,1
9925,2024-12-28,4917.24,completed,Electronics,North,4,4
9926,2024-12-28,1976.26,pending,Books,North,9,4
9927,2024-12-28,4766.38,completed,Food,West,37,2
9928,2024-12-28,1290.69,completed,Sports,Central,41,3
9929,2024-12-28,530.64,completed,Books,Central,30,1
9930,2024-12-28,51.67,completed,Clothing,East,37,3
9931,2024-12-28,2511.39,refunded,Home,East,16,5
9932,2024-12-28,343.37,completed,Sports,West,24,5
9933,2024-12-28,3675.71,completed,Food,North,11,5
9934,2024-12-28,4286.64,completed,Clothing,South,46,3
9935,2024-12-28,3288.09,pending,Home,South,35,2
9936,2024-12-28,1603.25,failed,Books,West,5,3
9937,2024-12-28,1952.74,completed,Books,West,2,5
9938,2024-12-28,4543.03,completed,Food,North,17,3
9939,2024-12-28,2185.89,completed,Clothing,East,4,2
9940,2024-12-28,951.65,failed,Food,Central,3,1
9941,2024-12-28,950.82,completed,Home,South,22,5
9942,2024-12-28,1057.09,pending,Electronics,West,36,4
9943,2024-12-28,1493.07,completed,Electronics,South,40,1
9944,2024-12-28,2155.55,refunded,Books,North,2,5
9945,2024-12-28,3726.36,completed,Home,South,45,1
9946,2024-12-29,2425.1,pending,Clothing,Central,29,2
9947,2024-12-29,739.59,completed,Electronics,North,32,4
9948,2024-12-29,1369.59,pending,Clothing,Central,48,2
9949,2024-12-29,4370.04,completed,Clothing,North,46,4
9950,2024-12-29,2856.34,failed,Home,South,38,5
9951,2024-12-29,2582.33,completed,Food,East,13,2
9952,2024-12-29,4291.01,completed,Sports,Central,43,3
9953,2024-12-29,3836.13,failed,Food,Central,49,2
9954,2024-12-29,3471.68,failed,Sports,Central,20,1
9955,2024-12-29,1233.64,pending,Electronics,Central,26,2
9956,2024-12-29,1315.96,failed,Sports,East,10,5
9957,2024-12-29,450.25,pending,Electronics,West,19,1
9958,2024-12-29,1897.98,completed,Sports,East,11,1
9959,2024-12-29,3369.86,refunded,Clothing,Central,37,4
9960,2024-12-29,772.6,pending,Electronics,North,14,4
9961,2024-12-29,2321.67,completed,Books,Central,43,1
9962,2024-12-29,18.87,completed,Clothing,East,10,2
9963,2024-12-29,4531.93,completed,Electronics,East,34,1
9964,2024-12-29,2570.25,pending,Clothing,North,11,5
9965,2024-12-29,3048.92,completed,Sports,East,34,1
9966,2024-12-29,4108.63,completed,Home,West,26,1
9967,2024-12-29,1619.98,completed,Clothing,South,41,1
9968,2024-12-29,1306.46,refunded,Books,East,25,4
9969,2024-12-29,228.4,completed,Home,East,46,5
9970,2024-12-29,3644.33,completed,Food,East,20,5
9971,2024-12-29,2116.97,completed,Sports,South,47,2
9972,2024-12-29,771.97,completed,Home,Central,30,3
9973,2024-12-30,233.95,failed,Sports,West,38,1
9974,2024-12-30,586.9,pending,Electronics,West,3,2
9975,2024-12-30,3286.02,completed,Clothing,South,2,1
9976,2024-12-30,4118.73,completed,Electronics,East,7,1
9977,2024-12-30,3257.38,completed,Electronics,South,7,3
9978,2024-12-30,113.55,pending,Electronics,North,32,3
9979,2024-12-30,2356.81,completed,Electronics,South,27,4
9980,2024-12-30,985.38,completed,Clothing,Central,20,1
9981,2024-12-30,4969.21,completed,Electronics,Central,6,2
9982,2024-12-30,633.49,completed,Food,South,46,5
9983,2024-12-30,2235.78,completed,Home,Central,18,3
9984,2024-12-30,1307.84,completed,Electronics,Central,2,2
9985,2024-12-30,1035.1,completed,Clothing,South,31,4
9986,2024-12-30,4008.64,completed,Books,Central,43,4
9987,2024-12-30,1385.72,completed,Books,Central,27,3
9988,2024-12-30,2483.18,completed,Books,North,15,3
9989,2024-12-30,65.06,completed,Food,West,13,4
9990,2024-12-30,1335.91,pending,Books,South,30,3
9991,2024-12-30,604.78,completed,Electronics,East,37,4
9992,2024-12-30,1872.72,completed,Food,North,21,1
9993,2024-12-30,2244.84,completed,Home,South,28,4
9994,2024-12-30,730.96,failed,Sports,East,30,3
9995,2024-12-30,929.08,completed,Sports,West,30,3
9996,2024-12-30,3859.34,completed,Sports,North,2,5
9997,2024-12-30,1480.24,pending,Food,East,29,2
9998,2024-12-30,549.61,completed,Clothing,East,7,4
9999,2024-12-30,1157.34,completed,Sports,South,47,4
10000,2024-12-31,2902.01,completed,Electronics,Central,26,2
