id,date,amount,status,category,region,quantity,rating
1,2024-01-01,2702.39,completed,Home,Central,23,3
2,2024-01-01,3450.05,refunded,Clothing,South,16,2
3,2024-01-01,2003.36,completed,Books,East,39,3
4,2024-01-01,1497.88,completed,Home,North,36,5
5,2024-01-01,2095.54,refunded,Electronics,Central,22,1
6,2024-01-01,2579.96,completed,Sports,West,26,2
7,2024-01-01,589.72,completed,Food,East,40,4
8,2024-01-01,2765.97,completed,Home,South,10,5
9,2024-01-01,4652.04,pending,Electronics,South,4,5
10,2024-01-01,4915.71,completed,Sports,South,43,3
11,2024-01-01,2689.12,completed,Books,South,14,1
12,2024-01-01,4555.69,refunded,Books,Central,43,4
13,2024-01-01,3074.09,completed,Clothing,East,32,2
14,2024-01-01,143.63,completed,Home,South,12,4
15,2024-01-01,2420.09,completed,Clothing,Central,5,4
16,2024-01-01,2377.92,failed,Home,South,49,3
17,2024-01-01,3366.21,completed,Sports,North,22,3
18,2024-01-01,1121.47,completed,Books,South,32,3
19,2024-01-01,3921.02,completed,Food,Central,34,1
20,2024-01-01,1495.25,completed,Food,South,20,4
21,2024-01-01,1918.02,completed,Home,South,37,3
22,2024-01-01,1348.78,pending,Clothing,North,8,3
23,2024-01-01,1039.36,completed,Clothing,South,47,2
24,2024-01-01,4907.86,failed,Electronics,South,47,2
25,2024-01-01,4006.17,completed,Electronics,North,1,1
26,2024-01-01,2063.02,completed,Clothing,East,26,1
27,2024-01-01,3409.55,completed,Electronics,East,23,2
28,2024-01-01,808.09,completed,Electronics,East,41,3
29,2024-01-02,542.24,completed,Food,South,41,3
30,2024-01-02,641.83,completed,Home,North,23,1
31,2024-01-02,1393.25,completed,Home,West,35,4
32,2024-01-02,3887.54,pending,Sports,South,3,3
33,2024-01-02,1766.2,completed,Clothing,Central,28,5
34,2024-01-02,2707.84,failed,Books,North,38,1
35,2024-01-02,4017.01,completed,Food,East,40,2
36,2024-01-02,4816.03,completed,Books,Central,8,2
37,2024-01-02,4834.69,completed,Food,South,29,3
38,2024-01-02,2282.84,completed,Clothing,Central,13,4
39,2024-01-02,784.65,failed,Home,North,44,1
40,2024-01-02,4441.6,completed,Home,North,48,1
41,2024-01-02,2580.08,completed,Food,West,4,5
42,2024-01-02,2163.54,completed,Books,North,45,3
43,2024-01-02,3514.38,completed,Clothing,Central,12,2
44,2024-01-02,3893.51,refunded,Food,South,17,3
45,2024-01-02,159.63,completed,Sports,West,23,2
46,2024-01-02,2739.58,pending,Electronics,West,3,1
47,2024-01-02,3517.28,completed,Books,East,22,3
48,2024-01-02,608.58,completed,Sports,West,7,2
49,2024-01-02,3224.28,failed,Home,East,37,3
50,2024-01-02,1081.69,completed,Clothing,West,12,1
51,2024-01-02,653.14,completed,Sports,South,12,1
52,2024-01-02,3469.73,completed,Electronics,North,42,1
53,2024-01-02,507.58,completed,Clothing,West,2,5
54,2024-01-02,425.1,refunded,Food,South,46,5
55,2024-01-02,3545.09,completed,Books,East,44,3
56,2024-01-03,4803.97,refunded,Clothing,Central,27,2
57,2024-01-03,2941.45,completed,Sports,East,20,3
58,2024-01-03,1086.48,completed,Electronics,East,30,3
59,2024-01-03,4993.66,completed,Home,Central,35,5
60,2024-01-03,4701.13,completed,Clothing,North,7,3
61,2024-01-03,4247.76,completed,Books,Central,28,1
62,2024-01-03,1144.45,pending,Food,South,6,3
63,2024-01-03,775.3,completed,Sports,South,43,5
64,2024-01-03,4401.65,completed,Food,Central,5,1
65,2024-01-03,234.2,completed,Food,Central,16,1
66,2024-01-03,2836.27,completed,Food,Central,11,2
67,2024-01-03,337.28,completed,Electronics,Central,39,3
68,2024-01-03,799.29,completed,Clothing,South,21,2
69,2024-01-03,1876.66,completed,Sports,East,1,5
70,2024-01-03,2384.01,completed,Books,Central,12,5
71,2024-01-03,3349.94,pending,Clothing,South,31,4
72,2024-01-03,4995.19,pending,Sports,South,38,1
73,2024-01-03,4043.37,pending,Clothing,North,40,3
74,2024-01-03,3554.8,failed,Electronics,North,33,3
75,2024-01-03,535.4,completed,Clothing,South,32,1
76,2024-01-03,4676.67,completed,Electronics,East,47,1
77,2024-01-03,1605.16,completed,Books,South,40,1
78,2024-01-03,1412.44,pending,Clothing,South,39,2
79,2024-01-03,2749.41,pending,Clothing,East,25,4
80,2024-01-03,861.99,pending,Food,North,39,4
81,2024-01-03,1613.45,completed,Electronics,West,11,5
82,2024-01-03,314.78,failed,Books,East,32,1
83,2024-01-03,4245.74,completed,Food,West,11,1
84,2024-01-04,2996.2,failed,Home,Central,2,2
85,2024-01-04,1826.97,pending,Food,South,9,5
86,2024-01-04,3783.43,pending,Electronics,Central,34,3
87,2024-01-04,4329.2,completed,Food,South,26,5
88,2024-01-04,1948.12,pending,Sports,West,36,4
89,2024-01-04,1295.24,completed,Books,East,31,4
90,2024-01-04,2911.35,completed,Food,North,1,5
91,2024-01-04,3816.21,completed,Books,East,5,2
92,2024-01-04,3816.72,failed,Books,West,41,1
93,2024-01-04,2429.36,completed,Home,South,42,5
94,2024-01-04,4266.49,pending,Sports,East,8,4
95,2024-01-04,81.86,completed,Books,North,6,1
96,2024-01-04,962.66,failed,Sports,West,34,1
97,2024-01-04,4854.5,completed,Home,Central,39,4
98,2024-01-04,2697.52,completed,Sports,Central,18,5
99,2024-01-04,1087.69,completed,Sports,West,32,3
100,2024-01-04,3875.65,pending,Sports,Central,48,2
101,2024-01-04,2596.76,completed,Home,West,35,4
102,2024-01-04,167.93,completed,Electronics,North,36,2
103,2024-01-04,867.29,completed,Food,West,33,1
104,2024-01-04,1253.37,pending,Food,West,39,2
105,2024-01-04,2336.44,completed,Home,North,26,4
106,2024-01-04,3975.34,completed,Books,West,15,2
107,2024-01-04,2100.54,refunded,Sports,South,41,1
108,2024-01-04,1955.12,completed,Books,West,21,5
109,2024-01-04,4531.83,completed,Sports,South,47,1
110,2024-01-04,2066.59,completed,Food,Central,28,5
111,2024-01-05,3269.66,completed,Food,Central,26,1
112,2024-01-05,4269.13,completed,Sports,South,22,2
113,2024-01-05,3270.46,completed,Sports,Central,8,5
114,2024-01-05,4322.05,refunded,Home,South,46,1
115,2024-01-05,4674.11,completed,Clothing,South,12,1
116,2024-01-05,581.62,pending,Electronics,South,32,1
117,2024-01-05,1852.55,completed,Home,Central,11,4
118,2024-01-05,3112.94,completed,Books,East,38,3
119,2024-01-05,3334.38,completed,Clothing,Central,20,1
120,2024-01-05,2538.41,failed,Books,North,37,2
121,2024-01-05,4315.98,refunded,Sports,West,13,4
122,2024-01-05,3099.31,failed,Sports,North,47,4
123,2024-01-05,4735.81,completed,Books,West,43,1
124,2024-01-05,1361.93,completed,Sports,South,5,2
125,2024-01-05,4472.23,completed,Electronics,East,29,1
126,2024-01-05,572.29,completed,Clothing,Central,16,5
127,2024-01-05,4834.07,completed,Clothing,South,32,4
128,2024-01-05,4243.64,completed,Books,Central,7,4
129,2024-01-05,1036.54,refunded,Home,North,4,1
130,2024-01-05,2470.73,completed,Electronics,South,10,2
131,2024-01-05,2514.12,completed,Food,South,27,1
132,2024-01-05,3545.01,pending,Books,North,17,2
133,2024-01-05,3695.25,completed,Clothing,South,14,2
134,2024-01-05,650.99,completed,Electronics,North,9,5
135,2024-01-05,1250.72,failed,Food,South,33,2
136,2024-01-05,546.11,pending,Food,West,47,3
137,2024-01-05,623.21,completed,Food,South,6,2
138,2024-01-06,3273.35,completed,Clothing,West,14,5
139,2024-01-06,2350.16,completed,Home,East,17,2
140,2024-01-06,2786.1,completed,Books,South,25,5
141,2024-01-06,3869.61,completed,Clothing,South,5,5
142,2024-01-06,1854.79,completed,Clothing,Central,41,4
143,2024-01-06,3891.54,pending,Home,Central,40,1
144,2024-01-06,1814.87,completed,Home,North,7,2
145,2024-01-06,4667.74,refunded,Books,East,43,2
146,2024-01-06,4419.66,pending,Food,East,8,4
147,2024-01-06,3347.02,refunded,Clothing,West,30,1
148,2024-01-06,4942.8,completed,Home,East,10,4
149,2024-01-06,4579.91,completed,Clothing,East,39,2
150,2024-01-06,3536.29,pending,Home,East,3,5
151,2024-01-06,1679.67,completed,Clothing,Central,23,1
152,2024-01-06,1336.75,completed,Sports,South,31,2
153,2024-01-06,2785.54,completed,Books,South,5,2
154,2024-01-06,2470.27,failed,Home,West,44,3
155,2024-01-06,2394.79,completed,Clothing,West,1,2
156,2024-01-06,3115.97,completed,Clothing,Central,33,3
157,2024-01-06,2076.37,completed,Electronics,Central,23,4
158,2024-01-06,3314.09,failed,Food,North,22,4
159,2024-01-06,993.69,pending,Books,West,4,4
160,2024-01-06,4340.65,completed,Clothing,North,47,3
161,2024-01-06,3996.47,completed,Home,South,38,5
162,2024-01-06,1991.72,completed,Electronics,Central,33,1
163,2024-01-06,2934.4,completed,Food,East,24,1
164,2024-01-06,2352.84,pending,Food,East,37,1
165,2024-01-06,1922.7,completed,Electronics,North,15,4
166,2024-01-07,3990.5,completed,Books,North,30,5
167,2024-01-07,3259.42,completed,Food,South,10,5
168,2024-01-07,2459.86,pending,Food,Central,7,1
169,2024-01-07,4516.99,completed,Clothing,North,10,1
170,2024-01-07,1313.43,completed,Electronics,North,20,1
171,2024-01-07,4272.1,completed,Electronics,West,40,2
172,2024-01-07,3133.52,completed,Clothing,North,22,2
173,2024-01-07,1595.09,completed,Home,East,25,2
174,2024-01-07,1850.59,completed,Books,Central,10,2
175,2024-01-07,2507.57,pending,Sports,North,26,4
176,2024-01-07,4194.82,completed,Books,North,6,2
177,2024-01-07,1684.91,completed,Clothing,North,31,1
178,2024-01-07,3532.6,completed,Food,Central,16,1
179,2024-01-07,1390.0,completed,Books,West,13,3
180,2024-01-07,1454.6,completed,Food,South,26,3
181,2024-01-07,1725.15,completed,Clothing,South,20,4
182,2024-01-07,2439.09,completed,Books,Central,28,5
183,2024-01-07,29.07,completed,Sports,Central,4,4
184,2024-01-07,4403.21,completed,Clothing,South,47,5
185,2024-01-07,722.49,pending,Books,South,33,2
186,2024-01-07,2274.1,pending,Home,West,41,4
187,2024-01-07,3546.06,failed,Home,Central,34,1
188,2024-01-07,2242.66,failed,Food,North,20,3
189,2024-01-07,325.6,refunded,Clothing,South,16,3
190,2024-01-07,1748.72,pending,Books,South,35,1
191,2024-01-07,3121.67,completed,Sports,West,45,1
192,2024-01-07,4701.09,pending,Home,South,18,1
193,2024-01-08,684.39,completed,Electronics,North,29,2
194,2024-01-08,1256.22,completed,Books,North,35,5
195,2024-01-08,4775.38,completed,Electronics,Central,32,2
196,2024-01-08,352.86,completed,Electronics,West,40,3
197,2024-01-08,4991.32,completed,Books,Central,10,4
198,2024-01-08,3389.93,completed,Sports,East,18,5
199,2024-01-08,1070.41,completed,Books,South,19,3
200,2024-01-08,3507.56,completed,Home,South,32,1
201,2024-01-08,1406.12,completed,Home,East,25,2
202,2024-01-08,3588.5,refunded,Sports,Central,28,5
203,2024-01-08,1231.61,completed,Food,North,39,1
204,2024-01-08,830.43,completed,Electronics,South,19,4
205,2024-01-08,1103.67,completed,Clothing,East,20,1
206,2024-01-08,2032.6,completed,Sports,East,44,2
207,2024-01-08,1347.36,pending,Clothing,West,21,2
208,2024-01-08,4408.62,pending,Sports,Central,27,5
209,2024-01-08,4381.05,completed,Home,North,29,1
210,2024-01-08,3724.01,completed,Home,South,29,1
211,2024-01-08,187.9,completed,Food,South,18,3
212,2024-01-08,821.93,completed,Home,South,19,4
213,2024-01-08,3921.6,completed,Food,South,38,5
214,2024-01-08,4651.02,completed,Sports,South,9,1
215,2024-01-08,508.35,completed,Books,East,23,4
216,2024-01-08,454.76,completed,Clothing,Central,41,1
217,2024-01-08,3680.42,completed,Home,Central,47,4
218,2024-01-08,1645.29,completed,Clothing,Central,25,1
219,2024-01-08,2453.65,completed,Books,South,19,5
220,2024-01-08,611.23,completed,Home,North,22,1
221,2024-01-09,4095.49,refunded,Home,East,47,4
222,2024-01-09,4276.36,completed,Clothing,North,28,1
223,2024-01-09,1480.7,pending,Books,North,33,5
224,2024-01-09,416.17,completed,Sports,North,42,1
225,2024-01-09,3701.69,failed,Books,East,16,1
226,2024-01-09,3889.12,refunded,Electronics,West,27,1
227,2024-01-09,2503.57,completed,Clothing,Central,12,4
228,2024-01-09,4372.39,completed,Food,West,7,2
229,2024-01-09,3700.41,completed,Books,Central,31,5
230,2024-01-09,3594.51,pending,Food,East,49,3
231,2024-01-09,2903.43,completed,Books,West,43,1
232,2024-01-09,4598.4,completed,Sports,Central,4,3
233,2024-01-09,2884.57,completed,Electronics,North,15,1
234,2024-01-09,3712.21,completed,Food,East,16,3
235,2024-01-09,3331.54,completed,Food,North,23,2
236,2024-01-09,1990.86,completed,Sports,West,42,3
237,2024-01-09,2770.83,completed,Electronics,North,41,5
238,2024-01-09,1071.51,pending,Books,East,4,4
239,2024-01-09,4815.78,failed,Electronics,South,8,4
240,2024-01-09,644.83,completed,Clothing,Central,21,4
241,2024-01-09,2232.81,completed,Sports,North,29,2
242,2024-01-09,257.07,completed,Food,Central,47,5
243,2024-01-09,827.93,completed,Sports,Central,30,5
244,2024-01-09,2615.97,completed,Home,South,21,5
245,2024-01-09,2325.97,completed,Clothing,North,21,1
246,2024-01-09,4635.51,completed,Food,East,15,2
247,2024-01-09,2878.61,completed,Books,East,44,1
248,2024-01-10,2542.56,failed,Sports,North,6,1
249,2024-01-10,1422.57,completed,Home,South,42,3
250,2024-01-10,2845.88,completed,Clothing,Central,48,1
251,2024-01-10,2871.26,completed,Food,Central,15,1
252,2024-01-10,4437.2,completed,Clothing,Central,28,3
253,2024-01-10,4476.89,completed,Clothing,Central,5,2
254,2024-01-10,2081.25,completed,Books,Central,4,1
255,2024-01-10,1855.2,completed,Clothing,Central,24,5
256,2024-01-10,3810.66,completed,Sports,East,36,2
257,2024-01-10,396.51,failed,Home,North,35,2
258,2024-01-10,1138.43,completed,Sports,East,33,1
259,2024-01-10,1431.32,completed,Sports,East,49,2
260,2024-01-10,2700.22,pending,Electronics,North,36,1
261,2024-01-10,907.68,refunded,Clothing,East,32,1
262,2024-01-10,1170.26,completed,Home,South,15,2
263,2024-01-10,593.28,completed,Electronics,East,37,4
264,2024-01-10,2416.67,completed,Home,East,22,2
265,2024-01-10,2822.85,completed,Sports,East,8,3
266,2024-01-10,172.42,completed,Food,East,38,1
267,2024-01-10,497.55,completed,Food,North,21,5
268,2024-01-10,4354.3,pending,Food,East,26,3
269,2024-01-10,3236.2,completed,Food,Central,1,5
270,2024-01-10,4974.81,completed,Electronics,North,34,2
271,2024-01-10,2226.19,pending,Sports,South,46,3
272,2024-01-10,989.61,completed,Home,South,35,4
273,2024-01-10,3904.26,refunded,Electronics,Central,29,3
274,2024-01-10,1219.2,completed,Clothing,Central,30,3
275,2024-01-11,2343.03,completed,Books,East,14,5
276,2024-01-11,2350.81,completed,Clothing,East,41,2
277,2024-01-11,4363.5,failed,Food,West,38,1
278,2024-01-11,1977.34,completed,Electronics,East,8,5
279,2024-01-11,3882.08,completed,Books,Central,26,3
280,2024-01-11,3634.31,refunded,Sports,East,34,2
281,2024-01-11,4323.3,completed,Clothing,Central,33,5
282,2024-01-11,2724.89,completed,Home,South,48,3
283,2024-01-11,2282.43,pending,Home,West,19,4
284,2024-01-11,2100.56,completed,Books,Central,20,4
285,2024-01-11,1528.84,refunded,Books,East,21,5
286,2024-01-11,4535.87,completed,Home,Central,25,5
287,2024-01-11,3327.46,completed,Clothing,West,41,1
288,2024-01-11,2320.55,completed,Home,North,37,4
289,2024-01-11,1031.75,pending,Sports,West,18,1
290,2024-01-11,1643.43,completed,Home,East,18,3
291,2024-01-11,3960.4,completed,Home,South,25,2
292,2024-01-11,3866.71,failed,Food,West,43,4
293,2024-01-11,3668.89,completed,Sports,Central,7,3
294,2024-01-11,4605.81,completed,Clothing,West,46,2
295,2024-01-11,1697.59,failed,Sports,North,7,4
296,2024-01-11,3303.18,completed,Sports,North,20,3
297,2024-01-11,1584.85,completed,Home,North,43,2
298,2024-01-11,4748.66,completed,Food,South,36,3
299,2024-01-11,3171.52,completed,Home,West,48,5
300,2024-01-11,4112.88,completed,Home,Central,28,3
301,2024-01-11,296.21,completed,Food,Central,4,4
302,2024-01-11,3925.94,completed,Home,South,11,1
303,2024-01-12,3612.71,failed,Clothing,Central,14,2
304,2024-01-12,270.77,completed,Food,South,48,2
305,2024-01-12,2916.23,completed,Sports,North,43,3
306,2024-01-12,1200.88,failed,Books,West,15,3
307,2024-01-12,4876.13,completed,Sports,North,17,5
308,2024-01-12,4590.17,failed,Clothing,Central,17,3
309,2024-01-12,1506.19,completed,Food,South,33,1
310,2024-01-12,1881.16,completed,Books,North,42,4
311,2024-01-12,1238.82,completed,Food,Central,5,5
312,2024-01-12,2488.02,completed,Food,West,41,2
313,2024-01-12,4983.38,completed,Clothing,West,2,5
314,2024-01-12,940.51,completed,Home,West,12,3
315,2024-01-12,4776.43,completed,Home,South,32,3
316,2024-01-12,197.4,completed,Home,East,26,2
317,2024-01-12,3876.83,completed,Clothing,West,33,2
318,2024-01-12,4144.42,completed,Home,East,44,5
319,2024-01-12,1370.92,completed,Home,West,20,2
320,2024-01-12,3609.16,completed,Clothing,West,37,1
321,2024-01-12,2740.87,completed,Home,East,11,3
322,2024-01-12,3731.06,completed,Home,East,29,5
323,2024-01-12,2138.48,completed,Home,South,36,2
324,2024-01-12,4830.32,completed,Sports,South,13,2
325,2024-01-12,2813.91,completed,Electronics,Central,46,4
326,2024-01-12,4811.72,completed,Clothing,Central,7,4
327,2024-01-12,4860.2,completed,Sports,North,35,4
328,2024-01-12,2807.1,failed,Home,South,5,4
329,2024-01-12,4170.96,completed,Sports,East,10,4
330,2024-01-13,4116.89,pending,Clothing,West,23,3
331,2024-01-13,1514.94,failed,Electronics,West,21,2
332,2024-01-13,2661.88,pending,Sports,West,27,3
333,2024-01-13,82.96,completed,Electronics,East,3,3
334,2024-01-13,1611.89,completed,Clothing,South,26,1
335,2024-01-13,2206.27,completed,Books,North,24,4
336,2024-01-13,3892.16,failed,Clothing,North,12,2
337,2024-01-13,2470.2,completed,Clothing,West,27,3
338,2024-01-13,3832.28,pending,Electronics,West,24,1
339,2024-01-13,1032.42,pending,Books,Central,1,1
340,2024-01-13,3614.42,completed,Electronics,South,41,5
341,2024-01-13,4254.85,completed,Electronics,North,48,1
342,2024-01-13,1213.21,completed,Books,North,20,3
343,2024-01-13,4115.45,completed,Books,West,27,3
344,2024-01-13,3041.73,pending,Home,North,30,2
345,2024-01-13,2345.56,completed,Home,North,37,1
346,2024-01-13,3428.29,completed,Electronics,North,23,5
347,2024-01-13,3595.04,pending,Electronics,South,9,5
348,2024-01-13,3239.92,completed,Books,South,33,3
349,2024-01-13,3138.39,completed,Books,North,35,2
350,2024-01-13,2051.17,completed,Electronics,South,19,4
351,2024-01-13,3554.71,completed,Sports,West,36,3
352,2024-01-13,1196.41,completed,Books,West,45,5
353,2024-01-13,519.89,completed,Home,Central,22,3
354,2024-01-13,4598.95,failed,Clothing,East,4,1
355,2024-01-13,3899.76,completed,Food,North,22,5
356,2024-01-13,2729.43,completed,Books,South,6,5
357,2024-01-13,3912.19,completed,Sports,East,7,1
358,2024-01-14,420.29,completed,Books,Central,22,1
359,2024-01-14,2033.48,pending,Home,South,41,5
360,2024-01-14,892.64,completed,Books,Central,12,4
361,2024-01-14,3295.26,pending,Books,East,16,2
362,2024-01-14,3809.16,completed,Electronics,Central,4,5
363,2024-01-14,1957.12,completed,Home,Central,34,2
364,2024-01-14,1198.48,refunded,Clothing,South,49,1
365,2024-01-14,1563.42,completed,Books,East,34,3
366,2024-01-14,2833.35,pending,Clothing,Central,35,3
367,2024-01-14,235.43,completed,Clothing,East,11,2
368,2024-01-14,580.61,completed,Books,South,17,4
369,2024-01-14,4909.35,completed,Clothing,North,4,3
370,2024-01-14,1000.7,failed,Books,South,46,1
371,2024-01-14,2698.66,completed,Food,East,14,1
372,2024-01-14,4478.58,completed,Food,West,2,5
373,2024-01-14,4388.81,pending,Home,East,2,4
374,2024-01-14,128.32,pending,Home,East,11,5
375,2024-01-14,1217.18,completed,Books,North,1,4
376,2024-01-14,1074.09,pending,Books,South,42,1
377,2024-01-14,3775.25,refunded,Electronics,East,34,5
378,2024-01-14,171.96,completed,Electronics,East,40,5
379,2024-01-14,429.5,completed,Sports,Central,7,1
380,2024-01-14,1999.68,pending,Home,Central,7,2
381,2024-01-14,3711.96,failed,Sports,West,49,4
382,2024-01-14,4278.79,completed,Home,East,32,1
383,2024-01-14,447.15,completed,Books,Central,15,1
384,2024-01-14,4027.93,completed,Sports,South,1,1
385,2024-01-15,35.16,completed,Home,Central,7,5
386,2024-01-15,4145.65,completed,Home,South,7,4
387,2024-01-15,782.48,pending,Sports,West,40,3
388,2024-01-15,2126.34,pending,Sports,Central,23,5
389,2024-01-15,659.81,completed,Food,East,4,4
390,2024-01-15,1021.53,completed,Books,West,8,4
391,2024-01-15,3667.0,failed,Food,Central,12,3
392,2024-01-15,4316.65,failed,Electronics,East,10,3
393,2024-01-15,3629.93,completed,Sports,North,22,3
394,2024-01-15,35.82,failed,Sports,South,21,2
395,2024-01-15,702.58,completed,Sports,North,31,1
396,2024-01-15,1044.97,completed,Electronics,West,7,4
397,2024-01-15,503.04,completed,Sports,East,46,1
398,2024-01-15,731.06,completed,Clothing,East,8,4
399,2024-01-15,4953.32,completed,Home,South,25,2
400,2024-01-15,3765.53,completed,Clothing,West,34,3
401,2024-01-15,3413.94,completed,Books,East,8,3
402,2024-01-15,3151.29,completed,Electronics,West,25,4
403,2024-01-15,3947.51,completed,Books,West,41,1
404,2024-01-15,588.16,completed,Home,Central,20,2
405,2024-01-15,4508.35,completed,Home,West,34,4
406,2024-01-15,3838.01,failed,Sports,West,35,3
407,2024-01-15,1295.95,failed,Electronics,North,6,4
408,2024-01-15,2233.15,completed,Home,West,10,3
409,2024-01-15,560.0,completed,Sports,East,3,2
410,2024-01-15,2886.18,completed,Books,East,21,5
411,2024-01-15,2704.16,completed,Electronics,West,11,2
412,2024-01-16,3600.42,pending,Electronics,South,24,1
413,2024-01-16,4961.51,completed,Sports,East,10,3
414,2024-01-16,1139.45,completed,Clothing,East,9,3
415,2024-01-16,2857.11,completed,Clothing,South,30,4
416,2024-01-16,536.4,refunded,Electronics,North,9,2
417,2024-01-16,2612.96,completed,Books,East,34,3
418,2024-01-16,2163.05,completed,Food,Central,29,4
419,2024-01-16,1749.92,completed,Sports,West,27,4
420,2024-01-16,4925.38,refunded,Electronics,East,35,3
421,2024-01-16,2840.03,completed,Books,South,3,2
422,2024-01-16,1999.37,completed,Electronics,North,25,1
423,2024-01-16,1110.08,completed,Home,West,45,4
424,2024-01-16,2867.77,completed,Books,North,17,1
425,2024-01-16,2374.36,pending,Food,Central,30,2
426,2024-01-16,2246.31,completed,Sports,East,8,4
427,2024-01-16,4885.3,completed,Clothing,North,21,3
428,2024-01-16,3511.29,completed,Electronics,North,34,1
429,2024-01-16,3953.98,failed,Sports,East,24,3
430,2024-01-16,1635.38,completed,Home,Central,5,4
431,2024-01-16,2489.21,completed,Clothing,East,30,5
432,2024-01-16,4291.4,pending,Books,South,43,1
433,2024-01-16,3135.21,pending,Sports,North,3,1
434,2024-01-16,1315.97,completed,Electronics,West,36,3
435,2024-01-16,422.21,completed,Electronics,Central,46,2
436,2024-01-16,4772.7,completed,Sports,South,26,4
437,2024-01-16,1831.2,completed,Clothing,East,47,3
438,2024-01-16,3151.84,completed,Food,North,15,3
439,2024-01-16,1833.89,failed,Sports,East,16,3
440,2024-01-17,794.17,completed,Clothing,Central,11,5
441,2024-01-17,274.67,completed,Home,East,32,5
442,2024-01-17,439.96,failed,Electronics,South,18,1
443,2024-01-17,3192.37,completed,Electronics,East,9,2
444,2024-01-17,1584.22,refunded,Food,West,25,2
445,2024-01-17,4329.45,completed,Sports,North,6,1
446,2024-01-17,2940.04,completed,Sports,North,30,2
447,2024-01-17,1939.34,failed,Home,Central,46,4
448,2024-01-17,4776.72,completed,Home,Central,20,3
449,2024-01-17,3350.12,pending,Sports,South,42,3
450,2024-01-17,3934.81,completed,Home,North,26,1
451,2024-01-17,1519.63,refunded,Home,South,26,3
452,2024-01-17,3280.39,completed,Clothing,East,45,5
453,2024-01-17,191.95,pending,Food,West,33,4
454,2024-01-17,836.39,refunded,Home,East,4,3
455,2024-01-17,2570.65,completed,Electronics,East,32,3
456,2024-01-17,1123.1,completed,Books,South,48,2
457,2024-01-17,2530.53,pending,Food,West,26,3
458,2024-01-17,1099.03,completed,Food,Central,18,4
459,2024-01-17,2513.91,completed,Electronics,West,39,5
460,2024-01-17,3432.05,pending,Electronics,North,15,2
461,2024-01-17,447.94,completed,Food,South,8,3
462,2024-01-17,3531.0,completed,Electronics,West,21,3
463,2024-01-17,4191.86,failed,Food,East,25,3
464,2024-01-17,4463.47,completed,Food,Central,49,4
465,2024-01-17,1190.84,completed,Clothing,East,24,1
466,2024-01-17,1421.09,pending,Books,Central,47,1
467,2024-01-18,275.79,completed,Clothing,North,12,4
468,2024-01-18,4721.91,failed,Home,Central,41,1
469,2024-01-18,4591.24,refunded,Food,East,33,2
470,2024-01-18,4245.61,completed,Food,West,1,4
471,2024-01-18,3374.88,completed,Home,North,28,4
472,2024-01-18,1838.91,completed,Clothing,Central,24,2
473,2024-01-18,3156.82,completed,Books,East,36,2
474,2024-01-18,3115.94,pending,Home,East,22,1
475,2024-01-18,3464.63,completed,Sports,East,10,2
476,2024-01-18,4067.74,completed,Electronics,West,24,3
477,2024-01-18,1527.79,pending,Books,South,6,2
478,2024-01-18,876.6,failed,Home,East,44,1
479,2024-01-18,2221.54,refunded,Home,North,33,3
480,2024-01-18,456.53,completed,Food,East,35,5
481,2024-01-18,1455.04,completed,Home,East,28,2
482,2024-01-18,4434.55,failed,Food,North,10,2
483,2024-01-18,2703.57,completed,Electronics,South,1,2
484,2024-01-18,2918.06,completed,Food,South,9,2
485,2024-01-18,3144.86,failed,Electronics,West,10,1
486,2024-01-18,3053.5,completed,Sports,South,12,4
487,2024-01-18,2056.33,completed,Electronics,South,43,2
488,2024-01-18,2887.74,completed,Food,West,12,2
489,2024-01-18,3817.59,completed,Clothing,East,6,2
490,2024-01-18,224.05,failed,Home,Central,7,4
491,2024-01-18,1018.97,completed,Home,Central,32,3
492,2024-01-18,921.79,completed,Sports,Central,2,3
493,2024-01-18,110.01,completed,Food,South,33,4
494,2024-01-18,2617.44,completed,Food,East,30,4
495,2024-01-19,1557.49,completed,Electronics,South,20,4
496,2024-01-19,1495.5,completed,Home,West,21,1
497,2024-01-19,4148.94,completed,Sports,East,1,1
498,2024-01-19,3753.85,completed,Food,Central,2,5
499,2024-01-19,3084.45,completed,Clothing,East,30,2
500,2024-01-19,1162.73,failed,Food,Central,27,2
501,2024-01-19,1093.53,completed,Electronics,Central,26,3
502,2024-01-19,2188.36,completed,Food,North,42,1
503,2024-01-19,4430.32,completed,Clothing,North,23,4
504,2024-01-19,1286.59,completed,Clothing,East,16,1
505,2024-01-19,3555.3,completed,Food,Central,18,3
506,2024-01-19,4846.17,failed,Electronics,North,43,2
507,2024-01-19,4788.02,completed,Sports,West,43,4
508,2024-01-19,1271.1,completed,Home,East,19,1
509,2024-01-19,882.02,failed,Clothing,East,41,1
510,2024-01-19,2409.78,completed,Sports,Central,32,4
511,2024-01-19,4167.15,completed,Home,West,23,2
512,2024-01-19,415.91,completed,Home,Central,16,5
513,2024-01-19,3248.45,refunded,Sports,Central,31,5
514,2024-01-19,2189.9,pending,Books,East,21,3
515,2024-01-19,285.27,completed,Sports,Central,13,1
516,2024-01-19,966.44,completed,Books,East,12,4
517,2024-01-19,3553.23,completed,Books,South,29,3
518,2024-01-19,2742.15,completed,Home,West,14,3
519,2024-01-19,1746.79,completed,Electronics,West,6,2
520,2024-01-19,1020.76,completed,Home,East,18,2
521,2024-01-19,4630.5,pending,Food,North,25,3
522,2024-01-20,2288.55,completed,Food,North,36,4
523,2024-01-20,2964.06,completed,Books,South,48,5
524,2024-01-20,2043.93,completed,Sports,South,44,2
525,2024-01-20,651.39,completed,Electronics,South,5,1
526,2024-01-20,4565.2,failed,Electronics,West,5,1
527,2024-01-20,2320.17,completed,Home,South,23,3
528,2024-01-20,3728.86,failed,Clothing,North,4,5
529,2024-01-20,1890.25,refunded,Clothing,Central,24,5
530,2024-01-20,2726.18,failed,Electronics,South,45,3
531,2024-01-20,1884.67,pending,Books,Central,31,1
532,2024-01-20,825.44,completed,Clothing,West,32,2
533,2024-01-20,1978.12,completed,Home,West,9,5
534,2024-01-20,4349.33,completed,Books,North,21,4
535,2024-01-20,2419.34,completed,Food,North,40,2
536,2024-01-20,3703.18,completed,Electronics,Central,6,3
537,2024-01-20,1579.73,completed,Sports,Central,18,5
538,2024-01-20,1669.99,completed,Home,North,45,4
539,2024-01-20,302.09,completed,Clothing,North,30,4
540,2024-01-20,1195.47,pending,Electronics,East,10,1
541,2024-01-20,2116.36,completed,Home,North,38,1
542,2024-01-20,1011.74,completed,Food,Central,30,2
543,2024-01-20,4501.23,completed,Food,South,19,4
544,2024-01-20,3345.81,completed,Electronics,Central,8,4
545,2024-01-20,2015.44,completed,Electronics,South,33,3
546,2024-01-20,2922.78,completed,Books,West,46,4
547,2024-01-20,4271.38,completed,Food,East,18,5
548,2024-01-20,1697.33,completed,Clothing,North,18,3
549,2024-01-21,1593.54,completed,Home,North,45,5
550,2024-01-21,2439.05,pending,Food,North,34,1
551,2024-01-21,3988.73,completed,Food,North,1,2
552,2024-01-21,4010.77,completed,Home,East,22,2
553,2024-01-21,2221.17,completed,Books,South,18,1
554,2024-01-21,371.01,completed,Electronics,East,3,4
555,2024-01-21,3744.55,completed,Clothing,South,35,2
556,2024-01-21,3850.53,completed,Food,West,28,2
557,2024-01-21,37.79,completed,Electronics,West,45,1
558,2024-01-21,2661.72,completed,Electronics,East,23,4
559,2024-01-21,1267.49,pending,Home,Central,49,1
560,2024-01-21,281.47,completed,Books,South,15,4
561,2024-01-21,4070.25,completed,Food,West,8,1
562,2024-01-21,3801.78,completed,Food,Central,28,1
563,2024-01-21,142.85,completed,Books,East,21,3
564,2024-01-21,723.03,pending,Electronics,North,30,4
565,2024-01-21,3764.65,refunded,Home,Central,1,5
566,2024-01-21,2119.04,pending,Clothing,North,24,1
567,2024-01-21,968.29,pending,Home,West,36,3
568,2024-01-21,3791.57,failed,Home,North,22,2
569,2024-01-21,61.11,completed,Sports,South,29,2
570,2024-01-21,450.04,completed,Food,West,5,3
571,2024-01-21,1762.98,completed,Clothing,Central,4,3
572,2024-01-21,2379.61,failed,Clothing,Central,24,3
573,2024-01-21,2601.4,completed,Clothing,West,34,2
574,2024-01-21,3848.75,completed,Clothing,East,25,2
575,2024-01-21,4549.6,failed,Electronics,North,14,3
576,2024-01-21,4933.31,refunded,Books,North,21,3
577,2024-01-22,4391.45,completed,Clothing,West,12,1
578,2024-01-22,1742.02,completed,Food,East,46,3
579,2024-01-22,1216.17,completed,Home,Central,2,2
580,2024-01-22,1335.53,pending,Electronics,North,47,1
581,2024-01-22,3173.86,completed,Home,North,47,4
582,2024-01-22,900.33,completed,Food,North,32,2
583,2024-01-22,3291.32,completed,Food,Central,33,4
584,2024-01-22,996.42,completed,Electronics,East,10,2
585,2024-01-22,3890.82,completed,Home,North,30,5
586,2024-01-22,3406.83,completed,Home,Central,49,3
587,2024-01-22,727.26,pending,Food,East,10,2
588,2024-01-22,903.4,completed,Sports,West,42,3
589,2024-01-22,2239.16,completed,Home,Central,16,5
590,2024-01-22,1979.43,completed,Books,East,40,4
591,2024-01-22,2723.34,completed,Home,West,21,2
592,2024-01-22,2914.74,completed,Sports,Central,47,4
593,2024-01-22,1760.15,completed,Clothing,South,9,1
594,2024-01-22,1778.95,completed,Books,East,29,5
595,2024-01-22,4787.75,completed,Clothing,Central,28,2
596,2024-01-22,1846.01,completed,Books,West,3,3
597,2024-01-22,4326.08,completed,Home,North,37,2
598,2024-01-22,3105.29,completed,Sports,East,18,5
599,2024-01-22,2790.25,completed,Electronics,East,32,4
600,2024-01-22,2718.68,completed,Sports,East,16,3
601,2024-01-22,885.18,completed,Books,West,31,2
602,2024-01-22,2742.72,completed,Books,North,8,1
603,2024-01-22,4388.62,failed,Sports,East,37,1
604,2024-01-23,3061.71,completed,Sports,North,33,5
605,2024-01-23,3121.43,completed,Books,Central,40,2
606,2024-01-23,696.38,completed,Electronics,West,22,1
607,2024-01-23,3847.2,failed,Food,Central,49,1
608,2024-01-23,280.79,completed,Clothing,West,43,3
609,2024-01-23,3879.94,completed,Sports,West,40,1
610,2024-01-23,582.7,completed,Clothing,East,27,3
611,2024-01-23,3357.82,completed,Books,North,45,1
612,2024-01-23,1129.33,completed,Clothing,West,20,3
613,2024-01-23,4348.83,pending,Food,West,43,4
614,2024-01-23,1606.9,completed,Books,North,34,5
615,2024-01-23,4487.58,completed,Electronics,South,28,3
616,2024-01-23,251.67,completed,Electronics,Central,29,4
617,2024-01-23,1264.28,completed,Clothing,West,44,3
618,2024-01-23,669.22,pending,Food,Central,25,4
619,2024-01-23,4035.02,completed,Clothing,West,48,5
620,2024-01-23,885.07,failed,Electronics,North,8,3
621,2024-01-23,333.09,completed,Home,South,5,3
622,2024-01-23,1615.15,completed,Food,North,25,3
623,2024-01-23,1563.53,pending,Food,North,40,4
624,2024-01-23,3897.85,completed,Food,South,21,5
625,2024-01-23,328.22,refunded,Electronics,Central,17,1
626,2024-01-23,4157.29,refunded,Books,West,31,5
627,2024-01-23,713.82,pending,Books,Central,41,2
628,2024-01-23,1517.17,failed,Electronics,West,36,3
629,2024-01-23,3778.62,completed,Sports,East,10,4
630,2024-01-23,3628.03,refunded,Home,South,17,2
631,2024-01-23,4210.37,completed,Electronics,East,27,1
632,2024-01-24,1502.09,completed,Books,Central,13,1
633,2024-01-24,4679.37,completed,Home,Central,48,3
634,2024-01-24,2458.13,completed,Food,West,8,2
635,2024-01-24,466.3,refunded,Food,West,33,4
636,2024-01-24,731.55,completed,Home,West,28,1
637,2024-01-24,724.16,pending,Food,East,17,5
638,2024-01-24,2397.28,completed,Food,Central,8,4
639,2024-01-24,2398.49,completed,Food,Central,35,1
640,2024-01-24,2803.51,completed,Home,Central,15,5
641,2024-01-24,1107.79,completed,Sports,South,20,2
642,2024-01-24,1863.9,completed,Home,East,34,5
643,2024-01-24,1690.65,completed,Home,South,9,4
644,2024-01-24,2879.78,pending,Clothing,East,28,4
645,2024-01-24,3274.64,pending,Home,North,47,1
646,2024-01-24,572.17,completed,Books,North,13,2
647,2024-01-24,3917.17,pending,Food,North,5,3
648,2024-01-24,1796.56,completed,Books,East,26,1
649,2024-01-24,1540.65,completed,Food,East,4,2
650,2024-01-24,2295.74,completed,Sports,Central,47,4
651,2024-01-24,264.91,completed,Home,Central,44,3
652,2024-01-24,849.19,completed,Food,South,4,1
653,2024-01-24,3053.35,completed,Clothing,Central,48,3
654,2024-01-24,4371.28,failed,Electronics,Central,4,2
655,2024-01-24,1980.47,completed,Food,Central,13,3
656,2024-01-24,1087.29,completed,Books,South,16,1
657,2024-01-24,4205.13,completed,Sports,East,9,2
658,2024-01-24,1437.25,completed,Clothing,East,7,3
659,2024-01-25,733.27,pending,Books,West,37,1
660,2024-01-25,3619.35,completed,Electronics,West,4,1
661,2024-01-25,813.63,completed,Food,North,34,5
662,2024-01-25,2699.26,completed,Books,South,18,3
663,2024-01-25,476.0,completed,Food,West,44,2
664,2024-01-25,954.24,completed,Books,South,47,5
665,2024-01-25,3107.15,completed,Electronics,West,47,2
666,2024-01-25,947.38,completed,Home,North,11,3
667,2024-01-25,509.55,failed,Clothing,East,20,2
668,2024-01-25,1124.91,completed,Books,Central,28,3
669,2024-01-25,4998.45,completed,Sports,North,17,2
670,2024-01-25,3394.59,completed,Food,South,33,1
671,2024-01-25,200.63,refunded,Electronics,South,7,5
672,2024-01-25,3956.06,refunded,Clothing,East,22,2
673,2024-01-25,3727.85,completed,Books,West,31,1
674,2024-01-25,3358.57,completed,Electronics,Central,38,1
675,2024-01-25,2083.91,completed,Food,Central,1,1
676,2024-01-25,3536.74,failed,Food,Central,42,2
677,2024-01-25,2280.23,completed,Food,West,48,3
678,2024-01-25,1161.7,completed,Clothing,Central,25,2
679,2024-01-25,4268.43,pending,Clothing,South,33,4
680,2024-01-25,3224.62,failed,Home,West,49,2
681,2024-01-25,443.25,failed,Food,North,3,2
682,2024-01-25,3253.8,completed,Sports,North,32,1
683,2024-01-25,488.5,completed,Home,Central,6,3
684,2024-01-25,3675.09,failed,Electronics,North,6,3
685,2024-01-25,3797.51,pending,Books,North,4,4
686,2024-01-26,3077.45,completed,Electronics,South,16,2
687,2024-01-26,723.96,pending,Books,South,10,5
688,2024-01-26,4226.23,completed,Books,South,29,5
689,2024-01-26,1648.08,completed,Books,North,22,2
690,2024-01-26,59.64,completed,Sports,South,4,1
691,2024-01-26,4488.1,pending,Home,West,10,1
692,2024-01-26,2883.73,completed,Sports,South,39,5
693,2024-01-26,3416.89,refunded,Clothing,North,7,4
694,2024-01-26,3262.74,refunded,Food,East,49,3
695,2024-01-26,4021.73,completed,Books,North,23,2
696,2024-01-26,1862.65,completed,Home,South,6,1
697,2024-01-26,4416.0,pending,Food,South,21,3
698,2024-01-26,4678.02,completed,Electronics,Central,15,4
699,2024-01-26,584.06,failed,Books,North,25,5
700,2024-01-26,4374.5,failed,Electronics,West,32,4
701,2024-01-26,790.28,completed,Clothing,South,20,4
702,2024-01-26,2368.05,pending,Home,East,20,1
703,2024-01-26,4497.36,completed,Sports,East,30,4
704,2024-01-26,3892.4,completed,Sports,West,2,4
705,2024-01-26,3562.82,completed,Clothing,Central,10,1
706,2024-01-26,1437.2,completed,Clothing,East,36,5
707,2024-01-26,2533.07,completed,Food,South,26,3
708,2024-01-26,876.48,completed,Clothing,Central,28,4
709,2024-01-26,4973.15,completed,Sports,East,35,5
710,2024-01-26,356.57,completed,Home,East,8,1
711,2024-01-26,3894.4,completed,Home,West,41,2
712,2024-01-26,1224.72,completed,Sports,North,32,1
713,2024-01-26,2880.38,pending,Home,South,38,1
714,2024-01-27,3913.22,completed,Sports,Central,33,3
715,2024-01-27,674.71,completed,Electronics,Central,40,3
716,2024-01-27,2683.14,completed,Food,East,47,1
717,2024-01-27,4367.84,completed,Books,West,11,1
718,2024-01-27,1551.18,completed,Electronics,Central,6,3
719,2024-01-27,1322.65,completed,Sports,East,48,3
720,2024-01-27,2684.69,completed,Home,East,22,4
721,2024-01-27,4577.41,completed,Sports,South,9,4
722,2024-01-27,716.45,pending,Books,Central,19,4
723,2024-01-27,2587.0,refunded,Clothing,East,44,5
724,2024-01-27,242.67,completed,Electronics,West,6,2
725,2024-01-27,119.44,failed,Electronics,Central,3,1
726,2024-01-27,4462.45,failed,Sports,East,6,2
727,2024-01-27,1725.4,failed,Home,West,12,3
728,2024-01-27,4273.1,completed,Clothing,West,4,3
729,2024-01-27,936.1,refunded,Books,South,29,4
730,2024-01-27,1008.33,completed,Home,North,6,2
731,2024-01-27,1485.2,completed,Sports,Central,39,1
732,2024-01-27,4331.44,completed,Electronics,Central,18,2
733,2024-01-27,3574.15,completed,Books,West,25,1
734,2024-01-27,3193.89,completed,Clothing,East,8,5
735,2024-01-27,1360.74,pending,Sports,North,36,1
736,2024-01-27,1710.59,completed,Home,South,38,5
737,2024-01-27,1078.97,failed,Food,West,44,5
738,2024-01-27,431.73,pending,Clothing,South,6,4
739,2024-01-27,1369.18,completed,Electronics,Central,17,3
740,2024-01-27,2926.21,failed,Clothing,South,41,4
741,2024-01-28,4592.75,refunded,Electronics,Central,35,2
742,2024-01-28,898.33,completed,Home,Central,31,1
743,2024-01-28,2025.8,completed,Books,East,21,1
744,2024-01-28,3872.07,completed,Food,South,7,1
745,2024-01-28,2503.23,completed,Home,West,10,2
746,2024-01-28,1615.59,completed,Clothing,West,2,1
747,2024-01-28,4056.55,completed,Home,South,10,1
748,2024-01-28,436.11,completed,Clothing,South,18,3
749,2024-01-28,114.52,completed,Clothing,Central,18,3
750,2024-01-28,2995.75,completed,Sports,South,8,1
751,2024-01-28,1919.12,refunded,Home,West,14,2
752,2024-01-28,3225.73,completed,Sports,South,32,1
753,2024-01-28,462.68,completed,Clothing,North,42,5
754,2024-01-28,2643.48,completed,Sports,West,34,1
755,2024-01-28,2745.65,completed,Clothing,West,4,5
756,2024-01-28,4527.5,completed,Electronics,South,24,4
757,2024-01-28,4372.48,completed,Clothing,South,28,4
758,2024-01-28,4789.68,completed,Home,North,16,2
759,2024-01-28,4021.39,completed,Books,West,32,5
760,2024-01-28,3521.18,completed,Electronics,East,15,2
761,2024-01-28,2505.56,failed,Home,South,39,3
762,2024-01-28,2955.62,pending,Books,North,38,5
763,2024-01-28,2495.7,pending,Sports,North,24,1
764,2024-01-28,851.06,completed,Sports,Central,4,5
765,2024-01-28,4591.45,completed,Clothing,West,25,5
766,2024-01-28,1236.79,completed,Electronics,East,11,3
767,2024-01-28,2113.37,completed,Home,Central,11,1
768,2024-01-28,992.27,completed,Food,East,33,3
769,2024-01-29,653.45,completed,Home,Central,20,4
770,2024-01-29,2422.83,failed,Sports,West,45,2
771,2024-01-29,975.5,completed,Food,East,5,5
772,2024-01-29,4420.96,completed,Clothing,Central,6,1
773,2024-01-29,2836.67,completed,Food,West,13,3
774,2024-01-29,3523.29,completed,Sports,West,33,4
775,2024-01-29,3879.74,failed,Sports,West,25,3
776,2024-01-29,2910.97,completed,Books,South,45,3
777,2024-01-29,678.67,completed,Clothing,Central,33,5
778,2024-01-29,4175.61,completed,Food,Central,19,2
779,2024-01-29,4709.46,failed,Books,West,48,4
780,2024-01-29,1070.55,failed,Electronics,South,9,2
781,2024-01-29,1619.5,completed,Electronics,Central,28,2
782,2024-01-29,1922.32,completed,Home,Central,23,1
783,2024-01-29,756.74,failed,Sports,East,36,2
784,2024-01-29,431.1,completed,Food,Central,35,4
785,2024-01-29,664.83,completed,Home,East,5,5
786,2024-01-29,1495.79,completed,Home,East,24,1
787,2024-01-29,998.21,failed,Clothing,South,24,1
788,2024-01-29,2834.49,refunded,Books,Central,14,1
789,2024-01-29,3096.86,completed,Food,South,49,5
790,2024-01-29,3201.4,failed,Electronics,South,31,5
791,2024-01-29,4790.3,completed,Clothing,Central,29,2
792,2024-01-29,3303.01,completed,Electronics,West,28,1
793,2024-01-29,1998.19,completed,Electronics,East,34,5
794,2024-01-29,1455.77,completed,Electronics,South,24,5
795,2024-01-29,179.45,completed,Clothing,Central,20,1
796,2024-01-30,1478.16,completed,Books,South,8,2
797,2024-01-30,2766.02,completed,Electronics,West,39,3
798,2024-01-30,1153.35,refunded,Clothing,South,46,5
799,2024-01-30,4451.13,completed,Home,West,18,3
800,2024-01-30,2350.54,completed,Electronics,South,24,2
801,2024-01-30,3892.15,completed,Books,Central,33,4
802,2024-01-30,3631.63,completed,Electronics,West,41,3
803,2024-01-30,2845.22,refunded,Books,North,13,3
804,2024-01-30,966.17,completed,Clothing,South,45,5
805,2024-01-30,687.71,completed,Clothing,East,1,5
806,2024-01-30,3646.79,refunded,Food,West,37,2
807,2024-01-30,580.07,failed,Electronics,North,38,3
808,2024-01-30,2138.82,completed,Clothing,West,35,5
809,2024-01-30,2876.83,completed,Home,South,35,4
810,2024-01-30,254.98,completed,Clothing,South,32,2
811,2024-01-30,66.63,completed,Food,West,1,3
812,2024-01-30,1149.28,completed,Sports,West,27,2
813,2024-01-30,4254.89,completed,Electronics,South,3,5
814,2024-01-30,467.85,pending,Food,South,7,1
815,2024-01-30,472.59,pending,Clothing,South,23,2
816,2024-01-30,3349.91,completed,Food,North,43,5
817,2024-01-30,2548.07,completed,Food,South,14,4
818,2024-01-30,2090.86,pending,Electronics,East,36,5
819,2024-01-30,3407.6,completed,Home,East,31,4
820,2024-01-30,1050.52,completed,Home,West,26,2
821,2024-01-30,2429.79,completed,Electronics,South,29,3
822,2024-01-30,3789.92,completed,Food,South,28,4
823,2024-01-31,2759.7,failed,Books,East,6,5
824,2024-01-31,4352.6,refunded,Home,Central,22,4
825,2024-01-31,2321.29,completed,Home,East,45,4
826,2024-01-31,2933.18,failed,Home,South,12,2
827,2024-01-31,4018.07,completed,Home,West,18,4
828,2024-01-31,1244.83,pending,Food,West,28,4
829,2024-01-31,3165.05,pending,Clothing,North,47,3
830,2024-01-31,3562.94,completed,Home,West,28,4
831,2024-01-31,318.32,completed,Sports,North,9,4
832,2024-01-31,69.31,completed,Clothing,Central,14,2
833,2024-01-31,4031.77,completed,Electronics,West,18,3
834,2024-01-31,3841.14,completed,Home,Central,37,2
835,2024-01-31,3070.52,completed,Clothing,East,47,4
836,2024-01-31,1791.97,completed,Books,South,49,2
837,2024-01-31,2812.78,completed,Electronics,Central,38,3
838,2024-01-31,2033.03,completed,Home,East,12,2
839,2024-01-31,2522.16,completed,Books,North,48,5
840,2024-01-31,934.86,completed,Clothing,South,27,4
841,2024-01-31,1547.64,pending,Electronics,North,41,2
842,2024-01-31,185.75,failed,Home,Central,49,4
843,2024-01-31,1029.33,pending,Food,South,31,2
844,2024-01-31,2914.74,refunded,Books,Central,3,2
845,2024-01-31,653.33,pending,Books,East,22,5
846,2024-01-31,3207.86,refunded,Home,East,45,5
847,2024-01-31,2395.87,pending,Electronics,Central,42,3
848,2024-01-31,3933.43,completed,Food,North,6,1
849,2024-01-31,1249.91,completed,Books,South,18,4
850,2024-01-31,4412.43,completed,Electronics,Central,22,1
851,2024-02-01,2548.76,completed,Electronics,Central,43,3
852,2024-02-01,11.0,completed,Sports,North,47,1
853,2024-02-01,1787.1,pending,Food,East,22,5
854,2024-02-01,2410.06,completed,Sports,West,36,1
855,2024-02-01,2677.12,refunded,Home,West,41,3
856,2024-02-01,503.59,completed,Clothing,North,16,3
857,2024-02-01,335.23,completed,Books,Central,42,4
858,2024-02-01,2266.47,completed,Electronics,East,20,2
859,2024-02-01,718.78,pending,Books,East,1,4
860,2024-02-01,1063.97,completed,Food,East,37,5
861,2024-02-01,4681.08,completed,Home,Central,48,5
862,2024-02-01,2013.31,pending,Books,South,24,2
863,2024-02-01,2670.84,completed,Clothing,Central,12,5
864,2024-02-01,2836.81,pending,Home,South,35,5
865,2024-02-01,2588.62,refunded,Electronics,West,25,4
866,2024-02-01,4902.02,completed,Electronics,North,11,4
867,2024-02-01,2351.66,completed,Electronics,North,5,5
868,2024-02-01,1944.38,refunded,Electronics,Central,11,5
869,2024-02-01,1465.45,completed,Food,South,36,1
870,2024-02-01,3592.69,completed,Clothing,North,1,3
871,2024-02-01,1942.84,completed,Books,Central,13,5
872,2024-02-01,4085.66,failed,Clothing,East,23,3
873,2024-02-01,1037.87,completed,Home,West,28,4
874,2024-02-01,139.13,completed,Food,West,41,3
875,2024-02-01,3924.7,completed,Sports,South,13,1
876,2024-02-01,38.88,completed,Electronics,East,30,2
877,2024-02-01,3911.03,failed,Sports,East,40,2
878,2024-02-02,3737.05,completed,Food,Central,2,1
879,2024-02-02,3657.61,completed,Food,Central,26,5
880,2024-02-02,1483.32,failed,Books,East,11,1
881,2024-02-02,2286.13,completed,Books,North,13,5
882,2024-02-02,3192.95,pending,Books,North,36,2
883,2024-02-02,770.81,completed,Electronics,North,5,3
884,2024-02-02,3760.27,completed,Food,South,5,3
885,2024-02-02,2708.45,pending,Home,North,8,1
886,2024-02-02,1746.04,completed,Sports,Central,5,4
887,2024-02-02,544.99,completed,Home,North,11,2
888,2024-02-02,512.39,completed,Home,Central,31,4
889,2024-02-02,1098.59,completed,Electronics,East,38,4
890,2024-02-02,4972.58,completed,Electronics,North,4,2
891,2024-02-02,2136.56,completed,Food,North,22,2
892,2024-02-02,2893.88,completed,Clothing,North,2,4
893,2024-02-02,3118.02,completed,Electronics,East,26,5
894,2024-02-02,3097.22,completed,Home,North,15,1
895,2024-02-02,2513.57,completed,Books,East,33,5
896,2024-02-02,3701.5,completed,Electronics,South,43,1
897,2024-02-02,3861.3,failed,Electronics,North,9,3
898,2024-02-02,3315.64,completed,Food,North,11,4
899,2024-02-02,988.59,completed,Books,West,22,4
900,2024-02-02,3519.2,failed,Books,North,14,5
901,2024-02-02,3019.62,completed,Electronics,North,7,4
902,2024-02-02,1005.86,completed,Food,Central,43,3
903,2024-02-02,3233.62,pending,Food,Central,26,4
904,2024-02-02,438.12,refunded,Electronics,West,14,3
905,2024-02-02,2399.82,failed,Books,West,40,3
906,2024-02-03,2314.27,completed,Sports,South,22,5
907,2024-02-03,2590.56,pending,Electronics,South,14,3
908,2024-02-03,3995.15,completed,Food,North,1,4
909,2024-02-03,1550.88,completed,Electronics,North,36,5
910,2024-02-03,2634.75,completed,Home,South,15,5
911,2024-02-03,2965.05,completed,Home,Central,36,2
912,2024-02-03,2157.93,completed,Electronics,South,18,1
913,2024-02-03,4948.34,refunded,Books,South,22,2
914,2024-02-03,4091.14,pending,Food,Central,16,2
915,2024-02-03,4497.18,completed,Books,East,43,4
916,2024-02-03,510.37,failed,Clothing,East,33,2
917,2024-02-03,1987.04,completed,Food,East,35,2
918,2024-02-03,3564.12,completed,Home,East,13,3
919,2024-02-03,3503.49,completed,Sports,South,36,5
920,2024-02-03,3093.17,refunded,Clothing,North,26,5
921,2024-02-03,2661.41,completed,Food,North,12,1
922,2024-02-03,4362.99,completed,Food,East,21,3
923,2024-02-03,4331.25,completed,Clothing,West,10,2
924,2024-02-03,3455.37,completed,Home,South,16,5
925,2024-02-03,3204.9,pending,Food,West,44,2
926,2024-02-03,2694.49,pending,Electronics,South,1,3
927,2024-02-03,781.29,completed,Books,East,32,4
928,2024-02-03,279.3,completed,Sports,Central,11,4
929,2024-02-03,574.32,completed,Clothing,West,46,3
930,2024-02-03,3591.79,completed,Clothing,Central,26,3
931,2024-02-03,624.78,failed,Clothing,South,6,3
932,2024-02-03,4452.66,completed,Books,East,23,3
933,2024-02-04,2937.57,refunded,Books,West,22,3
934,2024-02-04,3332.46,failed,Electronics,East,4,4
935,2024-02-04,1541.29,completed,Clothing,East,46,3
936,2024-02-04,1554.49,completed,Clothing,West,38,4
937,2024-02-04,4015.93,pending,Electronics,Central,33,5
938,2024-02-04,4841.68,failed,Clothing,East,33,1
939,2024-02-04,1941.4,completed,Clothing,East,40,5
940,2024-02-04,4309.96,completed,Food,North,47,5
941,2024-02-04,4528.77,completed,Books,Central,17,5
942,2024-02-04,678.41,completed,Electronics,Central,7,1
943,2024-02-04,3065.37,pending,Home,North,36,3
944,2024-02-04,1748.32,completed,Home,West,21,4
945,2024-02-04,164.4,completed,Books,South,42,4
946,2024-02-04,3363.76,completed,Electronics,Central,4,5
947,2024-02-04,3712.57,pending,Food,East,46,1
948,2024-02-04,3007.92,completed,Clothing,North,16,4
949,2024-02-04,2557.07,completed,Clothing,North,7,4
950,2024-02-04,4701.06,completed,Sports,West,18,3
951,2024-02-04,825.18,completed,Electronics,South,22,3
952,2024-02-04,4818.37,completed,Home,South,8,3
953,2024-02-04,2859.48,completed,Electronics,East,19,4
954,2024-02-04,4547.46,refunded,Food,South,10,2
955,2024-02-04,4457.88,refunded,Electronics,North,16,1
956,2024-02-04,312.94,completed,Books,Central,18,1
957,2024-02-04,3281.29,completed,Electronics,North,22,5
958,2024-02-04,3147.5,completed,Electronics,South,47,2
959,2024-02-04,1851.39,completed,Sports,East,14,1
960,2024-02-05,1741.4,completed,Food,Central,6,3
961,2024-02-05,2805.1,completed,Electronics,South,6,1
962,2024-02-05,3182.38,pending,Books,East,42,5
963,2024-02-05,806.73,completed,Electronics,West,47,5
964,2024-02-05,4330.27,failed,Food,South,1,1
965,2024-02-05,2529.63,completed,Sports,East,28,2
966,2024-02-05,1836.11,completed,Books,Central,26,4
967,2024-02-05,4167.59,pending,Home,West,41,5
968,2024-02-05,4345.29,completed,Electronics,Central,4,1
969,2024-02-05,292.0,completed,Sports,Central,15,5
970,2024-02-05,2412.0,pending,Clothing,South,45,1
971,2024-02-05,3500.89,completed,Books,West,11,2
972,2024-02-05,1633.78,completed,Food,East,6,4
973,2024-02-05,3202.67,completed,Food,Central,4,3
974,2024-02-05,1021.67,completed,Books,North,25,1
975,2024-02-05,1279.16,completed,Electronics,East,21,4
976,2024-02-05,3180.91,pending,Home,South,3,3
977,2024-02-05,1759.03,completed,Sports,South,7,5
978,2024-02-05,3183.59,completed,Clothing,West,46,4
979,2024-02-05,1799.11,completed,Home,East,22,5
980,2024-02-05,1123.16,completed,Electronics,South,6,2
981,2024-02-05,454.0,failed,Books,Central,47,1
982,2024-02-05,4773.89,completed,Clothing,North,20,2
983,2024-02-05,4456.32,completed,Clothing,Central,11,2
984,2024-02-05,3599.27,completed,Books,South,45,4
985,2024-02-05,2121.07,completed,Books,North,26,3
986,2024-02-05,2899.91,completed,Food,South,33,1
987,2024-02-05,2186.0,pending,Clothing,West,36,1
988,2024-02-06,4643.83,failed,Clothing,North,49,4
989,2024-02-06,1740.62,failed,Electronics,North,3,2
990,2024-02-06,2610.41,completed,Home,Central,18,5
991,2024-02-06,2148.25,completed,Sports,Central,28,5
992,2024-02-06,3576.67,completed,Clothing,Central,19,1
993,2024-02-06,1485.63,failed,Clothing,East,28,4
994,2024-02-06,4261.92,completed,Clothing,Central,10,4
995,2024-02-06,1136.64,pending,Electronics,South,29,1
996,2024-02-06,3620.81,completed,Home,East,7,2
997,2024-02-06,2697.53,pending,Clothing,North,40,3
998,2024-02-06,2426.21,completed,Clothing,North,9,3
999,2024-02-06,3676.33,pending,Food,North,41,1
1000,2024-02-06,4647.54,pending,Food,North,37,1
1001,2024-02-06,2325.87,completed,Clothing,East,42,5
1002,2024-02-06,1282.27,completed,Clothing,West,25,5
1003,2024-02-06,1111.56,pending,Books,West,7,5
1004,2024-02-06,192.28,failed,Food,South,10,1
1005,2024-02-06,917.77,completed,Electronics,West,11,3
1006,2024-02-06,4236.46,failed,Clothing,Central,41,3
1007,2024-02-06,1659.68,completed,Sports,North,41,5
1008,2024-02-06,3762.67,completed,Home,East,22,4
1009,2024-02-06,2987.9,completed,Books,West,26,2
1010,2024-02-06,3802.81,completed,Sports,Central,44,5
1011,2024-02-06,1634.35,completed,Sports,North,29,5
1012,2024-02-06,4492.64,completed,Home,Central,19,3
1013,2024-02-06,1405.17,refunded,Sports,East,27,5
1014,2024-02-06,1519.15,completed,Books,East,36,1
1015,2024-02-07,3854.09,pending,Clothing,West,3,4
1016,2024-02-07,1134.82,failed,Clothing,North,45,2
1017,2024-02-07,3842.44,failed,Food,West,17,5
1018,2024-02-07,3182.39,pending,Clothing,Central,34,1
1019,2024-02-07,3570.41,completed,Sports,East,21,1
1020,2024-02-07,2758.05,pending,Sports,South,27,1
1021,2024-02-07,3024.62,completed,Clothing,North,39,5
1022,2024-02-07,2606.49,completed,Clothing,North,28,4
1023,2024-02-07,2483.75,pending,Electronics,West,38,2
1024,2024-02-07,412.79,completed,Electronics,South,30,3
1025,2024-02-07,346.38,pending,Food,South,15,3
1026,2024-02-07,47.25,completed,Electronics,West,41,1
1027,2024-02-07,2012.33,completed,Food,Central,32,5
1028,2024-02-07,4533.16,completed,Sports,East,3,4
1029,2024-02-07,3763.64,completed,Clothing,Central,32,1
1030,2024-02-07,37.38,pending,Sports,North,16,2
1031,2024-02-07,469.98,pending,Clothing,Central,38,4
1032,2024-02-07,2446.16,completed,Clothing,Central,48,2
1033,2024-02-07,652.44,completed,Electronics,South,13,4
1034,2024-02-07,2677.19,completed,Food,East,15,1
1035,2024-02-07,103.39,pending,Food,West,4,5
1036,2024-02-07,3860.03,completed,Books,West,10,4
1037,2024-02-07,3598.48,refunded,Home,Central,44,1
1038,2024-02-07,4979.79,completed,Sports,South,14,2
1039,2024-02-07,2184.87,completed,Clothing,Central,28,2
1040,2024-02-07,118.12,completed,Food,Central,15,2
1041,2024-02-07,3389.96,completed,Food,Central,28,2
1042,2024-02-08,3609.59,completed,Food,Central,10,1
1043,2024-02-08,3324.52,completed,Sports,East,36,2
1044,2024-02-08,3690.46,completed,Clothing,South,19,3
1045,2024-02-08,4893.04,completed,Sports,West,4,5
1046,2024-02-08,662.99,refunded,Food,Central,28,5
1047,2024-02-08,1136.51,failed,Electronics,North,31,1
1048,2024-02-08,3219.78,pending,Electronics,North,14,2
1049,2024-02-08,844.53,completed,Electronics,East,17,4
1050,2024-02-08,1213.63,completed,Home,West,39,2
1051,2024-02-08,1958.13,completed,Sports,East,26,5
1052,2024-02-08,2427.48,completed,Home,South,21,3
1053,2024-02-08,345.35,completed,Home,Central,29,3
1054,2024-02-08,3810.39,pending,Home,North,36,5
1055,2024-02-08,4520.27,pending,Sports,Central,28,2
1056,2024-02-08,1185.28,completed,Food,West,31,4
1057,2024-02-08,3168.62,pending,Food,North,14,2
1058,2024-02-08,4488.92,failed,Home,West,15,3
1059,2024-02-08,1218.64,refunded,Books,Central,40,4
1060,2024-02-08,3021.36,failed,Electronics,North,11,4
1061,2024-02-08,1127.47,refunded,Clothing,South,17,5
1062,2024-02-08,191.53,completed,Clothing,Central,25,3
1063,2024-02-08,4963.4,completed,Books,East,23,4
1064,2024-02-08,3951.94,completed,Books,West,38,3
1065,2024-02-08,3877.79,completed,Electronics,North,17,2
1066,2024-02-08,834.5,completed,Food,East,41,4
1067,2024-02-08,1993.13,completed,Electronics,East,23,2
1068,2024-02-08,3749.6,failed,Books,East,3,2
1069,2024-02-08,1617.22,failed,Sports,South,29,1
1070,2024-02-09,1149.39,completed,Food,South,15,1
1071,2024-02-09,908.11,completed,Home,North,31,3
1072,2024-02-09,1619.87,completed,Food,East,13,1
1073,2024-02-09,1138.98,pending,Books,East,31,5
1074,2024-02-09,2478.1,completed,Electronics,West,5,3
1075,2024-02-09,3576.58,completed,Books,Central,9,4
1076,2024-02-09,4120.19,completed,Books,North,14,2
1077,2024-02-09,1749.96,completed,Clothing,South,34,5
1078,2024-02-09,2915.71,pending,Electronics,West,6,5
1079,2024-02-09,2231.84,failed,Food,South,39,5
1080,2024-02-09,2936.02,completed,Home,North,13,2
1081,2024-02-09,2411.47,failed,Home,Central,39,2
1082,2024-02-09,414.16,pending,Electronics,Central,32,2
1083,2024-02-09,283.96,completed,Sports,West,40,1
1084,2024-02-09,424.37,completed,Books,South,13,1
1085,2024-02-09,1988.71,refunded,Books,North,36,3
1086,2024-02-09,1909.26,completed,Home,East,10,1
1087,2024-02-09,4762.18,pending,Food,North,20,3
1088,2024-02-09,39.62,failed,Clothing,South,26,1
1089,2024-02-09,221.06,completed,Sports,South,18,4
1090,2024-02-09,2924.86,completed,Electronics,West,24,3
1091,2024-02-09,4614.13,completed,Clothing,North,40,1
1092,2024-02-09,1793.28,completed,Home,West,5,2
1093,2024-02-09,2830.54,failed,Home,South,11,1
1094,2024-02-09,3513.34,completed,Food,East,36,3
1095,2024-02-09,3416.71,completed,Home,East,43,5
1096,2024-02-09,2725.09,pending,Books,East,49,2
1097,2024-02-10,4435.54,completed,Food,South,30,1
1098,2024-02-10,4667.84,pending,Books,East,23,5
1099,2024-02-10,4071.42,completed,Home,Central,38,1
1100,2024-02-10,4731.38,completed,Home,West,10,5
1101,2024-02-10,1808.34,pending,Home,East,49,4
1102,2024-02-10,2605.1,pending,Clothing,North,37,1
1103,2024-02-10,3369.44,pending,Books,West,40,2
1104,2024-02-10,1005.12,completed,Home,Central,45,4
1105,2024-02-10,293.0,completed,Electronics,Central,16,2
1106,2024-02-10,899.83,failed,Electronics,South,8,4
1107,2024-02-10,737.87,completed,Home,East,8,1
1108,2024-02-10,3387.23,refunded,Electronics,North,26,5
1109,2024-02-10,2988.61,completed,Books,North,46,3
1110,2024-02-10,4946.32,completed,Home,Central,46,3
1111,2024-02-10,3420.63,completed,Books,South,13,3
1112,2024-02-10,1755.27,completed,Books,North,23,5
1113,2024-02-10,4427.23,completed,Food,South,10,2
1114,2024-02-10,3704.62,failed,Clothing,North,35,4
1115,2024-02-10,749.17,completed,Sports,South,35,3
1116,2024-02-10,1826.57,completed,Books,North,9,2
1117,2024-02-10,3697.77,completed,Books,Central,30,1
1118,2024-02-10,4850.19,pending,Sports,West,32,1
1119,2024-02-10,1166.61,completed,Books,East,42,3
1120,2024-02-10,4964.97,completed,Food,West,30,5
1121,2024-02-10,1447.05,completed,Sports,South,47,3
1122,2024-02-10,2864.06,completed,Home,South,11,1
1123,2024-02-10,1930.8,completed,Sports,East,13,3
1124,2024-02-10,3338.46,completed,Clothing,South,6,4
1125,2024-02-11,2201.14,completed,Sports,North,44,1
1126,2024-02-11,1268.11,completed,Electronics,North,31,5
1127,2024-02-11,1090.25,pending,Home,South,31,2
1128,2024-02-11,1407.65,failed,Books,South,9,2
1129,2024-02-11,4707.79,completed,Food,West,18,2
1130,2024-02-11,1909.25,completed,Books,West,38,3
1131,2024-02-11,4296.17,completed,Sports,South,7,1
1132,2024-02-11,1811.13,completed,Electronics,South,19,3
1133,2024-02-11,3610.72,completed,Books,East,29,2
1134,2024-02-11,1189.06,completed,Books,South,24,1
1135,2024-02-11,2047.2,completed,Clothing,Central,45,2
1136,2024-02-11,3490.78,refunded,Books,South,27,2
1137,2024-02-11,2859.42,completed,Sports,North,4,3
1138,2024-02-11,2760.22,pending,Electronics,Central,20,1
1139,2024-02-11,3133.64,completed,Sports,Central,48,1
1140,2024-02-11,2446.39,completed,Clothing,North,13,4
1141,2024-02-11,3335.95,completed,Food,North,12,1
1142,2024-02-11,1210.02,pending,Books,East,4,1
1143,2024-02-11,2703.96,failed,Home,South,3,2
1144,2024-02-11,3954.81,completed,Home,South,13,1
1145,2024-02-11,1413.93,failed,Food,Central,24,3
1146,2024-02-11,4279.55,completed,Books,North,12,1
1147,2024-02-11,48.81,completed,Food,East,13,2
1148,2024-02-11,2427.92,failed,Electronics,North,43,3
1149,2024-02-11,3179.21,completed,Clothing,East,5,4
1150,2024-02-11,1735.26,completed,Electronics,South,47,4
1151,2024-02-11,1744.76,completed,Electronics,Central,24,5
1152,2024-02-12,363.43,pending,Sports,West,11,1
1153,2024-02-12,2342.93,refunded,Books,West,37,1
1154,2024-02-12,4554.44,completed,Electronics,North,16,2
1155,2024-02-12,2879.73,completed,Books,East,46,4
1156,2024-02-12,4231.5,refunded,Clothing,Central,27,2
1157,2024-02-12,4166.38,completed,Food,Central,34,3
1158,2024-02-12,3870.46,completed,Books,West,49,5
1159,2024-02-12,3233.24,completed,Sports,East,26,5
1160,2024-02-12,344.25,pending,Home,Central,5,1
1161,2024-02-12,3685.82,pending,Food,West,49,2
1162,2024-02-12,4254.03,failed,Electronics,Central,47,5
1163,2024-02-12,2073.57,completed,Clothing,South,44,1
1164,2024-02-12,3708.4,pending,Food,North,13,4
1165,2024-02-12,1268.13,completed,Books,East,34,2
1166,2024-02-12,1571.88,completed,Sports,East,37,2
1167,2024-02-12,1006.42,completed,Electronics,East,24,2
1168,2024-02-12,45.19,failed,Electronics,Central,40,4
1169,2024-02-12,2968.2,pending,Books,West,41,1
1170,2024-02-12,4269.41,completed,Food,East,28,3
1171,2024-02-12,1801.12,completed,Books,Central,24,5
1172,2024-02-12,2571.5,pending,Food,Central,5,2
1173,2024-02-12,3302.38,completed,Sports,South,29,5
1174,2024-02-12,1914.53,pending,Clothing,West,29,5
1175,2024-02-12,2645.16,pending,Books,North,6,5
1176,2024-02-12,4978.89,completed,Electronics,West,14,4
1177,2024-02-12,2869.78,completed,Food,South,26,5
1178,2024-02-12,2774.54,pending,Home,North,8,3
1179,2024-02-13,1822.91,completed,Clothing,West,45,3
1180,2024-02-13,2374.46,completed,Clothing,West,9,2
1181,2024-02-13,2673.52,completed,Books,Central,2,2
1182,2024-02-13,1650.53,completed,Sports,South,19,3
1183,2024-02-13,4522.67,completed,Food,South,25,1
1184,2024-02-13,1648.43,pending,Food,North,20,3
1185,2024-02-13,2681.37,completed,Books,Central,37,5
1186,2024-02-13,312.6,completed,Books,Central,31,3
1187,2024-02-13,4116.74,completed,Clothing,North,35,5
1188,2024-02-13,3275.46,pending,Clothing,West,29,4
1189,2024-02-13,1158.8,completed,Home,South,25,3
1190,2024-02-13,2890.67,completed,Food,West,25,5
1191,2024-02-13,407.77,completed,Home,West,30,2
1192,2024-02-13,1391.93,completed,Home,North,14,5
1193,2024-02-13,2469.09,completed,Books,North,3,2
1194,2024-02-13,823.54,completed,Food,Central,48,3
1195,2024-02-13,2885.46,failed,Clothing,South,32,1
1196,2024-02-13,3048.03,completed,Home,South,43,3
1197,2024-02-13,481.23,completed,Home,North,37,4
1198,2024-02-13,2108.09,completed,Books,Central,37,3
1199,2024-02-13,2949.42,completed,Books,Central,23,3
1200,2024-02-13,2383.2,completed,Books,South,6,5
1201,2024-02-13,4606.57,failed,Electronics,Central,27,4
1202,2024-02-13,4620.93,completed,Books,West,21,2
1203,2024-02-13,1951.53,completed,Home,East,10,1
1204,2024-02-13,1504.85,completed,Clothing,North,5,2
1205,2024-02-13,3471.12,completed,Home,North,15,3
1206,2024-02-13,3514.18,completed,Sports,South,32,1
1207,2024-02-14,957.65,completed,Books,West,11,4
1208,2024-02-14,3143.34,completed,Books,South,37,3
1209,2024-02-14,4882.55,completed,Food,West,17,4
1210,2024-02-14,4105.96,failed,Electronics,North,19,3
1211,2024-02-14,516.84,completed,Clothing,Central,37,5
1212,2024-02-14,943.2,completed,Books,West,15,1
1213,2024-02-14,2177.25,completed,Electronics,Central,20,4
1214,2024-02-14,2559.39,refunded,Sports,West,38,5
1215,2024-02-14,1167.75,completed,Electronics,North,17,5
1216,2024-02-14,3103.77,pending,Food,East,11,1
1217,2024-02-14,1384.92,completed,Food,North,20,2
1218,2024-02-14,2348.81,completed,Books,East,20,2
1219,2024-02-14,3235.45,pending,Home,West,28,3
1220,2024-02-14,1963.97,completed,Books,West,17,2
1221,2024-02-14,2607.31,failed,Sports,North,44,3
1222,2024-02-14,1399.25,completed,Electronics,North,40,1
1223,2024-02-14,502.02,pending,Clothing,North,23,4
1224,2024-02-14,2650.71,pending,Clothing,East,39,4
1225,2024-02-14,3881.65,completed,Electronics,South,32,1
1226,2024-02-14,1731.69,completed,Electronics,Central,8,1
1227,2024-02-14,1060.19,failed,Electronics,South,12,4
1228,2024-02-14,725.03,failed,Clothing,Central,9,1
1229,2024-02-14,2331.81,completed,Sports,Central,43,4
1230,2024-02-14,1794.08,completed,Electronics,Central,10,3
1231,2024-02-14,4000.7,completed,Sports,West,6,3
1232,2024-02-14,3303.68,pending,Food,Central,7,5
1233,2024-02-14,4994.34,completed,Sports,South,25,1
1234,2024-02-15,4403.99,failed,Books,East,35,2
1235,2024-02-15,1563.63,pending,Clothing,South,25,2
1236,2024-02-15,3036.3,completed,Electronics,North,41,4
1237,2024-02-15,3822.21,completed,Clothing,North,35,3
1238,2024-02-15,3034.51,completed,Home,North,32,4
1239,2024-02-15,2641.04,completed,Electronics,Central,14,3
1240,2024-02-15,3226.15,completed,Clothing,East,6,4
1241,2024-02-15,844.01,completed,Sports,East,15,3
1242,2024-02-15,2233.3,completed,Food,East,11,5
1243,2024-02-15,2360.83,completed,Home,East,43,2
1244,2024-02-15,53.13,completed,Sports,East,15,5
1245,2024-02-15,1520.65,failed,Home,West,49,2
1246,2024-02-15,445.94,completed,Sports,North,48,1
1247,2024-02-15,3891.6,completed,Electronics,East,48,3
1248,2024-02-15,4834.78,failed,Clothing,East,35,4
1249,2024-02-15,4238.97,completed,Sports,Central,36,3
1250,2024-02-15,1687.7,pending,Food,North,12,2
1251,2024-02-15,1099.54,completed,Clothing,North,10,1
1252,2024-02-15,2553.89,failed,Home,South,35,4
1253,2024-02-15,4909.85,completed,Electronics,Central,3,5
1254,2024-02-15,2448.01,completed,Home,North,33,1
1255,2024-02-15,263.28,failed,Clothing,South,28,2
1256,2024-02-15,1172.86,failed,Electronics,East,45,4
1257,2024-02-15,1338.43,completed,Books,South,45,3
1258,2024-02-15,3205.72,completed,Books,West,27,2
1259,2024-02-15,4218.17,completed,Home,West,9,3
1260,2024-02-15,1168.2,completed,Electronics,Central,38,1
1261,2024-02-15,2389.07,completed,Clothing,West,10,1
1262,2024-02-16,4181.36,completed,Clothing,Central,16,4
1263,2024-02-16,1092.72,completed,Electronics,South,26,1
1264,2024-02-16,1421.89,completed,Food,West,29,2
1265,2024-02-16,4811.6,completed,Clothing,North,14,1
1266,2024-02-16,2941.73,completed,Sports,North,4,5
1267,2024-02-16,4169.56,pending,Food,North,21,5
1268,2024-02-16,2267.01,completed,Clothing,West,44,1
1269,2024-02-16,551.67,pending,Food,East,41,5
1270,2024-02-16,4775.27,pending,Books,Central,19,3
1271,2024-02-16,2263.41,completed,Home,West,39,1
1272,2024-02-16,3367.55,completed,Food,North,40,3
1273,2024-02-16,4626.09,completed,Food,Central,39,1
1274,2024-02-16,3463.74,completed,Sports,West,8,4
1275,2024-02-16,2098.93,completed,Food,West,11,2
1276,2024-02-16,57.04,pending,Clothing,North,6,4
1277,2024-02-16,1832.06,failed,Home,East,42,5
1278,2024-02-16,3036.67,completed,Food,West,27,5
1279,2024-02-16,2241.2,completed,Home,West,9,4
1280,2024-02-16,3353.23,completed,Books,West,13,4
1281,2024-02-16,837.67,completed,Food,East,19,5
1282,2024-02-16,875.25,completed,Books,West,40,3
1283,2024-02-16,1161.43,completed,Home,Central,7,1
1284,2024-02-16,3453.12,completed,Clothing,West,26,1
1285,2024-02-16,1059.71,refunded,Books,East,33,4
1286,2024-02-16,4921.75,completed,Food,Central,42,2
1287,2024-02-16,1258.84,completed,Electronics,North,38,5
1288,2024-02-16,2187.69,pending,Books,Central,9,1
1289,2024-02-17,2814.71,completed,Home,North,19,2
1290,2024-02-17,3793.23,pending,Food,South,38,1
1291,2024-02-17,2773.67,completed,Sports,Central,34,3
1292,2024-02-17,2481.22,completed,Electronics,West,38,5
1293,2024-02-17,2152.33,completed,Clothing,East,28,2
1294,2024-02-17,281.63,completed,Home,East,44,5
1295,2024-02-17,513.08,completed,Home,East,45,4
1296,2024-02-17,4034.87,completed,Clothing,North,3,5
1297,2024-02-17,1671.01,completed,Clothing,South,14,2
1298,2024-02-17,2221.52,failed,Clothing,Central,39,5
1299,2024-02-17,3007.38,pending,Home,North,29,3
1300,2024-02-17,19.56,completed,Electronics,Central,10,1
1301,2024-02-17,4289.42,pending,Sports,North,28,1
1302,2024-02-17,2718.33,pending,Clothing,West,16,5
1303,2024-02-17,2078.57,pending,Electronics,South,14,5
1304,2024-02-17,201.81,pending,Electronics,East,37,3
1305,2024-02-17,3935.68,completed,Food,North,46,1
1306,2024-02-17,698.93,refunded,Food,North,40,1
1307,2024-02-17,4197.08,failed,Books,Central,26,2
1308,2024-02-17,2283.7,completed,Clothing,South,48,5
1309,2024-02-17,837.88,completed,Food,East,43,3
1310,2024-02-17,448.29,completed,Electronics,West,6,3
1311,2024-02-17,1807.29,completed,Clothing,Central,33,3
1312,2024-02-17,2563.31,completed,Food,West,1,4
1313,2024-02-17,4737.18,completed,Clothing,East,23,1
1314,2024-02-17,923.09,completed,Books,West,33,3
1315,2024-02-17,1347.13,pending,Electronics,East,14,5
1316,2024-02-18,1270.72,completed,Books,North,35,4
1317,2024-02-18,1036.32,completed,Food,Central,9,4
1318,2024-02-18,113.69,completed,Sports,South,33,3
1319,2024-02-18,4257.82,completed,Clothing,South,41,2
1320,2024-02-18,1956.41,completed,Clothing,East,26,5
1321,2024-02-18,1810.66,pending,Electronics,North,31,5
1322,2024-02-18,3403.35,completed,Books,South,25,4
1323,2024-02-18,1648.01,completed,Electronics,Central,32,1
1324,2024-02-18,4085.05,completed,Books,East,10,3
1325,2024-02-18,1318.98,failed,Home,South,31,4
1326,2024-02-18,2233.13,completed,Electronics,Central,35,3
1327,2024-02-18,1103.83,failed,Clothing,North,19,4
1328,2024-02-18,4327.78,completed,Home,East,37,4
1329,2024-02-18,3725.63,completed,Sports,North,27,5
1330,2024-02-18,2934.39,completed,Electronics,Central,41,5
1331,2024-02-18,2715.44,completed,Clothing,West,35,4
1332,2024-02-18,1675.98,completed,Books,North,25,1
1333,2024-02-18,3246.12,completed,Electronics,North,14,4
1334,2024-02-18,1574.35,completed,Books,West,15,3
1335,2024-02-18,700.03,failed,Electronics,North,17,2
1336,2024-02-18,1515.56,failed,Food,North,36,3
1337,2024-02-18,2477.36,completed,Home,South,33,5
1338,2024-02-18,1136.34,completed,Sports,Central,33,1
1339,2024-02-18,4046.32,completed,Electronics,Central,16,5
1340,2024-02-18,2769.69,completed,Sports,East,31,4
1341,2024-02-18,3624.68,completed,Home,South,35,4
1342,2024-02-18,3558.61,failed,Sports,South,37,3
1343,2024-02-18,1300.6,completed,Clothing,Central,24,1
1344,2024-02-19,2806.35,completed,Home,South,32,4
1345,2024-02-19,4434.96,completed,Food,East,43,2
1346,2024-02-19,145.29,failed,Home,East,42,3
1347,2024-02-19,981.12,pending,Books,West,31,3
1348,2024-02-19,485.08,pending,Food,East,37,4
1349,2024-02-19,460.53,pending,Clothing,Central,10,4
1350,2024-02-19,807.12,pending,Electronics,South,39,3
1351,2024-02-19,4828.58,completed,Electronics,East,19,2
1352,2024-02-19,2132.8,completed,Electronics,East,24,2
1353,2024-02-19,4403.32,completed,Food,West,33,4
1354,2024-02-19,3078.72,failed,Books,Central,49,2
1355,2024-02-19,1489.98,completed,Electronics,North,20,4
1356,2024-02-19,4561.56,pending,Home,West,25,5
1357,2024-02-19,3843.37,refunded,Clothing,East,5,1
1358,2024-02-19,2780.06,completed,Home,Central,37,2
1359,2024-02-19,2057.06,completed,Food,West,34,3
1360,2024-02-19,1079.64,completed,Food,North,19,5
1361,2024-02-19,3348.95,completed,Books,South,32,1
1362,2024-02-19,4987.29,completed,Clothing,Central,41,2
1363,2024-02-19,707.86,completed,Electronics,West,27,1
1364,2024-02-19,3437.86,completed,Sports,Central,22,3
1365,2024-02-19,3527.07,completed,Clothing,East,19,1
1366,2024-02-19,3314.94,completed,Food,North,10,5
1367,2024-02-19,369.75,completed,Home,West,17,4
1368,2024-02-19,1830.59,refunded,Books,North,39,3
1369,2024-02-19,3049.46,completed,Home,North,5,1
1370,2024-02-19,1577.95,completed,Clothing,Central,48,3
1371,2024-02-20,3971.08,completed,Food,South,25,5
1372,2024-02-20,4267.38,completed,Books,North,9,5
1373,2024-02-20,4669.78,completed,Food,West,28,4
1374,2024-02-20,2819.79,completed,Electronics,North,26,4
1375,2024-02-20,3387.74,completed,Electronics,East,18,2
1376,2024-02-20,4229.12,failed,Clothing,Central,43,2
1377,2024-02-20,4514.79,completed,Books,Central,7,1
1378,2024-02-20,2139.2,completed,Electronics,South,30,1
1379,2024-02-20,3353.7,failed,Clothing,East,48,5
1380,2024-02-20,1043.38,completed,Electronics,West,22,1
1381,2024-02-20,3938.58,completed,Electronics,Central,6,4
1382,2024-02-20,4681.15,completed,Clothing,Central,48,2
1383,2024-02-20,1292.55,refunded,Home,North,5,2
1384,2024-02-20,3059.71,completed,Books,Central,43,4
1385,2024-02-20,598.41,refunded,Food,North,10,5
1386,2024-02-20,4744.97,completed,Sports,East,13,5
1387,2024-02-20,2055.24,pending,Clothing,North,10,1
1388,2024-02-20,1224.58,completed,Sports,West,44,1
1389,2024-02-20,4595.37,completed,Sports,East,20,5
1390,2024-02-20,786.07,completed,Electronics,Central,14,2
1391,2024-02-20,1018.22,completed,Sports,North,34,2
1392,2024-02-20,2563.17,completed,Home,South,36,4
1393,2024-02-20,3067.19,completed,Sports,West,13,1
1394,2024-02-20,1074.75,completed,Food,East,14,5
1395,2024-02-20,847.75,completed,Home,Central,48,1
1396,2024-02-20,4899.34,completed,Books,North,24,4
1397,2024-02-20,507.83,pending,Food,West,21,1
1398,2024-02-20,45.71,completed,Home,North,42,5
1399,2024-02-21,376.09,completed,Home,West,47,4
1400,2024-02-21,2623.94,completed,Food,North,46,1
1401,2024-02-21,2709.99,completed,Clothing,North,17,1
1402,2024-02-21,3609.61,refunded,Books,Central,36,3
1403,2024-02-21,1158.04,completed,Food,North,24,1
1404,2024-02-21,1233.04,pending,Food,South,31,4
1405,2024-02-21,3001.72,completed,Electronics,East,21,1
1406,2024-02-21,2315.98,failed,Sports,East,14,5
1407,2024-02-21,868.2,completed,Electronics,Central,15,1
1408,2024-02-21,1166.36,failed,Food,West,14,5
1409,2024-02-21,2097.59,completed,Clothing,West,22,4
1410,2024-02-21,3160.15,completed,Sports,Central,14,1
1411,2024-02-21,1280.56,completed,Clothing,East,46,1
1412,2024-02-21,2611.58,completed,Electronics,North,41,5
1413,2024-02-21,4993.45,completed,Electronics,South,37,3
1414,2024-02-21,3416.32,pending,Books,East,16,2
1415,2024-02-21,3059.28,completed,Home,North,49,5
1416,2024-02-21,2613.08,completed,Food,Central,48,4
1417,2024-02-21,4914.76,refunded,Sports,South,38,3
1418,2024-02-21,1754.25,pending,Sports,South,1,1
1419,2024-02-21,2521.85,pending,Clothing,South,5,5
1420,2024-02-21,1884.8,completed,Sports,Central,33,5
1421,2024-02-21,724.44,completed,Food,South,3,1
1422,2024-02-21,4303.36,completed,Books,East,4,2
1423,2024-02-21,1094.59,pending,Home,East,24,3
1424,2024-02-21,3694.44,refunded,Clothing,East,6,2
1425,2024-02-21,1298.78,refunded,Books,South,14,1
1426,2024-02-22,4914.35,completed,Electronics,East,37,1
1427,2024-02-22,293.72,completed,Sports,North,22,5
1428,2024-02-22,3706.29,pending,Home,West,35,3
1429,2024-02-22,2794.35,pending,Food,Central,36,5
1430,2024-02-22,3791.11,completed,Food,West,48,2
1431,2024-02-22,1689.8,completed,Home,North,48,1
1432,2024-02-22,4472.31,failed,Sports,North,1,3
1433,2024-02-22,1996.93,failed,Clothing,North,43,4
1434,2024-02-22,3516.64,pending,Food,West,2,4
1435,2024-02-22,2679.85,completed,Clothing,North,4,1
1436,2024-02-22,1322.04,refunded,Books,Central,46,2
1437,2024-02-22,4119.52,completed,Sports,South,32,4
1438,2024-02-22,3231.02,completed,Electronics,South,18,5
1439,2024-02-22,1651.95,completed,Food,West,46,1
1440,2024-02-22,2009.95,failed,Electronics,North,20,2
1441,2024-02-22,98.51,refunded,Clothing,Central,10,3
1442,2024-02-22,1122.79,pending,Food,East,27,4
1443,2024-02-22,4077.63,pending,Home,West,10,3
1444,2024-02-22,4704.62,pending,Electronics,East,16,4
1445,2024-02-22,3063.84,completed,Electronics,East,26,2
1446,2024-02-22,710.96,completed,Sports,West,9,2
1447,2024-02-22,3580.83,failed,Food,Central,18,3
1448,2024-02-22,2582.36,failed,Clothing,North,28,5
1449,2024-02-22,1803.8,refunded,Sports,East,1,4
1450,2024-02-22,2838.22,completed,Books,East,41,2
1451,2024-02-22,2052.68,failed,Sports,North,14,2
1452,2024-02-22,1175.0,completed,Books,South,11,3
1453,2024-02-23,1399.43,completed,Sports,North,27,1
1454,2024-02-23,595.08,completed,Home,North,13,4
1455,2024-02-23,2576.91,refunded,Electronics,North,13,5
1456,2024-02-23,1336.31,completed,Food,North,24,2
1457,2024-02-23,3224.09,completed,Clothing,East,18,1
1458,2024-02-23,1850.72,completed,Home,East,6,3
1459,2024-02-23,3899.25,completed,Electronics,North,40,1
1460,2024-02-23,1747.49,completed,Food,North,8,4
1461,2024-02-23,4623.17,pending,Food,East,25,3
1462,2024-02-23,2761.34,completed,Food,South,4,3
1463,2024-02-23,2903.29,completed,Clothing,West,31,5
1464,2024-02-23,2563.7,pending,Home,South,40,2
1465,2024-02-23,4097.43,completed,Electronics,Central,33,2
1466,2024-02-23,4450.47,completed,Clothing,East,19,2
1467,2024-02-23,1638.77,completed,Sports,South,34,4
1468,2024-02-23,2987.87,pending,Food,East,33,5
1469,2024-02-23,1335.01,completed,Home,West,1,5
1470,2024-02-23,3963.95,completed,Sports,North,12,1
1471,2024-02-23,543.18,failed,Food,Central,24,1
1472,2024-02-23,4688.29,failed,Clothing,North,8,2
1473,2024-02-23,1598.02,completed,Sports,West,46,3
1474,2024-02-23,3235.5,completed,Food,South,23,2
1475,2024-02-23,4746.32,completed,Food,South,31,4
1476,2024-02-23,15.97,pending,Home,South,1,4
1477,2024-02-23,746.92,pending,Clothing,North,5,4
1478,2024-02-23,1152.79,pending,Electronics,Central,29,5
1479,2024-02-23,381.63,completed,Books,North,2,4
1480,2024-02-23,4183.36,completed,Books,East,7,4
1481,2024-02-24,3245.51,completed,Food,East,42,1
1482,2024-02-24,2134.39,pending,Electronics,West,36,4
1483,2024-02-24,915.83,completed,Books,North,48,2
1484,2024-02-24,4854.98,pending,Books,West,38,5
1485,2024-02-24,1857.95,pending,Clothing,West,29,4
1486,2024-02-24,467.6,completed,Food,East,21,4
1487,2024-02-24,2896.59,completed,Electronics,East,42,5
1488,2024-02-24,552.28,failed,Home,West,47,4
1489,2024-02-24,1070.25,failed,Books,Central,18,1
1490,2024-02-24,2106.73,refunded,Home,North,46,5
1491,2024-02-24,95.54,pending,Books,East,48,1
1492,2024-02-24,3344.79,completed,Books,West,23,2
1493,2024-02-24,3850.42,completed,Food,West,42,5
1494,2024-02-24,3405.86,completed,Sports,West,32,3
1495,2024-02-24,4632.87,completed,Food,North,5,5
1496,2024-02-24,1044.71,completed,Food,North,46,3
1497,2024-02-24,4761.28,completed,Sports,Central,7,2
1498,2024-02-24,170.42,completed,Clothing,North,47,4
1499,2024-02-24,1920.71,pending,Home,North,2,4
1500,2024-02-24,2193.6,completed,Home,Central,18,5
1501,2024-02-24,2015.41,pending,Electronics,Central,10,2
1502,2024-02-24,4093.36,completed,Clothing,Central,24,1
1503,2024-02-24,3473.11,completed,Books,South,41,3
1504,2024-02-24,2256.93,completed,Electronics,Central,31,1
1505,2024-02-24,3063.66,pending,Clothing,Central,26,5
1506,2024-02-24,201.5,pending,Books,North,34,2
1507,2024-02-24,857.11,completed,Clothing,East,28,5
1508,2024-02-25,1175.8,completed,Home,South,32,3
1509,2024-02-25,3576.56,pending,Clothing,South,13,4
1510,2024-02-25,3201.76,pending,Clothing,East,16,5
1511,2024-02-25,2417.37,completed,Food,East,47,1
1512,2024-02-25,3765.37,completed,Electronics,East,25,4
1513,2024-02-25,3422.45,completed,Food,Central,48,3
1514,2024-02-25,3818.59,completed,Clothing,North,9,2
1515,2024-02-25,1343.91,completed,Sports,West,37,4
1516,2024-02-25,2110.78,completed,Food,East,20,4
1517,2024-02-25,1354.83,completed,Books,Central,45,4
1518,2024-02-25,4268.34,completed,Sports,North,40,4
1519,2024-02-25,932.61,completed,Electronics,East,30,4
1520,2024-02-25,259.92,pending,Books,South,37,1
1521,2024-02-25,4624.07,failed,Home,North,38,1
1522,2024-02-25,1480.93,completed,Sports,West,46,2
1523,2024-02-25,2550.53,failed,Books,East,6,5
1524,2024-02-25,3599.34,completed,Food,Central,6,3
1525,2024-02-25,4062.26,completed,Food,South,49,1
1526,2024-02-25,4589.05,pending,Clothing,East,23,1
1527,2024-02-25,765.59,failed,Clothing,South,28,3
1528,2024-02-25,3010.01,completed,Clothing,Central,29,2
1529,2024-02-25,4520.62,completed,Electronics,South,33,4
1530,2024-02-25,4022.54,pending,Clothing,East,34,5
1531,2024-02-25,2162.93,completed,Electronics,North,39,2
1532,2024-02-25,3462.19,pending,Home,East,39,1
1533,2024-02-25,3719.78,completed,Books,South,44,2
1534,2024-02-25,3363.7,completed,Home,South,21,4
1535,2024-02-25,2089.56,completed,Food,North,47,1
1536,2024-02-26,533.43,completed,Books,Central,44,4
1537,2024-02-26,1923.27,completed,Food,West,42,1
1538,2024-02-26,2099.92,completed,Home,North,23,1
1539,2024-02-26,3180.68,pending,Clothing,South,22,1
1540,2024-02-26,3883.65,failed,Home,West,47,3
1541,2024-02-26,960.55,pending,Home,North,22,4
1542,2024-02-26,4252.58,completed,Home,North,17,2
1543,2024-02-26,3188.71,completed,Books,North,13,3
1544,2024-02-26,1102.28,completed,Books,North,42,1
1545,2024-02-26,193.59,completed,Sports,North,13,1
1546,2024-02-26,237.09,completed,Clothing,South,9,4
1547,2024-02-26,2329.24,pending,Sports,East,48,5
1548,2024-02-26,4001.22,pending,Clothing,South,31,1
1549,2024-02-26,2285.0,failed,Food,Central,8,3
1550,2024-02-26,2257.98,pending,Clothing,Central,15,2
1551,2024-02-26,2564.99,completed,Books,West,49,3
1552,2024-02-26,1359.69,completed,Books,South,49,2
1553,2024-02-26,3221.55,completed,Home,South,38,1
1554,2024-02-26,2628.68,completed,Home,North,48,4
1555,2024-02-26,2768.28,refunded,Books,North,20,3
1556,2024-02-26,3866.43,completed,Sports,West,29,5
1557,2024-02-26,2823.96,failed,Food,North,4,2
1558,2024-02-26,4987.76,completed,Books,South,47,4
1559,2024-02-26,2068.28,completed,Food,Central,25,1
1560,2024-02-26,3912.48,completed,Food,East,49,1
1561,2024-02-26,2485.6,completed,Sports,West,47,3
1562,2024-02-26,3240.12,completed,Sports,South,42,3
1563,2024-02-27,4005.74,pending,Electronics,South,25,4
1564,2024-02-27,3514.42,completed,Clothing,North,7,4
1565,2024-02-27,1881.49,completed,Sports,Central,38,3
1566,2024-02-27,3434.66,completed,Sports,North,28,1
1567,2024-02-27,2514.4,completed,Electronics,East,22,3
1568,2024-02-27,2957.29,completed,Sports,Central,11,5
1569,2024-02-27,2121.88,failed,Sports,Central,32,3
1570,2024-02-27,2200.94,completed,Home,Central,45,4
1571,2024-02-27,4770.9,completed,Clothing,Central,8,4
1572,2024-02-27,4765.45,completed,Food,East,28,3
1573,2024-02-27,194.88,pending,Electronics,North,38,5
1574,2024-02-27,2924.89,completed,Home,North,35,1
1575,2024-02-27,2800.26,completed,Home,North,49,4
1576,2024-02-27,3268.46,pending,Home,South,14,3
1577,2024-02-27,4924.56,completed,Home,East,12,4
1578,2024-02-27,696.21,failed,Books,Central,40,1
1579,2024-02-27,1938.22,completed,Food,West,44,1
1580,2024-02-27,3808.6,failed,Food,North,23,2
1581,2024-02-27,4261.04,pending,Home,South,15,5
1582,2024-02-27,23.74,failed,Books,Central,15,5
1583,2024-02-27,89.98,failed,Books,South,37,5
1584,2024-02-27,648.53,completed,Electronics,West,5,4
1585,2024-02-27,1436.14,completed,Books,East,33,2
1586,2024-02-27,817.85,completed,Sports,West,35,3
1587,2024-02-27,1927.55,completed,Sports,North,46,3
1588,2024-02-27,2573.68,pending,Sports,North,42,5
1589,2024-02-27,532.81,completed,Clothing,North,26,2
1590,2024-02-28,1222.82,completed,Sports,West,8,1
1591,2024-02-28,4419.23,completed,Clothing,South,41,3
1592,2024-02-28,1361.74,pending,Clothing,East,16,1
1593,2024-02-28,3305.51,completed,Clothing,Central,10,2
1594,2024-02-28,3232.26,completed,Food,North,11,1
1595,2024-02-28,2695.63,completed,Books,North,33,1
1596,2024-02-28,879.56,completed,Books,South,38,2
1597,2024-02-28,2937.94,failed,Food,East,44,3
1598,2024-02-28,2250.25,pending,Books,South,47,2
1599,2024-02-28,4755.66,completed,Home,Central,6,3
1600,2024-02-28,1601.72,completed,Electronics,West,7,3
1601,2024-02-28,3775.12,completed,Food,East,23,1
1602,2024-02-28,2861.24,completed,Books,North,28,1
1603,2024-02-28,3639.95,completed,Sports,North,37,2
1604,2024-02-28,1362.57,completed,Electronics,North,17,2
1605,2024-02-28,4433.45,failed,Books,North,32,3
1606,2024-02-28,2869.85,completed,Books,North,23,4
1607,2024-02-28,786.24,completed,Sports,South,16,4
1608,2024-02-28,2520.96,failed,Books,West,12,2
1609,2024-02-28,1053.44,completed,Clothing,West,48,2
1610,2024-02-28,2611.86,pending,Food,Central,37,3
1611,2024-02-28,745.4,completed,Home,South,49,2
1612,2024-02-28,338.45,completed,Clothing,Central,20,2
1613,2024-02-28,3758.78,refunded,Books,North,11,1
1614,2024-02-28,641.15,completed,Sports,East,20,5
1615,2024-02-28,2231.81,completed,Food,South,12,3
1616,2024-02-28,3094.43,failed,Food,West,7,5
1617,2024-02-28,4197.49,pending,Books,Central,49,4
1618,2024-02-29,3677.33,completed,Electronics,Central,22,1
1619,2024-02-29,1113.16,completed,Home,North,26,1
1620,2024-02-29,4938.26,failed,Electronics,Central,44,1
1621,2024-02-29,3505.35,pending,Books,South,37,5
1622,2024-02-29,2873.27,completed,Home,Central,29,4
1623,2024-02-29,3560.72,completed,Electronics,East,3,5
1624,2024-02-29,4812.62,completed,Electronics,Central,33,1
1625,2024-02-29,936.6,completed,Home,West,29,2
1626,2024-02-29,377.97,pending,Electronics,Central,49,4
1627,2024-02-29,4045.99,completed,Sports,North,40,5
1628,2024-02-29,1752.25,completed,Food,South,38,1
1629,2024-02-29,446.54,completed,Electronics,Central,3,4
1630,2024-02-29,1565.89,completed,Food,East,39,3
1631,2024-02-29,3299.44,completed,Electronics,Central,4,2
1632,2024-02-29,571.22,completed,Food,Central,9,4
1633,2024-02-29,1075.31,completed,Books,North,25,4
1634,2024-02-29,2811.84,failed,Home,Central,38,4
1635,2024-02-29,3095.57,failed,Electronics,Central,8,1
1636,2024-02-29,4256.6,completed,Books,East,7,4
1637,2024-02-29,1155.66,completed,Home,South,20,5
1638,2024-02-29,3971.24,completed,Sports,West,25,4
1639,2024-02-29,3117.62,failed,Clothing,Central,39,1
1640,2024-02-29,4005.29,pending,Electronics,West,7,4
1641,2024-02-29,1914.55,completed,Home,West,10,3
1642,2024-02-29,1908.48,failed,Electronics,East,41,2
1643,2024-02-29,4949.9,completed,Electronics,South,18,4
1644,2024-02-29,4454.44,completed,Clothing,Central,47,1
1645,2024-03-01,3159.76,completed,Electronics,Central,13,5
1646,2024-03-01,277.04,completed,Clothing,North,14,5
1647,2024-03-01,392.61,completed,Food,South,29,5
1648,2024-03-01,4766.91,completed,Home,North,38,2
1649,2024-03-01,1658.81,pending,Sports,Central,19,4
1650,2024-03-01,3041.26,completed,Home,East,8,1
1651,2024-03-01,671.0,completed,Sports,North,22,1
1652,2024-03-01,1703.03,completed,Clothing,Central,28,4
1653,2024-03-01,4424.55,refunded,Food,East,30,5
1654,2024-03-01,806.63,completed,Sports,East,25,3
1655,2024-03-01,855.68,completed,Electronics,East,9,2
1656,2024-03-01,4195.29,completed,Electronics,West,10,4
1657,2024-03-01,409.3,completed,Sports,North,34,1
1658,2024-03-01,4760.07,pending,Books,West,31,2
1659,2024-03-01,3556.55,completed,Books,Central,32,1
1660,2024-03-01,4092.25,pending,Food,Central,23,5
1661,2024-03-01,1540.67,pending,Sports,Central,45,3
1662,2024-03-01,1663.05,completed,Food,East,25,1
1663,2024-03-01,3368.74,refunded,Books,East,32,3
1664,2024-03-01,1340.3,completed,Electronics,East,26,2
1665,2024-03-01,2724.01,pending,Home,South,14,3
1666,2024-03-01,669.29,completed,Food,Central,17,5
1667,2024-03-01,4310.28,completed,Clothing,South,27,1
1668,2024-03-01,3475.35,completed,Clothing,Central,27,1
1669,2024-03-01,1165.47,completed,Clothing,South,39,4
1670,2024-03-01,2291.4,completed,Clothing,North,2,4
1671,2024-03-01,4548.25,completed,Sports,North,27,1
1672,2024-03-01,3731.25,completed,Sports,Central,23,1
1673,2024-03-02,3770.41,completed,Food,East,46,5
1674,2024-03-02,2471.62,completed,Home,Central,48,1
1675,2024-03-02,4318.92,completed,Books,East,33,1
1676,2024-03-02,444.36,completed,Food,Central,28,5
1677,2024-03-02,804.79,pending,Clothing,Central,11,4
1678,2024-03-02,1278.03,completed,Electronics,West,46,1
1679,2024-03-02,1596.46,pending,Electronics,South,23,4
1680,2024-03-02,161.47,completed,Clothing,East,9,1
1681,2024-03-02,2747.97,completed,Books,North,32,2
1682,2024-03-02,3626.43,pending,Home,South,22,4
1683,2024-03-02,3832.71,failed,Food,North,26,5
1684,2024-03-02,3014.31,completed,Food,South,2,1
1685,2024-03-02,146.85,pending,Food,Central,29,4
1686,2024-03-02,39.05,completed,Food,West,18,2
1687,2024-03-02,2475.95,completed,Food,South,31,5
1688,2024-03-02,861.6,completed,Books,North,42,4
1689,2024-03-02,1364.61,completed,Electronics,South,46,2
1690,2024-03-02,4264.03,failed,Home,East,24,2
1691,2024-03-02,3477.26,refunded,Food,East,8,1
1692,2024-03-02,2401.82,pending,Clothing,East,32,1
1693,2024-03-02,4904.34,completed,Books,West,44,2
1694,2024-03-02,3607.63,completed,Home,South,1,1
1695,2024-03-02,483.15,completed,Food,South,12,5
1696,2024-03-02,4401.59,failed,Clothing,Central,29,1
1697,2024-03-02,2218.05,completed,Electronics,Central,37,5
1698,2024-03-02,1419.06,pending,Books,Central,44,5
1699,2024-03-02,2674.23,completed,Sports,South,33,4
1700,2024-03-03,466.18,pending,Books,South,15,4
1701,2024-03-03,4913.69,completed,Home,Central,6,3
1702,2024-03-03,337.53,completed,Clothing,West,21,3
1703,2024-03-03,104.89,completed,Home,Central,46,3
1704,2024-03-03,3530.41,completed,Books,East,47,1
1705,2024-03-03,110.06,completed,Clothing,East,30,5
1706,2024-03-03,2445.76,completed,Home,South,37,5
1707,2024-03-03,820.13,completed,Food,North,39,2
1708,2024-03-03,1477.72,failed,Books,North,26,3
1709,2024-03-03,2126.33,pending,Sports,East,32,3
1710,2024-03-03,4124.98,completed,Sports,North,23,2
1711,2024-03-03,1723.38,completed,Sports,South,48,2
1712,2024-03-03,1442.98,completed,Food,West,26,1
1713,2024-03-03,4367.14,completed,Sports,East,44,4
1714,2024-03-03,4053.4,completed,Clothing,West,22,4
1715,2024-03-03,4192.4,failed,Food,Central,5,3
1716,2024-03-03,1576.17,completed,Home,Central,5,5
1717,2024-03-03,3019.67,completed,Sports,East,29,2
1718,2024-03-03,3435.05,completed,Food,North,28,2
1719,2024-03-03,4915.55,completed,Electronics,West,17,4
1720,2024-03-03,3687.08,completed,Home,Central,48,2
1721,2024-03-03,2940.16,completed,Books,West,22,5
1722,2024-03-03,599.61,pending,Food,Central,11,2
1723,2024-03-03,2128.85,completed,Home,North,37,3
1724,2024-03-03,2695.18,completed,Clothing,Central,23,5
1725,2024-03-03,4336.94,completed,Clothing,East,24,3
1726,2024-03-03,1856.33,completed,Books,West,32,3
1727,2024-03-04,777.06,completed,Food,Central,25,4
1728,2024-03-04,1119.06,completed,Electronics,North,29,3
1729,2024-03-04,3261.34,completed,Food,South,33,2
1730,2024-03-04,767.44,pending,Clothing,East,25,3
1731,2024-03-04,3516.96,completed,Sports,North,11,1
1732,2024-03-04,101.15,pending,Clothing,South,32,2
1733,2024-03-04,3547.74,completed,Food,North,23,3
1734,2024-03-04,1213.3,completed,Sports,West,45,2
1735,2024-03-04,4662.17,completed,Clothing,North,48,1
1736,2024-03-04,3032.49,completed,Sports,North,19,1
1737,2024-03-04,4372.38,completed,Books,West,8,5
1738,2024-03-04,4127.02,refunded,Electronics,West,47,5
1739,2024-03-04,2537.6,completed,Home,West,13,1
1740,2024-03-04,3076.46,completed,Sports,South,44,4
1741,2024-03-04,4791.51,completed,Food,Central,46,3
1742,2024-03-04,482.31,completed,Clothing,South,8,2
1743,2024-03-04,3074.67,failed,Books,South,41,3
1744,2024-03-04,2217.15,completed,Electronics,West,36,1
1745,2024-03-04,3593.2,completed,Clothing,North,46,4
1746,2024-03-04,1306.32,completed,Food,North,24,2
1747,2024-03-04,1649.93,pending,Food,North,44,3
1748,2024-03-04,4963.63,completed,Electronics,West,15,4
1749,2024-03-04,1484.8,refunded,Books,Central,29,1
1750,2024-03-04,1325.61,completed,Home,South,44,3
1751,2024-03-04,4735.37,completed,Clothing,North,5,1
1752,2024-03-04,704.13,completed,Home,Central,18,3
1753,2024-03-04,3380.15,completed,Home,West,33,1
1754,2024-03-04,929.7,refunded,Clothing,Central,22,1
1755,2024-03-05,1942.8,failed,Home,West,1,5
1756,2024-03-05,1868.72,completed,Sports,Central,7,5
1757,2024-03-05,3280.47,refunded,Food,East,7,2
1758,2024-03-05,4312.95,completed,Clothing,South,29,4
1759,2024-03-05,1010.92,completed,Home,Central,36,2
1760,2024-03-05,1792.07,completed,Clothing,Central,31,4
1761,2024-03-05,2851.62,refunded,Sports,Central,23,1
1762,2024-03-05,4980.36,pending,Sports,South,47,4
1763,2024-03-05,339.87,completed,Food,South,9,5
1764,2024-03-05,2042.59,completed,Home,East,23,5
1765,2024-03-05,2993.94,completed,Sports,North,46,2
1766,2024-03-05,133.67,completed,Food,West,36,5
1767,2024-03-05,3991.8,pending,Books,South,34,3
1768,2024-03-05,151.5,completed,Sports,East,23,2
1769,2024-03-05,3864.92,refunded,Electronics,North,26,1
1770,2024-03-05,1416.98,failed,Clothing,West,32,1
1771,2024-03-05,2220.92,completed,Electronics,East,37,2
1772,2024-03-05,1130.86,completed,Clothing,West,14,3
1773,2024-03-05,3195.6,completed,Home,Central,33,1
1774,2024-03-05,548.92,failed,Home,Central,38,1
1775,2024-03-05,1417.99,completed,Sports,West,42,1
1776,2024-03-05,1430.72,completed,Clothing,South,42,1
1777,2024-03-05,570.57,completed,Sports,North,6,3
1778,2024-03-05,2745.33,completed,Books,North,37,3
1779,2024-03-05,2623.74,pending,Books,South,39,2
1780,2024-03-05,4144.16,completed,Books,East,9,3
1781,2024-03-05,2893.45,completed,Electronics,North,40,5
1782,2024-03-06,4057.81,refunded,Home,East,11,3
1783,2024-03-06,2351.72,refunded,Food,North,41,5
1784,2024-03-06,538.59,completed,Home,North,5,4
1785,2024-03-06,1967.61,completed,Electronics,West,19,3
1786,2024-03-06,1317.48,failed,Electronics,Central,15,4
1787,2024-03-06,4558.27,completed,Electronics,East,2,5
1788,2024-03-06,1441.66,pending,Clothing,West,36,3
1789,2024-03-06,4120.75,pending,Home,South,39,1
1790,2024-03-06,2816.83,failed,Sports,North,3,4
1791,2024-03-06,4530.67,completed,Food,East,35,3
1792,2024-03-06,1315.67,completed,Clothing,North,37,1
1793,2024-03-06,1891.65,completed,Clothing,West,15,3
1794,2024-03-06,1324.2,completed,Clothing,West,5,4
1795,2024-03-06,2698.99,completed,Food,Central,23,1
1796,2024-03-06,4744.6,completed,Clothing,East,28,1
1797,2024-03-06,336.24,completed,Sports,Central,38,1
1798,2024-03-06,2317.85,completed,Clothing,South,49,1
1799,2024-03-06,3869.38,completed,Home,East,13,5
1800,2024-03-06,1643.41,completed,Sports,North,41,3
1801,2024-03-06,653.19,pending,Electronics,South,31,2
1802,2024-03-06,3074.89,completed,Clothing,North,17,5
1803,2024-03-06,1688.47,completed,Books,East,30,4
1804,2024-03-06,4907.14,completed,Home,South,6,4
1805,2024-03-06,1836.62,failed,Electronics,West,9,4
1806,2024-03-06,2088.71,completed,Electronics,East,34,5
1807,2024-03-06,3585.55,completed,Electronics,Central,8,5
1808,2024-03-06,239.87,pending,Sports,Central,20,1
1809,2024-03-06,2382.17,completed,Electronics,South,34,2
1810,2024-03-07,1760.07,completed,Food,South,41,3
1811,2024-03-07,1684.68,completed,Electronics,North,10,1
1812,2024-03-07,887.9,completed,Clothing,North,15,2
1813,2024-03-07,1995.33,completed,Food,Central,27,4
1814,2024-03-07,4889.66,completed,Home,East,4,4
1815,2024-03-07,2221.38,pending,Books,West,44,1
1816,2024-03-07,916.66,completed,Food,East,6,2
1817,2024-03-07,2511.72,pending,Sports,South,41,4
1818,2024-03-07,420.09,completed,Home,West,14,5
1819,2024-03-07,3105.15,completed,Sports,South,25,5
1820,2024-03-07,4299.81,completed,Food,South,5,5
1821,2024-03-07,609.14,completed,Food,Central,37,3
1822,2024-03-07,2408.39,completed,Food,South,25,2
1823,2024-03-07,3840.03,completed,Electronics,East,49,4
1824,2024-03-07,1526.94,completed,Clothing,South,47,3
1825,2024-03-07,1880.07,completed,Books,North,21,5
1826,2024-03-07,2657.41,pending,Sports,South,46,3
1827,2024-03-07,1970.87,completed,Clothing,North,44,5
1828,2024-03-07,4436.83,failed,Food,North,45,3
1829,2024-03-07,2668.77,completed,Electronics,Central,19,3
1830,2024-03-07,4913.4,completed,Books,South,14,1
1831,2024-03-07,2295.72,refunded,Sports,North,33,3
1832,2024-03-07,2136.6,completed,Clothing,East,24,5
1833,2024-03-07,3864.22,completed,Electronics,North,27,2
1834,2024-03-07,3330.15,completed,Electronics,West,23,2
1835,2024-03-07,4989.07,failed,Food,South,21,2
1836,2024-03-07,3481.62,completed,Electronics,North,9,3
1837,2024-03-08,364.52,refunded,Clothing,North,33,1
1838,2024-03-08,1611.11,completed,Electronics,East,6,5
1839,2024-03-08,4520.9,completed,Clothing,North,39,1
1840,2024-03-08,2329.11,completed,Food,West,12,3
1841,2024-03-08,403.04,failed,Clothing,West,18,4
1842,2024-03-08,1066.88,completed,Sports,South,48,3
1843,2024-03-08,3663.54,completed,Home,East,12,5
1844,2024-03-08,1004.74,completed,Clothing,Central,15,3
1845,2024-03-08,3713.9,completed,Food,North,19,3
1846,2024-03-08,3223.72,completed,Clothing,North,23,4
1847,2024-03-08,2850.2,completed,Electronics,West,24,4
1848,2024-03-08,3234.66,completed,Books,West,22,4
1849,2024-03-08,4672.31,completed,Electronics,North,24,3
1850,2024-03-08,1913.13,failed,Electronics,East,11,2
1851,2024-03-08,3388.91,failed,Home,North,20,5
1852,2024-03-08,841.85,completed,Clothing,West,42,1
1853,2024-03-08,2518.95,completed,Sports,North,31,1
1854,2024-03-08,1261.3,completed,Sports,East,13,2
1855,2024-03-08,282.78,completed,Books,East,10,3
1856,2024-03-08,3817.91,completed,Food,Central,9,2
1857,2024-03-08,2260.32,pending,Clothing,South,27,2
1858,2024-03-08,3682.08,pending,Electronics,South,35,4
1859,2024-03-08,952.89,completed,Sports,South,33,4
1860,2024-03-08,617.82,completed,Home,South,44,5
1861,2024-03-08,447.52,completed,Sports,North,45,4
1862,2024-03-08,4472.26,completed,Clothing,Central,10,1
1863,2024-03-08,492.06,completed,Sports,Central,4,1
1864,2024-03-09,999.09,completed,Books,East,7,2
1865,2024-03-09,888.04,completed,Sports,Central,4,1
1866,2024-03-09,3943.68,completed,Electronics,East,20,1
1867,2024-03-09,4192.37,failed,Sports,East,8,5
1868,2024-03-09,1856.52,failed,Sports,North,22,3
1869,2024-03-09,1959.6,completed,Books,South,8,1
1870,2024-03-09,3315.47,completed,Food,North,25,3
1871,2024-03-09,4926.17,pending,Home,West,3,1
1872,2024-03-09,824.66,completed,Clothing,North,19,4
1873,2024-03-09,941.58,completed,Books,South,40,3
1874,2024-03-09,2717.72,completed,Sports,East,26,5
1875,2024-03-09,2988.3,completed,Electronics,East,46,2
1876,2024-03-09,874.48,completed,Clothing,West,44,5
1877,2024-03-09,1877.88,completed,Sports,Central,31,3
1878,2024-03-09,334.01,pending,Clothing,East,45,5
1879,2024-03-09,3570.92,completed,Sports,Central,17,3
1880,2024-03-09,4808.4,failed,Food,East,24,4
1881,2024-03-09,4201.73,completed,Books,Central,27,2
1882,2024-03-09,307.63,refunded,Clothing,Central,42,5
1883,2024-03-09,1792.68,failed,Home,South,25,2
1884,2024-03-09,3501.47,completed,Electronics,North,29,1
1885,2024-03-09,599.46,completed,Clothing,East,35,4
1886,2024-03-09,3628.03,completed,Food,South,15,2
1887,2024-03-09,2008.27,completed,Food,East,30,4
1888,2024-03-09,4037.3,completed,Books,West,29,5
1889,2024-03-09,1424.72,failed,Clothing,West,4,1
1890,2024-03-09,3092.04,completed,Electronics,East,47,2
1891,2024-03-09,3564.72,completed,Sports,West,36,1
1892,2024-03-10,3790.78,completed,Home,North,29,4
1893,2024-03-10,2893.91,completed,Books,North,49,5
1894,2024-03-10,509.74,failed,Sports,Central,28,4
1895,2024-03-10,1772.07,failed,Sports,West,20,1
1896,2024-03-10,4046.97,pending,Electronics,North,39,4
1897,2024-03-10,3987.73,pending,Electronics,North,16,5
1898,2024-03-10,2290.76,completed,Clothing,South,37,1
1899,2024-03-10,4665.31,completed,Home,West,6,3
1900,2024-03-10,2673.66,failed,Clothing,West,7,1
1901,2024-03-10,4317.95,completed,Home,South,3,3
1902,2024-03-10,319.99,completed,Electronics,South,42,2
1903,2024-03-10,90.17,completed,Food,North,40,2
1904,2024-03-10,2651.8,completed,Home,North,43,1
1905,2024-03-10,4681.06,pending,Sports,South,8,3
1906,2024-03-10,1424.21,failed,Food,South,47,3
1907,2024-03-10,4546.03,completed,Books,West,14,1
1908,2024-03-10,3864.34,completed,Home,East,18,2
1909,2024-03-10,1746.13,completed,Food,East,15,4
1910,2024-03-10,2877.92,pending,Clothing,Central,44,5
1911,2024-03-10,4668.41,completed,Books,West,45,4
1912,2024-03-10,732.09,completed,Home,West,26,5
1913,2024-03-10,4170.42,completed,Books,North,36,3
1914,2024-03-10,2588.85,failed,Sports,Central,4,5
1915,2024-03-10,4345.82,completed,Food,Central,9,3
1916,2024-03-10,3051.65,completed,Electronics,West,37,3
1917,2024-03-10,749.98,completed,Books,Central,8,2
1918,2024-03-10,4718.01,completed,Books,North,20,3
1919,2024-03-11,4895.0,pending,Sports,South,15,1
1920,2024-03-11,831.58,completed,Home,South,26,3
1921,2024-03-11,865.76,pending,Clothing,East,3,3
1922,2024-03-11,4209.78,completed,Books,Central,48,3
1923,2024-03-11,680.68,failed,Home,North,13,3
1924,2024-03-11,288.12,completed,Home,South,45,2
1925,2024-03-11,933.91,completed,Food,Central,13,3
1926,2024-03-11,2578.72,refunded,Electronics,North,49,5
1927,2024-03-11,3716.2,completed,Sports,South,11,4
1928,2024-03-11,1899.57,completed,Books,West,33,5
1929,2024-03-11,2538.61,completed,Electronics,North,27,4
1930,2024-03-11,1936.72,failed,Electronics,Central,37,5
1931,2024-03-11,1181.43,completed,Clothing,Central,25,4
1932,2024-03-11,855.05,pending,Electronics,Central,21,1
1933,2024-03-11,533.53,completed,Books,North,32,4
1934,2024-03-11,906.04,completed,Food,West,28,1
1935,2024-03-11,1396.26,pending,Sports,South,11,4
1936,2024-03-11,1419.02,completed,Clothing,South,19,5
1937,2024-03-11,388.45,completed,Electronics,North,38,5
1938,2024-03-11,4138.99,completed,Clothing,East,49,5
1939,2024-03-11,2485.31,completed,Clothing,North,29,4
1940,2024-03-11,3101.76,completed,Clothing,West,24,5
1941,2024-03-11,4673.81,completed,Sports,South,39,3
1942,2024-03-11,2154.99,failed,Books,West,14,2
1943,2024-03-11,3649.52,completed,Books,East,20,2
1944,2024-03-11,1863.51,completed,Books,Central,37,4
1945,2024-03-11,4723.45,pending,Books,East,45,4
1946,2024-03-11,2917.39,refunded,Books,South,23,5
1947,2024-03-12,416.42,completed,Food,South,11,3
1948,2024-03-12,563.85,completed,Food,East,19,2
1949,2024-03-12,693.65,refunded,Food,West,16,5
1950,2024-03-12,2254.87,completed,Electronics,Central,22,4
1951,2024-03-12,4094.13,completed,Books,South,38,3
1952,2024-03-12,666.58,completed,Food,North,46,4
1953,2024-03-12,4048.56,pending,Sports,North,30,5
1954,2024-03-12,3836.36,completed,Books,East,4,2
1955,2024-03-12,1667.63,completed,Books,West,22,2
1956,2024-03-12,4371.48,completed,Clothing,North,21,4
1957,2024-03-12,520.18,completed,Food,East,17,2
1958,2024-03-12,3426.54,completed,Home,North,2,2
1959,2024-03-12,4289.23,completed,Electronics,North,32,5
1960,2024-03-12,2262.82,completed,Clothing,East,17,5
1961,2024-03-12,979.5,completed,Home,South,32,1
1962,2024-03-12,4633.41,refunded,Electronics,North,37,2
1963,2024-03-12,4466.16,completed,Home,Central,37,4
1964,2024-03-12,2489.83,completed,Electronics,Central,30,3
1965,2024-03-12,2714.66,completed,Sports,South,34,4
1966,2024-03-12,3524.03,completed,Electronics,East,22,5
1967,2024-03-12,216.22,completed,Food,West,29,1
1968,2024-03-12,1567.24,completed,Electronics,West,32,5
1969,2024-03-12,4594.69,completed,Clothing,Central,3,4
1970,2024-03-12,3164.87,completed,Electronics,East,37,5
1971,2024-03-12,2273.46,completed,Sports,Central,4,3
1972,2024-03-12,10.67,completed,Food,North,20,3
1973,2024-03-12,3782.39,completed,Books,North,15,3
1974,2024-03-13,2850.2,completed,Clothing,East,13,4
1975,2024-03-13,3897.7,completed,Home,South,10,5
1976,2024-03-13,815.04,pending,Food,East,15,3
1977,2024-03-13,1307.77,failed,Home,South,21,4
1978,2024-03-13,3236.92,completed,Food,West,46,2
1979,2024-03-13,1585.74,completed,Electronics,East,17,2
1980,2024-03-13,427.22,completed,Food,East,37,1
1981,2024-03-13,457.05,pending,Clothing,North,31,4
1982,2024-03-13,3994.29,completed,Books,North,46,2
1983,2024-03-13,2953.02,failed,Home,East,42,3
1984,2024-03-13,2949.07,completed,Books,East,35,2
1985,2024-03-13,3164.82,completed,Home,Central,31,4
1986,2024-03-13,571.17,completed,Home,Central,12,3
1987,2024-03-13,4762.06,completed,Food,North,12,1
1988,2024-03-13,184.41,failed,Electronics,South,22,1
1989,2024-03-13,2365.81,pending,Electronics,South,35,3
1990,2024-03-13,4366.39,completed,Books,Central,8,5
1991,2024-03-13,3346.75,completed,Home,East,10,2
1992,2024-03-13,2299.48,completed,Clothing,East,30,5
1993,2024-03-13,675.68,completed,Food,Central,38,5
1994,2024-03-13,1868.18,completed,Home,North,4,1
1995,2024-03-13,688.34,completed,Electronics,Central,43,4
1996,2024-03-13,1405.23,pending,Sports,East,6,1
1997,2024-03-13,2476.81,completed,Clothing,East,18,1
1998,2024-03-13,2233.5,pending,Home,Central,27,3
1999,2024-03-13,1598.57,completed,Books,North,21,4
2000,2024-03-13,465.84,completed,Electronics,East,11,5
2001,2024-03-14,1404.0,completed,Home,North,41,1
2002,2024-03-14,104.53,completed,Sports,South,3,3
2003,2024-03-14,1217.58,failed,Books,West,31,3
2004,2024-03-14,2303.05,completed,Home,South,9,4
2005,2024-03-14,914.23,completed,Food,West,20,1
2006,2024-03-14,692.19,completed,Electronics,East,14,5
2007,2024-03-14,404.69,refunded,Books,Central,46,1
2008,2024-03-14,4695.94,completed,Books,East,41,2
2009,2024-03-14,2496.79,completed,Electronics,South,12,3
2010,2024-03-14,3490.13,completed,Food,South,20,4
2011,2024-03-14,4975.08,completed,Sports,West,44,2
2012,2024-03-14,2654.39,completed,Books,East,47,4
2013,2024-03-14,3091.83,completed,Home,North,46,3
2014,2024-03-14,117.09,completed,Food,West,5,5
2015,2024-03-14,4137.21,pending,Sports,South,45,5
2016,2024-03-14,475.29,pending,Electronics,Central,16,5
2017,2024-03-14,58.94,completed,Food,East,19,3
2018,2024-03-14,2378.81,completed,Sports,West,18,1
2019,2024-03-14,4058.5,completed,Clothing,East,39,5
2020,2024-03-14,4461.38,pending,Electronics,South,39,5
2021,2024-03-14,2842.58,completed,Books,North,6,2
2022,2024-03-14,2996.9,completed,Electronics,West,39,4
2023,2024-03-14,1734.73,completed,Electronics,East,43,3
2024,2024-03-14,3398.25,completed,Clothing,North,30,2
2025,2024-03-14,3553.41,completed,Electronics,West,15,5
2026,2024-03-14,1734.72,completed,Sports,Central,30,4
2027,2024-03-14,2276.06,completed,Clothing,South,41,2
2028,2024-03-14,3809.79,completed,Food,West,44,5
2029,2024-03-15,3853.04,completed,Sports,East,17,1
2030,2024-03-15,1616.43,pending,Food,West,5,3
2031,2024-03-15,1600.02,pending,Sports,North,21,3
2032,2024-03-15,33.47,completed,Food,East,7,4
2033,2024-03-15,1958.53,completed,Electronics,Central,20,5
2034,2024-03-15,3757.49,completed,Books,East,36,5
2035,2024-03-15,1473.82,completed,Sports,North,32,3
2036,2024-03-15,4720.52,completed,Home,South,47,3
2037,2024-03-15,2220.88,completed,Food,West,38,2
2038,2024-03-15,1565.35,completed,Clothing,North,24,4
2039,2024-03-15,3199.43,completed,Food,East,41,5
2040,2024-03-15,2676.16,pending,Clothing,South,13,3
2041,2024-03-15,4035.23,completed,Home,Central,33,2
2042,2024-03-15,2718.6,failed,Electronics,West,20,5
2043,2024-03-15,1381.09,completed,Electronics,South,2,1
2044,2024-03-15,4023.85,failed,Food,North,22,1
2045,2024-03-15,2626.32,completed,Food,East,33,3
2046,2024-03-15,997.67,completed,Sports,East,18,4
2047,2024-03-15,3655.01,completed,Electronics,East,42,4
2048,2024-03-15,3649.38,completed,Clothing,South,13,2
2049,2024-03-15,202.53,completed,Books,South,5,2
2050,2024-03-15,2829.23,pending,Clothing,North,25,3
2051,2024-03-15,723.73,failed,Food,North,49,3
2052,2024-03-15,3998.55,completed,Electronics,East,25,3
2053,2024-03-15,2611.35,completed,Food,West,31,4
2054,2024-03-15,4222.23,failed,Food,South,8,2
2055,2024-03-15,112.09,completed,Clothing,East,28,2
2056,2024-03-16,1125.27,completed,Electronics,East,12,2
2057,2024-03-16,4545.35,failed,Electronics,West,38,2
2058,2024-03-16,557.13,completed,Home,East,33,1
2059,2024-03-16,1690.41,refunded,Electronics,East,33,4
2060,2024-03-16,3870.3,completed,Food,West,10,1
2061,2024-03-16,16.76,completed,Home,Central,44,1
2062,2024-03-16,3554.57,pending,Clothing,North,47,5
2063,2024-03-16,2413.6,completed,Home,South,46,1
2064,2024-03-16,3190.48,completed,Food,Central,42,1
2065,2024-03-16,4930.88,completed,Home,North,1,4
2066,2024-03-16,613.59,completed,Sports,North,24,4
2067,2024-03-16,3715.17,pending,Sports,East,14,3
2068,2024-03-16,3760.95,completed,Food,East,38,5
2069,2024-03-16,4698.67,completed,Books,Central,1,3
2070,2024-03-16,3267.88,pending,Home,Central,25,4
2071,2024-03-16,2389.74,completed,Food,East,36,4
2072,2024-03-16,2305.6,completed,Food,North,46,2
2073,2024-03-16,1543.33,failed,Home,East,3,2
2074,2024-03-16,2589.14,pending,Food,Central,9,2
2075,2024-03-16,3449.77,completed,Books,West,38,5
2076,2024-03-16,4770.64,completed,Clothing,South,42,5
2077,2024-03-16,246.39,completed,Clothing,South,8,4
2078,2024-03-16,806.0,completed,Home,Central,33,1
2079,2024-03-16,838.26,completed,Electronics,Central,6,2
2080,2024-03-16,4932.16,completed,Home,South,2,4
2081,2024-03-16,4854.41,completed,Books,North,7,2
2082,2024-03-16,2275.26,completed,Home,East,36,3
2083,2024-03-17,1132.53,completed,Home,North,34,2
2084,2024-03-17,325.54,pending,Home,West,30,4
2085,2024-03-17,886.09,pending,Books,West,43,2
2086,2024-03-17,1203.35,failed,Home,West,42,1
2087,2024-03-17,4554.71,refunded,Books,South,10,1
2088,2024-03-17,2066.24,completed,Food,North,25,1
2089,2024-03-17,2628.66,pending,Electronics,Central,43,4
2090,2024-03-17,1615.49,completed,Sports,North,19,5
2091,2024-03-17,2160.34,completed,Clothing,West,35,5
2092,2024-03-17,2049.15,completed,Electronics,West,41,5
2093,2024-03-17,137.11,completed,Sports,East,30,5
2094,2024-03-17,2982.08,failed,Food,East,10,2
2095,2024-03-17,3616.35,completed,Sports,South,1,5
2096,2024-03-17,4371.2,completed,Home,South,3,3
2097,2024-03-17,4109.03,completed,Electronics,West,49,2
2098,2024-03-17,1237.45,pending,Food,North,11,5
2099,2024-03-17,4524.03,pending,Clothing,East,26,4
2100,2024-03-17,4861.32,completed,Clothing,South,11,2
2101,2024-03-17,825.41,completed,Electronics,East,33,3
2102,2024-03-17,138.03,completed,Books,Central,32,2
2103,2024-03-17,3236.73,completed,Books,Central,12,3
2104,2024-03-17,1036.4,pending,Sports,West,18,5
2105,2024-03-17,4056.22,completed,Electronics,North,49,5
2106,2024-03-17,4183.91,failed,Clothing,East,17,3
2107,2024-03-17,1020.83,failed,Food,West,41,3
2108,2024-03-17,3438.63,completed,Food,West,7,3
2109,2024-03-17,714.75,pending,Books,West,21,2
2110,2024-03-17,4307.26,completed,Food,North,47,4
2111,2024-03-18,467.4,completed,Sports,Central,44,2
2112,2024-03-18,843.59,completed,Sports,West,1,2
2113,2024-03-18,125.96,completed,Electronics,Central,33,2
2114,2024-03-18,3975.44,pending,Clothing,Central,8,1
2115,2024-03-18,2022.27,completed,Home,North,25,5
2116,2024-03-18,469.1,completed,Home,East,49,4
2117,2024-03-18,1252.68,completed,Electronics,South,4,3
2118,2024-03-18,2182.69,completed,Clothing,West,46,3
2119,2024-03-18,109.05,completed,Electronics,South,23,4
2120,2024-03-18,2639.07,completed,Sports,East,28,4
2121,2024-03-18,1889.28,completed,Electronics,North,46,2
2122,2024-03-18,3623.99,completed,Food,East,36,5
2123,2024-03-18,1210.22,completed,Books,West,31,3
2124,2024-03-18,862.64,pending,Food,West,37,1
2125,2024-03-18,2399.34,completed,Sports,West,24,5
2126,2024-03-18,769.34,completed,Home,North,31,5
2127,2024-03-18,98.77,completed,Home,North,2,5
2128,2024-03-18,2050.09,completed,Food,West,31,1
2129,2024-03-18,2782.03,completed,Electronics,Central,6,3
2130,2024-03-18,2175.59,completed,Books,Central,23,1
2131,2024-03-18,4557.75,completed,Books,South,10,5
2132,2024-03-18,904.42,completed,Clothing,East,42,1
2133,2024-03-18,3229.14,pending,Food,South,27,2
2134,2024-03-18,3413.95,completed,Home,West,1,1
2135,2024-03-18,699.9,failed,Sports,East,39,4
2136,2024-03-18,1105.84,completed,Home,North,16,3
2137,2024-03-18,3270.91,completed,Clothing,West,1,2
2138,2024-03-19,3599.79,completed,Food,East,20,1
2139,2024-03-19,1960.42,completed,Electronics,North,17,1
2140,2024-03-19,3047.26,pending,Food,West,16,4
2141,2024-03-19,953.51,completed,Books,East,17,4
2142,2024-03-19,2993.93,completed,Clothing,South,20,5
2143,2024-03-19,2295.88,completed,Sports,West,40,1
2144,2024-03-19,986.03,completed,Sports,West,31,1
2145,2024-03-19,3730.68,completed,Books,East,27,2
2146,2024-03-19,3439.98,refunded,Clothing,North,20,3
2147,2024-03-19,1155.03,completed,Sports,East,7,4
2148,2024-03-19,3014.8,failed,Sports,South,31,4
2149,2024-03-19,2994.21,completed,Books,North,14,5
2150,2024-03-19,3374.45,failed,Clothing,West,8,1
2151,2024-03-19,1935.7,completed,Electronics,North,18,1
2152,2024-03-19,485.91,completed,Clothing,West,10,3
2153,2024-03-19,2416.4,completed,Food,West,11,2
2154,2024-03-19,1886.9,completed,Home,East,26,5
2155,2024-03-19,3554.82,completed,Food,Central,46,1
2156,2024-03-19,2465.19,pending,Sports,West,40,1
2157,2024-03-19,4709.24,completed,Books,South,38,4
2158,2024-03-19,3247.12,completed,Food,South,35,5
2159,2024-03-19,4597.07,failed,Clothing,North,8,2
2160,2024-03-19,2142.22,refunded,Food,East,45,4
2161,2024-03-19,1916.82,failed,Home,South,6,4
2162,2024-03-19,4498.22,completed,Books,East,13,5
2163,2024-03-19,912.96,completed,Clothing,South,46,4
2164,2024-03-19,4691.09,refunded,Sports,South,17,1
2165,2024-03-19,803.43,refunded,Clothing,West,34,2
2166,2024-03-20,340.98,pending,Clothing,West,39,3
2167,2024-03-20,1520.04,completed,Sports,South,1,1
2168,2024-03-20,1812.07,completed,Food,North,41,1
2169,2024-03-20,2035.19,completed,Sports,Central,30,4
2170,2024-03-20,1097.97,completed,Books,West,29,4
2171,2024-03-20,3716.17,pending,Food,Central,2,2
2172,2024-03-20,3240.29,completed,Books,West,9,3
2173,2024-03-20,1247.84,completed,Food,Central,21,1
2174,2024-03-20,1663.11,completed,Home,East,46,2
2175,2024-03-20,2300.86,pending,Electronics,Central,33,5
2176,2024-03-20,2900.2,completed,Home,North,46,3
2177,2024-03-20,644.71,pending,Clothing,East,16,4
2178,2024-03-20,953.16,completed,Books,East,23,2
2179,2024-03-20,3364.69,completed,Home,North,20,5
2180,2024-03-20,2234.09,failed,Sports,East,3,4
2181,2024-03-20,3219.44,completed,Sports,Central,29,1
2182,2024-03-20,4504.32,completed,Home,South,16,2
2183,2024-03-20,1420.14,completed,Food,Central,15,2
2184,2024-03-20,4611.91,completed,Books,North,49,2
2185,2024-03-20,437.5,failed,Home,West,42,5
2186,2024-03-20,3643.44,completed,Food,West,17,5
2187,2024-03-20,2555.9,pending,Clothing,West,23,5
2188,2024-03-20,4018.26,completed,Electronics,East,3,1
2189,2024-03-20,1134.71,completed,Clothing,West,9,1
2190,2024-03-20,3609.15,pending,Home,Central,48,3
2191,2024-03-20,4589.76,completed,Food,West,1,2
2192,2024-03-20,3497.19,completed,Home,South,31,5
2193,2024-03-21,2423.68,completed,Food,East,35,5
2194,2024-03-21,1502.82,completed,Clothing,East,41,4
2195,2024-03-21,2149.94,failed,Books,Central,34,3
2196,2024-03-21,4141.07,refunded,Electronics,Central,30,3
2197,2024-03-21,4054.51,refunded,Sports,South,43,3
2198,2024-03-21,1872.31,completed,Books,East,26,4
2199,2024-03-21,2261.79,completed,Home,South,8,2
2200,2024-03-21,2867.14,completed,Home,North,19,2
2201,2024-03-21,4677.74,completed,Home,Central,2,1
2202,2024-03-21,882.93,completed,Books,West,17,1
2203,2024-03-21,825.0,completed,Sports,Central,37,1
2204,2024-03-21,4235.61,pending,Sports,North,26,1
2205,2024-03-21,2839.81,completed,Sports,West,21,3
2206,2024-03-21,4277.36,completed,Clothing,East,43,2
2207,2024-03-21,4688.25,pending,Electronics,North,11,5
2208,2024-03-21,3153.37,pending,Electronics,West,27,4
2209,2024-03-21,301.93,pending,Food,East,36,1
2210,2024-03-21,742.4,completed,Electronics,Central,10,4
2211,2024-03-21,3943.01,completed,Books,East,1,3
2212,2024-03-21,3986.76,completed,Home,West,20,1
2213,2024-03-21,1114.53,completed,Electronics,East,41,4
2214,2024-03-21,3404.08,completed,Clothing,South,17,2
2215,2024-03-21,3697.45,refunded,Electronics,South,46,2
2216,2024-03-21,547.05,completed,Clothing,South,35,1
2217,2024-03-21,70.27,pending,Home,West,26,3
2218,2024-03-21,452.65,completed,Sports,West,11,4
2219,2024-03-21,3157.58,failed,Books,Central,36,2
2220,2024-03-22,1523.66,failed,Clothing,South,4,3
2221,2024-03-22,3076.58,completed,Food,Central,14,2
2222,2024-03-22,2807.45,completed,Books,East,24,4
2223,2024-03-22,1938.05,failed,Home,South,18,4
2224,2024-03-22,4301.06,completed,Clothing,Central,22,5
2225,2024-03-22,1994.04,completed,Electronics,East,15,3
2226,2024-03-22,1737.39,completed,Food,South,14,2
2227,2024-03-22,727.31,completed,Home,Central,25,2
2228,2024-03-22,3633.3,failed,Food,West,30,4
2229,2024-03-22,1892.42,completed,Electronics,North,36,2
2230,2024-03-22,4485.54,completed,Clothing,West,8,3
2231,2024-03-22,2035.28,completed,Home,Central,32,4
2232,2024-03-22,1051.1,completed,Electronics,South,45,5
2233,2024-03-22,3001.35,completed,Food,South,31,5
2234,2024-03-22,3069.99,completed,Electronics,West,49,5
2235,2024-03-22,2480.48,completed,Electronics,North,38,5
2236,2024-03-22,3097.98,completed,Sports,North,4,2
2237,2024-03-22,4075.34,pending,Books,South,47,1
2238,2024-03-22,645.35,pending,Food,East,2,4
2239,2024-03-22,2161.26,pending,Electronics,North,2,2
2240,2024-03-22,4895.62,completed,Home,Central,45,4
2241,2024-03-22,2369.52,pending,Clothing,Central,6,4
2242,2024-03-22,1514.2,completed,Home,South,13,4
2243,2024-03-22,1575.87,pending,Food,West,47,2
2244,2024-03-22,2830.63,completed,Food,South,28,5
2245,2024-03-22,2404.4,refunded,Food,South,30,5
2246,2024-03-22,2137.5,completed,Food,South,10,1
2247,2024-03-22,2523.51,completed,Sports,South,48,4
2248,2024-03-23,1991.19,failed,Food,North,42,4
2249,2024-03-23,3377.65,completed,Food,West,32,1
2250,2024-03-23,986.63,completed,Clothing,South,25,1
2251,2024-03-23,1406.69,completed,Food,South,42,1
2252,2024-03-23,3776.08,failed,Clothing,North,6,4
2253,2024-03-23,2830.5,completed,Electronics,East,3,4
2254,2024-03-23,2373.28,completed,Electronics,South,12,2
2255,2024-03-23,4975.66,completed,Food,South,36,2
2256,2024-03-23,2184.49,failed,Food,South,38,3
2257,2024-03-23,4545.55,completed,Sports,North,39,1
2258,2024-03-23,1979.55,completed,Books,East,49,4
2259,2024-03-23,4708.2,completed,Books,North,33,5
2260,2024-03-23,26.22,completed,Sports,North,47,3
2261,2024-03-23,4980.63,completed,Home,West,22,2
2262,2024-03-23,527.48,failed,Electronics,West,48,1
2263,2024-03-23,4897.08,completed,Home,West,34,2
2264,2024-03-23,2487.45,completed,Home,West,15,2
2265,2024-03-23,4904.88,completed,Books,West,7,1
2266,2024-03-23,177.89,completed,Books,West,15,4
2267,2024-03-23,3002.15,completed,Home,North,32,3
2268,2024-03-23,442.71,completed,Clothing,East,4,1
2269,2024-03-23,4505.44,completed,Electronics,Central,18,1
2270,2024-03-23,378.4,completed,Clothing,Central,20,3
2271,2024-03-23,1297.76,refunded,Books,South,24,1
2272,2024-03-23,1397.71,completed,Clothing,Central,4,4
2273,2024-03-23,830.38,completed,Books,East,23,4
2274,2024-03-23,538.77,completed,Books,West,20,1
2275,2024-03-24,2013.08,completed,Books,North,35,4
2276,2024-03-24,4595.25,pending,Home,Central,34,5
2277,2024-03-24,2137.16,completed,Food,Central,43,5
2278,2024-03-24,3709.67,completed,Clothing,East,45,5
2279,2024-03-24,1388.06,completed,Home,East,10,2
2280,2024-03-24,1830.5,failed,Food,North,1,5
2281,2024-03-24,392.53,completed,Food,East,49,3
2282,2024-03-24,4198.81,completed,Books,West,44,5
2283,2024-03-24,1969.52,failed,Electronics,West,18,1
2284,2024-03-24,2605.98,completed,Sports,North,12,2
2285,2024-03-24,782.52,completed,Sports,East,13,3
2286,2024-03-24,2941.95,completed,Food,West,14,4
2287,2024-03-24,487.45,completed,Sports,South,40,5
2288,2024-03-24,2454.13,pending,Home,South,18,1
2289,2024-03-24,4484.63,completed,Sports,East,48,5
2290,2024-03-24,4728.11,completed,Sports,East,40,4
2291,2024-03-24,4648.28,completed,Clothing,North,10,5
2292,2024-03-24,4587.61,completed,Food,West,30,2
2293,2024-03-24,2933.81,failed,Books,East,38,4
2294,2024-03-24,1252.43,completed,Food,East,36,3
2295,2024-03-24,3982.96,pending,Home,West,48,2
2296,2024-03-24,339.28,completed,Home,East,49,4
2297,2024-03-24,4870.91,completed,Food,East,36,3
2298,2024-03-24,3862.08,completed,Books,North,9,2
2299,2024-03-24,2555.58,completed,Food,Central,8,4
2300,2024-03-24,4848.77,completed,Clothing,East,41,3
2301,2024-03-24,3045.44,completed,Electronics,South,42,5
2302,2024-03-24,164.1,completed,Home,West,10,5
2303,2024-03-25,3252.31,completed,Books,East,19,5
2304,2024-03-25,3330.37,completed,Food,East,35,2
2305,2024-03-25,264.26,completed,Sports,North,36,3
2306,2024-03-25,2273.22,completed,Food,East,8,1
2307,2024-03-25,3481.89,completed,Books,Central,32,5
2308,2024-03-25,4161.38,completed,Home,West,15,5
2309,2024-03-25,781.17,completed,Sports,East,49,4
2310,2024-03-25,372.96,completed,Home,East,13,1
2311,2024-03-25,1038.65,refunded,Home,Central,19,3
2312,2024-03-25,2230.76,completed,Home,Central,4,1
2313,2024-03-25,1362.11,completed,Food,South,27,1
2314,2024-03-25,3546.08,completed,Home,East,36,3
2315,2024-03-25,3261.76,completed,Electronics,South,26,4
2316,2024-03-25,2514.19,completed,Home,West,19,4
2317,2024-03-25,4779.81,completed,Books,Central,37,1
2318,2024-03-25,4707.97,completed,Clothing,Central,11,3
2319,2024-03-25,1999.03,completed,Clothing,South,40,1
2320,2024-03-25,1362.16,completed,Electronics,North,44,2
2321,2024-03-25,3231.33,pending,Home,South,16,5
2322,2024-03-25,2938.37,completed,Electronics,West,7,1
2323,2024-03-25,3408.48,completed,Home,West,38,2
2324,2024-03-25,649.65,completed,Sports,Central,44,5
2325,2024-03-25,2181.03,pending,Home,East,23,1
2326,2024-03-25,4769.84,completed,Home,East,23,2
2327,2024-03-25,4070.83,completed,Food,South,31,4
2328,2024-03-25,4304.79,failed,Food,West,29,1
2329,2024-03-25,4001.68,pending,Sports,West,29,4
2330,2024-03-26,937.29,failed,Electronics,Central,40,3
2331,2024-03-26,4088.21,completed,Clothing,East,39,1
2332,2024-03-26,622.56,completed,Electronics,East,32,1
2333,2024-03-26,1169.53,completed,Clothing,South,35,2
2334,2024-03-26,2350.45,failed,Food,West,18,3
2335,2024-03-26,2157.04,pending,Home,North,3,4
2336,2024-03-26,4141.01,failed,Food,East,18,4
2337,2024-03-26,2497.79,failed,Books,North,42,1
2338,2024-03-26,165.34,refunded,Home,North,49,4
2339,2024-03-26,3990.26,completed,Electronics,West,25,5
2340,2024-03-26,2323.43,completed,Food,South,22,4
2341,2024-03-26,907.95,completed,Clothing,East,27,3
2342,2024-03-26,453.92,completed,Electronics,North,17,1
2343,2024-03-26,4880.57,completed,Books,South,3,4
2344,2024-03-26,1892.15,failed,Electronics,South,30,3
2345,2024-03-26,2510.36,completed,Food,East,37,4
2346,2024-03-26,3673.36,completed,Electronics,East,46,4
2347,2024-03-26,4462.62,completed,Clothing,South,4,1
2348,2024-03-26,756.65,failed,Clothing,North,34,2
2349,2024-03-26,1569.07,completed,Sports,Central,45,4
2350,2024-03-26,1892.47,completed,Electronics,North,3,2
2351,2024-03-26,2405.42,completed,Sports,South,37,5
2352,2024-03-26,2834.8,completed,Home,Central,12,1
2353,2024-03-26,1071.79,pending,Clothing,Central,25,2
2354,2024-03-26,2941.64,completed,Books,Central,19,1
2355,2024-03-26,190.81,completed,Home,South,48,2
2356,2024-03-26,4736.37,completed,Food,North,20,4
2357,2024-03-27,4409.27,pending,Sports,West,30,2
2358,2024-03-27,781.13,completed,Food,East,26,2
2359,2024-03-27,367.19,failed,Home,East,46,3
2360,2024-03-27,3632.9,pending,Home,Central,17,5
2361,2024-03-27,2328.83,completed,Books,South,20,5
2362,2024-03-27,3908.93,completed,Sports,West,9,2
2363,2024-03-27,117.89,completed,Food,South,14,5
2364,2024-03-27,3518.38,refunded,Books,South,41,5
2365,2024-03-27,2941.01,pending,Books,South,10,4
2366,2024-03-27,3554.07,completed,Electronics,North,5,5
2367,2024-03-27,3732.6,completed,Home,Central,9,3
2368,2024-03-27,4338.76,completed,Food,East,40,5
2369,2024-03-27,870.59,completed,Clothing,East,37,3
2370,2024-03-27,4618.31,pending,Home,South,20,4
2371,2024-03-27,2939.79,completed,Food,South,11,2
2372,2024-03-27,1979.45,completed,Home,North,9,1
2373,2024-03-27,1726.12,failed,Clothing,North,15,3
2374,2024-03-27,4997.39,pending,Food,North,24,2
2375,2024-03-27,2440.17,completed,Electronics,Central,42,1
2376,2024-03-27,2271.33,completed,Clothing,East,31,3
2377,2024-03-27,2235.89,completed,Clothing,East,27,5
2378,2024-03-27,4876.0,completed,Home,South,2,4
2379,2024-03-27,4426.41,completed,Home,North,35,2
2380,2024-03-27,734.37,completed,Books,West,29,3
2381,2024-03-27,4873.87,completed,Food,East,23,3
2382,2024-03-27,2171.25,completed,Clothing,Central,17,3
2383,2024-03-27,2030.05,pending,Sports,North,44,4
2384,2024-03-27,814.68,completed,Home,Central,32,1
2385,2024-03-28,742.0,completed,Sports,North,18,5
2386,2024-03-28,1532.81,completed,Clothing,West,46,3
2387,2024-03-28,814.7,refunded,Electronics,North,30,4
2388,2024-03-28,1645.01,completed,Electronics,Central,2,2
2389,2024-03-28,2349.13,completed,Sports,West,39,1
2390,2024-03-28,1809.46,completed,Clothing,North,6,2
2391,2024-03-28,3796.06,completed,Books,West,38,5
2392,2024-03-28,1033.73,completed,Sports,Central,6,2
2393,2024-03-28,986.07,refunded,Sports,South,4,4
2394,2024-03-28,2494.79,completed,Food,South,46,3
2395,2024-03-28,4254.27,completed,Books,Central,43,5
2396,2024-03-28,2287.23,pending,Books,South,15,2
2397,2024-03-28,4261.74,pending,Electronics,Central,23,3
2398,2024-03-28,2437.94,refunded,Food,South,21,5
2399,2024-03-28,3198.61,completed,Sports,North,42,5
2400,2024-03-28,2751.06,completed,Home,North,7,1
2401,2024-03-28,4976.42,completed,Sports,North,35,1
2402,2024-03-28,2376.78,completed,Sports,North,32,5
2403,2024-03-28,3441.75,completed,Home,Central,4,5
2404,2024-03-28,3641.62,completed,Food,North,45,4
2405,2024-03-28,4215.2,completed,Home,South,38,1
2406,2024-03-28,3387.28,completed,Electronics,South,24,2
2407,2024-03-28,4709.7,completed,Sports,Central,49,1
2408,2024-03-28,4210.68,completed,Sports,Central,21,4
2409,2024-03-28,4315.18,completed,Food,East,18,4
2410,2024-03-28,4816.31,completed,Home,South,34,4
2411,2024-03-28,1596.4,completed,Food,North,30,5
2412,2024-03-29,2998.54,completed,Books,West,27,4
2413,2024-03-29,437.29,completed,Books,East,7,1
2414,2024-03-29,3003.51,failed,Sports,West,31,2
2415,2024-03-29,849.87,refunded,Food,West,27,3
2416,2024-03-29,2614.79,refunded,Electronics,South,40,1
2417,2024-03-29,1197.77,completed,Clothing,East,4,4
2418,2024-03-29,4598.26,completed,Books,Central,35,2
2419,2024-03-29,547.18,refunded,Sports,North,37,4
2420,2024-03-29,2400.23,pending,Books,North,6,2
2421,2024-03-29,3895.88,completed,Books,West,14,3
2422,2024-03-29,2067.3,completed,Electronics,Central,17,2
2423,2024-03-29,2306.59,completed,Sports,North,49,2
2424,2024-03-29,4158.72,pending,Home,West,2,4
2425,2024-03-29,2615.62,pending,Home,Central,8,1
2426,2024-03-29,3381.97,completed,Books,West,14,4
2427,2024-03-29,888.96,pending,Clothing,North,2,5
2428,2024-03-29,4612.82,completed,Home,North,17,3
2429,2024-03-29,3478.32,failed,Books,South,26,2
2430,2024-03-29,4878.86,completed,Sports,Central,33,3
2431,2024-03-29,4225.67,pending,Electronics,South,35,1
2432,2024-03-29,4396.56,completed,Electronics,West,40,4
2433,2024-03-29,2865.36,completed,Sports,North,12,3
2434,2024-03-29,3280.71,completed,Food,Central,16,1
2435,2024-03-29,3345.85,completed,Electronics,Central,28,5
2436,2024-03-29,2570.4,completed,Food,West,35,4
2437,2024-03-29,2572.55,refunded,Books,Central,7,1
2438,2024-03-29,4356.49,completed,Sports,Central,46,5
2439,2024-03-29,2476.6,pending,Clothing,South,37,3
2440,2024-03-30,1677.71,pending,Food,South,12,2
2441,2024-03-30,2479.46,failed,Home,Central,29,3
2442,2024-03-30,4130.62,refunded,Clothing,South,9,5
2443,2024-03-30,3493.64,completed,Food,West,15,1
2444,2024-03-30,174.85,failed,Clothing,South,27,4
2445,2024-03-30,3068.19,completed,Food,West,36,4
2446,2024-03-30,3765.27,completed,Food,East,30,2
2447,2024-03-30,3863.22,completed,Clothing,North,10,1
2448,2024-03-30,504.81,completed,Clothing,Central,18,4
2449,2024-03-30,3564.33,pending,Sports,North,5,5
2450,2024-03-30,599.41,completed,Food,West,24,5
2451,2024-03-30,2066.18,failed,Books,North,43,1
2452,2024-03-30,4016.46,completed,Home,Central,2,5
2453,2024-03-30,2519.57,pending,Sports,West,42,3
2454,2024-03-30,2041.94,completed,Clothing,North,2,4
2455,2024-03-30,2144.34,completed,Books,East,1,1
2456,2024-03-30,3204.12,completed,Sports,South,8,5
2457,2024-03-30,456.39,completed,Electronics,Central,35,4
2458,2024-03-30,3386.93,completed,Home,Central,33,3
2459,2024-03-30,4825.34,failed,Food,East,21,4
2460,2024-03-30,1260.64,completed,Books,Central,16,3
2461,2024-03-30,1511.93,completed,Sports,North,17,3
2462,2024-03-30,4235.38,failed,Home,South,35,1
2463,2024-03-30,3760.3,pending,Home,West,8,5
2464,2024-03-30,3174.31,refunded,Food,South,42,2
2465,2024-03-30,1610.97,refunded,Books,East,45,1
2466,2024-03-30,1552.29,completed,Food,South,25,5
2467,2024-03-31,3174.04,completed,Books,East,23,4
2468,2024-03-31,4506.8,completed,Clothing,South,31,4
2469,2024-03-31,2471.64,pending,Food,West,37,5
2470,2024-03-31,4869.89,completed,Sports,South,10,2
2471,2024-03-31,2574.16,completed,Food,West,38,2
2472,2024-03-31,1912.54,completed,Clothing,South,9,1
2473,2024-03-31,4382.52,pending,Electronics,Central,29,4
2474,2024-03-31,2831.34,refunded,Books,Central,32,2
2475,2024-03-31,2113.99,completed,Food,West,27,1
2476,2024-03-31,51.75,completed,Clothing,East,11,3
2477,2024-03-31,2217.58,completed,Sports,South,18,5
2478,2024-03-31,50.26,completed,Books,East,6,1
2479,2024-03-31,4829.94,completed,Clothing,West,5,2
2480,2024-03-31,4034.33,completed,Sports,West,46,3
2481,2024-03-31,4309.91,completed,Clothing,West,5,1
2482,2024-03-31,3418.09,pending,Sports,South,32,5
2483,2024-03-31,1620.83,pending,Electronics,North,48,1
2484,2024-03-31,2450.19,completed,Books,East,17,2
2485,2024-03-31,1543.05,pending,Food,Central,28,1
2486,2024-03-31,4651.47,completed,Books,North,1,4
2487,2024-03-31,689.52,completed,Home,East,6,5
2488,2024-03-31,4098.59,completed,Clothing,Central,16,2
2489,2024-03-31,2212.53,completed,Electronics,South,26,4
2490,2024-03-31,4552.52,completed,Home,North,3,4
2491,2024-03-31,931.66,refunded,Home,Central,46,1
2492,2024-03-31,75.27,completed,Home,West,31,2
2493,2024-03-31,3561.74,completed,Clothing,East,39,4
2494,2024-04-01,2724.07,completed,Home,South,45,4
2495,2024-04-01,1372.94,pending,Electronics,South,23,2
2496,2024-04-01,4425.84,completed,Clothing,South,43,4
2497,2024-04-01,3776.23,failed,Sports,Central,17,1
2498,2024-04-01,4851.71,completed,Sports,East,31,4
2499,2024-04-01,10.33,refunded,Books,North,18,1
2500,2024-04-01,165.07,pending,Clothing,West,6,5
2501,2024-04-01,2672.54,completed,Home,Central,24,5
2502,2024-04-01,1963.82,completed,Home,North,44,3
2503,2024-04-01,1174.66,failed,Food,South,23,1
2504,2024-04-01,4466.82,failed,Books,East,25,2
2505,2024-04-01,779.31,completed,Clothing,North,34,4
2506,2024-04-01,4325.02,failed,Home,East,21,1
2507,2024-04-01,845.12,completed,Sports,East,29,1
2508,2024-04-01,4058.81,failed,Home,North,4,1
2509,2024-04-01,484.4,completed,Books,North,36,4
2510,2024-04-01,541.83,completed,Clothing,Central,39,2
2511,2024-04-01,4949.68,completed,Food,West,22,3
2512,2024-04-01,4237.72,completed,Books,Central,48,5
2513,2024-04-01,56.14,completed,Sports,East,36,4
2514,2024-04-01,3064.21,completed,Food,Central,29,1
2515,2024-04-01,3873.98,completed,Clothing,West,20,3
2516,2024-04-01,453.85,completed,Clothing,East,12,4
2517,2024-04-01,1685.11,completed,Food,East,27,4
2518,2024-04-01,320.82,completed,Electronics,Central,18,4
2519,2024-04-01,1490.4,completed,Food,South,19,4
2520,2024-04-01,1939.87,completed,Electronics,East,19,2
2521,2024-04-01,4800.14,completed,Electronics,Central,8,3
2522,2024-04-02,4519.01,completed,Books,East,30,3
2523,2024-04-02,85.05,completed,Home,East,41,1
2524,2024-04-02,2266.87,pending,Electronics,Central,40,3
2525,2024-04-02,4823.22,completed,Electronics,South,18,1
2526,2024-04-02,3487.77,completed,Electronics,West,3,2
2527,2024-04-02,1193.12,completed,Clothing,West,28,3
2528,2024-04-02,452.8,refunded,Sports,Central,24,5
2529,2024-04-02,3445.95,completed,Food,North,34,5
2530,2024-04-02,4686.61,completed,Books,West,41,3
2531,2024-04-02,3360.16,refunded,Home,West,49,3
2532,2024-04-02,3393.43,refunded,Food,East,34,4
2533,2024-04-02,4042.7,completed,Food,Central,31,4
2534,2024-04-02,1132.92,completed,Home,Central,35,4
2535,2024-04-02,538.99,pending,Food,Central,48,5
2536,2024-04-02,2030.47,failed,Electronics,West,14,3
2537,2024-04-02,3782.85,pending,Electronics,North,15,3
2538,2024-04-02,1757.96,completed,Sports,Central,20,4
2539,2024-04-02,2460.46,completed,Sports,South,29,3
2540,2024-04-02,1897.42,pending,Clothing,South,32,2
2541,2024-04-02,2569.85,completed,Books,West,18,2
2542,2024-04-02,4389.81,completed,Home,North,46,3
2543,2024-04-02,76.02,completed,Sports,South,32,4
2544,2024-04-02,4509.1,completed,Clothing,North,46,4
2545,2024-04-02,825.72,completed,Food,South,36,1
2546,2024-04-02,653.06,completed,Books,South,16,4
2547,2024-04-02,4946.31,completed,Electronics,Central,18,2
2548,2024-04-02,2842.57,completed,Sports,East,1,3
2549,2024-04-03,1734.46,completed,Electronics,Central,33,4
2550,2024-04-03,4089.47,completed,Sports,Central,14,5
2551,2024-04-03,2509.5,completed,Home,East,42,4
2552,2024-04-03,4726.14,failed,Clothing,West,20,3
2553,2024-04-03,4927.97,pending,Food,South,7,1
2554,2024-04-03,1297.58,completed,Electronics,Central,13,5
2555,2024-04-03,4716.58,completed,Food,North,13,2
2556,2024-04-03,336.19,completed,Food,North,45,1
2557,2024-04-03,3055.44,completed,Electronics,South,47,5
2558,2024-04-03,2285.27,completed,Clothing,South,2,4
2559,2024-04-03,3215.6,completed,Food,Central,38,3
2560,2024-04-03,1292.17,completed,Food,North,29,4
2561,2024-04-03,4373.64,completed,Electronics,North,21,2
2562,2024-04-03,2750.04,completed,Food,West,44,3
2563,2024-04-03,4879.78,pending,Food,South,48,3
2564,2024-04-03,3275.91,pending,Food,Central,25,1
2565,2024-04-03,1804.24,completed,Food,Central,10,4
2566,2024-04-03,1454.07,completed,Clothing,West,27,3
2567,2024-04-03,2500.84,pending,Home,South,34,2
2568,2024-04-03,2069.3,completed,Home,Central,34,5
2569,2024-04-03,2735.73,completed,Sports,South,38,3
2570,2024-04-03,902.24,failed,Clothing,West,32,4
2571,2024-04-03,275.47,completed,Electronics,North,39,4
2572,2024-04-03,4661.06,completed,Books,North,49,4
2573,2024-04-03,2088.66,completed,Home,South,3,1
2574,2024-04-03,1699.66,completed,Books,West,3,1
2575,2024-04-03,983.25,completed,Clothing,South,32,2
2576,2024-04-03,4287.32,pending,Sports,North,25,5
2577,2024-04-04,3341.29,completed,Home,Central,9,3
2578,2024-04-04,1760.0,completed,Electronics,Central,16,2
2579,2024-04-04,2579.97,pending,Electronics,North,38,5
2580,2024-04-04,2326.39,completed,Food,West,17,3
2581,2024-04-04,135.0,completed,Food,North,9,1
2582,2024-04-04,2077.29,failed,Home,North,38,3
2583,2024-04-04,3213.43,refunded,Sports,North,49,3
2584,2024-04-04,1984.21,completed,Food,North,32,5
2585,2024-04-04,4694.13,pending,Books,West,49,3
2586,2024-04-04,1999.41,pending,Sports,South,34,4
2587,2024-04-04,4866.2,pending,Clothing,South,35,2
2588,2024-04-04,1821.34,pending,Home,South,9,4
2589,2024-04-04,547.78,completed,Electronics,Central,41,1
2590,2024-04-04,37.85,failed,Sports,Central,31,5
2591,2024-04-04,2970.16,completed,Electronics,West,30,4
2592,2024-04-04,3556.7,completed,Clothing,South,3,1
2593,2024-04-04,2543.96,completed,Clothing,East,7,4
2594,2024-04-04,398.61,completed,Electronics,North,17,4
2595,2024-04-04,443.38,completed,Food,East,49,4
2596,2024-04-04,2699.01,completed,Sports,South,14,2
2597,2024-04-04,4964.46,completed,Books,Central,12,4
2598,2024-04-04,672.34,pending,Clothing,South,30,3
2599,2024-04-04,708.88,completed,Food,South,29,2
2600,2024-04-04,965.04,failed,Electronics,North,43,4
2601,2024-04-04,4077.5,pending,Home,Central,16,4
2602,2024-04-04,3848.33,completed,Food,Central,5,5
2603,2024-04-04,1156.47,refunded,Books,East,35,5
2604,2024-04-05,1172.39,completed,Home,West,27,1
2605,2024-04-05,3053.37,completed,Books,Central,33,3
2606,2024-04-05,4122.92,pending,Electronics,South,43,5
2607,2024-04-05,360.26,completed,Home,South,49,5
2608,2024-04-05,2233.17,pending,Food,Central,35,5
2609,2024-04-05,4977.73,failed,Electronics,East,15,1
2610,2024-04-05,4059.83,completed,Books,Central,41,2
2611,2024-04-05,298.19,completed,Clothing,East,24,5
2612,2024-04-05,3481.44,failed,Books,South,32,2
2613,2024-04-05,4910.92,completed,Electronics,East,15,5
2614,2024-04-05,2362.37,completed,Home,North,28,3
2615,2024-04-05,4889.86,pending,Electronics,North,31,2
2616,2024-04-05,4037.78,refunded,Sports,South,3,2
2617,2024-04-05,173.54,pending,Home,South,8,4
2618,2024-04-05,2870.66,completed,Sports,South,9,3
2619,2024-04-05,2902.56,completed,Food,Central,17,1
2620,2024-04-05,3844.63,completed,Electronics,East,24,5
2621,2024-04-05,4904.26,completed,Books,West,2,3
2622,2024-04-05,3719.52,completed,Sports,North,20,1
2623,2024-04-05,225.82,completed,Books,South,42,4
2624,2024-04-05,1196.63,pending,Home,East,35,2
2625,2024-04-05,403.42,completed,Home,West,24,2
2626,2024-04-05,3934.4,completed,Books,South,3,1
2627,2024-04-05,2974.39,completed,Sports,North,37,3
2628,2024-04-05,1495.52,completed,Electronics,South,3,5
2629,2024-04-05,1323.63,completed,Books,South,44,3
2630,2024-04-05,2178.78,completed,Home,Central,2,5
2631,2024-04-06,4885.76,refunded,Electronics,East,20,3
2632,2024-04-06,4658.32,completed,Clothing,West,12,4
2633,2024-04-06,1163.42,completed,Books,Central,31,2
2634,2024-04-06,4857.66,completed,Electronics,East,3,2
2635,2024-04-06,3838.04,completed,Sports,North,13,3
2636,2024-04-06,323.93,completed,Food,Central,18,1
2637,2024-04-06,2199.78,completed,Books,West,48,1
2638,2024-04-06,2768.43,completed,Sports,South,11,1
2639,2024-04-06,159.44,pending,Clothing,Central,38,1
2640,2024-04-06,3343.96,completed,Sports,Central,14,4
2641,2024-04-06,1154.96,pending,Clothing,West,40,1
2642,2024-04-06,2243.74,pending,Home,Central,2,5
2643,2024-04-06,2384.74,completed,Home,South,26,3
2644,2024-04-06,2560.59,pending,Books,Central,30,1
2645,2024-04-06,399.88,completed,Electronics,Central,40,5
2646,2024-04-06,1526.67,completed,Home,North,15,2
2647,2024-04-06,3505.24,completed,Books,Central,43,5
2648,2024-04-06,2828.92,failed,Food,North,15,1
2649,2024-04-06,59.43,completed,Sports,East,24,2
2650,2024-04-06,4820.24,completed,Clothing,East,12,3
2651,2024-04-06,2090.92,completed,Clothing,South,32,3
2652,2024-04-06,2122.27,refunded,Electronics,East,2,5
2653,2024-04-06,4865.89,completed,Home,West,12,3
2654,2024-04-06,21.28,completed,Sports,Central,45,3
2655,2024-04-06,1091.2,completed,Books,North,10,4
2656,2024-04-06,2736.66,completed,Clothing,East,25,2
2657,2024-04-06,1279.23,completed,Sports,Central,37,3
2658,2024-04-06,2375.5,completed,Food,West,19,2
2659,2024-04-07,3213.45,pending,Electronics,South,27,3
2660,2024-04-07,3749.02,completed,Home,North,3,3
2661,2024-04-07,3488.87,completed,Clothing,West,15,1
2662,2024-04-07,3500.56,completed,Electronics,North,32,2
2663,2024-04-07,4822.68,completed,Food,North,12,4
2664,2024-04-07,2601.11,pending,Food,Central,36,3
2665,2024-04-07,290.0,failed,Sports,West,47,5
2666,2024-04-07,813.86,completed,Home,West,15,4
2667,2024-04-07,3103.77,pending,Electronics,South,11,1
2668,2024-04-07,985.1,completed,Home,West,17,5
2669,2024-04-07,3765.91,pending,Sports,East,4,1
2670,2024-04-07,51.08,completed,Books,North,2,5
2671,2024-04-07,4581.08,completed,Food,North,39,4
2672,2024-04-07,1040.59,pending,Books,North,26,4
2673,2024-04-07,4355.36,completed,Books,West,6,2
2674,2024-04-07,1913.12,pending,Home,West,22,4
2675,2024-04-07,2355.89,pending,Clothing,North,45,4
2676,2024-04-07,4328.74,completed,Food,North,35,2
2677,2024-04-07,3761.44,failed,Home,West,29,1
2678,2024-04-07,2382.38,completed,Electronics,Central,6,3
2679,2024-04-07,3080.17,completed,Sports,East,1,1
2680,2024-04-07,37.44,completed,Clothing,South,43,5
2681,2024-04-07,1270.04,pending,Home,North,9,1
2682,2024-04-07,2245.21,completed,Food,Central,37,5
2683,2024-04-07,2256.86,pending,Books,Central,30,3
2684,2024-04-07,4849.14,completed,Sports,South,42,3
2685,2024-04-07,698.81,failed,Sports,South,39,2
2686,2024-04-08,2305.08,completed,Home,East,36,2
2687,2024-04-08,666.42,pending,Home,South,12,1
2688,2024-04-08,4346.11,completed,Books,West,47,5
2689,2024-04-08,1616.74,completed,Home,East,25,3
2690,2024-04-08,1943.98,completed,Books,South,45,3
2691,2024-04-08,3616.37,completed,Sports,South,40,4
2692,2024-04-08,1375.33,failed,Electronics,West,12,1
2693,2024-04-08,4881.3,pending,Sports,North,19,3
2694,2024-04-08,589.38,completed,Books,West,3,3
2695,2024-04-08,1117.39,completed,Home,South,1,4
2696,2024-04-08,1017.94,completed,Clothing,West,28,1
2697,2024-04-08,2278.29,completed,Books,South,3,1
2698,2024-04-08,3496.12,completed,Home,West,17,3
2699,2024-04-08,1989.13,pending,Food,South,17,2
2700,2024-04-08,154.8,completed,Books,North,18,4
2701,2024-04-08,482.47,failed,Food,West,34,5
2702,2024-04-08,589.62,refunded,Food,West,39,1
2703,2024-04-08,1978.85,completed,Clothing,South,7,5
2704,2024-04-08,2118.74,completed,Clothing,North,44,4
2705,2024-04-08,4086.67,completed,Food,South,13,5
2706,2024-04-08,4132.99,failed,Books,North,31,5
2707,2024-04-08,3379.69,pending,Electronics,South,21,5
2708,2024-04-08,2374.02,completed,Home,Central,7,1
2709,2024-04-08,1547.85,completed,Home,East,48,4
2710,2024-04-08,2275.11,refunded,Books,South,32,5
2711,2024-04-08,3508.96,completed,Clothing,Central,16,1
2712,2024-04-08,4749.0,completed,Electronics,North,29,4
2713,2024-04-08,4395.87,completed,Clothing,West,8,4
2714,2024-04-09,1809.52,completed,Books,East,27,2
2715,2024-04-09,3958.01,refunded,Home,East,7,5
2716,2024-04-09,1638.32,pending,Food,West,35,3
2717,2024-04-09,463.14,refunded,Books,East,49,4
2718,2024-04-09,997.28,failed,Books,West,30,2
2719,2024-04-09,2415.03,completed,Electronics,South,44,3
2720,2024-04-09,3609.08,failed,Books,South,10,2
2721,2024-04-09,3469.53,completed,Books,West,38,2
2722,2024-04-09,3265.6,refunded,Electronics,East,16,2
2723,2024-04-09,3915.76,completed,Sports,Central,19,1
2724,2024-04-09,3200.58,pending,Books,West,4,1
2725,2024-04-09,538.48,completed,Electronics,East,37,2
2726,2024-04-09,4194.98,completed,Clothing,North,44,4
2727,2024-04-09,2635.59,completed,Food,North,13,5
2728,2024-04-09,2318.95,completed,Sports,East,46,2
2729,2024-04-09,1623.4,completed,Books,West,1,4
2730,2024-04-09,3909.21,pending,Home,West,40,4
2731,2024-04-09,3879.54,completed,Food,South,27,3
2732,2024-04-09,3731.23,failed,Sports,East,17,5
2733,2024-04-09,946.7,completed,Clothing,East,26,1
2734,2024-04-09,1234.7,completed,Sports,Central,31,4
2735,2024-04-09,3116.87,completed,Electronics,West,39,2
2736,2024-04-09,1947.07,failed,Books,West,14,3
2737,2024-04-09,75.72,pending,Books,South,1,5
2738,2024-04-09,318.31,completed,Sports,North,42,4
2739,2024-04-09,1686.36,pending,Food,Central,9,5
2740,2024-04-09,1290.77,pending,Food,North,38,3
2741,2024-04-10,581.69,completed,Sports,South,2,1
2742,2024-04-10,4982.93,pending,Food,East,42,2
2743,2024-04-10,360.64,completed,Electronics,North,16,4
2744,2024-04-10,2742.93,completed,Sports,North,43,5
2745,2024-04-10,2038.23,completed,Sports,North,46,5
2746,2024-04-10,4519.43,completed,Food,South,14,3
2747,2024-04-10,3465.93,completed,Home,East,33,4
2748,2024-04-10,589.91,completed,Clothing,East,17,5
2749,2024-04-10,4340.69,completed,Books,West,11,1
2750,2024-04-10,1878.17,completed,Books,East,32,1
2751,2024-04-10,230.48,completed,Books,South,22,3
2752,2024-04-10,2697.87,failed,Home,South,10,1
2753,2024-04-10,1849.82,pending,Food,West,30,1
2754,2024-04-10,1626.74,completed,Home,North,3,1
2755,2024-04-10,3597.56,pending,Sports,South,5,4
2756,2024-04-10,1569.52,pending,Clothing,East,20,5
2757,2024-04-10,2449.01,refunded,Home,South,25,3
2758,2024-04-10,4071.78,completed,Electronics,South,7,3
2759,2024-04-10,2791.61,completed,Home,North,33,4
2760,2024-04-10,3986.55,pending,Clothing,East,27,1
2761,2024-04-10,3856.09,completed,Food,South,14,4
2762,2024-04-10,3140.81,failed,Books,South,43,4
2763,2024-04-10,3316.65,completed,Books,West,20,3
2764,2024-04-10,4845.76,completed,Food,West,14,3
2765,2024-04-10,4929.04,pending,Books,West,33,2
2766,2024-04-10,4424.39,pending,Food,West,48,5
2767,2024-04-10,4945.68,completed,Home,East,16,2
2768,2024-04-11,1929.21,completed,Electronics,South,21,4
2769,2024-04-11,974.31,completed,Clothing,Central,17,1
2770,2024-04-11,1469.02,completed,Clothing,Central,27,5
2771,2024-04-11,422.67,completed,Clothing,North,44,5
2772,2024-04-11,2137.08,pending,Books,West,8,5
2773,2024-04-11,456.59,completed,Electronics,South,37,5
2774,2024-04-11,3192.35,completed,Food,North,2,1
2775,2024-04-11,995.97,completed,Electronics,South,30,5
2776,2024-04-11,4948.36,completed,Home,West,33,5
2777,2024-04-11,3701.93,completed,Clothing,East,45,1
2778,2024-04-11,1848.92,completed,Sports,North,41,4
2779,2024-04-11,3820.46,completed,Electronics,East,33,3
2780,2024-04-11,2101.22,refunded,Electronics,South,15,1
2781,2024-04-11,849.47,pending,Food,East,10,4
2782,2024-04-11,861.36,pending,Electronics,East,18,3
2783,2024-04-11,1939.12,pending,Books,West,4,3
2784,2024-04-11,2560.61,failed,Electronics,Central,36,2
2785,2024-04-11,4511.82,completed,Food,North,39,5
2786,2024-04-11,1774.44,pending,Home,North,19,2
2787,2024-04-11,4057.37,completed,Sports,South,31,5
2788,2024-04-11,606.99,completed,Sports,North,2,5
2789,2024-04-11,3866.29,completed,Sports,North,10,5
2790,2024-04-11,1965.31,completed,Clothing,West,26,2
2791,2024-04-11,1554.26,failed,Sports,North,43,4
2792,2024-04-11,2639.34,completed,Sports,West,43,2
2793,2024-04-11,3916.16,completed,Home,North,11,5
2794,2024-04-11,2422.65,completed,Food,South,15,3
2795,2024-04-11,2133.68,completed,Electronics,East,8,3
2796,2024-04-12,3973.19,refunded,Books,Central,24,5
2797,2024-04-12,3903.35,failed,Food,West,45,1
2798,2024-04-12,2980.01,completed,Electronics,South,34,3
2799,2024-04-12,2658.38,pending,Clothing,South,42,1
2800,2024-04-12,835.51,failed,Food,Central,17,4
2801,2024-04-12,2658.39,completed,Food,South,41,1
2802,2024-04-12,474.55,completed,Sports,West,24,3
2803,2024-04-12,4500.09,failed,Books,North,37,1
2804,2024-04-12,1893.16,completed,Books,North,33,2
2805,2024-04-12,2415.86,completed,Home,Central,30,4
2806,2024-04-12,1954.65,completed,Sports,Central,40,5
2807,2024-04-12,3639.0,completed,Clothing,West,17,3
2808,2024-04-12,2228.98,completed,Food,East,23,5
2809,2024-04-12,4129.83,completed,Electronics,Central,3,5
2810,2024-04-12,2901.03,completed,Sports,East,30,2
2811,2024-04-12,376.01,completed,Electronics,East,11,5
2812,2024-04-12,1414.48,completed,Home,West,20,5
2813,2024-04-12,4526.85,pending,Home,West,9,1
2814,2024-04-12,342.73,completed,Home,South,20,5
2815,2024-04-12,4795.49,completed,Electronics,South,37,5
2816,2024-04-12,4222.87,completed,Electronics,West,7,3
2817,2024-04-12,3976.84,completed,Books,West,4,3
2818,2024-04-12,4172.94,pending,Clothing,West,12,2
2819,2024-04-12,3292.39,pending,Sports,East,13,5
2820,2024-04-12,506.73,completed,Sports,West,12,1
2821,2024-04-12,2653.93,completed,Books,Central,1,3
2822,2024-04-12,2793.02,pending,Clothing,South,33,5
2823,2024-04-13,991.41,pending,Clothing,Central,2,1
2824,2024-04-13,4601.95,completed,Sports,West,21,4
2825,2024-04-13,3838.88,completed,Sports,South,36,4
2826,2024-04-13,3435.65,completed,Books,Central,11,4
2827,2024-04-13,2474.98,completed,Books,Central,23,3
2828,2024-04-13,4952.02,completed,Food,Central,40,2
2829,2024-04-13,982.78,completed,Electronics,West,31,1
2830,2024-04-13,2754.74,refunded,Clothing,South,22,5
2831,2024-04-13,1298.04,completed,Home,South,38,4
2832,2024-04-13,132.63,pending,Home,Central,33,1
2833,2024-04-13,72.09,completed,Food,East,15,1
2834,2024-04-13,4815.31,completed,Books,East,39,2
2835,2024-04-13,2666.49,completed,Electronics,West,15,1
2836,2024-04-13,3917.51,failed,Clothing,Central,21,3
2837,2024-04-13,3972.34,completed,Books,South,12,3
2838,2024-04-13,277.27,pending,Home,East,33,3
2839,2024-04-13,4049.34,refunded,Books,North,15,2
2840,2024-04-13,2396.83,completed,Home,East,2,4
2841,2024-04-13,2092.67,completed,Clothing,South,2,1
2842,2024-04-13,4399.86,completed,Clothing,East,27,4
2843,2024-04-13,4398.48,completed,Food,North,26,1
2844,2024-04-13,3862.0,pending,Home,West,8,3
2845,2024-04-13,2407.52,completed,Home,West,46,4
2846,2024-04-13,1891.01,completed,Sports,West,14,2
2847,2024-04-13,719.09,refunded,Food,South,33,5
2848,2024-04-13,4863.44,refunded,Clothing,East,46,1
2849,2024-04-13,15.44,completed,Food,Central,10,3
2850,2024-04-13,4005.55,completed,Food,South,25,3
2851,2024-04-14,1652.98,completed,Books,South,31,5
2852,2024-04-14,561.86,completed,Electronics,East,16,2
2853,2024-04-14,230.87,completed,Clothing,North,25,5
2854,2024-04-14,699.47,completed,Electronics,West,45,2
2855,2024-04-14,492.5,failed,Electronics,South,40,2
2856,2024-04-14,3208.07,refunded,Books,Central,18,1
2857,2024-04-14,3927.72,completed,Sports,Central,25,3
2858,2024-04-14,327.12,completed,Books,South,8,5
2859,2024-04-14,2045.03,completed,Food,North,28,2
2860,2024-04-14,595.2,pending,Books,West,31,1
2861,2024-04-14,1263.73,failed,Books,South,24,2
2862,2024-04-14,3100.67,completed,Clothing,East,44,5
2863,2024-04-14,3983.14,completed,Electronics,South,45,1
2864,2024-04-14,613.37,completed,Food,West,27,2
2865,2024-04-14,772.8,completed,Electronics,South,16,1
2866,2024-04-14,69.86,pending,Clothing,North,32,4
2867,2024-04-14,1490.56,completed,Sports,Central,33,1
2868,2024-04-14,4329.2,completed,Home,West,16,5
2869,2024-04-14,2114.51,pending,Food,West,2,5
2870,2024-04-14,3848.38,completed,Home,Central,9,5
2871,2024-04-14,1339.1,completed,Food,North,13,3
2872,2024-04-14,602.37,completed,Electronics,North,21,2
2873,2024-04-14,1262.42,refunded,Food,Central,39,1
2874,2024-04-14,37.62,failed,Food,Central,14,1
2875,2024-04-14,4641.26,pending,Food,North,41,3
2876,2024-04-14,4018.5,pending,Clothing,East,32,3
2877,2024-04-14,1365.12,completed,Clothing,North,30,3
2878,2024-04-15,4838.12,pending,Home,South,10,2
2879,2024-04-15,4809.36,completed,Books,South,10,5
2880,2024-04-15,2137.21,completed,Home,South,36,5
2881,2024-04-15,894.03,completed,Food,Central,34,5
2882,2024-04-15,4793.65,completed,Home,South,8,2
2883,2024-04-15,3481.58,completed,Food,Central,18,1
2884,2024-04-15,750.36,completed,Home,North,36,4
2885,2024-04-15,4417.44,failed,Books,North,29,4
2886,2024-04-15,2401.99,failed,Books,West,17,4
2887,2024-04-15,1804.3,completed,Clothing,Central,44,4
2888,2024-04-15,1051.2,completed,Sports,West,22,1
2889,2024-04-15,1505.37,completed,Electronics,East,46,4
2890,2024-04-15,1345.26,completed,Food,Central,24,1
2891,2024-04-15,2043.45,pending,Home,East,10,2
2892,2024-04-15,4928.4,pending,Home,North,38,2
2893,2024-04-15,631.72,completed,Books,North,33,1
2894,2024-04-15,4750.32,failed,Books,Central,47,3
2895,2024-04-15,740.84,completed,Home,North,42,5
2896,2024-04-15,2462.86,completed,Food,North,33,3
2897,2024-04-15,30.02,completed,Electronics,East,34,4
2898,2024-04-15,551.25,completed,Books,Central,12,5
2899,2024-04-15,68.36,completed,Electronics,East,13,4
2900,2024-04-15,435.33,pending,Food,Central,8,5
2901,2024-04-15,4027.91,failed,Food,East,24,4
2902,2024-04-15,1634.08,completed,Sports,Central,42,2
2903,2024-04-15,1185.87,completed,Clothing,South,6,3
2904,2024-04-15,2274.62,completed,Clothing,South,25,4
2905,2024-04-16,1299.21,completed,Books,North,19,1
2906,2024-04-16,3588.91,completed,Sports,West,9,3
2907,2024-04-16,3255.04,completed,Home,East,47,1
2908,2024-04-16,909.71,completed,Home,East,5,3
2909,2024-04-16,1250.74,completed,Sports,Central,33,5
2910,2024-04-16,2063.56,completed,Food,South,20,5
2911,2024-04-16,4377.56,completed,Home,West,2,5
2912,2024-04-16,2157.73,pending,Home,East,10,1
2913,2024-04-16,248.8,completed,Food,South,9,3
2914,2024-04-16,87.01,completed,Sports,South,27,2
2915,2024-04-16,2248.41,completed,Electronics,East,15,4
2916,2024-04-16,4984.33,failed,Home,East,41,1
2917,2024-04-16,2517.57,completed,Books,Central,46,4
2918,2024-04-16,3311.13,completed,Electronics,East,3,2
2919,2024-04-16,4289.69,completed,Electronics,South,1,2
2920,2024-04-16,1282.36,pending,Home,Central,47,5
2921,2024-04-16,62.82,failed,Sports,North,6,5
2922,2024-04-16,1696.36,completed,Sports,East,3,5
2923,2024-04-16,510.13,completed,Clothing,East,6,4
2924,2024-04-16,1434.51,pending,Electronics,North,1,1
2925,2024-04-16,1715.81,refunded,Sports,East,11,3
2926,2024-04-16,327.88,completed,Books,North,5,3
2927,2024-04-16,1535.51,completed,Food,Central,1,4
2928,2024-04-16,3703.82,pending,Home,East,29,5
2929,2024-04-16,3327.17,completed,Sports,East,13,4
2930,2024-04-16,1188.82,completed,Books,North,49,3
2931,2024-04-16,232.32,pending,Electronics,Central,30,5
2932,2024-04-16,2007.53,completed,Books,West,21,1
2933,2024-04-17,2654.42,pending,Food,North,19,2
2934,2024-04-17,183.8,completed,Electronics,North,7,5
2935,2024-04-17,1443.68,completed,Home,South,35,5
2936,2024-04-17,3129.3,pending,Food,Central,4,3
2937,2024-04-17,2034.72,completed,Sports,North,7,2
2938,2024-04-17,3010.59,completed,Food,West,49,5
2939,2024-04-17,3840.03,completed,Clothing,North,22,1
2940,2024-04-17,1666.16,completed,Books,East,5,4
2941,2024-04-17,2843.43,completed,Electronics,South,2,5
2942,2024-04-17,4914.97,completed,Home,Central,39,2
2943,2024-04-17,3328.38,completed,Food,East,2,4
2944,2024-04-17,4497.88,failed,Home,North,10,5
2945,2024-04-17,3652.37,pending,Food,North,30,4
2946,2024-04-17,4735.37,completed,Home,Central,14,1
2947,2024-04-17,3154.34,completed,Home,Central,6,2
2948,2024-04-17,4994.79,completed,Electronics,North,48,3
2949,2024-04-17,40.93,completed,Books,North,20,5
2950,2024-04-17,4923.05,completed,Electronics,North,35,4
2951,2024-04-17,4933.55,completed,Food,South,29,3
2952,2024-04-17,681.44,refunded,Books,South,18,1
2953,2024-04-17,4616.82,completed,Clothing,North,33,4
2954,2024-04-17,843.09,completed,Clothing,Central,7,2
2955,2024-04-17,4852.02,pending,Food,North,11,1
2956,2024-04-17,2255.68,completed,Sports,North,29,1
2957,2024-04-17,3023.56,completed,Home,North,17,2
2958,2024-04-17,1834.47,completed,Food,East,37,5
2959,2024-04-17,4714.21,completed,Home,West,21,5
2960,2024-04-18,2981.88,pending,Clothing,West,32,4
2961,2024-04-18,4688.47,completed,Sports,Central,30,3
2962,2024-04-18,1006.35,completed,Books,East,33,5
2963,2024-04-18,2327.46,completed,Food,South,38,2
2964,2024-04-18,3428.81,failed,Food,West,5,2
2965,2024-04-18,1306.27,completed,Sports,West,45,4
2966,2024-04-18,3592.17,completed,Home,South,48,1
2967,2024-04-18,349.55,pending,Home,West,29,1
2968,2024-04-18,20.69,completed,Food,West,28,2
2969,2024-04-18,22.86,failed,Electronics,North,24,5
2970,2024-04-18,3350.05,completed,Books,Central,15,4
2971,2024-04-18,3308.17,pending,Sports,Central,31,4
2972,2024-04-18,51.13,failed,Electronics,East,33,2
2973,2024-04-18,2150.01,pending,Home,West,4,1
2974,2024-04-18,2914.56,completed,Sports,South,39,2
2975,2024-04-18,1513.84,completed,Sports,Central,39,2
2976,2024-04-18,3365.16,pending,Books,East,40,2
2977,2024-04-18,2913.45,refunded,Clothing,South,12,4
2978,2024-04-18,726.54,completed,Clothing,South,49,2
2979,2024-04-18,2701.3,completed,Electronics,West,15,2
2980,2024-04-18,4107.04,failed,Home,East,3,5
2981,2024-04-18,3926.14,completed,Clothing,South,24,3
2982,2024-04-18,528.57,pending,Books,East,21,1
2983,2024-04-18,4852.51,completed,Books,West,9,1
2984,2024-04-18,1967.08,completed,Food,Central,22,2
2985,2024-04-18,1554.3,completed,Clothing,North,47,1
2986,2024-04-18,3485.57,failed,Food,East,4,3
2987,2024-04-18,3526.74,completed,Food,Central,30,5
2988,2024-04-19,3961.23,failed,Books,East,23,4
2989,2024-04-19,2621.19,completed,Clothing,South,47,1
2990,2024-04-19,4095.31,completed,Electronics,North,37,1
2991,2024-04-19,2795.84,failed,Electronics,East,46,1
2992,2024-04-19,979.79,completed,Home,North,22,4
2993,2024-04-19,878.0,pending,Home,East,34,2
2994,2024-04-19,200.85,pending,Books,West,28,2
2995,2024-04-19,3073.46,completed,Clothing,North,36,3
2996,2024-04-19,1448.14,completed,Food,North,32,3
2997,2024-04-19,998.81,completed,Books,South,22,1
2998,2024-04-19,2068.02,completed,Clothing,West,14,5
2999,2024-04-19,1427.49,completed,Food,South,46,4
3000,2024-04-19,1544.55,completed,Clothing,West,30,3
3001,2024-04-19,1365.17,completed,Sports,North,32,5
3002,2024-04-19,4752.59,completed,Clothing,North,49,5
3003,2024-04-19,2413.51,completed,Electronics,East,37,1
3004,2024-04-19,2080.23,pending,Home,West,40,5
3005,2024-04-19,3529.48,completed,Home,West,12,4
3006,2024-04-19,1165.18,completed,Clothing,Central,12,3
3007,2024-04-19,2935.8,completed,Home,East,29,1
3008,2024-04-19,3026.65,completed,Sports,East,21,4
3009,2024-04-19,2933.13,completed,Sports,Central,33,2
3010,2024-04-19,223.58,pending,Books,Central,17,5
3011,2024-04-19,2360.74,completed,Books,West,8,1
3012,2024-04-19,553.7,completed,Electronics,South,34,1
3013,2024-04-19,4370.27,refunded,Clothing,North,26,2
3014,2024-04-19,2600.77,completed,Food,Central,2,3
3015,2024-04-20,4773.58,pending,Sports,East,41,4
3016,2024-04-20,4999.22,refunded,Electronics,Central,26,4
3017,2024-04-20,2816.56,completed,Books,West,18,4
3018,2024-04-20,3900.87,completed,Books,South,4,1
3019,2024-04-20,3342.77,completed,Food,Central,37,5
3020,2024-04-20,2263.95,refunded,Sports,North,46,5
3021,2024-04-20,1223.39,pending,Food,East,21,4
3022,2024-04-20,653.61,completed,Food,Central,20,3
3023,2024-04-20,398.82,completed,Home,Central,42,3
3024,2024-04-20,2044.3,completed,Food,Central,38,3
3025,2024-04-20,2856.17,completed,Sports,Central,41,1
3026,2024-04-20,4963.29,completed,Electronics,Central,37,3
3027,2024-04-20,3365.82,completed,Clothing,Central,34,3
3028,2024-04-20,3649.35,completed,Clothing,South,30,3
3029,2024-04-20,3990.99,completed,Sports,East,12,2
3030,2024-04-20,3146.7,completed,Clothing,Central,20,4
3031,2024-04-20,2690.56,completed,Books,North,34,3
3032,2024-04-20,258.58,refunded,Clothing,Central,12,4
3033,2024-04-20,200.32,failed,Electronics,South,45,1
3034,2024-04-20,1190.34,completed,Books,Central,26,5
3035,2024-04-20,2370.99,pending,Clothing,Central,41,5
3036,2024-04-20,2057.16,completed,Clothing,South,12,1
3037,2024-04-20,4822.97,completed,Electronics,North,47,4
3038,2024-04-20,1997.62,pending,Home,South,47,3
3039,2024-04-20,1775.73,completed,Electronics,North,32,1
3040,2024-04-20,3936.46,completed,Clothing,West,29,1
3041,2024-04-20,2358.79,completed,Electronics,West,6,2
3042,2024-04-21,3463.01,pending,Food,South,26,2
3043,2024-04-21,2673.88,failed,Clothing,South,1,4
3044,2024-04-21,3045.67,completed,Home,West,17,1
3045,2024-04-21,2976.32,completed,Food,Central,46,5
3046,2024-04-21,452.92,completed,Sports,North,22,5
3047,2024-04-21,1374.9,completed,Home,East,48,5
3048,2024-04-21,3501.07,completed,Books,North,10,1
3049,2024-04-21,495.3,pending,Electronics,West,13,3
3050,2024-04-21,757.57,completed,Food,Central,33,2
3051,2024-04-21,1623.72,completed,Books,South,47,2
3052,2024-04-21,652.17,pending,Electronics,East,13,5
3053,2024-04-21,4232.8,failed,Food,South,17,5
3054,2024-04-21,849.5,completed,Home,North,25,5
3055,2024-04-21,576.12,completed,Electronics,South,49,3
3056,2024-04-21,2993.43,completed,Electronics,North,41,5
3057,2024-04-21,3448.5,pending,Clothing,Central,23,1
3058,2024-04-21,3697.04,completed,Sports,West,28,1
3059,2024-04-21,1400.17,completed,Clothing,Central,22,4
3060,2024-04-21,407.82,completed,Sports,East,1,1
3061,2024-04-21,4916.98,completed,Home,Central,49,3
3062,2024-04-21,1226.63,completed,Home,North,31,3
3063,2024-04-21,1830.43,completed,Books,Central,19,2
3064,2024-04-21,929.91,completed,Electronics,Central,33,1
3065,2024-04-21,549.26,completed,Food,West,16,4
3066,2024-04-21,3780.72,pending,Home,South,46,5
3067,2024-04-21,3569.5,completed,Clothing,West,35,4
3068,2024-04-21,4542.13,completed,Clothing,East,5,4
3069,2024-04-21,1778.26,completed,Clothing,Central,18,1
3070,2024-04-22,2495.64,completed,Electronics,South,22,3
3071,2024-04-22,1790.05,pending,Sports,West,16,5
3072,2024-04-22,4497.21,completed,Electronics,East,30,2
3073,2024-04-22,517.38,failed,Books,West,30,4
3074,2024-04-22,4921.59,refunded,Clothing,East,18,4
3075,2024-04-22,1127.83,completed,Sports,East,46,2
3076,2024-04-22,628.58,pending,Clothing,North,18,2
3077,2024-04-22,225.25,completed,Food,West,30,1
3078,2024-04-22,3980.54,completed,Food,South,28,5
3079,2024-04-22,3631.33,refunded,Food,West,45,2
3080,2024-04-22,4043.76,completed,Food,South,7,5
3081,2024-04-22,4195.1,completed,Electronics,South,34,4
3082,2024-04-22,3085.03,failed,Clothing,West,12,2
3083,2024-04-22,225.7,failed,Home,East,18,2
3084,2024-04-22,265.83,completed,Electronics,South,29,4
3085,2024-04-22,4684.95,completed,Electronics,West,48,3
3086,2024-04-22,4623.06,completed,Books,North,2,3
3087,2024-04-22,2918.26,failed,Food,West,47,2
3088,2024-04-22,4160.37,completed,Food,East,18,2
3089,2024-04-22,4510.69,completed,Books,Central,6,1
3090,2024-04-22,372.5,failed,Electronics,East,44,3
3091,2024-04-22,500.41,completed,Electronics,West,30,1
3092,2024-04-22,4197.33,completed,Home,South,2,5
3093,2024-04-22,154.58,completed,Sports,Central,3,3
3094,2024-04-22,1249.78,completed,Sports,South,45,2
3095,2024-04-22,1162.05,completed,Clothing,Central,32,4
3096,2024-04-22,1068.12,refunded,Clothing,West,35,5
3097,2024-04-23,3312.68,completed,Sports,West,27,1
3098,2024-04-23,3498.86,completed,Electronics,East,6,3
3099,2024-04-23,1782.53,refunded,Clothing,West,42,4
3100,2024-04-23,590.85,failed,Electronics,South,37,1
3101,2024-04-23,3777.56,pending,Electronics,Central,46,2
3102,2024-04-23,2161.82,pending,Books,Central,22,4
3103,2024-04-23,1926.16,pending,Electronics,West,40,2
3104,2024-04-23,995.31,completed,Books,South,12,5
3105,2024-04-23,1677.5,pending,Sports,East,31,5
3106,2024-04-23,3572.4,completed,Home,East,45,2
3107,2024-04-23,1754.6,completed,Books,West,28,2
3108,2024-04-23,3549.08,completed,Food,Central,48,3
3109,2024-04-23,3083.0,pending,Electronics,East,25,1
3110,2024-04-23,497.19,failed,Food,North,38,2
3111,2024-04-23,4539.26,completed,Home,West,31,1
3112,2024-04-23,3440.52,completed,Clothing,North,48,4
3113,2024-04-23,1135.58,pending,Electronics,West,29,1
3114,2024-04-23,4977.02,pending,Food,South,28,4
3115,2024-04-23,2352.0,completed,Food,North,46,2
3116,2024-04-23,4915.0,completed,Sports,West,16,3
3117,2024-04-23,265.65,completed,Food,Central,29,4
3118,2024-04-23,1773.41,pending,Books,South,15,2
3119,2024-04-23,666.69,pending,Books,West,43,3
3120,2024-04-23,3582.08,completed,Books,East,15,1
3121,2024-04-23,3682.38,pending,Books,West,32,1
3122,2024-04-23,109.53,pending,Books,South,29,2
3123,2024-04-23,3053.31,pending,Sports,North,6,1
3124,2024-04-24,846.04,completed,Clothing,Central,36,2
3125,2024-04-24,981.21,completed,Electronics,West,49,5
3126,2024-04-24,3385.92,completed,Food,West,13,4
3127,2024-04-24,4461.45,completed,Books,South,43,4
3128,2024-04-24,452.4,completed,Home,East,22,2
3129,2024-04-24,1441.26,pending,Books,North,21,2
3130,2024-04-24,1009.26,pending,Books,Central,46,1
3131,2024-04-24,123.15,completed,Clothing,West,30,1
3132,2024-04-24,3725.98,completed,Books,Central,41,5
3133,2024-04-24,1758.79,completed,Sports,West,45,1
3134,2024-04-24,227.52,pending,Food,West,16,1
3135,2024-04-24,789.6,pending,Books,Central,5,2
3136,2024-04-24,837.97,completed,Sports,South,13,1
3137,2024-04-24,2818.47,refunded,Books,North,45,4
3138,2024-04-24,4964.15,completed,Food,East,39,4
3139,2024-04-24,541.66,pending,Sports,South,30,3
3140,2024-04-24,650.12,completed,Sports,Central,45,3
3141,2024-04-24,2113.19,completed,Home,North,42,4
3142,2024-04-24,4555.48,completed,Electronics,Central,21,5
3143,2024-04-24,3880.99,refunded,Sports,West,26,3
3144,2024-04-24,2063.3,failed,Home,West,3,5
3145,2024-04-24,4735.26,completed,Electronics,West,48,3
3146,2024-04-24,2929.19,completed,Books,West,10,1
3147,2024-04-24,3095.25,completed,Electronics,Central,29,5
3148,2024-04-24,1808.16,pending,Electronics,North,39,5
3149,2024-04-24,3966.57,completed,Home,South,42,4
3150,2024-04-24,4618.97,completed,Electronics,North,32,1
3151,2024-04-24,3744.61,completed,Food,South,7,2
3152,2024-04-25,1950.35,completed,Sports,East,19,4
3153,2024-04-25,217.25,completed,Clothing,East,5,3
3154,2024-04-25,530.28,refunded,Electronics,Central,3,4
3155,2024-04-25,1739.13,completed,Electronics,South,23,3
3156,2024-04-25,4139.3,pending,Clothing,West,2,1
3157,2024-04-25,4290.33,completed,Sports,South,37,4
3158,2024-04-25,4918.65,completed,Electronics,Central,9,1
3159,2024-04-25,278.88,completed,Sports,North,2,3
3160,2024-04-25,2802.85,completed,Sports,North,21,2
3161,2024-04-25,2609.87,completed,Home,West,32,2
3162,2024-04-25,4940.77,completed,Sports,West,48,1
3163,2024-04-25,1951.02,completed,Sports,West,46,5
3164,2024-04-25,4465.31,completed,Electronics,Central,40,1
3165,2024-04-25,4821.67,completed,Food,North,37,2
3166,2024-04-25,2539.66,completed,Books,North,36,4
3167,2024-04-25,4559.77,completed,Home,West,5,5
3168,2024-04-25,1870.68,completed,Food,East,35,3
3169,2024-04-25,1631.01,failed,Clothing,North,1,3
3170,2024-04-25,330.04,completed,Sports,North,10,2
3171,2024-04-25,1087.65,pending,Books,West,47,3
3172,2024-04-25,4680.67,completed,Food,South,6,3
3173,2024-04-25,1000.79,completed,Electronics,Central,21,3
3174,2024-04-25,4010.25,completed,Home,East,16,2
3175,2024-04-25,3211.44,completed,Electronics,Central,42,1
3176,2024-04-25,2809.57,completed,Sports,Central,9,5
3177,2024-04-25,4200.31,refunded,Electronics,West,46,2
3178,2024-04-25,2143.66,completed,Books,South,49,2
3179,2024-04-26,2235.91,pending,Home,South,17,5
3180,2024-04-26,1987.13,completed,Clothing,Central,35,1
3181,2024-04-26,2558.95,completed,Home,Central,16,3
3182,2024-04-26,3328.74,completed,Home,Central,18,2
3183,2024-04-26,629.15,failed,Sports,West,13,2
3184,2024-04-26,3101.95,completed,Food,East,24,2
3185,2024-04-26,726.91,completed,Books,North,38,3
3186,2024-04-26,4370.78,completed,Books,North,2,2
3187,2024-04-26,2544.55,pending,Home,Central,47,4
3188,2024-04-26,458.95,completed,Sports,North,43,1
3189,2024-04-26,1715.03,completed,Books,East,35,3
3190,2024-04-26,2355.4,completed,Food,South,21,5
3191,2024-04-26,636.54,pending,Home,South,42,1
3192,2024-04-26,3880.64,completed,Sports,West,43,3
3193,2024-04-26,1119.57,pending,Sports,West,17,3
3194,2024-04-26,2389.91,completed,Electronics,East,12,1
3195,2024-04-26,3834.25,completed,Books,Central,3,4
3196,2024-04-26,1717.75,failed,Home,West,36,2
3197,2024-04-26,4809.55,completed,Home,North,6,4
3198,2024-04-26,4906.51,completed,Food,East,39,4
3199,2024-04-26,2521.94,pending,Sports,East,38,2
3200,2024-04-26,1908.67,failed,Sports,West,31,4
3201,2024-04-26,1515.55,pending,Sports,South,35,2
3202,2024-04-26,3292.48,pending,Sports,East,32,3
3203,2024-04-26,1590.81,completed,Electronics,Central,20,4
3204,2024-04-26,3126.6,completed,Food,South,10,5
3205,2024-04-26,743.44,failed,Sports,North,1,3
3206,2024-04-26,752.25,refunded,Clothing,East,15,3
3207,2024-04-27,772.99,completed,Books,Central,17,3
3208,2024-04-27,2571.58,failed,Clothing,South,12,3
3209,2024-04-27,2189.48,completed,Sports,East,40,5
3210,2024-04-27,2069.22,completed,Food,South,37,2
3211,2024-04-27,1222.71,pending,Electronics,West,14,5
3212,2024-04-27,4339.6,failed,Clothing,West,40,5
3213,2024-04-27,3137.87,failed,Food,North,43,4
3214,2024-04-27,708.61,completed,Clothing,North,24,3
3215,2024-04-27,4240.17,completed,Books,West,37,2
3216,2024-04-27,282.37,completed,Sports,South,6,3
3217,2024-04-27,4767.18,completed,Food,North,16,4
3218,2024-04-27,3214.42,completed,Home,East,44,5
3219,2024-04-27,1367.75,failed,Electronics,North,47,4
3220,2024-04-27,1419.03,failed,Food,South,28,4
3221,2024-04-27,4545.25,completed,Sports,West,22,3
3222,2024-04-27,948.59,completed,Food,East,39,1
3223,2024-04-27,111.61,pending,Clothing,Central,33,4
3224,2024-04-27,1863.55,pending,Books,Central,40,4
3225,2024-04-27,3244.73,pending,Books,Central,29,4
3226,2024-04-27,4518.14,completed,Books,North,11,2
3227,2024-04-27,2737.21,completed,Home,East,42,1
3228,2024-04-27,4424.39,pending,Books,Central,34,4
3229,2024-04-27,4331.58,completed,Food,North,15,1
3230,2024-04-27,2260.45,completed,Food,North,13,1
3231,2024-04-27,3827.84,completed,Food,East,2,3
3232,2024-04-27,2412.16,completed,Clothing,South,24,5
3233,2024-04-27,628.22,completed,Electronics,Central,41,5
3234,2024-04-28,726.4,completed,Books,North,41,1
3235,2024-04-28,4660.81,completed,Food,East,39,5
3236,2024-04-28,2849.94,completed,Food,North,24,1
3237,2024-04-28,3394.98,completed,Electronics,East,25,4
3238,2024-04-28,2151.03,completed,Sports,East,29,1
3239,2024-04-28,2167.59,completed,Food,South,38,3
3240,2024-04-28,4768.29,pending,Clothing,Central,10,2
3241,2024-04-28,4276.24,completed,Home,North,9,2
3242,2024-04-28,3794.67,completed,Books,West,13,4
3243,2024-04-28,2853.73,pending,Home,East,24,3
3244,2024-04-28,2336.22,failed,Sports,East,34,3
3245,2024-04-28,4633.12,completed,Sports,North,11,2
3246,2024-04-28,188.17,completed,Electronics,South,42,5
3247,2024-04-28,583.8,pending,Clothing,East,9,4
3248,2024-04-28,3552.83,pending,Home,Central,7,5
3249,2024-04-28,180.39,completed,Home,South,33,3
3250,2024-04-28,2925.31,completed,Clothing,South,43,1
3251,2024-04-28,862.19,completed,Books,Central,8,3
3252,2024-04-28,1234.18,completed,Home,South,21,4
3253,2024-04-28,756.8,pending,Home,East,43,1
3254,2024-04-28,3256.22,pending,Electronics,North,19,1
3255,2024-04-28,2461.4,completed,Electronics,North,7,4
3256,2024-04-28,435.97,completed,Food,West,22,3
3257,2024-04-28,737.06,failed,Sports,South,45,3
3258,2024-04-28,2707.48,completed,Books,Central,6,3
3259,2024-04-28,1461.88,completed,Sports,North,12,4
3260,2024-04-28,2237.17,completed,Clothing,East,39,4
3261,2024-04-29,1677.37,completed,Food,Central,22,3
3262,2024-04-29,4660.69,completed,Home,East,27,4
3263,2024-04-29,2825.72,completed,Clothing,West,44,1
3264,2024-04-29,604.79,completed,Electronics,West,30,1
3265,2024-04-29,4946.25,pending,Food,Central,42,1
3266,2024-04-29,1745.81,completed,Clothing,South,34,3
3267,2024-04-29,363.58,failed,Food,Central,3,3
3268,2024-04-29,4016.01,completed,Electronics,North,24,2
3269,2024-04-29,1312.52,completed,Home,West,32,2
3270,2024-04-29,4315.77,completed,Clothing,East,5,4
3271,2024-04-29,4881.11,completed,Food,East,15,1
3272,2024-04-29,3461.96,completed,Books,Central,48,5
3273,2024-04-29,3792.98,completed,Electronics,North,28,4
3274,2024-04-29,3978.33,refunded,Clothing,South,25,3
3275,2024-04-29,3880.74,completed,Home,West,31,1
3276,2024-04-29,4482.45,completed,Electronics,North,4,4
3277,2024-04-29,468.86,completed,Sports,West,10,4
3278,2024-04-29,2430.94,failed,Electronics,East,21,4
3279,2024-04-29,1680.07,pending,Books,East,44,3
3280,2024-04-29,2082.43,completed,Clothing,West,38,1
3281,2024-04-29,766.53,pending,Books,East,44,1
3282,2024-04-29,3135.87,pending,Clothing,West,34,2
3283,2024-04-29,3037.87,refunded,Food,West,29,1
3284,2024-04-29,227.9,failed,Home,North,35,1
3285,2024-04-29,1882.48,completed,Clothing,North,36,5
3286,2024-04-29,1572.87,completed,Electronics,East,11,5
3287,2024-04-29,1154.89,completed,Home,Central,17,3
3288,2024-04-29,882.05,completed,Sports,North,16,2
3289,2024-04-30,3742.7,completed,Books,South,36,4
3290,2024-04-30,1560.59,completed,Food,East,36,3
3291,2024-04-30,1679.46,completed,Sports,East,5,4
3292,2024-04-30,240.36,pending,Food,West,10,4
3293,2024-04-30,307.33,pending,Food,South,20,5
3294,2024-04-30,2640.22,completed,Books,South,9,1
3295,2024-04-30,618.14,completed,Sports,West,26,5
3296,2024-04-30,1990.19,completed,Home,East,21,4
3297,2024-04-30,3447.89,completed,Sports,West,18,4
3298,2024-04-30,1584.1,refunded,Home,North,45,3
3299,2024-04-30,4533.08,pending,Sports,South,25,1
3300,2024-04-30,2843.21,completed,Home,Central,27,4
3301,2024-04-30,181.99,completed,Food,North,25,2
3302,2024-04-30,2656.17,completed,Sports,East,26,1
3303,2024-04-30,2025.34,completed,Food,West,15,1
3304,2024-04-30,1324.25,completed,Books,North,31,2
3305,2024-04-30,321.84,completed,Sports,West,5,2
3306,2024-04-30,4810.07,pending,Sports,North,3,5
3307,2024-04-30,1361.05,completed,Clothing,West,34,5
3308,2024-04-30,3900.92,completed,Electronics,East,10,5
3309,2024-04-30,1582.92,completed,Home,North,16,3
3310,2024-04-30,2974.8,completed,Electronics,West,10,3
3311,2024-04-30,4546.75,pending,Clothing,South,46,3
3312,2024-04-30,3365.19,completed,Food,Central,45,1
3313,2024-04-30,1863.29,completed,Food,West,24,3
3314,2024-04-30,2241.8,completed,Food,South,49,4
3315,2024-04-30,4330.99,failed,Electronics,Central,4,5
3316,2024-05-01,2294.19,refunded,Sports,Central,43,5
3317,2024-05-01,2338.61,completed,Sports,East,41,2
3318,2024-05-01,298.47,completed,Books,North,13,4
3319,2024-05-01,4447.47,completed,Electronics,North,26,3
3320,2024-05-01,691.01,completed,Electronics,East,3,4
3321,2024-05-01,2646.89,completed,Electronics,West,24,3
3322,2024-05-01,2677.86,completed,Sports,Central,47,4
3323,2024-05-01,373.5,pending,Clothing,Central,42,3
3324,2024-05-01,1474.56,completed,Food,North,37,4
3325,2024-05-01,2478.44,completed,Home,Central,4,1
3326,2024-05-01,3153.01,pending,Books,West,36,5
3327,2024-05-01,2413.79,pending,Sports,Central,42,2
3328,2024-05-01,1645.39,completed,Home,West,10,2
3329,2024-05-01,1965.65,refunded,Clothing,Central,8,1
3330,2024-05-01,3919.54,pending,Home,North,15,5
3331,2024-05-01,4954.24,completed,Food,Central,49,3
3332,2024-05-01,713.07,pending,Books,North,43,1
3333,2024-05-01,4593.17,completed,Home,North,8,1
3334,2024-05-01,2658.08,completed,Clothing,North,33,5
3335,2024-05-01,4617.96,pending,Home,East,5,4
3336,2024-05-01,3735.34,completed,Sports,Central,15,4
3337,2024-05-01,3895.39,completed,Books,Central,32,2
3338,2024-05-01,673.27,completed,Sports,South,8,2
3339,2024-05-01,4635.38,completed,Sports,South,15,4
3340,2024-05-01,1659.61,pending,Clothing,North,19,5
3341,2024-05-01,4286.04,refunded,Sports,Central,41,3
3342,2024-05-01,3598.02,completed,Electronics,South,31,1
3343,2024-05-01,2354.97,pending,Sports,North,24,5
3344,2024-05-02,1791.13,completed,Food,East,39,3
3345,2024-05-02,1846.04,completed,Electronics,South,17,5
3346,2024-05-02,1031.27,completed,Food,West,23,2
3347,2024-05-02,2182.58,completed,Home,South,29,2
3348,2024-05-02,2178.88,completed,Sports,West,39,5
3349,2024-05-02,1393.73,completed,Books,North,49,3
3350,2024-05-02,3170.32,refunded,Books,Central,10,4
3351,2024-05-02,205.87,completed,Sports,Central,35,5
3352,2024-05-02,1718.45,completed,Electronics,Central,20,3
3353,2024-05-02,3377.89,completed,Books,North,29,4
3354,2024-05-02,2823.06,pending,Clothing,South,30,5
3355,2024-05-02,4848.78,completed,Clothing,South,12,5
3356,2024-05-02,1196.34,completed,Books,Central,19,1
3357,2024-05-02,3986.9,completed,Sports,West,10,4
3358,2024-05-02,1723.83,completed,Sports,North,9,4
3359,2024-05-02,1952.89,refunded,Books,East,36,3
3360,2024-05-02,3394.06,pending,Books,North,35,2
3361,2024-05-02,890.47,completed,Clothing,Central,5,2
3362,2024-05-02,1243.57,pending,Food,East,42,4
3363,2024-05-02,3470.09,completed,Sports,Central,12,2
3364,2024-05-02,2521.21,completed,Sports,East,19,5
3365,2024-05-02,3157.71,pending,Electronics,Central,12,2
3366,2024-05-02,2239.65,failed,Home,West,29,1
3367,2024-05-02,35.85,pending,Home,Central,21,5
3368,2024-05-02,110.94,completed,Sports,West,35,1
3369,2024-05-02,4676.34,failed,Sports,North,33,3
3370,2024-05-02,742.84,completed,Home,East,49,1
3371,2024-05-03,181.01,pending,Clothing,West,12,4
3372,2024-05-03,3266.76,refunded,Home,Central,30,4
3373,2024-05-03,4577.44,completed,Sports,South,14,1
3374,2024-05-03,3131.58,completed,Sports,Central,13,5
3375,2024-05-03,1944.48,completed,Books,East,42,2
3376,2024-05-03,3242.6,pending,Sports,East,41,5
3377,2024-05-03,2860.82,pending,Sports,South,49,4
3378,2024-05-03,1335.63,completed,Electronics,West,23,4
3379,2024-05-03,4391.84,pending,Clothing,East,5,1
3380,2024-05-03,2776.52,completed,Home,North,37,1
3381,2024-05-03,4206.19,completed,Books,West,32,1
3382,2024-05-03,3322.41,completed,Food,Central,30,4
3383,2024-05-03,3437.38,completed,Clothing,North,2,4
3384,2024-05-03,66.18,completed,Books,West,43,5
3385,2024-05-03,3986.17,pending,Clothing,West,11,5
3386,2024-05-03,3263.62,completed,Clothing,North,34,2
3387,2024-05-03,3349.01,completed,Clothing,East,32,3
3388,2024-05-03,3745.84,failed,Clothing,East,31,1
3389,2024-05-03,4868.51,refunded,Electronics,North,33,4
3390,2024-05-03,3293.84,completed,Home,North,42,1
3391,2024-05-03,4435.1,completed,Sports,East,37,1
3392,2024-05-03,1894.09,pending,Home,Central,18,1
3393,2024-05-03,1287.52,completed,Clothing,Central,8,3
3394,2024-05-03,2777.69,completed,Sports,North,5,3
3395,2024-05-03,853.64,completed,Clothing,South,1,1
3396,2024-05-03,2477.78,completed,Electronics,North,19,3
3397,2024-05-03,30.31,completed,Home,West,31,1
3398,2024-05-04,4075.41,completed,Food,Central,8,5
3399,2024-05-04,3466.44,completed,Home,Central,29,2
3400,2024-05-04,185.44,completed,Clothing,East,15,4
3401,2024-05-04,2128.21,completed,Food,Central,33,5
3402,2024-05-04,4727.21,completed,Home,South,43,2
3403,2024-05-04,4046.88,completed,Sports,East,26,5
3404,2024-05-04,1284.64,completed,Books,South,28,5
3405,2024-05-04,2797.28,completed,Food,South,27,2
3406,2024-05-04,4031.16,completed,Clothing,South,35,2
3407,2024-05-04,1679.56,pending,Home,South,41,4
3408,2024-05-04,4988.26,completed,Books,East,17,1
3409,2024-05-04,4286.22,completed,Clothing,Central,27,2
3410,2024-05-04,2017.73,refunded,Books,West,38,5
3411,2024-05-04,3352.97,failed,Clothing,West,33,5
3412,2024-05-04,4491.73,completed,Books,South,8,2
3413,2024-05-04,2828.1,completed,Electronics,North,22,1
3414,2024-05-04,4636.86,failed,Books,Central,29,2
3415,2024-05-04,4884.75,completed,Sports,Central,27,4
3416,2024-05-04,2100.94,pending,Clothing,East,22,1
3417,2024-05-04,3388.07,completed,Home,North,12,3
3418,2024-05-04,1322.31,completed,Electronics,North,34,1
3419,2024-05-04,1406.57,completed,Electronics,West,22,5
3420,2024-05-04,2721.09,completed,Clothing,North,35,2
3421,2024-05-04,3699.74,completed,Home,East,11,2
3422,2024-05-04,3447.31,completed,Electronics,North,7,4
3423,2024-05-04,2035.37,completed,Electronics,Central,45,5
3424,2024-05-04,635.28,pending,Clothing,East,36,5
3425,2024-05-04,4888.27,pending,Clothing,South,18,1
3426,2024-05-05,780.8,pending,Home,Central,8,3
3427,2024-05-05,1732.52,completed,Home,West,11,2
3428,2024-05-05,3141.27,completed,Electronics,West,7,2
3429,2024-05-05,298.23,completed,Books,East,3,4
3430,2024-05-05,2052.13,completed,Books,East,48,1
3431,2024-05-05,2860.7,completed,Books,Central,27,4
3432,2024-05-05,1762.78,completed,Food,South,8,1
3433,2024-05-05,4230.27,completed,Clothing,North,43,5
3434,2024-05-05,1171.29,pending,Clothing,West,36,2
3435,2024-05-05,4891.05,completed,Sports,South,30,1
3436,2024-05-05,1314.19,completed,Books,West,11,1
3437,2024-05-05,3282.71,failed,Books,Central,2,2
3438,2024-05-05,2143.0,completed,Food,East,25,1
3439,2024-05-05,4684.35,failed,Electronics,North,2,5
3440,2024-05-05,3143.25,completed,Home,East,22,1
3441,2024-05-05,2849.02,completed,Food,West,37,1
3442,2024-05-05,4420.16,completed,Books,East,42,5
3443,2024-05-05,2903.3,pending,Electronics,North,3,1
3444,2024-05-05,2926.11,completed,Electronics,North,18,4
3445,2024-05-05,1472.9,refunded,Food,Central,28,5
3446,2024-05-05,276.42,completed,Sports,West,8,2
3447,2024-05-05,4420.12,completed,Books,South,15,5
3448,2024-05-05,149.6,completed,Home,North,47,4
3449,2024-05-05,4606.61,pending,Books,East,46,3
3450,2024-05-05,4009.4,completed,Sports,East,6,2
3451,2024-05-05,1373.69,completed,Food,South,7,5
3452,2024-05-05,457.05,refunded,Clothing,West,11,1
3453,2024-05-06,4855.24,failed,Food,Central,45,5
3454,2024-05-06,4870.22,completed,Clothing,South,40,5
3455,2024-05-06,1435.94,completed,Home,North,5,5
3456,2024-05-06,4299.62,completed,Electronics,Central,27,2
3457,2024-05-06,2908.53,completed,Clothing,Central,35,2
3458,2024-05-06,1864.81,failed,Food,South,1,5
3459,2024-05-06,2311.79,refunded,Food,East,29,1
3460,2024-05-06,1638.9,completed,Food,Central,13,5
3461,2024-05-06,595.95,completed,Home,North,6,5
3462,2024-05-06,3050.48,completed,Sports,Central,11,4
3463,2024-05-06,4639.27,completed,Sports,West,16,3
3464,2024-05-06,2700.76,completed,Electronics,East,21,2
3465,2024-05-06,3421.76,completed,Sports,East,47,4
3466,2024-05-06,1865.61,completed,Clothing,Central,32,4
3467,2024-05-06,2616.12,refunded,Books,East,46,5
3468,2024-05-06,2280.67,pending,Electronics,South,20,1
3469,2024-05-06,1521.69,completed,Food,North,13,2
3470,2024-05-06,3470.3,completed,Food,Central,19,1
3471,2024-05-06,569.3,completed,Clothing,East,14,5
3472,2024-05-06,200.97,pending,Food,South,27,3
3473,2024-05-06,4914.45,completed,Sports,North,7,5
3474,2024-05-06,4603.36,completed,Food,Central,37,3
3475,2024-05-06,82.11,completed,Clothing,West,44,4
3476,2024-05-06,1264.01,completed,Home,East,39,1
3477,2024-05-06,1879.8,completed,Clothing,East,41,3
3478,2024-05-06,4630.09,completed,Food,Central,9,3
3479,2024-05-06,1984.05,completed,Sports,North,24,2
3480,2024-05-06,3609.56,completed,Books,South,22,2
3481,2024-05-07,4999.76,completed,Electronics,North,41,5
3482,2024-05-07,4125.37,completed,Clothing,East,40,4
3483,2024-05-07,3941.81,completed,Clothing,Central,26,3
3484,2024-05-07,3292.18,pending,Clothing,North,34,5
3485,2024-05-07,3348.11,completed,Sports,West,41,1
3486,2024-05-07,1689.33,failed,Sports,South,2,5
3487,2024-05-07,196.19,completed,Food,South,10,5
3488,2024-05-07,840.27,pending,Electronics,North,1,2
3489,2024-05-07,255.15,completed,Sports,West,19,3
3490,2024-05-07,1553.16,refunded,Home,East,40,2
3491,2024-05-07,2257.55,completed,Home,North,5,5
3492,2024-05-07,3075.11,completed,Home,West,27,5
3493,2024-05-07,25.59,completed,Food,West,1,3
3494,2024-05-07,4830.55,completed,Electronics,Central,41,3
3495,2024-05-07,3948.74,completed,Books,North,32,4
3496,2024-05-07,1721.14,completed,Clothing,North,21,4
3497,2024-05-07,4865.48,refunded,Home,West,4,3
3498,2024-05-07,3085.96,completed,Electronics,East,11,5
3499,2024-05-07,4585.71,pending,Clothing,North,42,5
3500,2024-05-07,1284.74,completed,Food,South,22,2
3501,2024-05-07,2757.02,refunded,Clothing,South,12,5
3502,2024-05-07,1700.74,pending,Sports,South,17,2
3503,2024-05-07,4325.72,completed,Food,Central,36,5
3504,2024-05-07,2015.83,completed,Clothing,East,5,2
3505,2024-05-07,2836.31,completed,Books,East,20,5
3506,2024-05-07,806.17,completed,Food,East,35,3
3507,2024-05-07,3769.18,pending,Sports,East,9,1
3508,2024-05-08,23.23,completed,Electronics,North,35,4
3509,2024-05-08,4995.71,completed,Books,Central,24,5
3510,2024-05-08,1735.62,completed,Electronics,East,15,4
3511,2024-05-08,40.87,completed,Clothing,Central,7,5
3512,2024-05-08,907.01,pending,Clothing,North,22,4
3513,2024-05-08,2649.85,completed,Home,South,32,3
3514,2024-05-08,4742.14,completed,Food,East,46,4
3515,2024-05-08,2310.29,pending,Food,North,20,1
3516,2024-05-08,2310.05,completed,Electronics,West,7,1
3517,2024-05-08,2076.61,failed,Clothing,West,23,2
3518,2024-05-08,1054.22,completed,Electronics,West,25,3
3519,2024-05-08,715.46,pending,Electronics,Central,47,1
3520,2024-05-08,3046.87,pending,Electronics,South,26,2
3521,2024-05-08,3497.71,completed,Home,North,5,5
3522,2024-05-08,3854.44,pending,Sports,North,8,2
3523,2024-05-08,3592.83,completed,Electronics,Central,35,5
3524,2024-05-08,141.44,completed,Books,Central,3,3
3525,2024-05-08,2412.69,completed,Food,South,28,5
3526,2024-05-08,4287.7,completed,Home,South,23,5
3527,2024-05-08,431.99,completed,Clothing,South,48,4
3528,2024-05-08,3215.81,completed,Books,South,32,4
3529,2024-05-08,2821.35,failed,Clothing,South,32,5
3530,2024-05-08,3941.2,completed,Home,South,16,4
3531,2024-05-08,2196.64,completed,Sports,Central,40,1
3532,2024-05-08,3654.2,completed,Books,South,43,5
3533,2024-05-08,15.04,completed,Electronics,East,46,4
3534,2024-05-08,1974.73,completed,Sports,East,34,5
3535,2024-05-09,877.08,completed,Sports,South,25,3
3536,2024-05-09,631.69,completed,Food,West,7,4
3537,2024-05-09,3203.36,pending,Books,North,42,1
3538,2024-05-09,3959.61,completed,Sports,East,29,5
3539,2024-05-09,4467.14,completed,Clothing,South,35,5
3540,2024-05-09,582.02,pending,Home,Central,26,3
3541,2024-05-09,4394.65,completed,Electronics,North,13,4
3542,2024-05-09,2074.89,completed,Electronics,North,4,2
3543,2024-05-09,1754.9,completed,Sports,West,4,1
3544,2024-05-09,462.0,failed,Electronics,East,43,4
3545,2024-05-09,688.87,completed,Food,East,40,5
3546,2024-05-09,3696.5,refunded,Food,Central,40,4
3547,2024-05-09,1939.27,pending,Electronics,West,6,2
3548,2024-05-09,444.96,completed,Sports,South,8,5
3549,2024-05-09,814.72,completed,Books,East,10,2
3550,2024-05-09,1768.17,completed,Clothing,West,22,5
3551,2024-05-09,588.85,completed,Food,Central,15,2
3552,2024-05-09,4033.11,completed,Books,South,49,3
3553,2024-05-09,4238.23,completed,Clothing,East,22,4
3554,2024-05-09,4315.99,completed,Books,Central,34,1
3555,2024-05-09,3452.52,completed,Home,Central,46,2
3556,2024-05-09,945.3,completed,Food,Central,38,5
3557,2024-05-09,3061.64,completed,Books,Central,25,2
3558,2024-05-09,4040.54,refunded,Food,East,26,5
3559,2024-05-09,4086.51,completed,Sports,Central,28,2
3560,2024-05-09,1855.19,completed,Books,Central,2,4
3561,2024-05-09,4603.47,completed,Food,South,7,3
3562,2024-05-09,2853.82,pending,Home,South,25,3
3563,2024-05-10,1354.44,pending,Books,North,13,3
3564,2024-05-10,144.82,completed,Sports,South,30,5
3565,2024-05-10,3025.23,pending,Home,West,31,5
3566,2024-05-10,4538.21,pending,Books,East,20,3
3567,2024-05-10,322.67,pending,Sports,South,37,3
3568,2024-05-10,2907.8,completed,Sports,Central,19,1
3569,2024-05-10,2066.14,completed,Home,East,6,2
3570,2024-05-10,2480.2,failed,Home,West,1,2
3571,2024-05-10,2555.18,pending,Sports,West,1,1
3572,2024-05-10,1975.5,pending,Food,North,5,4
3573,2024-05-10,2529.19,pending,Electronics,South,46,3
3574,2024-05-10,1698.9,failed,Home,West,47,4
3575,2024-05-10,2501.63,completed,Clothing,South,10,4
3576,2024-05-10,2248.89,failed,Home,North,34,3
3577,2024-05-10,1962.59,failed,Sports,Central,14,5
3578,2024-05-10,3259.65,completed,Clothing,North,2,4
3579,2024-05-10,1681.77,completed,Sports,South,22,5
3580,2024-05-10,3867.62,completed,Home,West,30,5
3581,2024-05-10,1325.35,completed,Home,North,13,1
3582,2024-05-10,4934.04,completed,Sports,South,35,5
3583,2024-05-10,4738.14,completed,Books,South,26,2
3584,2024-05-10,1536.38,completed,Books,North,28,4
3585,2024-05-10,264.03,completed,Books,Central,8,3
3586,2024-05-10,541.86,completed,Food,West,46,4
3587,2024-05-10,4069.61,completed,Books,North,45,4
3588,2024-05-10,901.93,completed,Home,South,15,1
3589,2024-05-10,4190.67,completed,Sports,South,17,2
3590,2024-05-11,3737.79,completed,Books,East,38,1
3591,2024-05-11,699.89,completed,Electronics,South,36,2
3592,2024-05-11,2433.77,completed,Sports,South,17,3
3593,2024-05-11,3415.41,completed,Home,West,47,3
3594,2024-05-11,2193.79,completed,Books,West,14,3
3595,2024-05-11,1786.04,completed,Home,South,4,3
3596,2024-05-11,4793.08,completed,Home,North,34,5
3597,2024-05-11,2158.67,completed,Clothing,East,1,4
3598,2024-05-11,204.99,pending,Food,South,17,1
3599,2024-05-11,3405.84,completed,Clothing,North,3,2
3600,2024-05-11,181.99,pending,Clothing,East,6,1
3601,2024-05-11,2997.12,completed,Home,South,3,3
3602,2024-05-11,4262.01,pending,Electronics,East,43,1
3603,2024-05-11,2495.79,pending,Electronics,North,46,5
3604,2024-05-11,2635.82,completed,Books,East,29,5
3605,2024-05-11,3358.33,completed,Electronics,Central,25,2
3606,2024-05-11,4131.05,completed,Clothing,North,24,2
3607,2024-05-11,2826.62,completed,Sports,East,32,3
3608,2024-05-11,2227.61,completed,Electronics,West,6,2
3609,2024-05-11,1513.13,pending,Home,West,27,5
3610,2024-05-11,1881.59,completed,Sports,West,37,2
3611,2024-05-11,4541.38,completed,Electronics,Central,34,4
3612,2024-05-11,4143.67,completed,Home,East,28,5
3613,2024-05-11,372.36,completed,Home,South,32,2
3614,2024-05-11,3405.49,refunded,Home,South,1,5
3615,2024-05-11,4077.43,completed,Food,East,43,4
3616,2024-05-11,957.37,completed,Books,South,23,1
3617,2024-05-11,3470.88,completed,Electronics,North,41,2
3618,2024-05-12,969.45,completed,Clothing,North,19,2
3619,2024-05-12,1724.44,completed,Electronics,North,13,5
3620,2024-05-12,3934.6,completed,Clothing,East,40,4
3621,2024-05-12,56.07,pending,Books,East,47,2
3622,2024-05-12,1469.77,completed,Books,South,18,2
3623,2024-05-12,719.84,pending,Home,Central,48,5
3624,2024-05-12,2827.03,failed,Electronics,Central,14,2
3625,2024-05-12,4046.36,completed,Food,East,11,1
3626,2024-05-12,3223.82,completed,Food,West,27,4
3627,2024-05-12,3137.61,completed,Sports,South,36,1
3628,2024-05-12,1367.17,completed,Sports,East,28,4
3629,2024-05-12,4686.58,failed,Food,West,11,2
3630,2024-05-12,3855.2,completed,Home,West,14,5
3631,2024-05-12,4726.51,completed,Sports,Central,10,4
3632,2024-05-12,4233.8,completed,Electronics,North,32,3
3633,2024-05-12,4681.4,completed,Electronics,South,14,4
3634,2024-05-12,4636.67,refunded,Food,Central,26,5
3635,2024-05-12,2675.97,completed,Home,West,40,1
3636,2024-05-12,2869.52,completed,Sports,East,42,2
3637,2024-05-12,459.76,failed,Home,West,45,3
3638,2024-05-12,470.19,completed,Home,East,11,3
3639,2024-05-12,3052.94,completed,Sports,East,47,5
3640,2024-05-12,2988.66,failed,Electronics,East,43,5
3641,2024-05-12,1637.12,completed,Sports,East,15,5
3642,2024-05-12,3568.07,pending,Clothing,North,15,5
3643,2024-05-12,2845.19,pending,Books,South,9,4
3644,2024-05-12,1907.54,refunded,Electronics,Central,41,4
3645,2024-05-13,2975.8,completed,Food,Central,24,1
3646,2024-05-13,1802.53,completed,Home,Central,48,2
3647,2024-05-13,4353.21,failed,Books,West,48,4
3648,2024-05-13,1611.35,completed,Sports,South,23,3
3649,2024-05-13,4068.05,completed,Electronics,West,18,5
3650,2024-05-13,1561.28,completed,Sports,North,29,4
3651,2024-05-13,89.93,completed,Books,East,44,5
3652,2024-05-13,2544.94,completed,Clothing,North,35,4
3653,2024-05-13,2973.02,completed,Clothing,East,46,1
3654,2024-05-13,1352.93,failed,Home,West,12,3
3655,2024-05-13,188.92,refunded,Home,North,11,1
3656,2024-05-13,2558.03,completed,Sports,North,39,5
3657,2024-05-13,2875.39,completed,Books,North,11,5
3658,2024-05-13,507.81,completed,Books,West,48,2
3659,2024-05-13,1931.17,completed,Books,East,21,3
3660,2024-05-13,2601.63,completed,Clothing,Central,41,3
3661,2024-05-13,2860.02,failed,Sports,North,9,2
3662,2024-05-13,3346.96,completed,Food,North,26,1
3663,2024-05-13,606.04,completed,Sports,South,20,4
3664,2024-05-13,3412.07,completed,Food,East,22,2
3665,2024-05-13,2838.11,failed,Clothing,West,33,2
3666,2024-05-13,1050.14,completed,Food,North,38,3
3667,2024-05-13,1631.24,failed,Home,East,13,1
3668,2024-05-13,10.21,completed,Food,West,28,4
3669,2024-05-13,4146.83,completed,Electronics,West,10,1
3670,2024-05-13,3980.84,completed,Home,North,25,1
3671,2024-05-13,3326.63,completed,Sports,West,29,3
3672,2024-05-14,866.52,completed,Electronics,East,7,1
3673,2024-05-14,3660.25,completed,Sports,Central,34,5
3674,2024-05-14,137.24,pending,Electronics,West,5,2
3675,2024-05-14,4107.35,completed,Books,South,15,3
3676,2024-05-14,1420.67,completed,Home,Central,6,4
3677,2024-05-14,1472.48,completed,Books,West,38,2
3678,2024-05-14,3920.94,completed,Sports,North,32,4
3679,2024-05-14,3242.47,completed,Electronics,North,28,1
3680,2024-05-14,1534.0,completed,Home,East,34,2
3681,2024-05-14,2035.88,completed,Clothing,Central,3,3
3682,2024-05-14,76.25,completed,Books,East,29,3
3683,2024-05-14,4049.34,completed,Home,Central,13,3
3684,2024-05-14,616.09,completed,Sports,South,24,4
3685,2024-05-14,199.59,completed,Electronics,North,45,4
3686,2024-05-14,4013.32,completed,Home,North,4,5
3687,2024-05-14,1810.67,completed,Clothing,South,19,2
3688,2024-05-14,52.81,completed,Sports,East,28,3
3689,2024-05-14,4262.8,completed,Electronics,West,19,5
3690,2024-05-14,4005.11,completed,Home,Central,4,2
3691,2024-05-14,3666.94,completed,Clothing,South,6,4
3692,2024-05-14,4516.17,refunded,Books,South,36,2
3693,2024-05-14,3776.07,completed,Clothing,West,21,4
3694,2024-05-14,3729.92,completed,Clothing,North,6,3
3695,2024-05-14,3902.25,failed,Home,North,37,5
3696,2024-05-14,2118.07,failed,Electronics,North,13,5
3697,2024-05-14,3458.43,failed,Home,Central,21,4
3698,2024-05-14,4577.23,refunded,Clothing,West,17,3
3699,2024-05-14,2885.95,refunded,Home,North,33,5
3700,2024-05-15,593.48,completed,Home,Central,6,2
3701,2024-05-15,4479.9,refunded,Clothing,South,47,4
3702,2024-05-15,630.38,completed,Home,East,42,5
3703,2024-05-15,2331.37,completed,Sports,South,41,3
3704,2024-05-15,3556.9,pending,Home,East,10,3
3705,2024-05-15,1175.73,completed,Books,East,23,3
3706,2024-05-15,3127.89,completed,Books,North,17,3
3707,2024-05-15,2539.09,completed,Food,South,25,2
3708,2024-05-15,2221.75,completed,Clothing,West,15,4
3709,2024-05-15,1913.87,pending,Food,Central,6,4
3710,2024-05-15,3583.45,completed,Sports,East,14,4
3711,2024-05-15,2609.09,pending,Food,South,40,2
3712,2024-05-15,3693.23,pending,Home,South,5,3
3713,2024-05-15,1809.94,completed,Electronics,South,12,4
3714,2024-05-15,4732.97,completed,Food,Central,43,5
3715,2024-05-15,1330.14,completed,Sports,North,49,5
3716,2024-05-15,3869.68,completed,Home,East,17,5
3717,2024-05-15,4795.69,completed,Electronics,West,28,1
3718,2024-05-15,4645.42,completed,Food,East,8,2
3719,2024-05-15,2767.73,pending,Home,East,18,2
3720,2024-05-15,397.63,completed,Sports,Central,2,2
3721,2024-05-15,1701.34,completed,Books,East,42,2
3722,2024-05-15,2409.79,completed,Home,East,6,2
3723,2024-05-15,4414.3,completed,Clothing,East,23,1
3724,2024-05-15,929.43,pending,Food,East,9,2
3725,2024-05-15,697.39,pending,Electronics,South,28,2
3726,2024-05-15,3882.85,completed,Home,North,17,5
3727,2024-05-16,138.35,refunded,Home,West,25,1
3728,2024-05-16,56.53,completed,Food,South,3,3
3729,2024-05-16,1108.08,completed,Home,North,12,5
3730,2024-05-16,288.84,completed,Books,Central,12,1
3731,2024-05-16,2495.37,completed,Sports,East,29,3
3732,2024-05-16,2757.47,pending,Sports,East,12,1
3733,2024-05-16,2183.13,failed,Home,North,21,1
3734,2024-05-16,2104.34,pending,Home,West,2,2
3735,2024-05-16,1400.13,pending,Clothing,East,49,5
3736,2024-05-16,4410.56,completed,Home,West,16,2
3737,2024-05-16,2332.7,completed,Books,West,46,1
3738,2024-05-16,3725.96,completed,Home,Central,33,1
3739,2024-05-16,3506.36,completed,Home,West,45,5
3740,2024-05-16,308.19,completed,Sports,Central,3,4
3741,2024-05-16,4540.56,completed,Books,West,5,1
3742,2024-05-16,2004.01,completed,Home,West,26,5
3743,2024-05-16,3705.27,completed,Electronics,East,4,5
3744,2024-05-16,2594.26,completed,Sports,North,40,4
3745,2024-05-16,72.66,failed,Clothing,North,44,4
3746,2024-05-16,4698.85,completed,Books,Central,29,4
3747,2024-05-16,626.41,completed,Electronics,North,44,4
3748,2024-05-16,3903.71,failed,Sports,Central,45,3
3749,2024-05-16,4731.08,pending,Sports,Central,42,5
3750,2024-05-16,3645.5,failed,Sports,East,28,4
3751,2024-05-16,2673.41,completed,Books,West,16,3
3752,2024-05-16,1408.25,pending,Electronics,North,16,4
3753,2024-05-16,3111.26,pending,Sports,North,12,2
3754,2024-05-16,1546.38,pending,Electronics,East,42,5
3755,2024-05-17,1119.87,completed,Sports,Central,16,4
3756,2024-05-17,2743.24,completed,Clothing,East,20,1
3757,2024-05-17,1142.25,completed,Sports,Central,7,2
3758,2024-05-17,3040.2,completed,Food,South,22,1
3759,2024-05-17,3067.0,completed,Food,East,21,3
3760,2024-05-17,2219.43,completed,Sports,West,1,4
3761,2024-05-17,3912.04,completed,Sports,South,46,1
3762,2024-05-17,3241.4,completed,Sports,North,3,4
3763,2024-05-17,4622.12,completed,Food,North,49,4
3764,2024-05-17,1412.27,completed,Clothing,Central,40,1
3765,2024-05-17,4243.71,completed,Home,East,40,4
3766,2024-05-17,1004.89,completed,Sports,West,30,3
3767,2024-05-17,48.23,completed,Food,Central,26,1
3768,2024-05-17,656.26,completed,Home,East,36,3
3769,2024-05-17,4243.91,completed,Sports,Central,9,3
3770,2024-05-17,3630.53,refunded,Home,North,2,3
3771,2024-05-17,905.87,completed,Electronics,East,13,4
3772,2024-05-17,4866.49,failed,Food,Central,27,1
3773,2024-05-17,2830.77,completed,Home,North,46,5
3774,2024-05-17,1970.4,pending,Books,West,15,1
3775,2024-05-17,1839.6,completed,Clothing,West,22,2
3776,2024-05-17,3318.47,failed,Home,South,33,2
3777,2024-05-17,4956.3,completed,Clothing,West,49,5
3778,2024-05-17,4202.69,completed,Home,East,31,3
3779,2024-05-17,149.0,failed,Sports,East,16,2
3780,2024-05-17,4219.91,completed,Food,West,25,5
3781,2024-05-17,4490.31,completed,Sports,South,39,2
3782,2024-05-18,384.11,refunded,Home,South,26,1
3783,2024-05-18,4570.42,completed,Food,West,21,3
3784,2024-05-18,4512.13,pending,Home,East,16,5
3785,2024-05-18,4147.58,completed,Books,West,10,5
3786,2024-05-18,2395.76,completed,Electronics,West,8,1
3787,2024-05-18,1305.41,completed,Food,North,19,4
3788,2024-05-18,851.08,completed,Clothing,North,5,5
3789,2024-05-18,878.2,pending,Food,North,34,3
3790,2024-05-18,4878.32,completed,Clothing,Central,47,4
3791,2024-05-18,3100.55,completed,Sports,West,49,2
3792,2024-05-18,2814.99,completed,Electronics,South,16,4
3793,2024-05-18,301.59,completed,Books,North,49,5
3794,2024-05-18,1863.7,completed,Food,South,19,3
3795,2024-05-18,3042.87,completed,Home,North,4,3
3796,2024-05-18,4497.27,completed,Electronics,West,28,5
3797,2024-05-18,2875.04,completed,Electronics,North,46,1
3798,2024-05-18,2642.48,pending,Clothing,North,4,4
3799,2024-05-18,1130.3,completed,Food,North,37,4
3800,2024-05-18,445.69,completed,Clothing,South,9,5
3801,2024-05-18,2405.21,completed,Electronics,Central,31,4
3802,2024-05-18,2390.64,completed,Books,East,8,3
3803,2024-05-18,3950.44,completed,Clothing,Central,8,5
3804,2024-05-18,277.63,completed,Home,West,5,3
3805,2024-05-18,4822.68,completed,Food,East,37,5
3806,2024-05-18,956.81,completed,Electronics,East,33,4
3807,2024-05-18,4204.62,pending,Food,Central,1,3
3808,2024-05-18,2099.07,pending,Books,Central,28,1
3809,2024-05-19,4736.95,completed,Books,Central,48,3
3810,2024-05-19,3610.57,pending,Home,South,24,5
3811,2024-05-19,2028.07,completed,Clothing,West,32,1
3812,2024-05-19,4953.31,pending,Home,Central,39,3
3813,2024-05-19,1681.94,failed,Books,West,38,3
3814,2024-05-19,209.01,pending,Clothing,West,31,1
3815,2024-05-19,199.02,failed,Sports,North,23,1
3816,2024-05-19,1898.76,completed,Clothing,South,8,5
3817,2024-05-19,4436.94,completed,Sports,Central,19,3
3818,2024-05-19,461.98,pending,Clothing,Central,31,3
3819,2024-05-19,2872.07,pending,Sports,North,7,5
3820,2024-05-19,2454.56,completed,Clothing,North,42,5
3821,2024-05-19,3292.74,completed,Electronics,East,48,3
3822,2024-05-19,4271.03,completed,Books,East,5,3
3823,2024-05-19,3341.24,completed,Clothing,West,6,4
3824,2024-05-19,567.07,failed,Clothing,East,32,5
3825,2024-05-19,1841.61,failed,Books,East,27,2
3826,2024-05-19,2848.52,pending,Food,West,2,4
3827,2024-05-19,2585.97,completed,Sports,East,27,5
3828,2024-05-19,4088.67,completed,Electronics,West,29,2
3829,2024-05-19,1854.91,failed,Sports,Central,32,5
3830,2024-05-19,1405.34,completed,Home,Central,3,4
3831,2024-05-19,4838.66,completed,Clothing,West,21,3
3832,2024-05-19,2292.96,completed,Clothing,South,19,5
3833,2024-05-19,3291.97,completed,Sports,East,33,2
3834,2024-05-19,881.37,completed,Sports,East,11,5
3835,2024-05-19,2677.92,completed,Sports,Central,41,4
3836,2024-05-19,3782.49,completed,Electronics,South,3,2
3837,2024-05-20,3751.9,completed,Sports,East,42,1
3838,2024-05-20,4582.41,completed,Food,Central,39,4
3839,2024-05-20,4565.89,completed,Electronics,South,38,3
3840,2024-05-20,4042.61,completed,Home,South,17,1
3841,2024-05-20,943.82,completed,Clothing,Central,48,1
3842,2024-05-20,1428.68,completed,Electronics,South,6,4
3843,2024-05-20,3912.63,completed,Home,West,48,3
3844,2024-05-20,475.71,failed,Food,East,11,5
3845,2024-05-20,679.92,completed,Food,East,20,4
3846,2024-05-20,2224.45,refunded,Books,North,42,3
3847,2024-05-20,3296.64,completed,Books,Central,33,3
3848,2024-05-20,3065.39,completed,Sports,South,40,2
3849,2024-05-20,799.55,refunded,Home,West,46,2
3850,2024-05-20,3443.93,completed,Books,South,41,5
3851,2024-05-20,2753.0,pending,Electronics,Central,1,4
3852,2024-05-20,4353.72,completed,Food,East,4,4
3853,2024-05-20,1506.69,completed,Food,East,43,3
3854,2024-05-20,866.18,completed,Clothing,West,43,1
3855,2024-05-20,1840.03,completed,Food,South,13,2
3856,2024-05-20,3674.7,completed,Sports,West,22,5
3857,2024-05-20,1589.28,completed,Sports,West,46,4
3858,2024-05-20,3812.68,completed,Electronics,Central,5,4
3859,2024-05-20,1469.61,completed,Food,West,12,2
3860,2024-05-20,2549.59,completed,Electronics,East,44,2
3861,2024-05-20,1373.87,completed,Food,East,20,1
3862,2024-05-20,978.4,refunded,Clothing,Central,28,3
3863,2024-05-20,1226.7,completed,Books,East,21,5
3864,2024-05-21,4655.35,completed,Sports,Central,6,1
3865,2024-05-21,4839.9,completed,Books,North,7,2
3866,2024-05-21,2976.32,completed,Sports,East,23,1
3867,2024-05-21,843.69,completed,Clothing,East,33,4
3868,2024-05-21,548.36,completed,Books,West,4,2
3869,2024-05-21,1670.71,completed,Food,West,27,5
3870,2024-05-21,4520.89,completed,Clothing,North,47,5
3871,2024-05-21,819.71,completed,Books,West,35,2
3872,2024-05-21,2099.54,completed,Clothing,Central,31,4
3873,2024-05-21,2369.35,completed,Home,North,24,1
3874,2024-05-21,4413.5,pending,Books,West,44,5
3875,2024-05-21,4478.13,completed,Clothing,East,16,5
3876,2024-05-21,1075.79,completed,Electronics,Central,42,3
3877,2024-05-21,776.69,completed,Sports,West,36,3
3878,2024-05-21,785.08,failed,Home,North,11,1
3879,2024-05-21,2497.23,completed,Sports,South,13,4
3880,2024-05-21,2722.63,completed,Home,South,22,2
3881,2024-05-21,1575.08,completed,Electronics,North,27,5
3882,2024-05-21,4142.47,completed,Electronics,West,22,2
3883,2024-05-21,2547.02,failed,Electronics,East,47,3
3884,2024-05-21,3800.41,completed,Home,South,7,1
3885,2024-05-21,51.54,pending,Electronics,South,27,5
3886,2024-05-21,1815.16,completed,Food,Central,39,4
3887,2024-05-21,3824.93,pending,Food,East,5,3
3888,2024-05-21,1704.28,completed,Food,South,20,3
3889,2024-05-21,67.69,pending,Electronics,Central,30,3
3890,2024-05-21,1219.13,completed,Books,North,20,5
3891,2024-05-21,3004.17,completed,Sports,West,29,3
3892,2024-05-22,2608.08,completed,Sports,North,14,4
3893,2024-05-22,219.73,completed,Home,East,36,2
3894,2024-05-22,3892.04,completed,Home,West,35,2
3895,2024-05-22,364.01,refunded,Electronics,East,1,2
3896,2024-05-22,73.6,completed,Books,South,22,3
3897,2024-05-22,4357.57,completed,Home,East,28,2
3898,2024-05-22,4702.13,pending,Books,Central,39,3
3899,2024-05-22,4602.37,completed,Clothing,West,20,2
3900,2024-05-22,940.94,completed,Home,East,23,2
3901,2024-05-22,4339.23,completed,Food,Central,7,1
3902,2024-05-22,363.5,completed,Books,North,12,2
3903,2024-05-22,276.86,completed,Food,West,7,2
3904,2024-05-22,4572.76,completed,Electronics,South,31,4
3905,2024-05-22,3470.38,completed,Books,North,31,1
3906,2024-05-22,1931.41,failed,Home,Central,24,1
3907,2024-05-22,3328.99,completed,Food,South,46,5
3908,2024-05-22,3742.22,completed,Electronics,South,47,4
3909,2024-05-22,4299.3,completed,Food,West,13,3
3910,2024-05-22,2244.54,failed,Home,North,40,5
3911,2024-05-22,3915.42,completed,Clothing,North,5,5
3912,2024-05-22,3534.33,completed,Home,North,42,1
3913,2024-05-22,1058.68,completed,Electronics,Central,15,3
3914,2024-05-22,4745.95,pending,Clothing,North,8,4
3915,2024-05-22,1545.86,pending,Home,South,45,3
3916,2024-05-22,3305.24,completed,Electronics,South,15,3
3917,2024-05-22,2434.81,completed,Books,East,46,1
3918,2024-05-22,2480.43,failed,Books,South,13,4
3919,2024-05-23,4765.97,completed,Home,East,33,1
3920,2024-05-23,1141.71,completed,Home,North,22,1
3921,2024-05-23,2925.65,completed,Electronics,Central,22,5
3922,2024-05-23,4335.16,completed,Food,East,1,4
3923,2024-05-23,1292.12,pending,Books,West,14,1
3924,2024-05-23,2793.92,completed,Sports,Central,16,4
3925,2024-05-23,3654.15,completed,Home,Central,17,2
3926,2024-05-23,3483.39,completed,Clothing,North,5,1
3927,2024-05-23,2940.77,completed,Sports,North,23,5
3928,2024-05-23,1603.9,completed,Electronics,East,19,2
3929,2024-05-23,3432.68,completed,Books,South,26,2
3930,2024-05-23,4053.0,completed,Food,Central,8,2
3931,2024-05-23,3298.39,completed,Sports,Central,18,1
3932,2024-05-23,3567.13,completed,Electronics,North,7,5
3933,2024-05-23,4115.12,completed,Sports,South,35,4
3934,2024-05-23,217.99,completed,Electronics,East,10,3
3935,2024-05-23,302.45,completed,Books,East,28,1
3936,2024-05-23,693.26,completed,Electronics,West,46,2
3937,2024-05-23,2720.5,completed,Sports,South,34,4
3938,2024-05-23,3892.22,failed,Food,South,5,1
3939,2024-05-23,2288.85,completed,Electronics,Central,13,3
3940,2024-05-23,2459.56,completed,Food,South,12,2
3941,2024-05-23,410.54,completed,Electronics,West,26,4
3942,2024-05-23,1733.74,completed,Sports,West,25,4
3943,2024-05-23,1433.09,pending,Food,North,18,1
3944,2024-05-23,4107.94,completed,Books,East,28,5
3945,2024-05-23,3940.33,failed,Home,East,43,2
3946,2024-05-24,669.62,pending,Books,East,21,4
3947,2024-05-24,4699.37,completed,Home,Central,31,1
3948,2024-05-24,2771.83,completed,Books,West,14,5
3949,2024-05-24,3126.96,completed,Food,North,30,4
3950,2024-05-24,1622.65,completed,Clothing,West,45,3
3951,2024-05-24,1844.78,refunded,Electronics,North,3,4
3952,2024-05-24,2114.94,completed,Home,East,5,3
3953,2024-05-24,881.61,failed,Home,North,40,2
3954,2024-05-24,3399.04,completed,Electronics,North,40,2
3955,2024-05-24,2061.72,completed,Food,West,28,4
3956,2024-05-24,2359.73,completed,Clothing,West,7,2
3957,2024-05-24,2973.0,pending,Sports,West,37,2
3958,2024-05-24,3261.42,completed,Electronics,Central,2,5
3959,2024-05-24,1490.33,completed,Sports,Central,6,2
3960,2024-05-24,4244.12,completed,Sports,North,6,4
3961,2024-05-24,1275.27,completed,Home,North,25,2
3962,2024-05-24,2474.97,pending,Food,East,9,2
3963,2024-05-24,525.82,completed,Clothing,West,1,5
3964,2024-05-24,1200.59,refunded,Clothing,West,18,4
3965,2024-05-24,3766.59,completed,Food,West,16,1
3966,2024-05-24,2643.05,failed,Clothing,Central,45,1
3967,2024-05-24,1479.71,failed,Electronics,South,36,2
3968,2024-05-24,471.99,completed,Food,East,21,5
3969,2024-05-24,3825.82,pending,Sports,North,30,5
3970,2024-05-24,2264.21,failed,Clothing,South,30,3
3971,2024-05-24,4715.08,failed,Books,West,36,5
3972,2024-05-24,2601.68,completed,Clothing,East,2,1
3973,2024-05-24,1425.23,completed,Sports,North,8,3
3974,2024-05-25,2070.99,completed,Home,West,29,1
3975,2024-05-25,3868.56,completed,Food,South,42,3
3976,2024-05-25,1262.15,pending,Food,South,14,5
3977,2024-05-25,2224.05,completed,Electronics,East,3,1
3978,2024-05-25,3368.14,completed,Electronics,Central,23,2
3979,2024-05-25,4810.86,completed,Food,Central,2,1
3980,2024-05-25,4923.22,completed,Food,West,1,2
3981,2024-05-25,908.77,completed,Clothing,Central,18,4
3982,2024-05-25,1539.5,completed,Home,North,28,4
3983,2024-05-25,4432.24,completed,Home,West,2,2
3984,2024-05-25,1057.39,pending,Food,Central,27,5
3985,2024-05-25,2241.9,completed,Sports,Central,3,2
3986,2024-05-25,567.67,refunded,Food,West,37,2
3987,2024-05-25,3718.95,completed,Food,West,42,1
3988,2024-05-25,2025.18,completed,Electronics,South,25,5
3989,2024-05-25,4997.24,completed,Home,North,7,3
3990,2024-05-25,2764.64,pending,Electronics,East,49,1
3991,2024-05-25,2359.79,completed,Electronics,South,1,2
3992,2024-05-25,1929.47,completed,Food,South,4,1
3993,2024-05-25,2819.67,completed,Sports,Central,39,4
3994,2024-05-25,2705.72,pending,Electronics,South,3,2
3995,2024-05-25,1549.06,completed,Electronics,East,21,4
3996,2024-05-25,4686.48,completed,Home,Central,30,1
3997,2024-05-25,4285.69,refunded,Books,North,16,3
3998,2024-05-25,435.27,pending,Electronics,South,15,1
3999,2024-05-25,1509.7,completed,Electronics,South,4,5
4000,2024-05-25,518.06,completed,Food,South,18,5
4001,2024-05-26,2405.95,completed,Electronics,East,38,2
4002,2024-05-26,4010.15,completed,Food,West,10,5
4003,2024-05-26,3996.67,failed,Clothing,West,6,4
4004,2024-05-26,4111.36,completed,Electronics,Central,40,3
4005,2024-05-26,1247.55,completed,Food,Central,17,3
4006,2024-05-26,4669.99,completed,Food,South,47,5
4007,2024-05-26,4709.3,completed,Books,North,16,2
4008,2024-05-26,1472.18,completed,Clothing,North,20,4
4009,2024-05-26,2042.74,completed,Sports,South,21,4
4010,2024-05-26,4112.9,completed,Books,Central,5,5
4011,2024-05-26,1828.36,pending,Home,South,24,5
4012,2024-05-26,1723.02,completed,Electronics,West,49,5
4013,2024-05-26,2936.84,pending,Home,Central,48,1
4014,2024-05-26,4178.52,completed,Sports,West,36,4
4015,2024-05-26,951.68,completed,Books,South,14,1
4016,2024-05-26,4123.95,refunded,Electronics,East,24,2
4017,2024-05-26,4011.24,completed,Home,South,42,2
4018,2024-05-26,4671.89,completed,Books,West,48,5
4019,2024-05-26,885.91,completed,Books,North,18,2
4020,2024-05-26,3422.76,pending,Home,West,16,5
4021,2024-05-26,3649.15,completed,Sports,West,9,2
4022,2024-05-26,163.13,pending,Books,East,45,3
4023,2024-05-26,1448.67,failed,Electronics,West,14,1
4024,2024-05-26,4474.11,completed,Books,East,30,2
4025,2024-05-26,995.24,failed,Home,West,38,5
4026,2024-05-26,4732.21,failed,Food,South,24,5
4027,2024-05-26,2434.66,pending,Home,Central,19,1
4028,2024-05-27,489.28,completed,Books,South,39,1
4029,2024-05-27,2841.33,pending,Clothing,South,49,4
4030,2024-05-27,1387.14,completed,Food,North,47,5
4031,2024-05-27,3921.83,completed,Food,West,41,4
4032,2024-05-27,386.16,completed,Books,North,32,2
4033,2024-05-27,1042.84,failed,Books,East,42,2
4034,2024-05-27,4647.96,failed,Books,West,39,1
4035,2024-05-27,78.63,completed,Books,West,46,1
4036,2024-05-27,3089.45,completed,Electronics,Central,24,5
4037,2024-05-27,3321.8,pending,Electronics,North,36,1
4038,2024-05-27,3362.23,completed,Home,Central,3,5
4039,2024-05-27,1682.47,completed,Clothing,East,10,4
4040,2024-05-27,1346.75,completed,Sports,Central,28,4
4041,2024-05-27,4598.47,pending,Sports,East,31,5
4042,2024-05-27,4433.88,completed,Sports,East,15,4
4043,2024-05-27,2784.31,completed,Books,North,5,2
4044,2024-05-27,4950.4,failed,Food,North,7,1
4045,2024-05-27,1328.04,completed,Electronics,East,33,3
4046,2024-05-27,2711.19,completed,Clothing,Central,38,2
4047,2024-05-27,4605.02,completed,Books,North,46,5
4048,2024-05-27,1141.96,completed,Electronics,North,13,1
4049,2024-05-27,2042.18,completed,Electronics,East,29,4
4050,2024-05-27,4184.26,completed,Books,East,21,3
4051,2024-05-27,4756.11,completed,Sports,North,23,2
4052,2024-05-27,14.88,pending,Electronics,Central,41,3
4053,2024-05-27,1310.66,pending,Clothing,South,15,4
4054,2024-05-27,151.13,completed,Electronics,North,27,1
4055,2024-05-27,2882.66,failed,Home,East,44,2
4056,2024-05-28,909.19,completed,Home,East,46,2
4057,2024-05-28,3194.76,completed,Books,East,23,3
4058,2024-05-28,3739.43,completed,Home,South,40,5
4059,2024-05-28,1092.26,completed,Sports,West,44,1
4060,2024-05-28,2707.82,completed,Books,North,1,3
4061,2024-05-28,394.44,completed,Books,West,24,4
4062,2024-05-28,4767.0,completed,Food,South,46,3
4063,2024-05-28,3400.38,failed,Food,North,23,4
4064,2024-05-28,3208.53,pending,Food,South,16,2
4065,2024-05-28,4052.83,pending,Home,East,39,1
4066,2024-05-28,4120.15,completed,Clothing,Central,34,4
4067,2024-05-28,1232.71,pending,Books,South,6,1
4068,2024-05-28,2842.52,pending,Books,North,12,3
4069,2024-05-28,1508.45,completed,Clothing,North,47,4
4070,2024-05-28,3096.87,pending,Clothing,Central,10,1
4071,2024-05-28,1477.67,completed,Sports,East,47,5
4072,2024-05-28,3213.33,completed,Clothing,West,13,1
4073,2024-05-28,3694.5,completed,Clothing,South,13,3
4074,2024-05-28,1184.17,completed,Sports,East,21,1
4075,2024-05-28,4077.43,failed,Clothing,East,29,1
4076,2024-05-28,914.99,completed,Sports,North,40,3
4077,2024-05-28,1891.67,completed,Clothing,South,27,1
4078,2024-05-28,352.02,completed,Sports,Central,43,3
4079,2024-05-28,1389.93,completed,Electronics,East,42,3
4080,2024-05-28,3949.4,failed,Electronics,North,5,2
4081,2024-05-28,483.68,completed,Books,East,15,1
4082,2024-05-28,386.27,pending,Home,Central,5,1
4083,2024-05-29,1066.89,completed,Electronics,South,37,4
4084,2024-05-29,4745.5,pending,Electronics,South,46,4
4085,2024-05-29,1712.8,completed,Home,South,12,4
4086,2024-05-29,4814.97,failed,Food,North,35,3
4087,2024-05-29,2413.89,completed,Sports,North,6,5
4088,2024-05-29,1726.45,completed,Electronics,East,29,3
4089,2024-05-29,4750.26,pending,Books,East,28,2
4090,2024-05-29,4673.89,completed,Electronics,North,24,5
4091,2024-05-29,4870.11,pending,Electronics,East,41,3
4092,2024-05-29,753.33,completed,Food,North,43,4
4093,2024-05-29,1469.0,completed,Sports,West,31,4
4094,2024-05-29,3087.65,failed,Books,Central,40,4
4095,2024-05-29,321.45,completed,Books,East,1,5
4096,2024-05-29,4545.17,completed,Home,West,35,2
4097,2024-05-29,1588.45,completed,Food,South,3,5
4098,2024-05-29,3755.59,refunded,Electronics,East,45,3
4099,2024-05-29,2008.0,refunded,Home,North,27,2
4100,2024-05-29,735.81,completed,Clothing,North,46,4
4101,2024-05-29,3349.27,pending,Clothing,East,2,5
4102,2024-05-29,2713.49,completed,Books,East,49,1
4103,2024-05-29,3682.85,pending,Clothing,North,36,2
4104,2024-05-29,1951.25,completed,Home,Central,38,3
4105,2024-05-29,3448.73,completed,Sports,North,19,5
4106,2024-05-29,4703.04,failed,Home,East,5,3
4107,2024-05-29,96.22,pending,Sports,West,41,4
4108,2024-05-29,4511.57,completed,Clothing,Central,20,1
4109,2024-05-29,4844.42,completed,Sports,South,11,3
4110,2024-05-29,3679.21,completed,Food,Central,28,2
4111,2024-05-30,1759.64,completed,Food,North,25,1
4112,2024-05-30,3335.17,completed,Books,Central,25,4
4113,2024-05-30,2657.64,completed,Sports,Central,13,5
4114,2024-05-30,2729.95,failed,Clothing,East,4,1
4115,2024-05-30,2391.12,pending,Electronics,South,24,5
4116,2024-05-30,3898.24,refunded,Electronics,East,32,5
4117,2024-05-30,2421.07,completed,Home,North,21,4
4118,2024-05-30,3497.93,completed,Clothing,North,41,2
4119,2024-05-30,184.46,pending,Home,Central,4,5
4120,2024-05-30,534.93,completed,Sports,South,34,1
4121,2024-05-30,4139.51,completed,Clothing,East,40,3
4122,2024-05-30,4158.54,completed,Books,South,9,5
4123,2024-05-30,3511.04,completed,Electronics,Central,39,5
4124,2024-05-30,1927.45,completed,Home,Central,2,1
4125,2024-05-30,4574.71,completed,Electronics,South,34,5
4126,2024-05-30,1497.15,refunded,Electronics,East,9,5
4127,2024-05-30,1645.07,completed,Home,North,48,4
4128,2024-05-30,2009.51,completed,Home,Central,25,2
4129,2024-05-30,205.31,failed,Clothing,East,33,4
4130,2024-05-30,1113.93,failed,Electronics,North,3,5
4131,2024-05-30,377.68,pending,Food,North,24,1
4132,2024-05-30,2661.38,completed,Electronics,South,12,5
4133,2024-05-30,3479.06,completed,Home,Central,20,3
4134,2024-05-30,2954.73,completed,Clothing,South,1,3
4135,2024-05-30,3330.12,refunded,Clothing,South,34,5
4136,2024-05-30,4101.58,completed,Electronics,East,24,1
4137,2024-05-30,4902.87,completed,Home,East,29,1
4138,2024-05-31,638.62,completed,Clothing,North,23,3
4139,2024-05-31,749.19,pending,Electronics,East,45,4
4140,2024-05-31,4224.08,completed,Clothing,North,41,1
4141,2024-05-31,2848.82,completed,Electronics,South,23,2
4142,2024-05-31,4774.76,completed,Books,Central,6,1
4143,2024-05-31,2003.7,completed,Books,Central,3,3
4144,2024-05-31,3687.58,completed,Food,West,30,4
4145,2024-05-31,1703.93,completed,Food,West,43,1
4146,2024-05-31,3397.9,completed,Home,North,47,2
4147,2024-05-31,3114.05,refunded,Sports,Central,1,4
4148,2024-05-31,2751.93,pending,Clothing,West,30,1
4149,2024-05-31,1463.3,failed,Electronics,North,40,2
4150,2024-05-31,4282.56,completed,Books,South,20,3
4151,2024-05-31,578.54,pending,Electronics,North,34,2
4152,2024-05-31,4298.62,completed,Books,North,24,4
4153,2024-05-31,1304.07,completed,Books,North,48,4
4154,2024-05-31,3997.33,pending,Sports,North,46,5
4155,2024-05-31,4787.71,completed,Home,West,22,3
4156,2024-05-31,390.61,completed,Food,East,26,2
4157,2024-05-31,2447.95,completed,Books,West,48,5
4158,2024-05-31,4838.77,completed,Home,West,5,5
4159,2024-05-31,107.0,completed,Home,East,12,3
4160,2024-05-31,116.97,completed,Electronics,West,26,4
4161,2024-05-31,2401.02,pending,Sports,Central,16,2
4162,2024-05-31,2621.71,completed,Clothing,North,12,1
4163,2024-05-31,3171.46,pending,Electronics,West,35,4
4164,2024-05-31,3549.16,completed,Sports,Central,37,3
4165,2024-06-01,828.59,completed,Books,East,17,1
4166,2024-06-01,1090.13,completed,Home,East,2,1
4167,2024-06-01,312.56,completed,Electronics,West,24,4
4168,2024-06-01,172.07,completed,Home,East,30,5
4169,2024-06-01,1896.55,completed,Sports,Central,37,2
4170,2024-06-01,4325.61,completed,Home,West,38,3
4171,2024-06-01,2889.18,pending,Clothing,South,48,5
4172,2024-06-01,2052.25,failed,Food,East,10,5
4173,2024-06-01,455.79,completed,Home,West,28,3
4174,2024-06-01,3667.96,completed,Home,Central,35,5
4175,2024-06-01,4485.58,completed,Electronics,East,25,1
4176,2024-06-01,348.98,pending,Food,East,37,3
4177,2024-06-01,3433.44,pending,Sports,North,32,5
4178,2024-06-01,3207.57,completed,Electronics,South,13,2
4179,2024-06-01,4524.79,completed,Books,West,47,1
4180,2024-06-01,2695.78,completed,Sports,West,31,2
4181,2024-06-01,683.23,failed,Electronics,East,20,4
4182,2024-06-01,2309.23,completed,Food,North,11,1
4183,2024-06-01,4820.35,failed,Clothing,South,1,3
4184,2024-06-01,3165.01,completed,Electronics,South,19,3
4185,2024-06-01,443.07,completed,Clothing,Central,20,5
4186,2024-06-01,2528.23,completed,Electronics,South,36,4
4187,2024-06-01,3083.52,completed,Clothing,South,25,4
4188,2024-06-01,875.22,completed,Sports,North,10,5
4189,2024-06-01,4084.37,completed,Sports,East,33,4
4190,2024-06-01,245.08,completed,Sports,West,38,4
4191,2024-06-01,3649.56,pending,Electronics,South,6,5
4192,2024-06-01,2295.71,completed,Books,South,21,3
4193,2024-06-02,2689.89,completed,Electronics,Central,26,2
4194,2024-06-02,2285.01,pending,Electronics,East,10,2
4195,2024-06-02,942.77,completed,Food,East,10,3
4196,2024-06-02,2576.09,completed,Clothing,North,2,3
4197,2024-06-02,86.45,completed,Clothing,South,18,2
4198,2024-06-02,4858.1,completed,Electronics,West,22,5
4199,2024-06-02,1099.94,completed,Books,North,43,1
4200,2024-06-02,3434.85,completed,Food,Central,31,2
4201,2024-06-02,2548.82,completed,Books,North,41,5
4202,2024-06-02,1063.67,completed,Sports,South,20,4
4203,2024-06-02,1550.67,completed,Clothing,East,1,1
4204,2024-06-02,1106.36,refunded,Clothing,West,29,4
4205,2024-06-02,4388.15,completed,Home,Central,24,3
4206,2024-06-02,808.79,completed,Home,East,2,4
4207,2024-06-02,343.99,completed,Books,North,18,1
4208,2024-06-02,3010.32,completed,Clothing,East,6,3
4209,2024-06-02,1772.02,pending,Food,South,9,3
4210,2024-06-02,2147.02,completed,Home,East,4,5
4211,2024-06-02,2379.5,refunded,Clothing,North,10,5
4212,2024-06-02,4830.48,completed,Home,West,35,4
4213,2024-06-02,600.37,completed,Books,East,13,1
4214,2024-06-02,208.52,completed,Clothing,Central,16,3
4215,2024-06-02,4214.56,completed,Clothing,East,37,5
4216,2024-06-02,3578.7,completed,Clothing,West,3,2
4217,2024-06-02,931.01,completed,Books,Central,10,4
4218,2024-06-02,2592.01,completed,Food,East,28,1
4219,2024-06-02,370.52,completed,Books,Central,10,1
4220,2024-06-03,3100.92,pending,Books,Central,2,4
4221,2024-06-03,3065.56,failed,Home,Central,20,5
4222,2024-06-03,3242.97,failed,Clothing,Central,2,2
4223,2024-06-03,1416.46,completed,Home,North,34,4
4224,2024-06-03,2738.2,failed,Home,North,36,3
4225,2024-06-03,3013.25,completed,Clothing,East,25,4
4226,2024-06-03,681.34,completed,Sports,North,1,5
4227,2024-06-03,4799.65,completed,Home,West,36,5
4228,2024-06-03,4234.38,completed,Clothing,West,40,5
4229,2024-06-03,4424.77,completed,Food,East,11,1
4230,2024-06-03,3809.88,completed,Sports,East,45,2
4231,2024-06-03,3958.39,pending,Sports,North,11,3
4232,2024-06-03,2347.09,completed,Sports,West,1,5
4233,2024-06-03,2467.2,failed,Books,East,41,2
4234,2024-06-03,4220.46,pending,Books,West,32,2
4235,2024-06-03,451.71,completed,Food,Central,44,3
4236,2024-06-03,953.97,completed,Clothing,Central,46,5
4237,2024-06-03,1846.45,pending,Clothing,South,22,4
4238,2024-06-03,2173.05,pending,Sports,South,45,1
4239,2024-06-03,4179.85,completed,Books,North,20,1
4240,2024-06-03,4907.04,completed,Books,South,46,3
4241,2024-06-03,4036.81,completed,Books,East,42,2
4242,2024-06-03,503.62,completed,Electronics,North,9,3
4243,2024-06-03,2735.61,completed,Food,South,31,3
4244,2024-06-03,3593.5,refunded,Food,West,9,1
4245,2024-06-03,2782.28,completed,Books,East,18,4
4246,2024-06-03,2223.73,completed,Electronics,South,22,4
4247,2024-06-03,2133.25,pending,Clothing,Central,9,3
4248,2024-06-04,3130.92,refunded,Home,West,40,4
4249,2024-06-04,3177.62,pending,Clothing,West,17,3
4250,2024-06-04,1542.36,completed,Books,North,11,3
4251,2024-06-04,2088.08,pending,Sports,Central,49,5
4252,2024-06-04,772.96,failed,Sports,East,45,3
4253,2024-06-04,4419.2,completed,Clothing,North,30,5
4254,2024-06-04,4347.77,refunded,Sports,North,13,4
4255,2024-06-04,3303.22,pending,Food,South,29,3
4256,2024-06-04,4873.88,completed,Books,East,6,1
4257,2024-06-04,2442.35,completed,Books,South,21,5
4258,2024-06-04,4397.25,completed,Home,South,23,4
4259,2024-06-04,3724.03,pending,Sports,Central,18,5
4260,2024-06-04,895.6,completed,Home,North,26,1
4261,2024-06-04,4337.2,completed,Food,East,44,5
4262,2024-06-04,850.66,pending,Books,East,11,1
4263,2024-06-04,3110.96,completed,Books,West,34,5
4264,2024-06-04,872.89,completed,Food,North,23,4
4265,2024-06-04,4768.53,completed,Home,Central,26,1
4266,2024-06-04,3317.59,completed,Home,South,12,5
4267,2024-06-04,648.19,completed,Home,East,30,1
4268,2024-06-04,555.19,completed,Electronics,East,40,3
4269,2024-06-04,962.35,refunded,Sports,South,32,3
4270,2024-06-04,2723.9,failed,Books,East,41,2
4271,2024-06-04,262.86,completed,Sports,Central,1,4
4272,2024-06-04,4679.55,completed,Books,Central,40,2
4273,2024-06-04,1011.4,completed,Home,East,44,5
4274,2024-06-04,2490.2,completed,Clothing,North,27,5
4275,2024-06-05,3522.96,completed,Sports,West,25,4
4276,2024-06-05,3744.84,refunded,Electronics,North,19,3
4277,2024-06-05,2512.22,completed,Home,West,14,3
4278,2024-06-05,564.83,completed,Books,East,29,5
4279,2024-06-05,943.49,completed,Electronics,East,47,5
4280,2024-06-05,4408.71,pending,Home,East,48,5
4281,2024-06-05,196.66,completed,Home,West,47,4
4282,2024-06-05,2037.13,failed,Clothing,North,1,2
4283,2024-06-05,2179.31,completed,Books,East,15,1
4284,2024-06-05,4831.82,pending,Books,North,19,1
4285,2024-06-05,4039.66,completed,Food,East,49,3
4286,2024-06-05,3639.52,failed,Sports,West,6,4
4287,2024-06-05,2428.74,failed,Books,North,8,2
4288,2024-06-05,3384.49,completed,Clothing,West,19,3
4289,2024-06-05,1245.32,completed,Food,West,26,4
4290,2024-06-05,1161.36,completed,Books,West,3,5
4291,2024-06-05,3448.97,completed,Books,North,31,4
4292,2024-06-05,1869.96,completed,Home,Central,36,3
4293,2024-06-05,2549.78,completed,Books,East,18,1
4294,2024-06-05,1392.79,completed,Electronics,Central,22,3
4295,2024-06-05,699.73,completed,Books,West,48,4
4296,2024-06-05,2225.29,completed,Sports,West,17,5
4297,2024-06-05,4946.83,completed,Books,Central,19,3
4298,2024-06-05,507.55,completed,Sports,South,30,5
4299,2024-06-05,2556.89,completed,Electronics,North,37,5
4300,2024-06-05,1472.1,completed,Sports,Central,25,1
4301,2024-06-05,2076.83,completed,Home,South,35,1
4302,2024-06-06,2932.94,completed,Food,South,9,3
4303,2024-06-06,1992.2,completed,Clothing,West,30,5
4304,2024-06-06,727.37,completed,Food,West,22,3
4305,2024-06-06,1764.13,pending,Clothing,West,9,1
4306,2024-06-06,2728.76,pending,Clothing,Central,4,3
4307,2024-06-06,3701.11,pending,Clothing,East,4,3
4308,2024-06-06,965.01,completed,Electronics,West,47,1
4309,2024-06-06,2725.52,pending,Sports,West,39,1
4310,2024-06-06,4418.44,pending,Home,East,29,2
4311,2024-06-06,4918.05,completed,Books,West,19,5
4312,2024-06-06,1558.13,completed,Sports,North,9,2
4313,2024-06-06,1123.22,completed,Electronics,South,24,2
4314,2024-06-06,4182.69,completed,Books,South,45,2
4315,2024-06-06,4785.87,completed,Food,East,14,3
4316,2024-06-06,4501.48,completed,Books,South,17,5
4317,2024-06-06,1893.94,completed,Clothing,East,5,5
4318,2024-06-06,3614.02,failed,Home,East,22,3
4319,2024-06-06,1313.23,completed,Sports,Central,2,4
4320,2024-06-06,2953.27,completed,Home,West,17,4
4321,2024-06-06,3175.09,completed,Clothing,East,34,1
4322,2024-06-06,3715.18,refunded,Home,West,8,1
4323,2024-06-06,4919.26,completed,Sports,Central,48,4
4324,2024-06-06,3768.01,completed,Food,South,20,5
4325,2024-06-06,16.52,completed,Home,West,9,2
4326,2024-06-06,2245.83,failed,Electronics,West,26,5
4327,2024-06-06,3627.0,completed,Sports,South,17,5
4328,2024-06-06,4540.41,pending,Electronics,Central,17,3
4329,2024-06-06,850.33,refunded,Food,South,15,4
4330,2024-06-07,490.1,completed,Electronics,West,39,1
4331,2024-06-07,1900.05,pending,Sports,Central,36,2
4332,2024-06-07,3382.26,completed,Books,Central,27,4
4333,2024-06-07,3132.87,completed,Electronics,South,31,2
4334,2024-06-07,1173.89,completed,Electronics,South,40,1
4335,2024-06-07,1995.06,pending,Home,West,15,1
4336,2024-06-07,3520.86,completed,Electronics,Central,38,4
4337,2024-06-07,2922.56,pending,Electronics,South,11,4
4338,2024-06-07,3851.92,failed,Books,Central,15,4
4339,2024-06-07,578.6,completed,Sports,North,25,2
4340,2024-06-07,4931.43,completed,Clothing,Central,43,5
4341,2024-06-07,2949.41,completed,Sports,North,9,4
4342,2024-06-07,11.56,completed,Electronics,Central,24,5
4343,2024-06-07,3585.97,completed,Home,North,21,1
4344,2024-06-07,286.29,completed,Clothing,South,28,4
4345,2024-06-07,1003.4,completed,Sports,Central,24,2
4346,2024-06-07,3214.27,failed,Electronics,West,6,2
4347,2024-06-07,1606.99,completed,Sports,North,17,1
4348,2024-06-07,4286.97,pending,Sports,West,46,5
4349,2024-06-07,4442.09,completed,Books,West,15,1
4350,2024-06-07,3461.23,refunded,Food,Central,33,3
4351,2024-06-07,4547.31,completed,Sports,West,30,2
4352,2024-06-07,242.65,completed,Books,South,44,5
4353,2024-06-07,2060.19,completed,Sports,South,22,2
4354,2024-06-07,2432.99,completed,Electronics,Central,45,2
4355,2024-06-07,1679.53,completed,Food,Central,29,3
4356,2024-06-07,1483.07,completed,Home,East,5,4
4357,2024-06-08,1364.13,failed,Sports,East,5,1
4358,2024-06-08,2970.89,completed,Home,Central,1,4
4359,2024-06-08,2330.14,completed,Books,North,45,1
4360,2024-06-08,4011.66,completed,Clothing,North,34,2
4361,2024-06-08,2351.61,pending,Books,Central,1,5
4362,2024-06-08,787.71,completed,Clothing,West,11,1
4363,2024-06-08,3756.01,failed,Home,West,29,3
4364,2024-06-08,347.67,pending,Food,East,24,1
4365,2024-06-08,2458.11,completed,Home,Central,31,3
4366,2024-06-08,1339.88,completed,Sports,South,33,3
4367,2024-06-08,3177.22,completed,Food,Central,44,1
4368,2024-06-08,2903.74,completed,Sports,South,1,5
4369,2024-06-08,1443.17,completed,Sports,West,31,4
4370,2024-06-08,3784.25,failed,Clothing,North,45,1
4371,2024-06-08,1577.23,completed,Food,East,2,1
4372,2024-06-08,3552.07,completed,Electronics,East,18,2
4373,2024-06-08,426.52,completed,Electronics,East,8,3
4374,2024-06-08,4127.77,pending,Books,North,13,5
4375,2024-06-08,4569.73,completed,Home,South,36,2
4376,2024-06-08,116.29,pending,Home,Central,32,4
4377,2024-06-08,4715.36,refunded,Clothing,South,32,1
4378,2024-06-08,1502.21,completed,Food,North,26,4
4379,2024-06-08,2166.53,completed,Food,West,30,4
4380,2024-06-08,2514.3,completed,Home,South,10,3
4381,2024-06-08,4052.4,failed,Food,West,32,3
4382,2024-06-08,1460.81,completed,Food,East,6,3
4383,2024-06-08,2757.41,completed,Home,West,29,2
4384,2024-06-08,835.2,completed,Home,West,21,4
4385,2024-06-09,3669.6,completed,Electronics,East,37,5
4386,2024-06-09,3357.53,completed,Food,North,27,1
4387,2024-06-09,2449.49,completed,Home,West,1,3
4388,2024-06-09,4865.81,completed,Books,South,12,1
4389,2024-06-09,1838.18,completed,Food,West,11,3
4390,2024-06-09,259.85,completed,Food,West,41,3
4391,2024-06-09,4428.93,completed,Sports,East,17,1
4392,2024-06-09,2904.41,completed,Books,Central,33,1
4393,2024-06-09,4506.71,completed,Home,East,30,1
4394,2024-06-09,4444.81,completed,Electronics,North,23,3
4395,2024-06-09,4012.98,completed,Books,West,30,2
4396,2024-06-09,396.11,pending,Food,East,31,4
4397,2024-06-09,4175.92,completed,Books,Central,26,5
4398,2024-06-09,4996.3,completed,Books,Central,32,5
4399,2024-06-09,3170.94,completed,Electronics,West,10,1
4400,2024-06-09,4989.68,completed,Sports,East,47,3
4401,2024-06-09,2724.42,pending,Food,West,14,4
4402,2024-06-09,213.53,pending,Home,West,48,3
4403,2024-06-09,2039.32,completed,Sports,West,11,3
4404,2024-06-09,1357.18,completed,Clothing,South,20,3
4405,2024-06-09,399.97,completed,Clothing,South,41,1
4406,2024-06-09,1845.26,completed,Home,Central,19,1
4407,2024-06-09,603.18,failed,Food,Central,37,2
4408,2024-06-09,2739.67,completed,Home,Central,49,4
4409,2024-06-09,3416.51,completed,Sports,Central,16,2
4410,2024-06-09,279.66,completed,Books,North,26,3
4411,2024-06-09,2678.19,completed,Food,West,2,3
4412,2024-06-10,3548.75,completed,Books,East,3,1
4413,2024-06-10,794.83,pending,Food,South,45,3
4414,2024-06-10,4751.39,pending,Sports,Central,28,3
4415,2024-06-10,4670.28,completed,Food,East,38,4
4416,2024-06-10,4233.54,pending,Sports,South,12,4
4417,2024-06-10,3412.65,completed,Home,South,16,3
4418,2024-06-10,1671.91,completed,Food,East,32,4
4419,2024-06-10,2118.4,completed,Electronics,North,14,2
4420,2024-06-10,4449.97,pending,Sports,South,24,2
4421,2024-06-10,2157.85,completed,Home,South,40,2
4422,2024-06-10,1689.98,pending,Home,Central,34,5
4423,2024-06-10,2610.9,completed,Food,Central,47,3
4424,2024-06-10,2573.48,failed,Books,Central,6,2
4425,2024-06-10,3954.58,completed,Sports,North,9,5
4426,2024-06-10,1948.45,completed,Sports,South,38,1
4427,2024-06-10,1574.69,completed,Home,East,45,1
4428,2024-06-10,2315.41,completed,Home,East,10,3
4429,2024-06-10,4056.87,completed,Home,Central,5,3
4430,2024-06-10,4586.61,completed,Food,North,27,1
4431,2024-06-10,2119.95,pending,Electronics,South,25,3
4432,2024-06-10,2561.03,refunded,Food,West,27,1
4433,2024-06-10,3910.91,completed,Food,East,24,2
4434,2024-06-10,1542.01,pending,Home,Central,36,2
4435,2024-06-10,1005.59,completed,Electronics,Central,19,5
4436,2024-06-10,3644.42,completed,Books,North,24,1
4437,2024-06-10,2168.2,completed,Food,East,23,1
4438,2024-06-10,1452.72,failed,Books,West,13,1
4439,2024-06-11,1229.35,completed,Food,East,7,4
4440,2024-06-11,2613.83,completed,Food,West,42,3
4441,2024-06-11,2099.2,refunded,Sports,North,23,5
4442,2024-06-11,4924.98,completed,Clothing,North,23,1
4443,2024-06-11,4229.27,failed,Electronics,South,17,3
4444,2024-06-11,4393.52,completed,Electronics,South,24,2
4445,2024-06-11,4702.87,failed,Sports,North,7,3
4446,2024-06-11,94.86,failed,Food,South,8,3
4447,2024-06-11,2304.82,failed,Books,North,12,5
4448,2024-06-11,745.46,completed,Food,South,43,4
4449,2024-06-11,3530.17,refunded,Food,West,41,2
4450,2024-06-11,3928.34,completed,Home,South,5,4
4451,2024-06-11,512.93,completed,Food,West,49,3
4452,2024-06-11,2608.58,pending,Clothing,South,3,1
4453,2024-06-11,3304.24,pending,Clothing,East,47,5
4454,2024-06-11,2707.88,completed,Home,North,38,1
4455,2024-06-11,259.15,failed,Food,South,23,5
4456,2024-06-11,1750.84,completed,Sports,West,44,2
4457,2024-06-11,3757.54,completed,Books,West,18,5
4458,2024-06-11,1060.09,completed,Food,West,45,2
4459,2024-06-11,965.19,completed,Clothing,Central,43,1
4460,2024-06-11,2802.31,completed,Clothing,East,7,4
4461,2024-06-11,4142.58,completed,Clothing,West,22,1
4462,2024-06-11,3700.96,completed,Electronics,North,11,2
4463,2024-06-11,3416.19,completed,Home,Central,19,1
4464,2024-06-11,4303.22,completed,Home,East,15,1
4465,2024-06-11,3053.25,completed,Clothing,North,27,2
4466,2024-06-11,2199.97,completed,Food,North,34,3
4467,2024-06-12,3088.06,completed,Electronics,North,23,4
4468,2024-06-12,3185.46,completed,Clothing,Central,23,2
4469,2024-06-12,3224.86,completed,Electronics,East,46,2
4470,2024-06-12,4499.78,completed,Books,West,2,1
4471,2024-06-12,4887.37,completed,Books,Central,1,5
4472,2024-06-12,2890.07,pending,Electronics,South,30,5
4473,2024-06-12,3246.87,completed,Electronics,South,36,3
4474,2024-06-12,1049.8,completed,Home,South,48,2
4475,2024-06-12,3855.32,completed,Clothing,South,42,4
4476,2024-06-12,726.66,completed,Sports,East,48,1
4477,2024-06-12,2489.87,completed,Food,East,17,5
4478,2024-06-12,738.31,completed,Sports,South,33,4
4479,2024-06-12,2748.58,completed,Home,South,1,4
4480,2024-06-12,2691.12,completed,Home,West,29,2
4481,2024-06-12,2655.71,completed,Electronics,North,20,4
4482,2024-06-12,1049.58,completed,Books,North,39,1
4483,2024-06-12,2719.59,pending,Home,West,13,2
4484,2024-06-12,3903.22,completed,Books,Central,43,1
4485,2024-06-12,1324.76,completed,Electronics,East,32,4
4486,2024-06-12,2556.71,pending,Home,East,45,5
4487,2024-06-12,3455.63,completed,Food,South,25,2
4488,2024-06-12,3963.62,completed,Books,South,16,2
4489,2024-06-12,3187.33,completed,Food,North,36,4
4490,2024-06-12,3894.3,completed,Sports,South,24,4
4491,2024-06-12,1381.99,completed,Books,Central,26,3
4492,2024-06-12,1530.86,failed,Electronics,West,21,3
4493,2024-06-12,1748.67,completed,Clothing,East,14,3
4494,2024-06-13,4442.3,completed,Sports,South,37,3
4495,2024-06-13,3420.06,failed,Food,West,9,4
4496,2024-06-13,4714.81,failed,Food,North,37,3
4497,2024-06-13,1831.02,completed,Electronics,West,47,4
4498,2024-06-13,2139.26,completed,Clothing,East,20,2
4499,2024-06-13,3260.71,pending,Sports,East,13,2
4500,2024-06-13,4787.81,completed,Sports,Central,5,2
4501,2024-06-13,1084.52,completed,Food,North,45,5
4502,2024-06-13,1578.59,pending,Food,North,17,1
4503,2024-06-13,1291.96,completed,Books,Central,6,2
4504,2024-06-13,1785.52,completed,Food,Central,21,3
4505,2024-06-13,3531.46,completed,Home,East,4,3
4506,2024-06-13,4775.4,refunded,Books,South,48,2
4507,2024-06-13,4886.3,completed,Clothing,Central,6,3
4508,2024-06-13,3361.78,pending,Home,Central,3,2
4509,2024-06-13,4217.44,failed,Home,Central,47,1
4510,2024-06-13,2903.12,pending,Clothing,North,32,5
4511,2024-06-13,4266.85,completed,Sports,North,37,5
4512,2024-06-13,1538.28,failed,Books,South,17,4
4513,2024-06-13,1385.42,failed,Electronics,East,37,1
4514,2024-06-13,1531.22,pending,Home,Central,18,2
4515,2024-06-13,2649.34,completed,Home,South,31,3
4516,2024-06-13,902.55,completed,Books,South,7,5
4517,2024-06-13,3949.29,pending,Books,East,4,2
4518,2024-06-13,2992.0,completed,Clothing,South,10,5
4519,2024-06-13,143.57,completed,Books,West,20,3
4520,2024-06-13,440.24,completed,Books,South,2,2
4521,2024-06-13,4820.65,completed,Food,East,7,1
4522,2024-06-14,60.74,completed,Books,North,22,5
4523,2024-06-14,3344.68,completed,Sports,West,5,3
4524,2024-06-14,2956.3,completed,Sports,South,16,5
4525,2024-06-14,4576.78,completed,Books,North,45,2
4526,2024-06-14,1216.67,completed,Sports,West,17,5
4527,2024-06-14,207.16,refunded,Sports,East,46,1
4528,2024-06-14,4395.44,failed,Books,South,17,1
4529,2024-06-14,4625.11,completed,Electronics,Central,25,5
4530,2024-06-14,4033.27,completed,Food,East,48,3
4531,2024-06-14,827.65,completed,Food,North,29,4
4532,2024-06-14,2454.34,completed,Sports,South,16,3
4533,2024-06-14,1176.23,completed,Sports,West,41,5
4534,2024-06-14,2854.0,completed,Clothing,North,12,4
4535,2024-06-14,3076.63,completed,Books,North,26,5
4536,2024-06-14,4285.29,completed,Electronics,East,19,3
4537,2024-06-14,1746.69,completed,Clothing,South,41,4
4538,2024-06-14,934.23,completed,Electronics,Central,34,2
4539,2024-06-14,4058.1,completed,Books,West,30,3
4540,2024-06-14,236.59,pending,Sports,West,3,5
4541,2024-06-14,1365.0,refunded,Sports,Central,34,4
4542,2024-06-14,2654.61,completed,Clothing,Central,31,2
4543,2024-06-14,3008.31,completed,Sports,Central,32,4
4544,2024-06-14,4071.59,failed,Electronics,South,48,1
4545,2024-06-14,3075.21,completed,Sports,West,48,5
4546,2024-06-14,1526.45,completed,Clothing,East,46,3
4547,2024-06-14,1618.54,failed,Home,North,18,4
4548,2024-06-14,790.91,refunded,Sports,South,47,5
4549,2024-06-15,824.63,completed,Home,West,35,5
4550,2024-06-15,4166.46,completed,Home,East,4,5
4551,2024-06-15,2569.26,completed,Electronics,West,43,3
4552,2024-06-15,4793.63,completed,Books,Central,26,1
4553,2024-06-15,1736.16,completed,Clothing,Central,18,4
4554,2024-06-15,2341.75,refunded,Home,East,41,4
4555,2024-06-15,4959.44,refunded,Electronics,South,7,5
4556,2024-06-15,2915.91,pending,Clothing,Central,38,4
4557,2024-06-15,2139.82,completed,Home,Central,14,5
4558,2024-06-15,687.72,completed,Electronics,East,11,5
4559,2024-06-15,568.91,failed,Home,Central,28,2
4560,2024-06-15,2594.07,completed,Books,East,1,3
4561,2024-06-15,4074.68,completed,Home,West,33,1
4562,2024-06-15,4488.55,completed,Electronics,East,44,2
4563,2024-06-15,597.06,completed,Food,Central,27,2
4564,2024-06-15,2882.58,completed,Food,Central,49,5
4565,2024-06-15,2171.13,completed,Home,North,39,2
4566,2024-06-15,2256.77,completed,Food,East,25,1
4567,2024-06-15,1197.72,pending,Home,South,9,2
4568,2024-06-15,3754.88,completed,Food,South,12,1
4569,2024-06-15,2412.68,completed,Clothing,South,35,5
4570,2024-06-15,160.48,completed,Electronics,East,11,5
4571,2024-06-15,1379.9,refunded,Food,Central,29,2
4572,2024-06-15,4355.28,completed,Home,East,37,2
4573,2024-06-15,3361.71,completed,Food,East,5,1
4574,2024-06-15,3643.69,completed,Clothing,East,11,4
4575,2024-06-15,3981.19,failed,Food,Central,8,2
4576,2024-06-16,1362.92,completed,Food,West,21,2
4577,2024-06-16,899.25,pending,Electronics,North,18,1
4578,2024-06-16,1313.84,completed,Electronics,Central,25,2
4579,2024-06-16,286.59,completed,Food,East,14,2
4580,2024-06-16,4736.25,completed,Clothing,East,14,4
4581,2024-06-16,3052.02,completed,Electronics,South,3,1
4582,2024-06-16,2678.17,completed,Food,North,7,5
4583,2024-06-16,4601.02,pending,Food,North,18,3
4584,2024-06-16,2130.57,completed,Sports,South,35,5
4585,2024-06-16,1754.11,completed,Electronics,Central,10,5
4586,2024-06-16,312.53,completed,Home,Central,36,3
4587,2024-06-16,4455.24,completed,Books,North,23,4
4588,2024-06-16,4178.73,completed,Books,West,9,1
4589,2024-06-16,427.65,refunded,Books,East,23,3
4590,2024-06-16,339.02,pending,Sports,North,4,5
4591,2024-06-16,2586.59,pending,Food,East,49,3
4592,2024-06-16,3100.68,completed,Books,Central,5,5
4593,2024-06-16,338.32,completed,Books,North,32,5
4594,2024-06-16,3334.63,failed,Electronics,West,24,1
4595,2024-06-16,2890.97,completed,Sports,Central,3,4
4596,2024-06-16,3819.88,completed,Books,South,47,4
4597,2024-06-16,4640.18,completed,Books,East,46,3
4598,2024-06-16,898.77,completed,Clothing,East,48,4
4599,2024-06-16,3902.38,pending,Home,East,27,3
4600,2024-06-16,1249.58,pending,Clothing,Central,28,5
4601,2024-06-16,4298.69,completed,Sports,Central,2,3
4602,2024-06-16,2004.98,completed,Sports,South,34,5
4603,2024-06-16,4596.11,completed,Clothing,North,28,2
4604,2024-06-17,3048.99,completed,Home,West,31,5
4605,2024-06-17,261.29,completed,Electronics,Central,30,4
4606,2024-06-17,4308.29,completed,Sports,South,43,4
4607,2024-06-17,2215.88,completed,Home,Central,32,4
4608,2024-06-17,3163.84,completed,Books,North,2,4
4609,2024-06-17,4813.38,pending,Home,North,14,2
4610,2024-06-17,2196.33,completed,Sports,Central,30,2
4611,2024-06-17,1949.72,pending,Clothing,North,44,4
4612,2024-06-17,4738.96,completed,Food,West,1,3
4613,2024-06-17,1204.28,pending,Books,South,24,3
4614,2024-06-17,2022.55,completed,Home,Central,25,4
4615,2024-06-17,3790.81,failed,Sports,North,12,1
4616,2024-06-17,2898.93,pending,Books,Central,18,5
4617,2024-06-17,1506.97,refunded,Books,East,48,2
4618,2024-06-17,2118.38,failed,Electronics,East,4,4
4619,2024-06-17,4983.12,completed,Food,Central,26,5
4620,2024-06-17,3738.54,pending,Sports,East,7,5
4621,2024-06-17,4829.51,completed,Books,West,39,1
4622,2024-06-17,463.74,pending,Home,South,22,2
4623,2024-06-17,353.74,pending,Books,North,48,1
4624,2024-06-17,197.44,completed,Sports,West,21,4
4625,2024-06-17,4524.9,completed,Books,East,42,1
4626,2024-06-17,3398.84,completed,Books,Central,44,2
4627,2024-06-17,1290.25,completed,Books,East,5,3
4628,2024-06-17,2827.69,failed,Clothing,Central,28,2
4629,2024-06-17,1021.81,completed,Electronics,East,22,4
4630,2024-06-17,3021.87,pending,Books,North,2,2
4631,2024-06-18,1563.8,completed,Books,East,33,1
4632,2024-06-18,3178.11,completed,Electronics,Central,18,2
4633,2024-06-18,674.9,failed,Sports,South,38,1
4634,2024-06-18,1277.88,pending,Food,South,33,1
4635,2024-06-18,105.73,pending,Home,West,36,5
4636,2024-06-18,4116.57,completed,Books,West,14,5
4637,2024-06-18,4017.95,completed,Clothing,South,8,5
4638,2024-06-18,1699.4,pending,Electronics,North,7,3
4639,2024-06-18,835.81,completed,Clothing,South,47,4
4640,2024-06-18,309.89,completed,Electronics,Central,23,5
4641,2024-06-18,3471.26,completed,Electronics,South,8,2
4642,2024-06-18,721.07,completed,Food,North,10,3
4643,2024-06-18,1581.2,completed,Sports,East,6,4
4644,2024-06-18,4230.43,completed,Electronics,East,40,2
4645,2024-06-18,223.52,pending,Clothing,West,8,2
4646,2024-06-18,1372.07,completed,Home,South,2,5
4647,2024-06-18,4831.38,completed,Sports,East,46,1
4648,2024-06-18,594.79,completed,Electronics,North,48,5
4649,2024-06-18,593.26,completed,Electronics,North,35,4
4650,2024-06-18,4518.88,completed,Electronics,East,38,1
4651,2024-06-18,4507.87,failed,Clothing,West,48,4
4652,2024-06-18,3564.42,completed,Food,West,17,1
4653,2024-06-18,3475.19,pending,Electronics,North,21,4
4654,2024-06-18,3204.11,pending,Home,South,41,4
4655,2024-06-18,3094.51,completed,Food,North,25,3
4656,2024-06-18,2859.24,completed,Electronics,East,38,2
4657,2024-06-18,4659.6,failed,Food,Central,40,2
4658,2024-06-18,2782.11,failed,Clothing,South,43,4
4659,2024-06-19,3519.93,completed,Food,North,19,4
4660,2024-06-19,2714.04,failed,Clothing,East,3,3
4661,2024-06-19,2242.55,completed,Books,East,19,3
4662,2024-06-19,2941.97,completed,Clothing,West,9,3
4663,2024-06-19,2210.04,completed,Home,West,6,2
4664,2024-06-19,2061.15,completed,Sports,North,12,2
4665,2024-06-19,72.02,pending,Electronics,North,11,5
4666,2024-06-19,2722.35,pending,Electronics,North,11,4
4667,2024-06-19,3468.8,pending,Sports,South,11,4
4668,2024-06-19,3403.44,completed,Electronics,East,48,5
4669,2024-06-19,1746.01,completed,Sports,West,19,1
4670,2024-06-19,4291.95,completed,Food,North,21,3
4671,2024-06-19,1292.26,completed,Books,South,27,5
4672,2024-06-19,1442.79,completed,Electronics,South,36,3
4673,2024-06-19,3519.72,completed,Food,North,32,3
4674,2024-06-19,923.54,completed,Books,South,35,2
4675,2024-06-19,25.84,completed,Food,Central,26,5
4676,2024-06-19,3728.78,completed,Home,Central,7,2
4677,2024-06-19,794.1,completed,Sports,North,20,3
4678,2024-06-19,2167.64,pending,Food,North,43,3
4679,2024-06-19,2412.44,completed,Home,South,9,2
4680,2024-06-19,3001.4,failed,Home,South,19,4
4681,2024-06-19,2178.62,completed,Food,South,9,1
4682,2024-06-19,1154.6,completed,Home,East,3,2
4683,2024-06-19,3873.98,failed,Sports,South,28,1
4684,2024-06-19,1296.51,refunded,Sports,East,24,2
4685,2024-06-19,2314.46,completed,Sports,West,12,5
4686,2024-06-20,241.62,completed,Clothing,Central,21,4
4687,2024-06-20,908.16,completed,Food,West,24,3
4688,2024-06-20,679.28,completed,Food,South,28,5
4689,2024-06-20,2133.67,completed,Electronics,North,20,2
4690,2024-06-20,2059.28,completed,Sports,South,4,3
4691,2024-06-20,831.94,pending,Clothing,East,46,5
4692,2024-06-20,4223.42,pending,Books,South,48,5
4693,2024-06-20,2483.92,pending,Home,East,12,4
4694,2024-06-20,3939.6,completed,Home,Central,11,2
4695,2024-06-20,2998.61,completed,Sports,East,20,2
4696,2024-06-20,336.51,completed,Sports,North,45,1
4697,2024-06-20,3063.86,completed,Books,North,25,5
4698,2024-06-20,1117.48,completed,Sports,East,4,3
4699,2024-06-20,1728.87,failed,Books,South,23,3
4700,2024-06-20,4332.65,completed,Home,Central,31,3
4701,2024-06-20,3372.73,pending,Sports,North,34,3
4702,2024-06-20,2678.99,completed,Sports,West,21,1
4703,2024-06-20,720.66,completed,Electronics,North,11,3
4704,2024-06-20,420.35,failed,Food,South,9,3
4705,2024-06-20,2339.45,completed,Clothing,North,18,4
4706,2024-06-20,1799.99,completed,Home,South,7,2
4707,2024-06-20,3961.18,failed,Books,North,32,5
4708,2024-06-20,680.72,completed,Sports,South,25,4
4709,2024-06-20,1745.37,completed,Clothing,North,37,4
4710,2024-06-20,3212.5,completed,Books,West,45,4
4711,2024-06-20,4688.37,failed,Clothing,East,18,5
4712,2024-06-20,566.68,completed,Home,South,34,4
4713,2024-06-21,4280.79,completed,Clothing,South,2,3
4714,2024-06-21,3946.53,completed,Clothing,South,17,1
4715,2024-06-21,3092.78,completed,Food,Central,37,3
4716,2024-06-21,902.06,failed,Books,Central,24,2
4717,2024-06-21,2519.87,completed,Books,East,34,2
4718,2024-06-21,3282.02,completed,Clothing,Central,33,3
4719,2024-06-21,374.91,completed,Clothing,South,34,5
4720,2024-06-21,3916.48,completed,Food,West,21,2
4721,2024-06-21,4828.35,completed,Electronics,Central,7,4
4722,2024-06-21,3264.43,pending,Electronics,West,49,3
4723,2024-06-21,1989.0,completed,Books,North,48,2
4724,2024-06-21,3708.28,completed,Books,South,48,2
4725,2024-06-21,2280.35,pending,Home,North,45,4
4726,2024-06-21,2882.9,completed,Home,North,49,3
4727,2024-06-21,117.03,pending,Sports,West,47,5
4728,2024-06-21,2232.04,completed,Electronics,Central,34,4
4729,2024-06-21,4961.79,completed,Clothing,West,44,3
4730,2024-06-21,817.14,completed,Clothing,West,47,4
4731,2024-06-21,4114.09,refunded,Books,North,45,2
4732,2024-06-21,1874.75,completed,Electronics,Central,47,4
4733,2024-06-21,1387.91,completed,Food,South,17,2
4734,2024-06-21,4660.21,completed,Books,Central,3,4
4735,2024-06-21,2309.01,completed,Electronics,Central,45,2
4736,2024-06-21,4986.43,completed,Books,East,43,1
4737,2024-06-21,2790.03,failed,Electronics,West,18,3
4738,2024-06-21,2199.42,completed,Books,Central,39,2
4739,2024-06-21,1386.77,failed,Sports,West,36,1
4740,2024-06-21,171.86,completed,Home,South,8,4
4741,2024-06-22,3857.04,completed,Electronics,Central,23,1
4742,2024-06-22,1759.96,completed,Clothing,West,37,4
4743,2024-06-22,3765.24,completed,Books,East,17,5
4744,2024-06-22,4518.26,pending,Clothing,North,42,3
4745,2024-06-22,1483.02,completed,Home,South,13,5
4746,2024-06-22,1606.49,completed,Electronics,East,2,5
4747,2024-06-22,4977.74,pending,Electronics,West,17,3
4748,2024-06-22,2016.34,completed,Food,East,30,4
4749,2024-06-22,4078.07,completed,Home,Central,31,4
4750,2024-06-22,3149.03,completed,Electronics,South,21,1
4751,2024-06-22,242.27,completed,Food,West,22,5
4752,2024-06-22,824.52,failed,Sports,South,28,4
4753,2024-06-22,3260.29,completed,Books,East,41,2
4754,2024-06-22,4609.01,pending,Clothing,East,30,2
4755,2024-06-22,145.44,completed,Home,Central,5,5
4756,2024-06-22,210.25,completed,Electronics,North,32,1
4757,2024-06-22,1285.75,completed,Books,North,13,5
4758,2024-06-22,1849.17,completed,Home,Central,15,1
4759,2024-06-22,1048.88,pending,Home,South,40,5
4760,2024-06-22,1189.32,pending,Food,Central,7,5
4761,2024-06-22,645.29,pending,Clothing,Central,44,4
4762,2024-06-22,1642.34,completed,Clothing,North,15,3
4763,2024-06-22,2345.14,completed,Books,East,30,5
4764,2024-06-22,4408.3,completed,Food,South,24,3
4765,2024-06-22,2068.26,refunded,Clothing,East,23,3
4766,2024-06-22,4652.17,completed,Food,South,15,3
4767,2024-06-22,2907.49,pending,Clothing,North,12,2
4768,2024-06-23,3295.29,completed,Books,Central,29,5
4769,2024-06-23,4593.69,completed,Food,East,48,4
4770,2024-06-23,720.03,completed,Electronics,North,18,3
4771,2024-06-23,2649.3,completed,Clothing,East,33,3
4772,2024-06-23,1546.9,completed,Books,South,31,1
4773,2024-06-23,4784.46,completed,Books,West,5,1
4774,2024-06-23,4528.2,completed,Books,East,9,2
4775,2024-06-23,2772.84,completed,Food,East,35,2
4776,2024-06-23,2233.33,completed,Food,North,20,1
4777,2024-06-23,1447.77,refunded,Sports,West,14,2
4778,2024-06-23,2529.5,completed,Sports,South,33,2
4779,2024-06-23,3356.99,pending,Books,East,4,5
4780,2024-06-23,2751.94,completed,Electronics,West,23,5
4781,2024-06-23,4195.94,completed,Sports,Central,14,3
4782,2024-06-23,1716.52,completed,Sports,Central,17,2
4783,2024-06-23,784.64,pending,Books,Central,15,2
4784,2024-06-23,4330.25,completed,Food,Central,27,5
4785,2024-06-23,1565.83,completed,Electronics,West,43,3
4786,2024-06-23,3627.45,completed,Books,Central,1,3
4787,2024-06-23,420.65,completed,Books,West,30,5
4788,2024-06-23,3828.32,failed,Food,North,5,1
4789,2024-06-23,21.1,completed,Books,West,20,4
4790,2024-06-23,453.2,completed,Clothing,Central,34,1
4791,2024-06-23,642.8,completed,Home,Central,32,2
4792,2024-06-23,2484.95,completed,Books,East,13,2
4793,2024-06-23,943.76,completed,Food,West,40,5
4794,2024-06-23,4473.32,completed,Sports,Central,22,3
4795,2024-06-23,2927.28,pending,Clothing,East,24,3
4796,2024-06-24,572.02,completed,Books,South,21,3
4797,2024-06-24,2787.44,completed,Food,East,18,5
4798,2024-06-24,2292.76,failed,Home,South,43,3
4799,2024-06-24,4253.63,completed,Books,West,41,5
4800,2024-06-24,1771.65,completed,Electronics,South,4,4
4801,2024-06-24,759.71,completed,Sports,East,40,1
4802,2024-06-24,3296.5,pending,Food,East,22,5
4803,2024-06-24,4543.51,completed,Home,East,32,2
4804,2024-06-24,3137.94,completed,Books,North,8,3
4805,2024-06-24,4146.8,completed,Sports,West,20,2
4806,2024-06-24,207.57,failed,Home,Central,43,4
4807,2024-06-24,1272.54,completed,Electronics,West,30,5
4808,2024-06-24,3935.63,failed,Books,Central,49,1
4809,2024-06-24,426.58,completed,Electronics,Central,10,3
4810,2024-06-24,380.49,completed,Sports,South,35,5
4811,2024-06-24,4357.53,completed,Electronics,East,31,1
4812,2024-06-24,4426.67,completed,Home,Central,32,1
4813,2024-06-24,4339.38,completed,Sports,Central,3,2
4814,2024-06-24,4543.19,pending,Home,North,38,2
4815,2024-06-24,1461.47,completed,Food,East,42,5
4816,2024-06-24,2143.21,completed,Food,West,22,4
4817,2024-06-24,2211.14,failed,Home,West,29,4
4818,2024-06-24,3553.53,completed,Food,South,39,4
4819,2024-06-24,688.29,completed,Electronics,West,21,4
4820,2024-06-24,2893.85,refunded,Electronics,South,32,3
4821,2024-06-24,2468.28,completed,Home,East,47,1
4822,2024-06-24,4156.86,completed,Sports,East,49,2
4823,2024-06-25,1395.13,completed,Electronics,East,47,5
4824,2024-06-25,1524.58,completed,Home,West,9,5
4825,2024-06-25,3107.61,completed,Electronics,East,11,2
4826,2024-06-25,1765.89,completed,Books,East,10,3
4827,2024-06-25,3038.11,completed,Home,North,45,5
4828,2024-06-25,2613.34,completed,Electronics,Central,15,1
4829,2024-06-25,4998.7,completed,Home,West,18,2
4830,2024-06-25,2332.73,completed,Clothing,Central,44,3
4831,2024-06-25,3624.32,completed,Electronics,East,16,5
4832,2024-06-25,2371.65,pending,Food,Central,16,2
4833,2024-06-25,2270.72,completed,Electronics,West,12,3
4834,2024-06-25,645.08,failed,Sports,North,4,5
4835,2024-06-25,3693.66,refunded,Clothing,Central,4,2
4836,2024-06-25,3718.06,completed,Sports,East,27,5
4837,2024-06-25,800.14,completed,Books,South,44,4
4838,2024-06-25,3695.61,refunded,Home,West,28,5
4839,2024-06-25,264.53,completed,Clothing,North,27,3
4840,2024-06-25,1124.36,completed,Clothing,West,31,3
4841,2024-06-25,385.5,pending,Sports,South,47,2
4842,2024-06-25,71.42,completed,Electronics,Central,4,3
4843,2024-06-25,1085.2,pending,Clothing,West,5,4
4844,2024-06-25,1881.19,failed,Home,East,18,4
4845,2024-06-25,3987.98,failed,Clothing,South,25,1
4846,2024-06-25,710.9,completed,Sports,East,5,1
4847,2024-06-25,2327.51,failed,Sports,Central,20,5
4848,2024-06-25,2603.89,completed,Sports,East,38,5
4849,2024-06-25,3129.51,completed,Electronics,South,11,5
4850,2024-06-26,716.23,completed,Clothing,South,11,3
4851,2024-06-26,2924.86,completed,Sports,East,18,1
4852,2024-06-26,1030.53,pending,Books,West,31,3
4853,2024-06-26,2926.25,completed,Sports,West,24,3
4854,2024-06-26,343.72,completed,Books,North,12,1
4855,2024-06-26,27.54,completed,Electronics,South,46,1
4856,2024-06-26,2129.9,failed,Electronics,Central,4,1
4857,2024-06-26,3767.12,refunded,Home,Central,24,2
4858,2024-06-26,3010.0,pending,Home,South,14,5
4859,2024-06-26,2577.98,completed,Sports,South,16,3
4860,2024-06-26,4875.61,completed,Sports,North,1,4
4861,2024-06-26,3154.74,failed,Home,North,37,5
4862,2024-06-26,1337.53,completed,Books,South,28,2
4863,2024-06-26,2039.81,completed,Books,East,3,4
4864,2024-06-26,178.12,completed,Books,Central,47,4
4865,2024-06-26,3548.37,completed,Home,South,15,3
4866,2024-06-26,2302.9,pending,Books,West,20,5
4867,2024-06-26,3682.73,refunded,Sports,North,20,3
4868,2024-06-26,4829.32,pending,Home,West,27,5
4869,2024-06-26,432.67,completed,Clothing,East,30,3
4870,2024-06-26,4494.07,pending,Clothing,West,6,5
4871,2024-06-26,1363.86,completed,Sports,East,15,2
4872,2024-06-26,2769.73,completed,Books,South,18,4
4873,2024-06-26,3954.91,failed,Home,West,48,1
4874,2024-06-26,2787.85,failed,Food,South,25,2
4875,2024-06-26,2677.91,completed,Electronics,South,5,5
4876,2024-06-26,3319.27,refunded,Food,Central,35,5
4877,2024-06-26,486.16,completed,Books,Central,37,3
4878,2024-06-27,4758.06,completed,Electronics,Central,38,3
4879,2024-06-27,3456.68,failed,Sports,West,37,3
4880,2024-06-27,3588.36,completed,Electronics,South,15,4
4881,2024-06-27,3813.27,completed,Clothing,West,40,4
4882,2024-06-27,3017.41,pending,Food,East,4,4
4883,2024-06-27,4360.05,pending,Home,Central,39,4
4884,2024-06-27,4670.28,pending,Clothing,Central,49,2
4885,2024-06-27,4198.1,completed,Sports,South,11,2
4886,2024-06-27,801.75,completed,Food,East,11,2
4887,2024-06-27,1250.04,completed,Clothing,North,47,5
4888,2024-06-27,3147.55,completed,Clothing,East,47,2
4889,2024-06-27,2786.79,completed,Sports,North,45,5
4890,2024-06-27,3538.28,pending,Clothing,South,32,4
4891,2024-06-27,1484.27,completed,Clothing,Central,18,4
4892,2024-06-27,2492.69,pending,Electronics,West,47,1
4893,2024-06-27,4885.74,completed,Clothing,East,46,2
4894,2024-06-27,4062.83,completed,Electronics,East,36,2
4895,2024-06-27,3632.78,completed,Sports,South,13,5
4896,2024-06-27,3711.04,completed,Sports,South,34,2
4897,2024-06-27,208.4,failed,Home,West,28,5
4898,2024-06-27,888.36,pending,Clothing,East,24,5
4899,2024-06-27,2789.0,completed,Electronics,East,20,1
4900,2024-06-27,2414.92,failed,Electronics,West,20,3
4901,2024-06-27,1151.21,completed,Food,Central,40,1
4902,2024-06-27,3090.1,completed,Home,East,6,5
4903,2024-06-27,3655.21,completed,Electronics,South,28,4
4904,2024-06-27,318.49,pending,Electronics,Central,7,2
4905,2024-06-28,2801.47,completed,Clothing,West,8,4
4906,2024-06-28,2601.89,pending,Books,West,48,1
4907,2024-06-28,792.81,completed,Home,Central,21,3
4908,2024-06-28,3597.13,completed,Clothing,East,15,1
4909,2024-06-28,403.02,pending,Home,South,49,1
4910,2024-06-28,4927.52,pending,Home,South,21,3
4911,2024-06-28,136.51,completed,Electronics,West,14,4
4912,2024-06-28,3310.81,completed,Home,Central,30,4
4913,2024-06-28,1556.43,completed,Home,Central,33,3
4914,2024-06-28,2602.51,pending,Sports,West,11,4
4915,2024-06-28,1534.59,pending,Books,West,28,1
4916,2024-06-28,2884.71,completed,Food,Central,30,2
4917,2024-06-28,946.9,refunded,Clothing,East,1,1
4918,2024-06-28,2954.08,failed,Books,East,22,2
4919,2024-06-28,4903.65,completed,Home,South,6,2
4920,2024-06-28,860.64,pending,Food,East,30,5
4921,2024-06-28,3917.87,pending,Electronics,East,10,3
4922,2024-06-28,2819.81,completed,Home,North,9,2
4923,2024-06-28,2011.08,failed,Clothing,West,27,1
4924,2024-06-28,2933.74,pending,Electronics,East,39,4
4925,2024-06-28,3117.4,completed,Home,Central,23,1
4926,2024-06-28,3682.75,completed,Clothing,West,34,1
4927,2024-06-28,917.33,completed,Electronics,South,45,5
4928,2024-06-28,3760.55,completed,Food,North,21,2
4929,2024-06-28,3078.79,pending,Home,North,4,4
4930,2024-06-28,4239.86,completed,Books,West,8,1
4931,2024-06-28,1416.66,completed,Clothing,East,16,3
4932,2024-06-28,3776.85,failed,Home,West,45,3
4933,2024-06-29,1263.12,refunded,Home,South,38,3
4934,2024-06-29,3251.36,completed,Home,East,38,1
4935,2024-06-29,3056.79,completed,Electronics,Central,47,5
4936,2024-06-29,1243.47,completed,Books,North,48,3
4937,2024-06-29,4882.43,completed,Food,North,32,3
4938,2024-06-29,4964.16,completed,Books,North,17,4
4939,2024-06-29,4782.38,failed,Home,East,23,4
4940,2024-06-29,4505.59,completed,Electronics,East,44,5
4941,2024-06-29,3909.61,pending,Electronics,South,12,1
4942,2024-06-29,121.6,pending,Home,Central,21,4
4943,2024-06-29,1440.52,completed,Food,Central,2,2
4944,2024-06-29,4977.77,completed,Sports,Central,37,2
4945,2024-06-29,3114.98,pending,Home,Central,14,5
4946,2024-06-29,3398.05,completed,Electronics,Central,19,1
4947,2024-06-29,1612.51,pending,Books,East,6,3
4948,2024-06-29,3433.04,completed,Clothing,North,19,4
4949,2024-06-29,1684.73,completed,Food,South,17,5
4950,2024-06-29,3637.36,completed,Sports,West,3,3
4951,2024-06-29,4630.28,completed,Clothing,East,28,4
4952,2024-06-29,2305.89,completed,Clothing,Central,18,2
4953,2024-06-29,4085.71,completed,Food,West,43,2
4954,2024-06-29,4574.51,completed,Food,West,2,1
4955,2024-06-29,1003.86,completed,Clothing,South,46,3
4956,2024-06-29,4133.54,pending,Books,East,27,3
4957,2024-06-29,3315.53,completed,Sports,East,25,2
4958,2024-06-29,2647.06,refunded,Sports,East,19,2
4959,2024-06-29,3170.66,completed,Home,East,28,3
4960,2024-06-30,599.12,completed,Sports,East,46,1
4961,2024-06-30,4308.59,completed,Home,East,18,1
4962,2024-06-30,1564.35,completed,Sports,South,25,3
4963,2024-06-30,1701.1,completed,Sports,East,29,4
4964,2024-06-30,3067.83,pending,Clothing,Central,32,1
4965,2024-06-30,838.97,pending,Home,North,34,1
4966,2024-06-30,4788.84,completed,Sports,Central,36,1
4967,2024-06-30,1400.25,completed,Sports,West,48,4
4968,2024-06-30,1633.86,pending,Electronics,East,4,2
4969,2024-06-30,3090.3,completed,Home,Central,7,5
4970,2024-06-30,2109.95,completed,Home,Central,9,2
4971,2024-06-30,3083.67,completed,Books,West,27,3
4972,2024-06-30,3837.9,failed,Food,South,48,1
4973,2024-06-30,921.93,completed,Electronics,South,43,3
4974,2024-06-30,3713.99,completed,Food,Central,2,3
4975,2024-06-30,1315.26,pending,Sports,North,48,5
4976,2024-06-30,1718.76,completed,Books,West,24,5
4977,2024-06-30,3743.95,completed,Clothing,East,15,3
4978,2024-06-30,3161.32,failed,Books,East,49,1
4979,2024-06-30,2843.5,completed,Food,West,22,1
4980,2024-06-30,1728.43,pending,Books,West,38,1
4981,2024-06-30,2258.84,pending,Electronics,East,10,5
4982,2024-06-30,3482.98,completed,Home,West,8,2
4983,2024-06-30,3585.57,completed,Sports,East,26,4
4984,2024-06-30,4682.11,completed,Food,South,35,4
4985,2024-06-30,3333.53,completed,Home,South,44,4
4986,2024-06-30,3500.07,completed,Home,South,28,2
4987,2024-07-01,2524.23,pending,Sports,North,14,2
4988,2024-07-01,2638.12,completed,Home,South,16,3
4989,2024-07-01,3833.16,completed,Food,West,15,1
4990,2024-07-01,4069.73,completed,Home,North,10,1
4991,2024-07-01,981.62,completed,Food,East,18,4
4992,2024-07-01,344.16,completed,Home,Central,19,2
4993,2024-07-01,4704.14,completed,Electronics,West,11,2
4994,2024-07-01,377.0,completed,Electronics,West,43,3
4995,2024-07-01,3787.74,completed,Books,West,47,4
4996,2024-07-01,4233.97,completed,Sports,South,48,3
4997,2024-07-01,1748.01,completed,Sports,South,5,5
4998,2024-07-01,1032.28,pending,Home,Central,35,3
4999,2024-07-01,147.55,pending,Food,South,10,3
5000,2024-07-01,4064.98,completed,Food,South,4,3
5001,2024-07-01,2400.5,completed,Electronics,North,12,5
5002,2024-07-01,1162.31,pending,Food,East,22,3
5003,2024-07-01,4638.0,completed,Food,East,34,2
5004,2024-07-01,2240.86,failed,Books,West,1,5
5005,2024-07-01,1300.54,pending,Electronics,East,34,2
5006,2024-07-01,1411.47,refunded,Home,North,14,5
5007,2024-07-01,2462.9,completed,Food,South,31,3
5008,2024-07-01,3165.45,completed,Books,West,28,5
5009,2024-07-01,4853.89,completed,Home,West,27,4
5010,2024-07-01,1891.29,completed,Food,West,48,3
5011,2024-07-01,3245.21,failed,Sports,Central,31,2
5012,2024-07-01,2397.22,completed,Home,East,24,3
5013,2024-07-01,4193.08,completed,Electronics,East,39,5
5014,2024-07-01,4348.24,completed,Electronics,South,8,5
5015,2024-07-02,113.92,completed,Books,South,31,4
5016,2024-07-02,398.82,completed,Home,West,45,4
5017,2024-07-02,983.31,completed,Books,East,39,4
5018,2024-07-02,616.26,completed,Sports,Central,36,4
5019,2024-07-02,1464.48,completed,Home,West,16,3
5020,2024-07-02,4880.34,completed,Electronics,Central,7,5
5021,2024-07-02,3925.43,completed,Electronics,East,44,1
5022,2024-07-02,606.91,pending,Home,North,7,5
5023,2024-07-02,4752.39,refunded,Home,North,9,5
5024,2024-07-02,3774.89,pending,Food,South,21,1
5025,2024-07-02,847.92,failed,Clothing,North,29,4
5026,2024-07-02,4585.6,completed,Electronics,South,11,5
5027,2024-07-02,2819.21,pending,Clothing,Central,7,5
5028,2024-07-02,4984.52,pending,Electronics,Central,6,4
5029,2024-07-02,4693.78,completed,Books,Central,25,4
5030,2024-07-02,1675.24,completed,Electronics,West,8,3
5031,2024-07-02,4579.45,completed,Sports,South,40,2
5032,2024-07-02,2874.74,pending,Clothing,Central,37,3
5033,2024-07-02,1296.49,refunded,Home,East,28,3
5034,2024-07-02,4933.24,completed,Books,Central,11,3
5035,2024-07-02,253.38,completed,Home,Central,16,5
5036,2024-07-02,4290.33,completed,Electronics,East,16,1
5037,2024-07-02,233.16,completed,Home,South,1,3
5038,2024-07-02,2917.3,refunded,Food,West,31,3
5039,2024-07-02,2826.89,refunded,Clothing,East,44,4
5040,2024-07-02,92.28,failed,Food,South,27,1
5041,2024-07-02,183.82,completed,Food,East,6,2
5042,2024-07-03,2415.1,refunded,Sports,South,17,2
5043,2024-07-03,1797.72,completed,Electronics,North,15,2
5044,2024-07-03,4682.97,pending,Food,North,25,2
5045,2024-07-03,3619.05,completed,Food,Central,35,2
5046,2024-07-03,1155.91,completed,Electronics,West,1,5
5047,2024-07-03,1415.57,completed,Books,West,27,4
5048,2024-07-03,4062.76,failed,Electronics,East,18,4
5049,2024-07-03,4931.95,completed,Books,South,36,2
5050,2024-07-03,2241.16,completed,Books,Central,46,3
5051,2024-07-03,1184.39,completed,Sports,East,43,1
5052,2024-07-03,3288.85,completed,Clothing,East,27,2
5053,2024-07-03,503.39,completed,Clothing,Central,8,1
5054,2024-07-03,3343.49,completed,Electronics,East,16,2
5055,2024-07-03,93.57,completed,Electronics,Central,11,2
5056,2024-07-03,4804.68,completed,Home,East,24,1
5057,2024-07-03,188.8,completed,Books,South,10,5
5058,2024-07-03,2254.58,completed,Electronics,North,9,1
5059,2024-07-03,2952.53,completed,Home,Central,19,1
5060,2024-07-03,4033.41,completed,Electronics,North,48,4
5061,2024-07-03,848.94,completed,Electronics,West,11,1
5062,2024-07-03,3086.55,completed,Books,West,44,3
5063,2024-07-03,975.15,completed,Food,West,4,2
5064,2024-07-03,1463.48,completed,Home,North,11,2
5065,2024-07-03,3214.38,pending,Books,West,20,4
5066,2024-07-03,174.84,completed,Books,South,46,4
5067,2024-07-03,1139.12,completed,Electronics,West,4,5
5068,2024-07-03,627.22,completed,Sports,North,40,5
5069,2024-07-04,527.93,pending,Books,West,5,3
5070,2024-07-04,4523.26,completed,Food,West,2,3
5071,2024-07-04,3652.26,completed,Sports,North,39,3
5072,2024-07-04,648.53,failed,Home,East,1,3
5073,2024-07-04,4703.57,completed,Food,South,27,5
5074,2024-07-04,2551.22,pending,Clothing,Central,23,1
5075,2024-07-04,3534.94,pending,Books,East,21,3
5076,2024-07-04,2723.98,failed,Clothing,East,5,1
5077,2024-07-04,4835.34,refunded,Home,North,13,4
5078,2024-07-04,1808.19,completed,Clothing,North,3,2
5079,2024-07-04,406.25,completed,Food,West,7,5
5080,2024-07-04,3782.83,pending,Clothing,North,41,1
5081,2024-07-04,3533.04,completed,Electronics,East,33,4
5082,2024-07-04,482.21,completed,Electronics,Central,30,5
5083,2024-07-04,669.19,completed,Sports,East,25,3
5084,2024-07-04,4482.24,completed,Books,East,40,4
5085,2024-07-04,282.01,completed,Clothing,Central,40,3
5086,2024-07-04,1817.31,pending,Home,East,43,2
5087,2024-07-04,3553.56,completed,Food,North,18,4
5088,2024-07-04,3341.04,completed,Books,West,18,5
5089,2024-07-04,580.93,failed,Electronics,North,19,1
5090,2024-07-04,1289.84,pending,Sports,South,20,1
5091,2024-07-04,4792.68,failed,Books,West,18,1
5092,2024-07-04,2650.71,completed,Books,Central,27,3
5093,2024-07-04,3028.36,failed,Home,Central,4,5
5094,2024-07-04,2878.02,completed,Clothing,North,33,5
5095,2024-07-04,650.97,refunded,Food,North,31,2
5096,2024-07-04,1649.57,pending,Home,East,6,1
5097,2024-07-05,4428.19,completed,Home,East,18,4
5098,2024-07-05,3059.65,pending,Books,North,14,2
5099,2024-07-05,1227.23,completed,Clothing,North,10,5
5100,2024-07-05,2128.95,failed,Sports,East,31,1
5101,2024-07-05,498.37,completed,Food,North,36,3
5102,2024-07-05,3235.22,pending,Sports,Central,22,4
5103,2024-07-05,850.62,completed,Home,South,13,1
5104,2024-07-05,157.32,completed,Food,West,41,2
5105,2024-07-05,2971.15,completed,Home,West,4,1
5106,2024-07-05,3368.2,pending,Sports,North,46,3
5107,2024-07-05,425.82,failed,Books,Central,7,2
5108,2024-07-05,1477.43,completed,Sports,North,12,1
5109,2024-07-05,4564.88,completed,Home,West,36,3
5110,2024-07-05,4612.62,completed,Books,North,26,2
5111,2024-07-05,4411.71,completed,Books,South,15,3
5112,2024-07-05,4510.22,completed,Electronics,East,5,1
5113,2024-07-05,1302.14,refunded,Clothing,South,35,4
5114,2024-07-05,2311.46,completed,Home,West,47,2
5115,2024-07-05,4872.63,completed,Books,North,6,1
5116,2024-07-05,2040.44,completed,Sports,East,6,5
5117,2024-07-05,1567.85,completed,Books,South,2,3
5118,2024-07-05,3891.42,completed,Food,South,43,4
5119,2024-07-05,3014.88,pending,Clothing,South,7,3
5120,2024-07-05,1175.99,completed,Electronics,West,35,3
5121,2024-07-05,2685.14,completed,Electronics,West,48,3
5122,2024-07-05,1853.06,failed,Sports,Central,15,2
5123,2024-07-05,1178.52,pending,Food,East,14,5
5124,2024-07-06,4479.95,completed,Electronics,West,22,3
5125,2024-07-06,2612.61,refunded,Home,South,25,2
5126,2024-07-06,3589.5,completed,Sports,West,30,3
5127,2024-07-06,2309.01,completed,Sports,Central,38,2
5128,2024-07-06,1490.38,completed,Sports,Central,28,5
5129,2024-07-06,4180.25,completed,Food,South,46,4
5130,2024-07-06,4129.74,completed,Clothing,North,5,1
5131,2024-07-06,944.48,pending,Clothing,East,33,4
5132,2024-07-06,527.66,completed,Electronics,South,36,3
5133,2024-07-06,2740.43,completed,Books,West,24,2
5134,2024-07-06,2581.17,completed,Books,Central,41,5
5135,2024-07-06,622.73,failed,Books,Central,25,3
5136,2024-07-06,2992.92,pending,Sports,West,37,4
5137,2024-07-06,4417.35,completed,Electronics,Central,38,3
5138,2024-07-06,4060.58,completed,Sports,East,35,2
5139,2024-07-06,3816.11,failed,Books,South,10,4
5140,2024-07-06,4264.18,completed,Sports,Central,25,3
5141,2024-07-06,598.42,completed,Clothing,Central,27,5
5142,2024-07-06,2108.41,completed,Home,East,1,2
5143,2024-07-06,1005.56,failed,Home,Central,30,3
5144,2024-07-06,4218.57,completed,Clothing,Central,5,4
5145,2024-07-06,680.79,completed,Sports,West,24,4
5146,2024-07-06,4441.1,completed,Electronics,West,2,4
5147,2024-07-06,4886.86,completed,Books,Central,19,4
5148,2024-07-06,2914.79,pending,Clothing,Central,25,1
5149,2024-07-06,3604.75,completed,Home,South,4,5
5150,2024-07-06,339.89,pending,Home,West,42,1
5151,2024-07-06,1439.73,completed,Sports,East,39,2
5152,2024-07-07,4116.11,completed,Home,West,4,3
5153,2024-07-07,4291.71,completed,Food,North,28,3
5154,2024-07-07,3175.77,completed,Home,Central,28,4
5155,2024-07-07,4631.24,completed,Books,North,10,3
5156,2024-07-07,183.99,failed,Sports,East,20,3
5157,2024-07-07,4335.16,completed,Clothing,North,11,2
5158,2024-07-07,4840.26,completed,Food,South,36,2
5159,2024-07-07,3831.74,completed,Food,Central,45,4
5160,2024-07-07,4430.55,completed,Electronics,Central,10,2
5161,2024-07-07,2010.06,failed,Clothing,East,49,5
5162,2024-07-07,3792.52,completed,Electronics,East,19,4
5163,2024-07-07,1618.48,completed,Home,East,8,5
5164,2024-07-07,2792.66,completed,Clothing,West,18,4
5165,2024-07-07,3718.54,pending,Clothing,West,21,5
5166,2024-07-07,557.14,completed,Books,West,16,4
5167,2024-07-07,1593.8,completed,Electronics,Central,23,2
5168,2024-07-07,764.55,completed,Books,Central,23,3
5169,2024-07-07,2980.96,failed,Books,East,45,4
5170,2024-07-07,3744.08,completed,Sports,South,20,3
5171,2024-07-07,724.12,completed,Food,North,8,5
5172,2024-07-07,2941.56,refunded,Electronics,North,15,3
5173,2024-07-07,266.58,completed,Clothing,Central,43,3
5174,2024-07-07,1079.61,completed,Sports,South,34,3
5175,2024-07-07,4574.42,failed,Home,East,3,3
5176,2024-07-07,1136.2,completed,Books,South,27,4
5177,2024-07-07,3957.47,completed,Clothing,Central,44,1
5178,2024-07-07,2359.74,completed,Sports,South,6,4
5179,2024-07-08,4415.57,completed,Books,Central,35,5
5180,2024-07-08,3796.48,completed,Sports,East,38,4
5181,2024-07-08,1142.66,failed,Home,South,46,2
5182,2024-07-08,94.48,completed,Home,East,21,1
5183,2024-07-08,4535.46,completed,Food,West,26,1
5184,2024-07-08,1476.86,completed,Books,Central,21,3
5185,2024-07-08,3248.33,pending,Books,South,18,5
5186,2024-07-08,1204.92,completed,Clothing,West,7,2
5187,2024-07-08,881.8,completed,Sports,North,13,2
5188,2024-07-08,3238.16,completed,Clothing,Central,2,5
5189,2024-07-08,2838.09,completed,Electronics,West,8,4
5190,2024-07-08,1779.3,failed,Home,East,10,4
5191,2024-07-08,98.72,failed,Electronics,West,8,5
5192,2024-07-08,2447.3,completed,Clothing,East,20,5
5193,2024-07-08,4863.19,completed,Clothing,East,5,4
5194,2024-07-08,1502.72,completed,Books,Central,16,5
5195,2024-07-08,3492.72,completed,Clothing,Central,33,5
5196,2024-07-08,436.5,pending,Home,West,17,3
5197,2024-07-08,4588.27,completed,Clothing,West,35,4
5198,2024-07-08,1287.03,completed,Electronics,West,12,2
5199,2024-07-08,1010.21,completed,Electronics,West,45,2
5200,2024-07-08,625.18,completed,Clothing,East,12,5
5201,2024-07-08,4597.29,completed,Clothing,Central,20,2
5202,2024-07-08,873.4,completed,Food,Central,7,2
5203,2024-07-08,1074.72,completed,Books,East,43,2
5204,2024-07-08,4740.53,completed,Home,South,49,5
5205,2024-07-08,35.61,completed,Sports,North,12,3
5206,2024-07-09,4075.52,pending,Clothing,East,42,2
5207,2024-07-09,1198.52,failed,Clothing,Central,37,3
5208,2024-07-09,950.98,refunded,Clothing,East,22,4
5209,2024-07-09,568.45,completed,Electronics,South,39,2
5210,2024-07-09,2310.67,completed,Clothing,Central,21,2
5211,2024-07-09,1621.35,failed,Electronics,Central,35,3
5212,2024-07-09,1149.27,completed,Sports,South,4,4
5213,2024-07-09,1058.82,completed,Home,North,33,5
5214,2024-07-09,1981.23,completed,Clothing,Central,41,1
5215,2024-07-09,4313.18,pending,Electronics,South,24,4
5216,2024-07-09,4784.49,completed,Food,Central,4,1
5217,2024-07-09,521.64,failed,Clothing,South,25,4
5218,2024-07-09,1402.9,completed,Home,East,33,3
5219,2024-07-09,542.43,pending,Food,South,37,4
5220,2024-07-09,3343.91,completed,Electronics,Central,4,2
5221,2024-07-09,4228.81,completed,Books,South,8,5
5222,2024-07-09,61.33,completed,Electronics,West,48,3
5223,2024-07-09,2479.38,completed,Books,East,31,4
5224,2024-07-09,328.8,pending,Clothing,South,14,2
5225,2024-07-09,4682.56,failed,Sports,Central,17,2
5226,2024-07-09,1032.47,completed,Electronics,South,7,5
5227,2024-07-09,3193.87,failed,Sports,Central,49,1
5228,2024-07-09,1854.99,completed,Books,West,4,2
5229,2024-07-09,1983.61,refunded,Clothing,West,44,2
5230,2024-07-09,1693.31,completed,Books,Central,40,5
5231,2024-07-09,1963.31,completed,Sports,West,42,1
5232,2024-07-09,2505.23,completed,Clothing,North,23,5
5233,2024-07-09,2727.68,completed,Books,Central,28,5
5234,2024-07-10,3995.97,completed,Sports,North,26,5
5235,2024-07-10,3356.77,completed,Electronics,South,5,5
5236,2024-07-10,3409.57,completed,Home,Central,12,2
5237,2024-07-10,4125.79,completed,Clothing,East,20,4
5238,2024-07-10,1809.11,completed,Electronics,North,30,5
5239,2024-07-10,4760.36,completed,Electronics,West,8,5
5240,2024-07-10,2581.86,completed,Sports,Central,49,4
5241,2024-07-10,1225.6,completed,Clothing,East,49,4
5242,2024-07-10,272.35,completed,Books,South,1,5
5243,2024-07-10,4319.14,failed,Books,Central,32,4
5244,2024-07-10,2192.58,pending,Clothing,East,36,1
5245,2024-07-10,2535.83,failed,Food,East,17,4
5246,2024-07-10,992.01,pending,Electronics,Central,42,5
5247,2024-07-10,2860.07,completed,Books,Central,39,5
5248,2024-07-10,2002.75,completed,Sports,Central,13,5
5249,2024-07-10,1635.05,pending,Home,South,28,2
5250,2024-07-10,3595.57,completed,Books,West,22,5
5251,2024-07-10,2101.09,completed,Electronics,East,21,3
5252,2024-07-10,3204.09,completed,Electronics,West,36,3
5253,2024-07-10,2281.71,completed,Food,Central,21,5
5254,2024-07-10,4070.37,completed,Food,East,9,1
5255,2024-07-10,3055.41,completed,Food,South,47,2
5256,2024-07-10,2197.65,completed,Home,South,21,4
5257,2024-07-10,1461.68,failed,Food,South,49,4
5258,2024-07-10,2189.14,failed,Electronics,East,10,5
5259,2024-07-10,4966.23,completed,Home,Central,16,1
5260,2024-07-10,1710.27,failed,Clothing,South,8,3
5261,2024-07-11,134.49,completed,Sports,South,3,3
5262,2024-07-11,104.78,completed,Clothing,East,44,4
5263,2024-07-11,3151.1,completed,Food,North,19,5
5264,2024-07-11,156.26,completed,Electronics,East,31,3
5265,2024-07-11,243.4,failed,Sports,North,8,5
5266,2024-07-11,3373.6,completed,Clothing,West,30,4
5267,2024-07-11,3166.19,pending,Home,South,43,1
5268,2024-07-11,3626.48,completed,Sports,North,23,2
5269,2024-07-11,4621.87,completed,Clothing,Central,11,1
5270,2024-07-11,2392.15,pending,Sports,West,29,2
5271,2024-07-11,4465.83,completed,Food,Central,21,1
5272,2024-07-11,2924.41,completed,Books,North,26,5
5273,2024-07-11,4399.92,completed,Sports,Central,24,4
5274,2024-07-11,4948.13,completed,Home,Central,41,1
5275,2024-07-11,1164.38,completed,Food,Central,21,5
5276,2024-07-11,3634.8,refunded,Books,East,21,5
5277,2024-07-11,4410.04,completed,Food,Central,43,5
5278,2024-07-11,149.05,pending,Sports,West,44,2
5279,2024-07-11,77.4,completed,Clothing,East,26,2
5280,2024-07-11,1071.08,completed,Home,East,23,1
5281,2024-07-11,828.04,completed,Books,South,30,4
5282,2024-07-11,2271.03,failed,Electronics,Central,17,4
5283,2024-07-11,4510.2,completed,Electronics,East,41,2
5284,2024-07-11,4456.9,pending,Books,West,29,1
5285,2024-07-11,577.97,completed,Electronics,West,13,5
5286,2024-07-11,4314.43,completed,Clothing,South,2,3
5287,2024-07-11,782.24,refunded,Electronics,East,3,1
5288,2024-07-11,1750.93,failed,Home,Central,20,3
5289,2024-07-12,3058.12,completed,Home,East,30,1
5290,2024-07-12,1406.6,completed,Sports,South,16,4
5291,2024-07-12,1433.94,completed,Food,East,23,4
5292,2024-07-12,1461.11,completed,Clothing,Central,9,4
5293,2024-07-12,2249.36,completed,Home,East,7,3
5294,2024-07-12,239.19,completed,Books,South,37,5
5295,2024-07-12,3062.6,completed,Clothing,Central,23,1
5296,2024-07-12,1890.6,completed,Books,South,22,1
5297,2024-07-12,3090.42,completed,Books,East,15,3
5298,2024-07-12,722.07,completed,Books,North,22,1
5299,2024-07-12,3615.0,completed,Home,West,7,4
5300,2024-07-12,2405.54,completed,Home,East,42,4
5301,2024-07-12,534.7,completed,Sports,South,15,1
5302,2024-07-12,3314.64,pending,Home,South,12,2
5303,2024-07-12,3144.02,refunded,Books,South,45,1
5304,2024-07-12,4051.7,completed,Books,Central,13,2
5305,2024-07-12,4523.0,completed,Home,Central,18,1
5306,2024-07-12,3145.54,completed,Books,South,25,4
5307,2024-07-12,2085.61,completed,Home,West,29,1
5308,2024-07-12,3879.16,completed,Home,West,35,1
5309,2024-07-12,3797.37,completed,Electronics,South,12,2
5310,2024-07-12,4463.2,failed,Sports,West,38,1
5311,2024-07-12,3828.9,completed,Clothing,North,15,3
5312,2024-07-12,3041.85,refunded,Books,South,1,5
5313,2024-07-12,2853.73,completed,Books,Central,24,4
5314,2024-07-12,2886.18,completed,Food,Central,44,4
5315,2024-07-12,2373.72,completed,Home,East,43,4
5316,2024-07-13,3453.38,completed,Electronics,South,46,1
5317,2024-07-13,4340.11,completed,Sports,North,17,3
5318,2024-07-13,1066.29,completed,Electronics,Central,47,5
5319,2024-07-13,3104.5,pending,Food,South,35,3
5320,2024-07-13,3199.14,completed,Clothing,East,32,3
5321,2024-07-13,3776.9,completed,Food,South,29,3
5322,2024-07-13,3103.08,failed,Home,East,7,1
5323,2024-07-13,1534.66,completed,Home,East,15,4
5324,2024-07-13,331.0,completed,Clothing,Central,32,2
5325,2024-07-13,1720.23,pending,Food,South,23,4
5326,2024-07-13,1758.86,completed,Food,East,10,2
5327,2024-07-13,2970.52,completed,Home,Central,1,3
5328,2024-07-13,3609.32,completed,Electronics,West,29,4
5329,2024-07-13,4382.22,completed,Electronics,West,15,3
5330,2024-07-13,1479.51,completed,Electronics,Central,41,4
5331,2024-07-13,3372.7,completed,Electronics,East,24,5
5332,2024-07-13,1012.98,completed,Electronics,North,25,3
5333,2024-07-13,86.95,refunded,Sports,North,6,3
5334,2024-07-13,3492.3,pending,Clothing,Central,7,1
5335,2024-07-13,2811.78,completed,Home,Central,26,4
5336,2024-07-13,4516.78,completed,Books,South,37,4
5337,2024-07-13,3062.42,completed,Home,North,40,5
5338,2024-07-13,4279.71,completed,Electronics,East,31,2
5339,2024-07-13,4971.14,refunded,Sports,North,31,3
5340,2024-07-13,2181.01,completed,Electronics,West,46,4
5341,2024-07-13,1857.71,completed,Books,Central,4,2
5342,2024-07-13,441.38,refunded,Books,East,43,5
5343,2024-07-14,4435.57,completed,Clothing,South,12,3
5344,2024-07-14,4805.53,completed,Books,Central,33,4
5345,2024-07-14,4995.69,pending,Sports,Central,2,3
5346,2024-07-14,1674.43,pending,Food,Central,36,1
5347,2024-07-14,2277.61,completed,Clothing,North,17,3
5348,2024-07-14,892.11,completed,Home,South,45,2
5349,2024-07-14,2677.43,completed,Electronics,West,34,1
5350,2024-07-14,1034.61,completed,Home,South,38,4
5351,2024-07-14,565.52,completed,Food,South,44,2
5352,2024-07-14,456.21,completed,Clothing,South,1,4
5353,2024-07-14,795.23,completed,Electronics,South,10,3
5354,2024-07-14,2308.16,completed,Food,Central,38,3
5355,2024-07-14,1547.11,completed,Home,North,4,1
5356,2024-07-14,2872.99,completed,Food,Central,40,5
5357,2024-07-14,2443.34,pending,Home,East,17,1
5358,2024-07-14,2789.06,completed,Home,East,6,1
5359,2024-07-14,1991.34,pending,Clothing,Central,38,4
5360,2024-07-14,253.11,pending,Food,Central,27,2
5361,2024-07-14,1759.13,completed,Food,Central,16,5
5362,2024-07-14,2915.67,refunded,Food,Central,23,4
5363,2024-07-14,1910.23,completed,Home,East,22,1
5364,2024-07-14,759.8,completed,Home,North,31,3
5365,2024-07-14,1718.34,completed,Books,Central,27,5
5366,2024-07-14,708.04,completed,Sports,North,32,4
5367,2024-07-14,4910.23,failed,Home,North,40,5
5368,2024-07-14,2400.54,pending,Electronics,Central,20,5
5369,2024-07-14,4551.87,completed,Sports,Central,23,2
5370,2024-07-14,788.8,completed,Home,North,46,5
5371,2024-07-15,2101.07,completed,Books,East,7,4
5372,2024-07-15,2322.82,failed,Books,Central,20,2
5373,2024-07-15,1924.09,completed,Home,Central,47,5
5374,2024-07-15,1534.92,completed,Food,West,38,4
5375,2024-07-15,3135.29,completed,Sports,Central,31,4
5376,2024-07-15,4725.56,completed,Home,Central,41,1
5377,2024-07-15,4350.6,pending,Books,East,6,3
5378,2024-07-15,3451.74,pending,Home,North,15,1
5379,2024-07-15,3016.55,completed,Sports,West,49,4
5380,2024-07-15,1854.0,completed,Food,South,40,2
5381,2024-07-15,2796.83,completed,Sports,West,42,1
5382,2024-07-15,4385.56,completed,Food,North,14,4
5383,2024-07-15,4578.99,completed,Electronics,Central,22,4
5384,2024-07-15,2485.19,failed,Food,South,25,3
5385,2024-07-15,3490.93,completed,Clothing,North,16,5
5386,2024-07-15,2832.31,completed,Books,Central,11,4
5387,2024-07-15,20.09,completed,Home,East,32,5
5388,2024-07-15,3289.27,completed,Electronics,South,23,4
5389,2024-07-15,579.52,completed,Clothing,Central,45,5
5390,2024-07-15,685.31,completed,Food,South,2,5
5391,2024-07-15,2089.51,pending,Electronics,East,19,5
5392,2024-07-15,4070.17,completed,Electronics,Central,32,3
5393,2024-07-15,1730.9,completed,Food,East,25,3
5394,2024-07-15,3201.5,pending,Home,Central,16,2
5395,2024-07-15,827.42,completed,Food,North,32,1
5396,2024-07-15,4814.63,completed,Electronics,Central,27,2
5397,2024-07-15,463.14,completed,Electronics,East,24,4
5398,2024-07-16,1021.31,completed,Books,Central,11,3
5399,2024-07-16,2386.33,completed,Books,Central,13,1
5400,2024-07-16,4989.2,completed,Clothing,South,9,5
5401,2024-07-16,348.28,completed,Clothing,East,6,3
5402,2024-07-16,2066.55,completed,Clothing,South,17,3
5403,2024-07-16,3166.78,completed,Clothing,East,49,1
5404,2024-07-16,123.22,completed,Electronics,East,25,3
5405,2024-07-16,3032.98,failed,Home,Central,35,1
5406,2024-07-16,567.46,completed,Food,North,29,5
5407,2024-07-16,2278.68,completed,Food,Central,14,4
5408,2024-07-16,1422.1,completed,Food,Central,29,2
5409,2024-07-16,3998.02,completed,Sports,Central,6,3
5410,2024-07-16,2620.35,completed,Clothing,South,1,2
5411,2024-07-16,3022.29,completed,Home,Central,49,3
5412,2024-07-16,1640.81,completed,Clothing,North,29,4
5413,2024-07-16,1081.15,failed,Books,West,36,3
5414,2024-07-16,3256.79,refunded,Electronics,West,32,5
5415,2024-07-16,1322.55,completed,Clothing,North,49,3
5416,2024-07-16,538.15,pending,Electronics,Central,3,3
5417,2024-07-16,650.97,completed,Clothing,East,12,3
5418,2024-07-16,1993.63,completed,Books,South,3,1
5419,2024-07-16,3892.03,failed,Home,South,10,1
5420,2024-07-16,2373.61,completed,Sports,East,27,1
5421,2024-07-16,4949.44,refunded,Food,North,12,4
5422,2024-07-16,395.76,completed,Food,West,6,4
5423,2024-07-16,844.85,completed,Clothing,Central,25,4
5424,2024-07-16,461.64,completed,Clothing,East,2,1
5425,2024-07-16,1856.79,completed,Clothing,Central,19,3
5426,2024-07-17,678.07,completed,Electronics,East,17,4
5427,2024-07-17,4106.12,completed,Sports,North,35,1
5428,2024-07-17,1317.87,completed,Sports,North,34,2
5429,2024-07-17,572.69,completed,Electronics,South,1,5
5430,2024-07-17,1381.65,pending,Food,North,4,3
5431,2024-07-17,4888.19,completed,Electronics,East,19,4
5432,2024-07-17,3671.88,completed,Electronics,North,48,4
5433,2024-07-17,4010.57,completed,Clothing,Central,20,5
5434,2024-07-17,593.28,completed,Home,South,34,1
5435,2024-07-17,4239.84,completed,Books,West,22,1
5436,2024-07-17,3472.61,completed,Books,Central,49,4
5437,2024-07-17,902.1,completed,Books,South,10,3
5438,2024-07-17,2703.63,completed,Home,East,46,3
5439,2024-07-17,3122.11,completed,Sports,East,14,3
5440,2024-07-17,2316.7,refunded,Electronics,North,20,1
5441,2024-07-17,478.12,completed,Books,South,48,5
5442,2024-07-17,2333.56,completed,Food,East,3,2
5443,2024-07-17,2559.4,completed,Sports,East,42,2
5444,2024-07-17,3759.29,completed,Electronics,East,34,3
5445,2024-07-17,2384.98,completed,Sports,Central,35,3
5446,2024-07-17,2421.15,completed,Clothing,West,31,2
5447,2024-07-17,1592.19,completed,Clothing,South,17,2
5448,2024-07-17,4137.59,completed,Food,North,40,1
5449,2024-07-17,1811.62,completed,Food,West,36,1
5450,2024-07-17,3079.31,completed,Sports,Central,46,1
5451,2024-07-17,4951.51,refunded,Clothing,East,2,1
5452,2024-07-17,2375.75,pending,Clothing,West,7,5
5453,2024-07-18,3761.06,completed,Home,East,43,1
5454,2024-07-18,2740.45,completed,Home,East,26,1
5455,2024-07-18,4522.97,completed,Books,Central,43,4
5456,2024-07-18,3768.94,pending,Sports,South,43,1
5457,2024-07-18,1193.63,pending,Books,South,15,5
5458,2024-07-18,4425.44,completed,Food,East,23,5
5459,2024-07-18,1530.4,completed,Sports,West,10,5
5460,2024-07-18,11.04,completed,Food,East,14,4
5461,2024-07-18,1413.47,pending,Clothing,East,20,2
5462,2024-07-18,4493.22,completed,Food,Central,4,1
5463,2024-07-18,1939.3,pending,Sports,East,29,1
5464,2024-07-18,563.5,refunded,Food,Central,3,5
5465,2024-07-18,320.47,completed,Sports,East,47,3
5466,2024-07-18,751.95,completed,Sports,Central,42,3
5467,2024-07-18,2807.38,refunded,Electronics,East,43,1
5468,2024-07-18,295.0,failed,Electronics,North,8,4
5469,2024-07-18,1708.42,refunded,Home,South,18,1
5470,2024-07-18,2707.34,completed,Food,Central,44,2
5471,2024-07-18,4329.59,completed,Clothing,North,35,4
5472,2024-07-18,1969.95,completed,Books,South,21,5
5473,2024-07-18,2954.32,completed,Home,South,1,5
5474,2024-07-18,2464.53,completed,Food,North,13,1
5475,2024-07-18,1309.42,refunded,Sports,West,28,4
5476,2024-07-18,3941.01,completed,Food,West,46,4
5477,2024-07-18,2694.55,failed,Books,Central,34,3
5478,2024-07-18,389.64,completed,Food,West,29,1
5479,2024-07-18,842.8,completed,Clothing,South,37,2
5480,2024-07-19,2127.37,completed,Home,Central,6,1
5481,2024-07-19,1626.0,completed,Sports,North,3,3
5482,2024-07-19,3198.12,completed,Food,West,24,5
5483,2024-07-19,3469.69,pending,Sports,North,46,1
5484,2024-07-19,1951.6,completed,Sports,North,11,4
5485,2024-07-19,1051.0,completed,Books,North,48,2
5486,2024-07-19,232.62,completed,Sports,North,18,2
5487,2024-07-19,3681.01,completed,Food,West,16,3
5488,2024-07-19,731.38,refunded,Home,West,1,5
5489,2024-07-19,4574.39,completed,Electronics,North,11,4
5490,2024-07-19,2534.55,completed,Sports,West,16,5
5491,2024-07-19,954.47,completed,Clothing,South,19,2
5492,2024-07-19,4829.93,failed,Books,North,41,4
5493,2024-07-19,1214.89,completed,Clothing,South,8,2
5494,2024-07-19,4275.25,completed,Sports,Central,20,3
5495,2024-07-19,3387.74,completed,Sports,North,4,5
5496,2024-07-19,692.28,completed,Clothing,West,7,2
5497,2024-07-19,4139.44,completed,Food,South,26,4
5498,2024-07-19,4272.53,refunded,Sports,Central,13,4
5499,2024-07-19,4493.27,completed,Food,East,3,3
5500,2024-07-19,144.61,completed,Sports,East,21,1
5501,2024-07-19,3440.1,pending,Clothing,East,19,4
5502,2024-07-19,3846.25,completed,Sports,East,2,2
5503,2024-07-19,3186.97,completed,Clothing,East,15,4
5504,2024-07-19,4216.43,completed,Clothing,South,22,1
5505,2024-07-19,2529.57,completed,Electronics,South,45,3
5506,2024-07-19,3137.06,completed,Food,West,2,3
5507,2024-07-19,2938.58,completed,Electronics,South,12,2
5508,2024-07-20,3798.98,pending,Electronics,Central,37,4
5509,2024-07-20,141.13,refunded,Home,East,45,1
5510,2024-07-20,1863.65,pending,Sports,North,37,1
5511,2024-07-20,1214.04,pending,Home,West,44,5
5512,2024-07-20,1825.08,completed,Home,North,25,4
5513,2024-07-20,3730.05,completed,Books,West,44,4
5514,2024-07-20,4965.96,pending,Clothing,East,14,3
5515,2024-07-20,3854.39,pending,Clothing,East,24,1
5516,2024-07-20,1125.18,completed,Food,East,27,2
5517,2024-07-20,656.38,completed,Books,South,34,2
5518,2024-07-20,910.01,failed,Electronics,South,44,5
5519,2024-07-20,964.64,completed,Books,West,26,5
5520,2024-07-20,3778.51,completed,Electronics,North,37,3
5521,2024-07-20,105.85,completed,Electronics,East,3,4
5522,2024-07-20,3663.66,completed,Home,South,44,5
5523,2024-07-20,456.97,pending,Clothing,Central,21,1
5524,2024-07-20,2278.87,completed,Clothing,South,38,4
5525,2024-07-20,3861.77,pending,Clothing,Central,6,5
5526,2024-07-20,4129.26,completed,Food,South,34,3
5527,2024-07-20,4883.52,completed,Books,North,2,5
5528,2024-07-20,1389.61,completed,Food,North,26,4
5529,2024-07-20,2029.32,completed,Electronics,South,3,4
5530,2024-07-20,3798.18,completed,Home,East,15,1
5531,2024-07-20,3906.31,failed,Home,West,16,2
5532,2024-07-20,3921.81,completed,Sports,Central,43,1
5533,2024-07-20,2694.71,completed,Electronics,North,12,2
5534,2024-07-20,4563.11,completed,Sports,North,34,5
5535,2024-07-21,2614.98,completed,Home,South,12,1
5536,2024-07-21,1540.94,completed,Electronics,South,47,1
5537,2024-07-21,495.01,completed,Electronics,West,10,4
5538,2024-07-21,4734.15,completed,Food,East,40,2
5539,2024-07-21,1658.91,failed,Clothing,South,36,1
5540,2024-07-21,4442.08,failed,Electronics,Central,11,4
5541,2024-07-21,3153.37,pending,Food,East,25,5
5542,2024-07-21,1317.35,pending,Food,Central,18,1
5543,2024-07-21,3805.29,completed,Home,South,15,1
5544,2024-07-21,3423.1,failed,Electronics,North,38,4
5545,2024-07-21,4629.44,failed,Clothing,Central,26,2
5546,2024-07-21,990.58,completed,Clothing,South,22,3
5547,2024-07-21,2125.89,pending,Electronics,Central,9,2
5548,2024-07-21,907.33,pending,Home,North,10,4
5549,2024-07-21,3120.32,completed,Books,North,29,1
5550,2024-07-21,4047.97,completed,Food,East,45,1
5551,2024-07-21,1180.7,completed,Books,East,40,2
5552,2024-07-21,2880.8,completed,Sports,North,27,1
5553,2024-07-21,1447.35,pending,Clothing,West,12,3
5554,2024-07-21,2679.93,completed,Electronics,East,27,1
5555,2024-07-21,4682.58,completed,Books,West,44,5
5556,2024-07-21,3845.68,pending,Sports,Central,18,4
5557,2024-07-21,2726.62,completed,Clothing,North,41,5
5558,2024-07-21,2636.85,pending,Books,Central,22,2
5559,2024-07-21,139.0,completed,Books,Central,36,4
5560,2024-07-21,4459.68,completed,Books,North,14,1
5561,2024-07-21,4553.38,completed,Clothing,West,19,2
5562,2024-07-21,1914.28,completed,Electronics,Central,17,5
5563,2024-07-22,3916.35,pending,Electronics,North,13,1
5564,2024-07-22,4658.55,completed,Books,Central,6,4
5565,2024-07-22,4911.11,refunded,Home,West,48,3
5566,2024-07-22,3529.02,completed,Sports,North,19,2
5567,2024-07-22,1673.73,completed,Sports,Central,31,3
5568,2024-07-22,238.96,completed,Books,North,20,3
5569,2024-07-22,517.31,failed,Books,East,28,1
5570,2024-07-22,3002.59,pending,Food,Central,39,4
5571,2024-07-22,202.81,completed,Clothing,South,47,2
5572,2024-07-22,4328.69,pending,Books,East,32,2
5573,2024-07-22,1343.96,refunded,Electronics,South,48,5
5574,2024-07-22,3641.98,completed,Home,East,39,5
5575,2024-07-22,4118.92,completed,Books,North,11,3
5576,2024-07-22,3208.51,completed,Electronics,West,37,5
5577,2024-07-22,1212.79,completed,Clothing,North,38,4
5578,2024-07-22,2880.08,completed,Food,West,14,3
5579,2024-07-22,1014.73,completed,Books,East,3,2
5580,2024-07-22,3138.38,completed,Sports,East,42,3
5581,2024-07-22,375.44,completed,Electronics,North,11,4
5582,2024-07-22,1101.09,completed,Electronics,Central,4,4
5583,2024-07-22,4673.43,completed,Sports,Central,14,5
5584,2024-07-22,1120.2,pending,Clothing,Central,28,1
5585,2024-07-22,4247.36,completed,Sports,West,24,3
5586,2024-07-22,4031.39,completed,Home,North,42,4
5587,2024-07-22,587.33,pending,Home,East,33,1
5588,2024-07-22,4476.1,completed,Sports,East,42,2
5589,2024-07-22,2172.57,completed,Clothing,East,48,4
5590,2024-07-23,3784.74,failed,Electronics,North,39,4
5591,2024-07-23,2311.13,completed,Sports,South,27,4
5592,2024-07-23,139.69,completed,Clothing,South,37,5
5593,2024-07-23,4938.95,pending,Food,Central,32,3
5594,2024-07-23,774.59,completed,Home,North,32,2
5595,2024-07-23,517.17,failed,Books,Central,29,5
5596,2024-07-23,388.54,completed,Books,North,22,4
5597,2024-07-23,3851.3,completed,Home,North,15,1
5598,2024-07-23,1051.25,completed,Electronics,East,21,4
5599,2024-07-23,475.86,completed,Food,West,48,5
5600,2024-07-23,1486.91,pending,Sports,South,49,3
5601,2024-07-23,4758.48,refunded,Home,East,28,3
5602,2024-07-23,2013.39,completed,Books,South,6,2
5603,2024-07-23,3235.63,completed,Sports,Central,49,2
5604,2024-07-23,2019.37,completed,Sports,North,46,4
5605,2024-07-23,1920.85,pending,Home,East,23,4
5606,2024-07-23,4419.89,completed,Electronics,Central,4,3
5607,2024-07-23,857.63,completed,Electronics,North,26,1
5608,2024-07-23,2845.68,pending,Food,North,19,2
5609,2024-07-23,4567.48,failed,Books,East,39,4
5610,2024-07-23,564.53,completed,Clothing,South,39,4
5611,2024-07-23,4291.15,completed,Food,South,28,1
5612,2024-07-23,2261.33,pending,Food,Central,20,3
5613,2024-07-23,3872.16,pending,Books,East,9,4
5614,2024-07-23,2490.31,failed,Books,South,22,2
5615,2024-07-23,1484.41,completed,Sports,West,46,4
5616,2024-07-23,1005.39,refunded,Books,North,9,4
5617,2024-07-24,259.37,pending,Sports,North,45,3
5618,2024-07-24,4117.39,pending,Books,Central,17,4
5619,2024-07-24,3741.87,completed,Books,North,25,1
5620,2024-07-24,1918.72,refunded,Home,North,47,1
5621,2024-07-24,1817.36,completed,Food,South,7,1
5622,2024-07-24,3233.91,completed,Clothing,South,25,4
5623,2024-07-24,3956.26,pending,Sports,Central,15,5
5624,2024-07-24,355.08,completed,Books,North,5,1
5625,2024-07-24,4154.07,completed,Books,North,40,2
5626,2024-07-24,834.72,failed,Food,North,36,3
5627,2024-07-24,808.57,completed,Sports,South,44,1
5628,2024-07-24,3736.63,failed,Sports,North,18,2
5629,2024-07-24,4612.24,pending,Books,East,19,4
5630,2024-07-24,2281.88,completed,Electronics,Central,22,2
5631,2024-07-24,2571.73,failed,Clothing,South,30,1
5632,2024-07-24,1330.45,completed,Home,West,1,2
5633,2024-07-24,1411.16,pending,Electronics,Central,30,5
5634,2024-07-24,2280.69,completed,Food,East,11,3
5635,2024-07-24,2251.47,completed,Sports,North,25,3
5636,2024-07-24,127.18,failed,Sports,Central,29,3
5637,2024-07-24,267.6,completed,Home,East,44,1
5638,2024-07-24,2495.01,completed,Books,West,27,5
5639,2024-07-24,1835.75,completed,Clothing,West,22,4
5640,2024-07-24,3611.26,completed,Books,West,9,1
5641,2024-07-24,1439.83,completed,Books,South,38,1
5642,2024-07-24,2536.82,completed,Food,West,25,3
5643,2024-07-24,1756.45,failed,Clothing,South,22,5
5644,2024-07-24,705.32,completed,Sports,South,12,4
5645,2024-07-25,2663.24,completed,Clothing,North,45,5
5646,2024-07-25,3999.98,completed,Food,East,35,5
5647,2024-07-25,4501.5,completed,Electronics,Central,19,4
5648,2024-07-25,3434.63,pending,Home,Central,27,3
5649,2024-07-25,29.44,completed,Food,Central,12,5
5650,2024-07-25,1181.72,refunded,Food,North,33,4
5651,2024-07-25,1251.77,completed,Electronics,North,35,4
5652,2024-07-25,4321.48,refunded,Food,South,31,3
5653,2024-07-25,4142.09,pending,Home,South,32,3
5654,2024-07-25,3474.32,completed,Electronics,South,28,5
5655,2024-07-25,922.65,completed,Sports,East,18,2
5656,2024-07-25,4722.77,completed,Food,South,8,1
5657,2024-07-25,4207.35,completed,Home,East,23,3
5658,2024-07-25,3739.21,failed,Electronics,South,7,5
5659,2024-07-25,4112.32,completed,Electronics,West,5,4
5660,2024-07-25,1538.01,completed,Clothing,North,27,3
5661,2024-07-25,4433.64,completed,Sports,North,20,1
5662,2024-07-25,1076.04,completed,Home,Central,11,4
5663,2024-07-25,2658.38,completed,Electronics,South,2,4
5664,2024-07-25,4373.51,failed,Clothing,East,23,3
5665,2024-07-25,1509.11,completed,Electronics,South,34,5
5666,2024-07-25,3456.58,completed,Books,East,33,3
5667,2024-07-25,1132.74,completed,Clothing,West,17,1
5668,2024-07-25,820.7,completed,Electronics,South,44,3
5669,2024-07-25,688.59,failed,Books,South,33,1
5670,2024-07-25,381.57,completed,Home,Central,24,2
5671,2024-07-25,3730.69,completed,Home,North,36,3
5672,2024-07-26,3554.09,completed,Sports,North,4,2
5673,2024-07-26,1369.06,refunded,Sports,South,15,3
5674,2024-07-26,2083.13,completed,Home,South,32,5
5675,2024-07-26,4358.12,completed,Sports,West,42,3
5676,2024-07-26,75.18,completed,Books,North,18,2
5677,2024-07-26,1709.52,completed,Clothing,South,31,3
5678,2024-07-26,4603.83,completed,Clothing,South,19,2
5679,2024-07-26,3492.71,completed,Clothing,North,1,4
5680,2024-07-26,2421.72,refunded,Clothing,East,29,1
5681,2024-07-26,3469.07,pending,Home,South,26,1
5682,2024-07-26,2694.38,completed,Clothing,West,22,5
5683,2024-07-26,387.58,completed,Home,South,19,1
5684,2024-07-26,986.46,failed,Sports,North,23,1
5685,2024-07-26,1774.88,completed,Food,East,4,2
5686,2024-07-26,589.04,refunded,Food,Central,21,5
5687,2024-07-26,1095.03,completed,Sports,East,5,5
5688,2024-07-26,4382.24,completed,Clothing,East,12,1
5689,2024-07-26,2119.35,completed,Food,West,21,2
5690,2024-07-26,1266.33,completed,Books,West,46,2
5691,2024-07-26,1633.12,completed,Food,East,38,3
5692,2024-07-26,3152.65,completed,Home,North,12,2
5693,2024-07-26,202.24,completed,Food,Central,35,5
5694,2024-07-26,3197.61,completed,Sports,West,47,4
5695,2024-07-26,58.49,completed,Sports,South,15,1
5696,2024-07-26,243.56,completed,Home,South,37,5
5697,2024-07-26,336.48,completed,Sports,East,2,1
5698,2024-07-26,346.6,completed,Books,North,30,1
5699,2024-07-26,1097.12,completed,Electronics,West,39,2
5700,2024-07-27,421.73,completed,Clothing,South,41,4
5701,2024-07-27,2948.63,refunded,Electronics,North,40,3
5702,2024-07-27,3530.12,completed,Books,Central,34,2
5703,2024-07-27,972.49,pending,Food,North,24,4
5704,2024-07-27,4955.25,completed,Books,East,19,2
5705,2024-07-27,4727.88,completed,Sports,South,34,1
5706,2024-07-27,2020.17,completed,Electronics,East,36,2
5707,2024-07-27,4830.57,completed,Sports,Central,46,1
5708,2024-07-27,1384.29,completed,Books,East,35,1
5709,2024-07-27,2446.8,failed,Food,East,12,2
5710,2024-07-27,4966.46,completed,Clothing,East,18,3
5711,2024-07-27,3438.36,completed,Electronics,East,32,2
5712,2024-07-27,4617.69,completed,Clothing,Central,2,2
5713,2024-07-27,2553.4,completed,Electronics,Central,40,5
5714,2024-07-27,1208.41,failed,Sports,East,13,4
5715,2024-07-27,1754.74,completed,Home,West,1,5
5716,2024-07-27,4936.59,completed,Electronics,South,4,3
5717,2024-07-27,389.8,completed,Clothing,North,21,4
5718,2024-07-27,3412.7,completed,Electronics,West,13,3
5719,2024-07-27,4806.96,completed,Books,Central,23,1
5720,2024-07-27,4494.27,completed,Books,Central,2,4
5721,2024-07-27,4269.78,completed,Electronics,North,18,4
5722,2024-07-27,537.69,refunded,Home,North,24,5
5723,2024-07-27,4794.0,completed,Books,Central,19,1
5724,2024-07-27,175.22,completed,Electronics,West,17,5
5725,2024-07-27,1553.23,completed,Books,North,24,4
5726,2024-07-27,4762.79,completed,Clothing,South,25,4
5727,2024-07-28,3834.57,completed,Clothing,East,48,2
5728,2024-07-28,4803.53,failed,Books,Central,43,2
5729,2024-07-28,1206.82,pending,Electronics,East,36,1
5730,2024-07-28,3600.6,pending,Home,South,23,2
5731,2024-07-28,3818.95,completed,Books,South,5,4
5732,2024-07-28,4179.25,completed,Books,West,29,5
5733,2024-07-28,3952.84,completed,Electronics,North,26,1
5734,2024-07-28,2509.69,pending,Books,South,3,2
5735,2024-07-28,87.84,refunded,Food,East,30,2
5736,2024-07-28,2884.32,completed,Books,East,49,4
5737,2024-07-28,4162.69,completed,Food,Central,14,1
5738,2024-07-28,2107.64,completed,Electronics,Central,37,3
5739,2024-07-28,1604.62,completed,Electronics,East,3,3
5740,2024-07-28,1779.39,completed,Home,North,35,5
5741,2024-07-28,3260.61,completed,Books,South,31,2
5742,2024-07-28,2049.55,pending,Books,North,17,5
5743,2024-07-28,2302.1,completed,Books,West,4,1
5744,2024-07-28,3700.07,completed,Clothing,West,24,5
5745,2024-07-28,2906.95,completed,Electronics,North,1,2
5746,2024-07-28,2960.43,completed,Electronics,North,32,4
5747,2024-07-28,3489.96,refunded,Electronics,East,11,2
5748,2024-07-28,4435.28,completed,Sports,South,33,3
5749,2024-07-28,2311.01,completed,Electronics,East,5,1
5750,2024-07-28,686.76,completed,Home,East,3,1
5751,2024-07-28,4251.72,refunded,Home,South,12,4
5752,2024-07-28,2279.86,failed,Food,Central,6,2
5753,2024-07-28,3992.41,completed,Sports,North,9,4
5754,2024-07-29,3838.74,completed,Electronics,Central,27,4
5755,2024-07-29,1644.27,completed,Home,East,28,1
5756,2024-07-29,2201.94,completed,Sports,West,19,4
5757,2024-07-29,4933.86,pending,Home,North,7,5
5758,2024-07-29,2780.93,completed,Sports,South,6,1
5759,2024-07-29,1809.93,completed,Books,West,40,5
5760,2024-07-29,4940.25,completed,Clothing,West,8,2
5761,2024-07-29,3925.69,completed,Books,West,18,1
5762,2024-07-29,191.03,failed,Clothing,Central,23,3
5763,2024-07-29,1593.39,completed,Electronics,North,16,1
5764,2024-07-29,3519.3,completed,Books,West,49,2
5765,2024-07-29,2791.32,completed,Home,North,30,5
5766,2024-07-29,3880.69,completed,Sports,East,16,1
5767,2024-07-29,3549.24,completed,Sports,South,11,3
5768,2024-07-29,3181.1,completed,Home,Central,25,2
5769,2024-07-29,4484.15,completed,Food,West,23,1
5770,2024-07-29,3358.21,failed,Clothing,West,16,2
5771,2024-07-29,3458.0,failed,Home,Central,39,3
5772,2024-07-29,1021.01,completed,Sports,East,26,3
5773,2024-07-29,1543.21,pending,Food,East,19,1
5774,2024-07-29,1477.91,completed,Home,South,24,4
5775,2024-07-29,3035.86,completed,Clothing,West,6,4
5776,2024-07-29,862.22,completed,Books,East,48,4
5777,2024-07-29,891.71,failed,Clothing,Central,27,1
5778,2024-07-29,3377.07,failed,Home,West,13,3
5779,2024-07-29,274.77,completed,Home,South,49,3
5780,2024-07-29,1044.7,pending,Food,East,21,3
5781,2024-07-29,675.89,completed,Clothing,East,49,1
5782,2024-07-30,3877.29,completed,Electronics,Central,40,4
5783,2024-07-30,1045.25,completed,Home,East,22,1
5784,2024-07-30,2898.12,completed,Food,East,19,3
5785,2024-07-30,1097.88,failed,Books,South,6,2
5786,2024-07-30,2952.02,pending,Electronics,North,9,1
5787,2024-07-30,1925.25,pending,Books,East,30,5
5788,2024-07-30,2358.41,completed,Electronics,West,41,4
5789,2024-07-30,2096.43,completed,Home,East,12,5
5790,2024-07-30,2281.63,completed,Sports,North,47,4
5791,2024-07-30,1472.17,completed,Food,West,1,1
5792,2024-07-30,4821.74,pending,Clothing,Central,16,5
5793,2024-07-30,2423.41,pending,Electronics,Central,48,3
5794,2024-07-30,1738.95,pending,Sports,Central,27,3
5795,2024-07-30,521.3,completed,Sports,Central,2,2
5796,2024-07-30,860.73,completed,Clothing,South,45,5
5797,2024-07-30,1471.74,completed,Food,South,2,3
5798,2024-07-30,3777.72,completed,Sports,Central,9,4
5799,2024-07-30,488.19,completed,Clothing,North,48,4
5800,2024-07-30,362.82,completed,Food,North,13,2
5801,2024-07-30,4709.23,pending,Books,North,35,1
5802,2024-07-30,2992.12,completed,Electronics,South,20,4
5803,2024-07-30,3808.48,failed,Home,South,25,3
5804,2024-07-30,2066.0,completed,Books,North,38,2
5805,2024-07-30,3429.82,completed,Food,East,11,3
5806,2024-07-30,4936.71,completed,Clothing,South,24,1
5807,2024-07-30,3651.75,completed,Books,South,2,1
5808,2024-07-30,157.71,pending,Food,South,36,1
5809,2024-07-31,3726.09,completed,Clothing,Central,31,2
5810,2024-07-31,239.58,failed,Home,East,47,4
5811,2024-07-31,4090.38,completed,Books,East,47,2
5812,2024-07-31,2690.5,completed,Sports,South,5,5
5813,2024-07-31,86.07,completed,Food,Central,31,2
5814,2024-07-31,3051.06,completed,Sports,North,41,5
5815,2024-07-31,1853.41,completed,Electronics,North,3,2
5816,2024-07-31,3490.42,pending,Electronics,South,40,1
5817,2024-07-31,1971.55,pending,Food,West,45,2
5818,2024-07-31,3226.94,completed,Books,Central,13,5
5819,2024-07-31,784.01,refunded,Books,South,17,1
5820,2024-07-31,102.49,failed,Electronics,East,13,4
5821,2024-07-31,4564.43,completed,Sports,North,12,4
5822,2024-07-31,3775.09,completed,Food,North,43,1
5823,2024-07-31,657.93,refunded,Home,Central,22,1
5824,2024-07-31,2203.82,completed,Books,South,20,4
5825,2024-07-31,170.47,completed,Electronics,Central,19,4
5826,2024-07-31,4996.28,completed,Home,North,37,3
5827,2024-07-31,4242.97,pending,Food,West,8,2
5828,2024-07-31,2325.22,completed,Sports,East,33,2
5829,2024-07-31,52.36,completed,Electronics,East,40,1
5830,2024-07-31,3858.72,completed,Sports,Central,31,2
5831,2024-07-31,897.19,pending,Sports,West,5,4
5832,2024-07-31,3164.8,refunded,Sports,East,16,1
5833,2024-07-31,2834.34,pending,Electronics,East,21,3
5834,2024-07-31,2616.56,completed,Home,East,12,4
5835,2024-07-31,1989.81,completed,Clothing,East,48,1
5836,2024-07-31,3852.97,completed,Food,East,13,2
5837,2024-08-01,3233.75,pending,Books,Central,2,1
5838,2024-08-01,536.09,pending,Home,Central,36,5
5839,2024-08-01,2943.57,completed,Food,East,18,3
5840,2024-08-01,2126.65,completed,Electronics,Central,22,5
5841,2024-08-01,1860.81,completed,Sports,South,30,1
5842,2024-08-01,1797.5,completed,Books,Central,48,1
5843,2024-08-01,2191.21,pending,Food,South,23,4
5844,2024-08-01,1388.62,completed,Food,North,40,2
5845,2024-08-01,1982.52,pending,Clothing,South,7,5
5846,2024-08-01,1376.58,completed,Books,Central,22,5
5847,2024-08-01,3972.55,completed,Books,North,30,4
5848,2024-08-01,436.48,completed,Home,West,49,3
5849,2024-08-01,3251.61,completed,Electronics,Central,33,5
5850,2024-08-01,2907.72,completed,Home,South,2,3
5851,2024-08-01,4683.24,refunded,Clothing,North,10,2
5852,2024-08-01,3117.71,completed,Electronics,East,38,2
5853,2024-08-01,4730.86,failed,Sports,South,16,4
5854,2024-08-01,3236.37,completed,Electronics,South,30,4
5855,2024-08-01,4721.71,completed,Electronics,North,26,3
5856,2024-08-01,283.44,completed,Sports,West,39,5
5857,2024-08-01,3669.82,completed,Books,Central,8,1
5858,2024-08-01,2275.82,completed,Food,Central,34,2
5859,2024-08-01,1686.28,completed,Books,North,45,3
5860,2024-08-01,3858.03,completed,Electronics,West,45,2
5861,2024-08-01,393.11,completed,Electronics,South,33,2
5862,2024-08-01,3190.31,failed,Books,North,24,4
5863,2024-08-01,4813.1,completed,Home,Central,1,3
5864,2024-08-02,621.97,completed,Clothing,East,32,1
5865,2024-08-02,3267.79,completed,Home,South,11,2
5866,2024-08-02,3278.63,completed,Electronics,North,30,3
5867,2024-08-02,1941.3,failed,Food,North,13,2
5868,2024-08-02,3543.13,failed,Food,East,37,4
5869,2024-08-02,2193.0,completed,Home,North,26,4
5870,2024-08-02,1744.31,completed,Electronics,West,3,4
5871,2024-08-02,4224.0,failed,Food,North,33,2
5872,2024-08-02,1384.88,refunded,Home,Central,14,4
5873,2024-08-02,4293.43,completed,Books,West,18,4
5874,2024-08-02,2546.14,completed,Sports,East,11,3
5875,2024-08-02,1285.44,pending,Electronics,Central,45,1
5876,2024-08-02,1956.49,completed,Electronics,Central,25,3
5877,2024-08-02,202.1,failed,Food,West,5,5
5878,2024-08-02,1143.65,failed,Home,South,22,4
5879,2024-08-02,3991.42,failed,Home,Central,21,5
5880,2024-08-02,1492.5,failed,Food,South,3,4
5881,2024-08-02,2543.65,completed,Electronics,East,17,2
5882,2024-08-02,3304.29,completed,Electronics,South,8,2
5883,2024-08-02,3844.22,completed,Clothing,North,12,2
5884,2024-08-02,42.31,pending,Books,North,11,5
5885,2024-08-02,4650.67,completed,Clothing,South,5,3
5886,2024-08-02,1884.33,completed,Electronics,South,18,2
5887,2024-08-02,1955.34,completed,Books,South,39,3
5888,2024-08-02,4494.05,completed,Sports,South,13,4
5889,2024-08-02,4712.13,completed,Sports,North,21,3
5890,2024-08-02,1673.88,completed,Books,West,9,2
5891,2024-08-03,1623.1,pending,Food,South,37,4
5892,2024-08-03,916.76,completed,Food,South,8,4
5893,2024-08-03,3876.13,refunded,Sports,North,20,3
5894,2024-08-03,414.48,completed,Electronics,East,32,2
5895,2024-08-03,4468.52,completed,Home,Central,41,3
5896,2024-08-03,2713.15,completed,Food,West,1,4
5897,2024-08-03,3264.81,refunded,Sports,North,46,2
5898,2024-08-03,4206.97,pending,Home,North,26,1
5899,2024-08-03,2112.7,completed,Sports,Central,28,1
5900,2024-08-03,353.5,completed,Food,North,20,5
5901,2024-08-03,3995.6,failed,Home,Central,25,5
5902,2024-08-03,585.67,failed,Home,East,34,3
5903,2024-08-03,4960.68,completed,Clothing,North,22,5
5904,2024-08-03,1834.86,completed,Clothing,South,36,1
5905,2024-08-03,2369.89,completed,Books,South,4,5
5906,2024-08-03,3503.62,completed,Electronics,North,26,2
5907,2024-08-03,2687.86,completed,Books,Central,35,4
5908,2024-08-03,2015.88,pending,Clothing,Central,24,3
5909,2024-08-03,1195.81,refunded,Electronics,Central,23,5
5910,2024-08-03,4684.68,completed,Sports,Central,1,4
5911,2024-08-03,1554.86,completed,Sports,South,7,2
5912,2024-08-03,3877.15,completed,Books,South,28,4
5913,2024-08-03,3284.77,pending,Sports,West,8,5
5914,2024-08-03,288.47,completed,Electronics,East,39,1
5915,2024-08-03,218.04,completed,Electronics,West,32,1
5916,2024-08-03,2206.67,completed,Food,North,43,2
5917,2024-08-03,3208.56,completed,Electronics,North,27,2
5918,2024-08-03,3959.19,refunded,Books,Central,44,4
5919,2024-08-04,2937.49,completed,Electronics,South,28,5
5920,2024-08-04,1007.11,failed,Books,South,41,2
5921,2024-08-04,2209.33,pending,Food,Central,9,3
5922,2024-08-04,530.47,completed,Home,South,14,4
5923,2024-08-04,1086.64,completed,Home,Central,7,3
5924,2024-08-04,2263.47,completed,Food,West,27,1
5925,2024-08-04,2003.95,failed,Food,West,22,3
5926,2024-08-04,4607.04,completed,Clothing,Central,23,5
5927,2024-08-04,109.42,failed,Books,South,40,2
5928,2024-08-04,485.87,completed,Food,Central,5,5
5929,2024-08-04,4711.57,completed,Books,West,40,2
5930,2024-08-04,1624.2,completed,Sports,South,48,5
5931,2024-08-04,1440.81,completed,Sports,West,30,5
5932,2024-08-04,4911.08,completed,Home,North,47,5
5933,2024-08-04,1322.45,completed,Books,Central,30,2
5934,2024-08-04,1135.85,completed,Books,West,30,5
5935,2024-08-04,891.6,completed,Electronics,North,34,4
5936,2024-08-04,3093.96,completed,Books,South,35,4
5937,2024-08-04,3004.84,completed,Electronics,East,19,5
5938,2024-08-04,1724.38,completed,Home,South,35,3
5939,2024-08-04,2405.18,completed,Books,South,17,5
5940,2024-08-04,3545.18,completed,Clothing,North,23,2
5941,2024-08-04,2410.97,completed,Clothing,Central,2,3
5942,2024-08-04,4018.12,completed,Sports,Central,16,5
5943,2024-08-04,1663.7,completed,Electronics,South,46,5
5944,2024-08-04,85.05,failed,Food,East,43,3
5945,2024-08-04,719.09,completed,Sports,Central,48,3
5946,2024-08-05,3084.27,refunded,Sports,East,29,3
5947,2024-08-05,2241.96,completed,Books,North,20,5
5948,2024-08-05,4644.59,completed,Home,West,20,4
5949,2024-08-05,1001.12,failed,Food,East,36,2
5950,2024-08-05,757.44,pending,Food,Central,7,5
5951,2024-08-05,3017.38,failed,Clothing,East,37,4
5952,2024-08-05,3971.49,completed,Books,Central,16,5
5953,2024-08-05,2692.0,completed,Electronics,North,32,1
5954,2024-08-05,1802.52,completed,Food,Central,10,4
5955,2024-08-05,2006.64,completed,Clothing,Central,12,1
5956,2024-08-05,2319.65,completed,Food,West,16,2
5957,2024-08-05,4725.39,pending,Clothing,West,22,3
5958,2024-08-05,1109.92,completed,Food,West,44,4
5959,2024-08-05,555.18,completed,Food,East,1,3
5960,2024-08-05,2709.83,pending,Books,East,39,4
5961,2024-08-05,3020.22,failed,Books,North,39,4
5962,2024-08-05,4042.69,completed,Books,West,19,5
5963,2024-08-05,4040.33,completed,Electronics,North,45,4
5964,2024-08-05,1720.45,refunded,Sports,West,26,4
5965,2024-08-05,3563.93,completed,Home,East,4,5
5966,2024-08-05,3016.92,completed,Home,South,20,5
5967,2024-08-05,4845.28,completed,Clothing,East,35,2
5968,2024-08-05,1573.74,failed,Sports,South,22,5
5969,2024-08-05,4969.93,completed,Books,Central,4,3
5970,2024-08-05,1760.52,completed,Books,North,44,5
5971,2024-08-05,2239.19,completed,Home,South,35,4
5972,2024-08-05,451.22,completed,Clothing,Central,8,2
5973,2024-08-05,2180.28,completed,Sports,East,8,3
5974,2024-08-06,94.1,completed,Clothing,East,13,1
5975,2024-08-06,2274.01,completed,Electronics,West,18,1
5976,2024-08-06,595.61,completed,Food,Central,42,5
5977,2024-08-06,1811.81,pending,Food,South,22,2
5978,2024-08-06,2011.73,completed,Books,Central,37,1
5979,2024-08-06,4396.13,completed,Food,North,8,3
5980,2024-08-06,4441.68,completed,Books,East,43,1
5981,2024-08-06,15.69,completed,Home,South,6,3
5982,2024-08-06,2006.87,completed,Home,West,35,5
5983,2024-08-06,2328.58,pending,Electronics,North,5,5
5984,2024-08-06,4307.95,completed,Home,North,33,1
5985,2024-08-06,3248.01,completed,Home,Central,44,3
5986,2024-08-06,2412.45,pending,Sports,East,25,5
5987,2024-08-06,1976.95,completed,Books,South,7,2
5988,2024-08-06,2911.68,completed,Home,West,17,2
5989,2024-08-06,2363.11,completed,Food,South,12,4
5990,2024-08-06,2287.89,pending,Electronics,South,47,3
5991,2024-08-06,2126.4,pending,Home,East,6,3
5992,2024-08-06,4141.15,failed,Home,West,12,3
5993,2024-08-06,621.0,completed,Clothing,East,43,4
5994,2024-08-06,1824.36,completed,Home,East,20,4
5995,2024-08-06,4558.97,completed,Food,West,17,2
5996,2024-08-06,4793.95,failed,Clothing,East,49,1
5997,2024-08-06,3746.3,completed,Home,South,46,3
5998,2024-08-06,781.86,completed,Food,East,22,2
5999,2024-08-06,82.05,completed,Electronics,South,21,2
6000,2024-08-06,4788.83,completed,Electronics,South,32,3
6001,2024-08-07,2966.31,pending,Electronics,East,18,4
6002,2024-08-07,4097.65,completed,Clothing,Central,42,3
6003,2024-08-07,3596.37,completed,Electronics,East,43,1
6004,2024-08-07,4649.51,completed,Books,Central,8,5
6005,2024-08-07,4945.1,completed,Food,Central,4,2
6006,2024-08-07,1387.49,completed,Clothing,East,3,5
6007,2024-08-07,4519.75,completed,Clothing,East,6,2
6008,2024-08-07,1337.46,completed,Home,South,7,2
6009,2024-08-07,3533.06,completed,Electronics,South,4,5
6010,2024-08-07,2817.24,completed,Food,East,45,3
6011,2024-08-07,1390.54,completed,Food,West,9,2
6012,2024-08-07,82.3,completed,Food,East,42,1
6013,2024-08-07,1502.25,completed,Clothing,North,42,5
6014,2024-08-07,3216.84,completed,Electronics,Central,20,3
6015,2024-08-07,2660.49,completed,Books,Central,16,1
6016,2024-08-07,3688.05,pending,Sports,West,39,4
6017,2024-08-07,2632.57,completed,Books,West,44,1
6018,2024-08-07,2083.77,completed,Electronics,Central,10,5
6019,2024-08-07,4341.35,completed,Clothing,Central,33,4
6020,2024-08-07,4179.88,completed,Electronics,East,17,1
6021,2024-08-07,2153.45,completed,Clothing,North,46,2
6022,2024-08-07,3718.32,pending,Home,South,37,3
6023,2024-08-07,3037.47,completed,Electronics,Central,15,3
6024,2024-08-07,3476.56,completed,Electronics,Central,14,4
6025,2024-08-07,1914.94,refunded,Home,West,46,4
6026,2024-08-07,3901.94,completed,Books,Central,12,2
6027,2024-08-07,2641.67,pending,Food,South,29,1
6028,2024-08-08,4726.0,completed,Food,West,41,1
6029,2024-08-08,761.96,completed,Home,South,47,3
6030,2024-08-08,66.82,completed,Books,North,24,2
6031,2024-08-08,4648.64,pending,Food,East,27,2
6032,2024-08-08,3724.65,completed,Books,South,9,2
6033,2024-08-08,4353.15,completed,Sports,East,4,1
6034,2024-08-08,740.46,completed,Sports,Central,7,2
6035,2024-08-08,2905.19,completed,Sports,South,28,3
6036,2024-08-08,4310.48,completed,Electronics,West,10,3
6037,2024-08-08,3372.41,completed,Books,North,38,1
6038,2024-08-08,4958.1,completed,Clothing,West,18,5
6039,2024-08-08,4431.76,completed,Food,East,38,3
6040,2024-08-08,4902.87,completed,Food,East,20,1
6041,2024-08-08,3875.62,completed,Sports,North,22,4
6042,2024-08-08,196.34,completed,Sports,Central,18,3
6043,2024-08-08,1207.08,completed,Clothing,Central,10,3
6044,2024-08-08,2982.34,completed,Books,East,20,4
6045,2024-08-08,1907.1,completed,Clothing,Central,9,3
6046,2024-08-08,3474.05,pending,Clothing,South,43,4
6047,2024-08-08,4480.97,completed,Electronics,West,27,1
6048,2024-08-08,114.39,completed,Food,East,20,4
6049,2024-08-08,560.74,completed,Sports,East,8,5
6050,2024-08-08,1199.64,completed,Food,East,48,1
6051,2024-08-08,406.71,completed,Home,North,3,2
6052,2024-08-08,1190.87,failed,Electronics,East,45,5
6053,2024-08-08,956.61,completed,Books,South,38,1
6054,2024-08-08,3513.8,completed,Sports,Central,45,1
6055,2024-08-08,1201.24,pending,Food,West,13,4
6056,2024-08-09,2920.14,completed,Home,West,32,1
6057,2024-08-09,3904.14,completed,Sports,Central,39,2
6058,2024-08-09,1448.24,completed,Books,North,12,5
6059,2024-08-09,4964.77,failed,Sports,East,12,4
6060,2024-08-09,1165.43,refunded,Books,West,48,5
6061,2024-08-09,1950.21,completed,Food,West,26,1
6062,2024-08-09,3417.35,completed,Sports,North,32,1
6063,2024-08-09,834.13,failed,Food,North,9,3
6064,2024-08-09,1632.24,pending,Electronics,West,37,3
6065,2024-08-09,3215.88,completed,Home,West,6,5
6066,2024-08-09,3958.6,completed,Clothing,North,32,4
6067,2024-08-09,4378.43,completed,Home,Central,8,3
6068,2024-08-09,1314.38,completed,Clothing,North,38,2
6069,2024-08-09,436.07,completed,Clothing,Central,1,5
6070,2024-08-09,4055.8,completed,Clothing,Central,6,5
6071,2024-08-09,3091.47,completed,Electronics,Central,6,3
6072,2024-08-09,3717.29,completed,Clothing,North,1,1
6073,2024-08-09,200.59,completed,Electronics,North,9,5
6074,2024-08-09,3901.42,completed,Clothing,East,44,3
6075,2024-08-09,4791.75,completed,Food,Central,10,2
6076,2024-08-09,4712.77,pending,Books,West,8,4
6077,2024-08-09,962.7,completed,Home,North,11,5
6078,2024-08-09,4917.4,completed,Clothing,West,27,5
6079,2024-08-09,1824.15,completed,Electronics,East,31,2
6080,2024-08-09,3723.6,pending,Food,South,39,3
6081,2024-08-09,3544.24,completed,Sports,East,46,4
6082,2024-08-09,1500.46,completed,Books,South,25,5
6083,2024-08-10,3552.09,completed,Food,East,21,5
6084,2024-08-10,3736.13,completed,Electronics,South,13,5
6085,2024-08-10,4993.39,failed,Food,West,39,2
6086,2024-08-10,994.24,completed,Sports,Central,26,3
6087,2024-08-10,4689.72,completed,Sports,South,36,4
6088,2024-08-10,3864.94,completed,Books,West,35,1
6089,2024-08-10,201.67,failed,Home,West,31,3
6090,2024-08-10,3217.24,completed,Books,Central,1,5
6091,2024-08-10,2984.78,completed,Food,West,46,1
6092,2024-08-10,965.3,completed,Electronics,North,20,4
6093,2024-08-10,4881.62,completed,Sports,East,31,3
6094,2024-08-10,4284.91,completed,Books,East,38,5
6095,2024-08-10,1877.21,completed,Books,South,20,5
6096,2024-08-10,4254.52,completed,Food,East,9,4
6097,2024-08-10,2350.3,completed,Food,West,20,2
6098,2024-08-10,1773.77,completed,Electronics,West,18,5
6099,2024-08-10,256.86,completed,Books,North,18,3
6100,2024-08-10,3356.6,completed,Electronics,West,31,4
6101,2024-08-10,3150.61,pending,Clothing,South,33,4
6102,2024-08-10,4446.42,completed,Electronics,North,11,3
6103,2024-08-10,1867.2,completed,Books,North,39,3
6104,2024-08-10,2419.97,completed,Home,North,19,3
6105,2024-08-10,2111.14,completed,Sports,South,13,4
6106,2024-08-10,2992.18,completed,Clothing,North,34,4
6107,2024-08-10,2738.3,completed,Clothing,East,43,5
6108,2024-08-10,2302.94,completed,Clothing,South,49,2
6109,2024-08-10,1825.1,failed,Electronics,East,17,5
6110,2024-08-11,1770.56,completed,Sports,North,35,3
6111,2024-08-11,1231.4,pending,Home,North,7,1
6112,2024-08-11,1761.04,completed,Electronics,North,28,3
6113,2024-08-11,3445.14,completed,Home,West,19,5
6114,2024-08-11,2832.65,pending,Clothing,East,28,1
6115,2024-08-11,507.22,completed,Home,East,12,4
6116,2024-08-11,4895.49,completed,Electronics,East,16,3
6117,2024-08-11,3398.42,completed,Sports,South,29,3
6118,2024-08-11,2734.27,completed,Books,East,32,1
6119,2024-08-11,387.95,completed,Electronics,South,15,2
6120,2024-08-11,4483.69,completed,Clothing,North,27,1
6121,2024-08-11,3526.72,completed,Food,West,17,3
6122,2024-08-11,3996.09,completed,Clothing,North,41,5
6123,2024-08-11,1135.65,completed,Sports,South,44,4
6124,2024-08-11,714.88,completed,Clothing,East,25,2
6125,2024-08-11,4027.18,completed,Books,South,25,2
6126,2024-08-11,1269.92,completed,Sports,North,43,3
6127,2024-08-11,1219.24,completed,Clothing,Central,32,4
6128,2024-08-11,2860.26,completed,Clothing,East,41,1
6129,2024-08-11,3127.0,completed,Food,West,43,1
6130,2024-08-11,3031.22,completed,Sports,West,20,5
6131,2024-08-11,4277.91,failed,Books,East,49,1
6132,2024-08-11,4128.79,completed,Electronics,East,23,4
6133,2024-08-11,4990.93,failed,Sports,West,28,1
6134,2024-08-11,3127.65,completed,Clothing,South,17,5
6135,2024-08-11,2452.34,pending,Sports,West,5,2
6136,2024-08-11,1200.24,completed,Books,South,42,5
6137,2024-08-11,2974.85,failed,Sports,South,37,4
6138,2024-08-12,2251.29,completed,Electronics,North,1,3
6139,2024-08-12,137.69,completed,Clothing,West,7,5
6140,2024-08-12,549.97,completed,Clothing,South,14,3
6141,2024-08-12,2020.27,completed,Electronics,Central,26,3
6142,2024-08-12,3821.34,completed,Clothing,Central,48,4
6143,2024-08-12,2320.33,completed,Food,North,38,5
6144,2024-08-12,608.26,refunded,Sports,East,19,4
6145,2024-08-12,4346.17,completed,Home,East,12,5
6146,2024-08-12,4277.34,completed,Clothing,North,19,3
6147,2024-08-12,3887.83,pending,Home,East,11,2
6148,2024-08-12,3741.42,pending,Electronics,North,37,4
6149,2024-08-12,4608.24,pending,Home,East,35,2
6150,2024-08-12,3068.19,refunded,Clothing,South,18,3
6151,2024-08-12,1979.18,completed,Food,South,4,3
6152,2024-08-12,4569.36,completed,Home,South,13,3
6153,2024-08-12,1610.48,completed,Home,Central,11,2
6154,2024-08-12,1987.36,completed,Electronics,Central,31,3
6155,2024-08-12,3711.74,completed,Electronics,South,42,3
6156,2024-08-12,3418.67,completed,Food,East,28,5
6157,2024-08-12,481.17,pending,Books,North,39,1
6158,2024-08-12,1710.63,completed,Electronics,Central,35,5
6159,2024-08-12,3936.7,completed,Sports,West,15,5
6160,2024-08-12,2718.59,completed,Electronics,East,35,2
6161,2024-08-12,1159.08,completed,Food,East,21,1
6162,2024-08-12,3504.48,completed,Books,Central,48,3
6163,2024-08-12,261.85,completed,Food,Central,30,4
6164,2024-08-12,2985.16,completed,Home,Central,6,5
6165,2024-08-13,2086.89,refunded,Clothing,North,44,3
6166,2024-08-13,3877.09,completed,Food,West,43,3
6167,2024-08-13,4483.19,completed,Electronics,South,26,2
6168,2024-08-13,2263.6,completed,Clothing,West,16,1
6169,2024-08-13,137.2,completed,Home,Central,5,1
6170,2024-08-13,2004.98,completed,Food,North,10,5
6171,2024-08-13,2425.08,failed,Food,North,20,4
6172,2024-08-13,1481.47,completed,Electronics,West,26,1
6173,2024-08-13,4384.9,completed,Clothing,West,11,5
6174,2024-08-13,2410.03,refunded,Sports,West,44,3
6175,2024-08-13,1547.33,completed,Home,Central,33,4
6176,2024-08-13,1964.69,completed,Clothing,West,47,3
6177,2024-08-13,644.29,pending,Books,West,36,3
6178,2024-08-13,2046.76,failed,Books,Central,28,1
6179,2024-08-13,515.45,refunded,Sports,East,26,3
6180,2024-08-13,1994.82,completed,Electronics,West,12,3
6181,2024-08-13,3403.72,pending,Books,Central,45,5
6182,2024-08-13,595.68,completed,Clothing,North,13,3
6183,2024-08-13,2192.56,completed,Electronics,East,6,1
6184,2024-08-13,3793.68,refunded,Home,East,32,4
6185,2024-08-13,745.43,pending,Sports,South,47,5
6186,2024-08-13,4382.53,completed,Electronics,East,39,3
6187,2024-08-13,4250.26,completed,Clothing,South,20,4
6188,2024-08-13,4180.14,pending,Books,Central,7,4
6189,2024-08-13,4591.08,completed,Books,West,48,5
6190,2024-08-13,4167.01,pending,Electronics,South,5,1
6191,2024-08-13,2863.25,completed,Sports,Central,27,5
6192,2024-08-13,789.45,completed,Electronics,West,39,5
6193,2024-08-14,4680.15,failed,Clothing,North,42,3
6194,2024-08-14,314.32,failed,Sports,West,9,4
6195,2024-08-14,1806.44,completed,Sports,West,37,5
6196,2024-08-14,4701.46,completed,Sports,West,28,1
6197,2024-08-14,4132.27,pending,Food,West,6,3
6198,2024-08-14,2414.87,completed,Clothing,East,6,4
6199,2024-08-14,1024.15,pending,Clothing,East,40,1
6200,2024-08-14,3613.44,failed,Electronics,East,28,5
6201,2024-08-14,4493.77,completed,Clothing,Central,48,3
6202,2024-08-14,1841.19,completed,Sports,West,31,2
6203,2024-08-14,3715.3,completed,Home,North,47,1
6204,2024-08-14,95.26,completed,Home,West,38,2
6205,2024-08-14,2142.85,pending,Sports,Central,1,4
6206,2024-08-14,2998.03,completed,Sports,North,34,3
6207,2024-08-14,1627.41,pending,Sports,North,19,2
6208,2024-08-14,1843.1,refunded,Home,North,28,1
6209,2024-08-14,2569.5,completed,Electronics,East,2,3
6210,2024-08-14,4171.2,failed,Electronics,North,49,1
6211,2024-08-14,4304.94,pending,Books,West,40,2
6212,2024-08-14,1537.95,refunded,Electronics,North,7,1
6213,2024-08-14,2840.34,refunded,Home,West,46,5
6214,2024-08-14,4898.51,completed,Electronics,Central,18,4
6215,2024-08-14,3853.0,completed,Food,South,23,3
6216,2024-08-14,414.9,completed,Books,North,3,2
6217,2024-08-14,693.87,completed,Sports,Central,32,4
6218,2024-08-14,3347.96,completed,Electronics,Central,48,5
6219,2024-08-14,125.29,completed,Home,West,39,1
6220,2024-08-15,2624.86,completed,Books,South,32,4
6221,2024-08-15,3140.97,failed,Food,East,38,2
6222,2024-08-15,881.79,completed,Home,West,44,4
6223,2024-08-15,4985.68,completed,Sports,West,18,2
6224,2024-08-15,4636.63,completed,Electronics,South,11,4
6225,2024-08-15,2518.52,completed,Food,North,5,3
6226,2024-08-15,4160.62,completed,Clothing,Central,1,3
6227,2024-08-15,3323.52,completed,Clothing,South,16,3
6228,2024-08-15,1729.07,pending,Food,South,18,2
6229,2024-08-15,1077.79,completed,Food,Central,2,1
6230,2024-08-15,350.94,failed,Electronics,West,10,4
6231,2024-08-15,3306.43,failed,Electronics,North,8,1
6232,2024-08-15,3149.89,completed,Clothing,West,28,4
6233,2024-08-15,4180.33,completed,Food,East,41,1
6234,2024-08-15,2515.52,completed,Books,East,23,1
6235,2024-08-15,2508.03,completed,Books,East,36,3
6236,2024-08-15,3885.45,completed,Sports,West,7,1
6237,2024-08-15,1139.19,completed,Home,East,36,3
6238,2024-08-15,4577.21,completed,Food,North,30,3
6239,2024-08-15,1024.23,failed,Sports,North,8,3
6240,2024-08-15,4249.33,refunded,Home,North,41,1
6241,2024-08-15,3785.26,completed,Home,East,46,4
6242,2024-08-15,746.13,failed,Sports,Central,29,4
6243,2024-08-15,3617.27,completed,Home,South,7,4
6244,2024-08-15,367.37,completed,Sports,West,30,2
6245,2024-08-15,3064.58,pending,Electronics,Central,25,1
6246,2024-08-15,2251.99,completed,Clothing,North,6,1
6247,2024-08-16,4101.08,completed,Food,South,48,3
6248,2024-08-16,4512.07,failed,Food,Central,14,5
6249,2024-08-16,1854.14,completed,Clothing,Central,23,1
6250,2024-08-16,4710.43,failed,Clothing,North,45,2
6251,2024-08-16,4240.85,completed,Food,North,39,3
6252,2024-08-16,3911.0,failed,Electronics,South,38,5
6253,2024-08-16,602.11,completed,Clothing,South,26,2
6254,2024-08-16,2285.17,refunded,Books,East,43,4
6255,2024-08-16,4024.02,completed,Home,South,2,5
6256,2024-08-16,2146.0,completed,Clothing,North,31,1
6257,2024-08-16,4277.54,refunded,Home,West,40,5
6258,2024-08-16,4525.27,completed,Home,South,44,2
6259,2024-08-16,3063.36,completed,Electronics,Central,39,3
6260,2024-08-16,193.52,completed,Sports,East,37,3
6261,2024-08-16,2331.68,completed,Sports,East,9,2
6262,2024-08-16,1281.85,completed,Books,Central,4,1
6263,2024-08-16,2637.75,completed,Food,South,47,3
6264,2024-08-16,2514.35,completed,Sports,West,40,4
6265,2024-08-16,3946.59,completed,Sports,Central,25,4
6266,2024-08-16,249.86,completed,Books,Central,18,5
6267,2024-08-16,68.19,completed,Sports,Central,28,3
6268,2024-08-16,3813.39,completed,Sports,North,28,4
6269,2024-08-16,4541.1,completed,Electronics,Central,36,4
6270,2024-08-16,1137.94,pending,Home,West,12,3
6271,2024-08-16,1727.11,pending,Sports,East,17,1
6272,2024-08-16,3834.95,completed,Home,Central,14,1
6273,2024-08-16,2546.6,pending,Clothing,Central,18,2
6274,2024-08-16,3051.36,pending,Electronics,West,5,5
6275,2024-08-17,151.75,completed,Books,North,10,4
6276,2024-08-17,4371.95,completed,Sports,South,14,3
6277,2024-08-17,803.22,failed,Clothing,West,5,3
6278,2024-08-17,3685.81,completed,Clothing,North,29,1
6279,2024-08-17,334.56,completed,Clothing,South,28,2
6280,2024-08-17,4976.5,completed,Electronics,East,5,4
6281,2024-08-17,4516.42,completed,Electronics,North,19,4
6282,2024-08-17,4464.33,completed,Sports,South,17,2
6283,2024-08-17,147.05,completed,Food,East,46,5
6284,2024-08-17,1278.99,completed,Electronics,South,23,3
6285,2024-08-17,4940.87,completed,Electronics,Central,25,5
6286,2024-08-17,3146.14,completed,Electronics,West,13,1
6287,2024-08-17,709.73,completed,Electronics,South,30,2
6288,2024-08-17,2788.3,failed,Electronics,East,33,1
6289,2024-08-17,4645.11,pending,Clothing,Central,12,2
6290,2024-08-17,4635.53,completed,Home,East,23,4
6291,2024-08-17,1068.77,refunded,Clothing,East,46,1
6292,2024-08-17,2077.76,failed,Clothing,North,41,5
6293,2024-08-17,1513.25,completed,Sports,West,4,4
6294,2024-08-17,275.82,completed,Home,South,48,5
6295,2024-08-17,4707.3,completed,Food,South,20,5
6296,2024-08-17,3413.44,completed,Electronics,East,47,2
6297,2024-08-17,3636.62,completed,Books,Central,20,4
6298,2024-08-17,616.63,refunded,Books,Central,41,1
6299,2024-08-17,1540.5,completed,Food,Central,34,1
6300,2024-08-17,2734.26,completed,Clothing,South,23,4
6301,2024-08-17,1955.27,pending,Home,East,34,3
6302,2024-08-18,4709.71,completed,Sports,Central,34,4
6303,2024-08-18,3868.58,failed,Sports,South,17,1
6304,2024-08-18,1918.8,refunded,Books,East,29,3
6305,2024-08-18,4025.55,failed,Sports,East,33,2
6306,2024-08-18,3175.47,completed,Books,West,49,3
6307,2024-08-18,4683.22,completed,Home,South,18,4
6308,2024-08-18,2180.23,failed,Sports,West,9,3
6309,2024-08-18,3263.42,pending,Home,North,43,4
6310,2024-08-18,4607.82,completed,Home,North,32,1
6311,2024-08-18,4436.63,completed,Sports,Central,25,4
6312,2024-08-18,3410.73,pending,Electronics,North,31,4
6313,2024-08-18,4629.29,failed,Food,North,27,4
6314,2024-08-18,3177.66,pending,Sports,West,37,5
6315,2024-08-18,1019.45,pending,Books,South,14,4
6316,2024-08-18,373.81,completed,Clothing,South,6,2
6317,2024-08-18,560.06,completed,Food,Central,40,4
6318,2024-08-18,922.28,completed,Home,South,8,2
6319,2024-08-18,3397.83,completed,Books,North,8,2
6320,2024-08-18,1194.57,failed,Clothing,North,45,3
6321,2024-08-18,265.91,pending,Sports,North,35,3
6322,2024-08-18,487.83,completed,Electronics,South,18,5
6323,2024-08-18,3003.21,completed,Clothing,West,10,2
6324,2024-08-18,2773.1,completed,Sports,Central,42,4
6325,2024-08-18,1725.79,completed,Home,North,19,4
6326,2024-08-18,4418.4,completed,Electronics,West,11,5
6327,2024-08-18,1945.32,completed,Home,Central,38,3
6328,2024-08-18,4220.38,pending,Sports,West,3,3
6329,2024-08-18,4820.75,completed,Electronics,North,40,5
6330,2024-08-19,3951.59,completed,Home,Central,20,4
6331,2024-08-19,4832.01,completed,Home,West,10,2
6332,2024-08-19,2855.27,completed,Sports,North,8,1
6333,2024-08-19,4509.79,completed,Sports,North,16,3
6334,2024-08-19,558.73,pending,Electronics,North,48,1
6335,2024-08-19,2038.0,completed,Books,North,13,5
6336,2024-08-19,3649.18,pending,Electronics,Central,17,5
6337,2024-08-19,3452.18,completed,Sports,North,20,1
6338,2024-08-19,1152.96,completed,Home,Central,22,4
6339,2024-08-19,4532.9,completed,Home,North,42,3
6340,2024-08-19,1547.34,completed,Electronics,North,36,5
6341,2024-08-19,1233.22,refunded,Home,East,6,3
6342,2024-08-19,4472.72,completed,Electronics,Central,13,5
6343,2024-08-19,4671.8,completed,Electronics,West,32,5
6344,2024-08-19,1275.15,completed,Electronics,Central,6,5
6345,2024-08-19,3449.78,failed,Books,South,42,1
6346,2024-08-19,3515.7,completed,Food,Central,24,4
6347,2024-08-19,1116.95,failed,Clothing,West,16,2
6348,2024-08-19,2553.05,pending,Home,North,31,2
6349,2024-08-19,4804.49,pending,Books,Central,34,1
6350,2024-08-19,1301.41,completed,Sports,East,5,5
6351,2024-08-19,3986.81,refunded,Electronics,South,49,5
6352,2024-08-19,4999.71,completed,Books,Central,23,2
6353,2024-08-19,3982.01,completed,Electronics,Central,14,2
6354,2024-08-19,1782.8,completed,Food,East,19,2
6355,2024-08-19,999.63,completed,Sports,North,42,1
6356,2024-08-19,954.46,pending,Home,East,22,4
6357,2024-08-20,4820.93,completed,Sports,North,4,1
6358,2024-08-20,4356.79,refunded,Electronics,West,16,5
6359,2024-08-20,1246.91,completed,Clothing,North,21,2
6360,2024-08-20,2319.15,refunded,Food,South,3,2
6361,2024-08-20,3653.67,completed,Clothing,South,35,3
6362,2024-08-20,4230.44,completed,Clothing,West,23,2
6363,2024-08-20,4564.03,completed,Sports,East,3,4
6364,2024-08-20,4348.3,completed,Sports,South,5,1
6365,2024-08-20,4254.55,completed,Home,North,34,5
6366,2024-08-20,1572.75,completed,Home,West,14,4
6367,2024-08-20,4910.84,failed,Food,East,16,3
6368,2024-08-20,2150.6,completed,Sports,East,7,3
6369,2024-08-20,3594.56,completed,Books,East,3,5
6370,2024-08-20,639.19,completed,Home,West,2,3
6371,2024-08-20,104.36,completed,Food,South,48,2
6372,2024-08-20,784.6,completed,Books,South,8,5
6373,2024-08-20,2453.44,completed,Books,West,25,5
6374,2024-08-20,290.57,completed,Books,West,47,5
6375,2024-08-20,3450.57,completed,Sports,South,7,2
6376,2024-08-20,3073.07,pending,Books,East,2,3
6377,2024-08-20,2242.97,refunded,Food,Central,33,5
6378,2024-08-20,1991.85,completed,Clothing,West,47,1
6379,2024-08-20,3218.19,completed,Clothing,North,25,5
6380,2024-08-20,166.46,failed,Books,West,18,3
6381,2024-08-20,508.43,completed,Home,East,13,4
6382,2024-08-20,225.19,completed,Home,East,8,1
6383,2024-08-20,4889.78,completed,Sports,North,46,2
6384,2024-08-21,4881.84,completed,Food,North,9,2
6385,2024-08-21,1613.37,completed,Clothing,North,3,2
6386,2024-08-21,731.37,pending,Sports,West,12,2
6387,2024-08-21,2982.36,failed,Clothing,North,38,3
6388,2024-08-21,3081.42,completed,Sports,East,23,4
6389,2024-08-21,3637.12,failed,Electronics,East,26,4
6390,2024-08-21,2053.59,completed,Food,Central,10,2
6391,2024-08-21,2936.66,pending,Electronics,South,30,1
6392,2024-08-21,1651.78,pending,Home,East,24,4
6393,2024-08-21,189.05,pending,Food,East,13,3
6394,2024-08-21,875.28,completed,Sports,West,11,5
6395,2024-08-21,196.76,failed,Electronics,South,47,1
6396,2024-08-21,450.83,completed,Electronics,East,41,4
6397,2024-08-21,952.81,completed,Sports,South,26,3
6398,2024-08-21,822.85,pending,Sports,South,47,3
6399,2024-08-21,919.19,completed,Books,East,11,3
6400,2024-08-21,3712.38,completed,Electronics,West,47,2
6401,2024-08-21,4992.52,completed,Food,North,19,2
6402,2024-08-21,4845.74,completed,Books,Central,29,2
6403,2024-08-21,868.26,completed,Clothing,East,34,2
6404,2024-08-21,4336.25,completed,Home,Central,35,3
6405,2024-08-21,3958.36,pending,Food,North,30,3
6406,2024-08-21,1813.19,pending,Sports,North,5,2
6407,2024-08-21,3625.87,pending,Electronics,North,41,2
6408,2024-08-21,291.67,failed,Books,Central,27,4
6409,2024-08-21,818.11,completed,Books,Central,22,1
6410,2024-08-21,690.95,completed,Food,North,9,2
6411,2024-08-21,1140.66,completed,Books,North,35,2
6412,2024-08-22,3290.05,pending,Sports,Central,36,1
6413,2024-08-22,2782.28,completed,Electronics,Central,38,2
6414,2024-08-22,2255.56,completed,Sports,Central,40,3
6415,2024-08-22,2415.32,completed,Sports,South,27,5
6416,2024-08-22,4271.7,pending,Books,East,15,1
6417,2024-08-22,772.65,completed,Books,North,20,3
6418,2024-08-22,3469.66,failed,Books,West,49,3
6419,2024-08-22,857.98,completed,Food,East,19,4
6420,2024-08-22,2755.49,completed,Food,East,38,3
6421,2024-08-22,929.29,completed,Books,West,12,4
6422,2024-08-22,2562.9,completed,Electronics,Central,18,5
6423,2024-08-22,223.41,completed,Food,East,25,3
6424,2024-08-22,3309.92,pending,Sports,North,42,5
6425,2024-08-22,2557.19,completed,Clothing,North,22,3
6426,2024-08-22,311.99,completed,Clothing,East,12,3
6427,2024-08-22,245.49,refunded,Books,Central,30,2
6428,2024-08-22,3327.04,completed,Books,North,43,1
6429,2024-08-22,795.38,completed,Clothing,West,41,3
6430,2024-08-22,1443.93,completed,Sports,South,38,2
6431,2024-08-22,4331.13,completed,Home,West,5,1
6432,2024-08-22,3881.29,completed,Food,South,34,3
6433,2024-08-22,3060.46,failed,Sports,East,36,4
6434,2024-08-22,4573.86,completed,Electronics,North,24,4
6435,2024-08-22,2923.58,completed,Home,North,9,1
6436,2024-08-22,606.3,pending,Food,South,40,5
6437,2024-08-22,2498.0,completed,Sports,South,34,4
6438,2024-08-22,569.82,completed,Books,East,39,1
6439,2024-08-23,4308.56,completed,Sports,South,36,5
6440,2024-08-23,4920.99,pending,Home,North,12,1
6441,2024-08-23,2381.5,pending,Home,East,42,2
6442,2024-08-23,4762.6,failed,Food,North,29,2
6443,2024-08-23,4867.89,completed,Books,East,46,1
6444,2024-08-23,1525.15,completed,Home,North,28,3
6445,2024-08-23,2463.78,failed,Books,East,23,5
6446,2024-08-23,1098.67,pending,Books,West,44,1
6447,2024-08-23,4530.49,completed,Books,North,34,1
6448,2024-08-23,3860.05,completed,Sports,Central,44,4
6449,2024-08-23,2237.39,pending,Food,Central,35,2
6450,2024-08-23,4253.59,completed,Electronics,South,10,2
6451,2024-08-23,3251.49,pending,Home,North,7,1
6452,2024-08-23,366.49,pending,Clothing,West,45,5
6453,2024-08-23,2143.55,pending,Books,South,39,5
6454,2024-08-23,1770.21,failed,Food,East,36,3
6455,2024-08-23,1480.2,completed,Food,North,40,1
6456,2024-08-23,3728.97,refunded,Clothing,Central,33,2
6457,2024-08-23,4448.91,completed,Books,East,35,5
6458,2024-08-23,2276.56,completed,Sports,East,46,1
6459,2024-08-23,3015.86,completed,Sports,South,37,2
6460,2024-08-23,228.15,refunded,Sports,West,33,2
6461,2024-08-23,551.08,completed,Electronics,Central,43,4
6462,2024-08-23,2674.26,completed,Clothing,Central,9,5
6463,2024-08-23,2144.09,completed,Clothing,North,18,3
6464,2024-08-23,1490.59,completed,Home,West,18,1
6465,2024-08-23,3344.43,completed,Electronics,East,32,4
6466,2024-08-23,541.02,completed,Clothing,North,18,1
6467,2024-08-24,4178.36,refunded,Home,Central,22,4
6468,2024-08-24,4577.39,pending,Clothing,East,45,1
6469,2024-08-24,2463.58,completed,Clothing,East,31,3
6470,2024-08-24,2976.57,completed,Books,North,27,5
6471,2024-08-24,3204.53,pending,Electronics,North,17,1
6472,2024-08-24,4624.32,pending,Food,Central,9,2
6473,2024-08-24,988.83,completed,Clothing,West,32,4
6474,2024-08-24,1675.71,pending,Sports,North,9,4
6475,2024-08-24,3914.23,pending,Sports,West,5,3
6476,2024-08-24,1342.46,pending,Home,West,24,5
6477,2024-08-24,4434.99,pending,Clothing,North,28,5
6478,2024-08-24,4855.01,completed,Books,South,3,1
6479,2024-08-24,4141.56,completed,Clothing,West,38,1
6480,2024-08-24,4306.97,refunded,Sports,Central,37,2
6481,2024-08-24,4492.48,completed,Home,South,28,1
6482,2024-08-24,2986.62,completed,Books,West,2,5
6483,2024-08-24,2130.04,pending,Clothing,South,17,3
6484,2024-08-24,919.75,completed,Food,Central,44,1
6485,2024-08-24,3706.38,failed,Home,North,18,5
6486,2024-08-24,4036.97,refunded,Sports,West,27,5
6487,2024-08-24,1110.42,completed,Home,South,33,2
6488,2024-08-24,1834.87,completed,Books,East,11,2
6489,2024-08-24,1781.4,pending,Food,West,33,1
6490,2024-08-24,797.21,completed,Clothing,West,20,1
6491,2024-08-24,2392.77,completed,Sports,South,43,4
6492,2024-08-24,4912.65,failed,Clothing,East,3,3
6493,2024-08-24,4239.5,completed,Sports,North,46,3
6494,2024-08-25,430.51,pending,Home,East,46,2
6495,2024-08-25,2017.06,completed,Sports,South,46,5
6496,2024-08-25,4549.67,completed,Sports,East,12,2
6497,2024-08-25,549.2,completed,Home,Central,4,4
6498,2024-08-25,51.8,completed,Food,South,32,1
6499,2024-08-25,3347.57,pending,Electronics,South,22,2
6500,2024-08-25,3667.82,completed,Food,West,39,2
6501,2024-08-25,3314.49,completed,Electronics,Central,21,2
6502,2024-08-25,3790.95,completed,Home,East,30,5
6503,2024-08-25,2573.51,completed,Electronics,Central,19,3
6504,2024-08-25,1370.13,completed,Clothing,West,46,3
6505,2024-08-25,1466.01,completed,Food,West,40,2
6506,2024-08-25,1415.97,pending,Books,South,42,2
6507,2024-08-25,1991.08,pending,Electronics,North,33,2
6508,2024-08-25,1129.64,pending,Books,West,20,3
6509,2024-08-25,1655.86,completed,Books,Central,37,1
6510,2024-08-25,1694.86,pending,Sports,East,43,4
6511,2024-08-25,3522.11,failed,Electronics,North,38,3
6512,2024-08-25,1253.1,completed,Books,East,24,4
6513,2024-08-25,4639.78,completed,Food,North,34,2
6514,2024-08-25,4869.9,completed,Food,Central,49,5
6515,2024-08-25,4298.69,completed,Electronics,South,23,4
6516,2024-08-25,2627.08,completed,Sports,Central,47,1
6517,2024-08-25,2502.34,completed,Sports,South,38,2
6518,2024-08-25,1588.38,refunded,Clothing,Central,7,3
6519,2024-08-25,2848.02,completed,Books,South,6,1
6520,2024-08-25,1524.24,completed,Home,North,25,4
6521,2024-08-26,2619.67,pending,Home,South,14,2
6522,2024-08-26,3136.96,completed,Home,North,4,3
6523,2024-08-26,4400.46,completed,Electronics,South,4,3
6524,2024-08-26,4164.36,completed,Clothing,East,29,4
6525,2024-08-26,4076.61,completed,Books,South,30,2
6526,2024-08-26,4731.46,completed,Sports,North,26,3
6527,2024-08-26,3349.06,pending,Home,South,36,2
6528,2024-08-26,3533.31,pending,Home,West,42,2
6529,2024-08-26,3222.02,failed,Clothing,North,22,4
6530,2024-08-26,2777.04,completed,Books,Central,37,3
6531,2024-08-26,579.86,completed,Books,West,19,4
6532,2024-08-26,1812.55,completed,Electronics,East,46,1
6533,2024-08-26,589.43,completed,Electronics,East,11,3
6534,2024-08-26,3045.18,completed,Home,North,3,2
6535,2024-08-26,1110.07,refunded,Clothing,South,8,4
6536,2024-08-26,3619.11,completed,Electronics,West,27,4
6537,2024-08-26,1441.43,failed,Food,North,31,3
6538,2024-08-26,908.1,completed,Food,East,36,3
6539,2024-08-26,1426.86,failed,Sports,North,12,2
6540,2024-08-26,2829.78,failed,Electronics,East,12,3
6541,2024-08-26,2382.83,completed,Books,South,16,5
6542,2024-08-26,4897.03,completed,Books,Central,9,5
6543,2024-08-26,90.14,pending,Books,West,16,3
6544,2024-08-26,4819.75,completed,Home,South,15,2
6545,2024-08-26,825.87,completed,Sports,Central,8,2
6546,2024-08-26,993.94,failed,Books,Central,3,3
6547,2024-08-26,21.89,completed,Clothing,Central,6,4
6548,2024-08-26,2393.14,pending,Food,West,35,2
6549,2024-08-27,3355.36,pending,Electronics,West,3,4
6550,2024-08-27,863.46,completed,Clothing,South,13,3
6551,2024-08-27,1350.53,pending,Home,East,28,2
6552,2024-08-27,4022.99,completed,Food,West,1,5
6553,2024-08-27,4906.2,completed,Clothing,Central,28,4
6554,2024-08-27,764.37,completed,Books,North,34,2
6555,2024-08-27,194.94,completed,Home,North,36,4
6556,2024-08-27,4155.59,pending,Food,North,30,4
6557,2024-08-27,340.86,failed,Food,East,25,1
6558,2024-08-27,444.57,completed,Food,South,10,2
6559,2024-08-27,3142.23,pending,Sports,South,39,2
6560,2024-08-27,3126.31,completed,Food,North,43,3
6561,2024-08-27,4737.81,completed,Clothing,Central,13,1
6562,2024-08-27,2956.05,completed,Sports,East,9,1
6563,2024-08-27,3221.16,completed,Clothing,South,14,2
6564,2024-08-27,145.65,pending,Food,East,46,2
6565,2024-08-27,1548.98,completed,Electronics,East,44,3
6566,2024-08-27,2944.44,completed,Clothing,East,1,2
6567,2024-08-27,2465.91,completed,Sports,East,25,3
6568,2024-08-27,714.0,completed,Electronics,East,24,3
6569,2024-08-27,840.33,completed,Clothing,East,44,1
6570,2024-08-27,2093.42,refunded,Clothing,North,39,3
6571,2024-08-27,2801.17,completed,Sports,North,41,4
6572,2024-08-27,686.96,failed,Food,South,36,4
6573,2024-08-27,1041.7,completed,Electronics,Central,14,1
6574,2024-08-27,4814.96,completed,Books,North,41,2
6575,2024-08-27,753.46,completed,Sports,North,26,1
6576,2024-08-28,2811.63,completed,Home,West,36,4
6577,2024-08-28,83.77,completed,Electronics,East,34,1
6578,2024-08-28,21.55,failed,Food,Central,36,4
6579,2024-08-28,3103.16,failed,Clothing,North,35,5
6580,2024-08-28,4012.67,refunded,Electronics,North,26,1
6581,2024-08-28,834.97,completed,Books,North,22,5
6582,2024-08-28,1638.76,completed,Food,South,38,4
6583,2024-08-28,3382.12,completed,Books,Central,8,2
6584,2024-08-28,565.31,completed,Clothing,East,35,3
6585,2024-08-28,579.41,pending,Electronics,South,3,1
6586,2024-08-28,4131.48,failed,Electronics,Central,13,4
6587,2024-08-28,4398.97,completed,Sports,North,37,3
6588,2024-08-28,1018.69,failed,Sports,North,28,2
6589,2024-08-28,3361.35,failed,Sports,West,25,1
6590,2024-08-28,3181.07,pending,Clothing,South,7,4
6591,2024-08-28,4205.76,completed,Clothing,Central,36,3
6592,2024-08-28,2198.01,pending,Food,West,26,3
6593,2024-08-28,2625.91,completed,Electronics,South,5,1
6594,2024-08-28,1339.27,refunded,Sports,East,11,2
6595,2024-08-28,3907.03,completed,Electronics,Central,9,4
6596,2024-08-28,4892.27,pending,Books,East,42,3
6597,2024-08-28,1650.95,completed,Home,East,14,4
6598,2024-08-28,517.03,refunded,Sports,North,44,1
6599,2024-08-28,2233.92,pending,Clothing,East,11,3
6600,2024-08-28,43.67,completed,Books,South,13,4
6601,2024-08-28,3566.84,completed,Food,North,39,2
6602,2024-08-28,3094.38,pending,Sports,West,43,4
6603,2024-08-28,1362.3,completed,Books,South,40,5
6604,2024-08-29,3839.18,completed,Electronics,West,32,2
6605,2024-08-29,3723.33,completed,Books,East,47,4
6606,2024-08-29,2400.77,refunded,Food,West,19,1
6607,2024-08-29,2468.63,completed,Sports,Central,17,3
6608,2024-08-29,3138.79,pending,Home,West,33,1
6609,2024-08-29,4692.88,failed,Clothing,East,33,4
6610,2024-08-29,449.12,completed,Food,Central,12,2
6611,2024-08-29,4199.96,pending,Books,East,47,5
6612,2024-08-29,1558.41,failed,Food,East,28,2
6613,2024-08-29,2795.06,completed,Electronics,East,31,1
6614,2024-08-29,2127.75,completed,Home,West,42,5
6615,2024-08-29,11.3,completed,Food,South,34,3
6616,2024-08-29,1809.98,completed,Food,South,11,2
6617,2024-08-29,4723.43,pending,Food,West,49,3
6618,2024-08-29,1188.71,pending,Books,East,49,5
6619,2024-08-29,3664.75,completed,Food,Central,33,3
6620,2024-08-29,121.96,failed,Books,North,38,2
6621,2024-08-29,1179.51,completed,Books,South,32,3
6622,2024-08-29,2499.08,pending,Electronics,East,37,3
6623,2024-08-29,2442.62,completed,Sports,East,28,5
6624,2024-08-29,4999.99,completed,Food,Central,12,4
6625,2024-08-29,3370.05,refunded,Home,South,12,2
6626,2024-08-29,2893.15,completed,Sports,East,44,4
6627,2024-08-29,3566.62,completed,Books,North,20,3
6628,2024-08-29,4917.64,refunded,Clothing,Central,18,1
6629,2024-08-29,2093.82,completed,Books,East,45,4
6630,2024-08-29,3621.79,refunded,Food,East,23,1
6631,2024-08-30,2580.54,pending,Electronics,South,28,3
6632,2024-08-30,3212.27,completed,Sports,South,12,2
6633,2024-08-30,1218.15,pending,Electronics,East,39,2
6634,2024-08-30,4049.35,completed,Home,North,28,4
6635,2024-08-30,2349.23,completed,Home,East,39,4
6636,2024-08-30,2505.54,pending,Home,Central,30,3
6637,2024-08-30,4237.61,completed,Electronics,East,5,4
6638,2024-08-30,814.01,completed,Books,Central,19,4
6639,2024-08-30,3132.8,completed,Clothing,North,29,2
6640,2024-08-30,343.0,pending,Sports,Central,39,5
6641,2024-08-30,685.12,completed,Food,Central,35,3
6642,2024-08-30,578.72,failed,Clothing,North,4,3
6643,2024-08-30,3581.08,completed,Food,Central,49,4
6644,2024-08-30,1744.6,completed,Clothing,Central,3,1
6645,2024-08-30,4967.96,completed,Clothing,West,9,4
6646,2024-08-30,303.86,completed,Home,East,16,4
6647,2024-08-30,46.06,completed,Home,North,6,3
6648,2024-08-30,4080.29,completed,Home,South,19,1
6649,2024-08-30,2581.88,failed,Electronics,Central,48,1
6650,2024-08-30,3692.1,completed,Clothing,West,8,2
6651,2024-08-30,4074.37,completed,Electronics,South,32,2
6652,2024-08-30,3835.6,failed,Home,South,48,2
6653,2024-08-30,3726.06,completed,Food,East,11,4
6654,2024-08-30,1722.76,completed,Books,South,19,5
6655,2024-08-30,3085.46,pending,Electronics,South,29,2
6656,2024-08-30,2485.58,completed,Sports,West,3,5
6657,2024-08-30,4876.16,pending,Clothing,North,48,2
6658,2024-08-31,759.27,completed,Books,South,26,2
6659,2024-08-31,1244.96,pending,Electronics,North,11,4
6660,2024-08-31,2219.22,completed,Food,North,25,3
6661,2024-08-31,908.93,failed,Electronics,North,3,2
6662,2024-08-31,3402.19,failed,Food,South,19,2
6663,2024-08-31,240.33,completed,Home,North,37,3
6664,2024-08-31,2904.86,completed,Home,East,2,3
6665,2024-08-31,3115.98,completed,Books,South,29,3
6666,2024-08-31,1243.54,completed,Electronics,Central,7,1
6667,2024-08-31,945.87,pending,Food,North,47,3
6668,2024-08-31,1799.66,completed,Clothing,North,11,1
6669,2024-08-31,759.68,completed,Home,North,26,1
6670,2024-08-31,1641.96,completed,Books,South,24,2
6671,2024-08-31,4924.93,completed,Food,North,29,5
6672,2024-08-31,2681.61,completed,Electronics,Central,22,5
6673,2024-08-31,1012.02,completed,Food,West,32,4
6674,2024-08-31,229.02,completed,Books,West,40,1
6675,2024-08-31,2092.53,completed,Electronics,South,30,2
6676,2024-08-31,4191.67,pending,Clothing,West,16,4
6677,2024-08-31,978.99,completed,Sports,East,42,5
6678,2024-08-31,1296.76,completed,Electronics,North,7,1
6679,2024-08-31,2306.88,completed,Books,West,47,2
6680,2024-08-31,137.13,failed,Books,North,34,3
6681,2024-08-31,3213.53,completed,Home,South,33,1
6682,2024-08-31,3029.74,completed,Sports,Central,31,1
6683,2024-08-31,2327.19,completed,Books,West,20,3
6684,2024-08-31,796.86,refunded,Home,South,3,3
6685,2024-08-31,1981.45,completed,Electronics,North,9,4
6686,2024-09-01,4701.76,completed,Clothing,North,6,3
6687,2024-09-01,464.88,completed,Electronics,West,32,3
6688,2024-09-01,2687.99,completed,Sports,Central,2,5
6689,2024-09-01,3066.77,completed,Sports,East,6,5
6690,2024-09-01,2203.54,completed,Books,North,35,2
6691,2024-09-01,2453.99,completed,Sports,Central,20,4
6692,2024-09-01,4103.73,completed,Sports,Central,43,5
6693,2024-09-01,2057.67,completed,Sports,West,29,4
6694,2024-09-01,269.65,completed,Books,South,1,5
6695,2024-09-01,3905.88,completed,Clothing,North,35,5
6696,2024-09-01,270.27,completed,Home,Central,1,2
6697,2024-09-01,2499.39,completed,Electronics,West,37,2
6698,2024-09-01,3025.24,completed,Books,Central,28,3
6699,2024-09-01,102.27,completed,Electronics,Central,36,5
6700,2024-09-01,698.77,failed,Electronics,West,29,4
6701,2024-09-01,1254.24,completed,Food,West,46,5
6702,2024-09-01,4991.86,completed,Food,North,49,3
6703,2024-09-01,784.83,completed,Clothing,West,28,4
6704,2024-09-01,4477.61,completed,Books,South,27,3
6705,2024-09-01,4508.04,completed,Home,North,19,1
6706,2024-09-01,4467.12,completed,Books,Central,5,5
6707,2024-09-01,2139.37,completed,Home,East,4,1
6708,2024-09-01,1486.65,completed,Clothing,South,45,5
6709,2024-09-01,2947.01,pending,Clothing,Central,49,3
6710,2024-09-01,4231.75,completed,Home,South,36,2
6711,2024-09-01,4517.87,refunded,Sports,West,49,4
6712,2024-09-01,2648.75,completed,Home,South,3,5
6713,2024-09-02,3604.75,completed,Sports,North,39,5
6714,2024-09-02,4417.93,completed,Sports,East,3,3
6715,2024-09-02,3203.61,completed,Books,Central,1,2
6716,2024-09-02,2524.25,completed,Home,South,8,1
6717,2024-09-02,1103.19,failed,Sports,South,48,3
6718,2024-09-02,3957.57,completed,Home,West,13,3
6719,2024-09-02,4934.4,completed,Electronics,East,42,2
6720,2024-09-02,4768.65,pending,Home,North,6,3
6721,2024-09-02,1010.16,completed,Food,North,42,1
6722,2024-09-02,3982.78,completed,Clothing,East,49,1
6723,2024-09-02,968.47,pending,Home,East,30,5
6724,2024-09-02,4359.92,completed,Electronics,East,22,4
6725,2024-09-02,3924.69,completed,Food,West,43,4
6726,2024-09-02,4461.49,failed,Home,South,2,2
6727,2024-09-02,13.45,completed,Food,South,42,2
6728,2024-09-02,1510.39,completed,Home,East,10,2
6729,2024-09-02,4478.85,failed,Home,West,37,1
6730,2024-09-02,1316.6,pending,Home,South,13,2
6731,2024-09-02,1521.46,refunded,Electronics,West,17,4
6732,2024-09-02,1200.39,completed,Clothing,East,3,5
6733,2024-09-02,1669.28,pending,Clothing,North,11,4
6734,2024-09-02,3460.05,pending,Food,Central,42,5
6735,2024-09-02,4031.58,pending,Clothing,North,3,3
6736,2024-09-02,3335.37,completed,Electronics,East,31,3
6737,2024-09-02,3894.65,completed,Sports,South,10,2
6738,2024-09-02,881.32,completed,Clothing,North,7,2
6739,2024-09-02,3408.36,completed,Clothing,South,38,2
6740,2024-09-02,2008.1,pending,Electronics,East,14,1
6741,2024-09-03,1269.42,pending,Books,North,40,5
6742,2024-09-03,3810.86,completed,Home,South,20,5
6743,2024-09-03,2081.42,completed,Electronics,West,6,3
6744,2024-09-03,3322.87,completed,Electronics,South,8,2
6745,2024-09-03,1743.1,completed,Clothing,West,7,2
6746,2024-09-03,3643.79,completed,Clothing,North,31,2
6747,2024-09-03,2799.5,completed,Food,North,2,3
6748,2024-09-03,1962.8,completed,Sports,East,12,3
6749,2024-09-03,421.35,completed,Clothing,West,32,2
6750,2024-09-03,3432.54,completed,Clothing,North,26,2
6751,2024-09-03,2678.81,completed,Clothing,East,31,2
6752,2024-09-03,3308.57,completed,Home,Central,5,4
6753,2024-09-03,4610.7,completed,Sports,South,7,2
6754,2024-09-03,1226.85,completed,Food,West,11,5
6755,2024-09-03,3928.63,pending,Electronics,West,40,4
6756,2024-09-03,2941.83,pending,Electronics,North,43,3
6757,2024-09-03,3112.6,completed,Sports,North,15,3
6758,2024-09-03,2217.65,completed,Sports,West,49,4
6759,2024-09-03,3325.81,completed,Sports,North,39,2
6760,2024-09-03,1978.36,pending,Home,South,36,3
6761,2024-09-03,2754.74,completed,Home,West,24,1
6762,2024-09-03,1155.44,completed,Books,North,10,2
6763,2024-09-03,1703.85,pending,Electronics,West,31,1
6764,2024-09-03,2739.1,failed,Sports,South,22,2
6765,2024-09-03,1945.52,failed,Electronics,Central,43,3
6766,2024-09-03,2771.52,refunded,Books,South,14,5
6767,2024-09-03,477.74,pending,Clothing,Central,25,5
6768,2024-09-04,2523.06,completed,Electronics,East,18,1
6769,2024-09-04,2416.25,failed,Home,East,7,1
6770,2024-09-04,2237.23,completed,Electronics,West,14,3
6771,2024-09-04,2885.09,completed,Books,North,13,1
6772,2024-09-04,3761.62,completed,Electronics,South,29,2
6773,2024-09-04,4966.86,completed,Home,East,41,5
6774,2024-09-04,1861.26,completed,Sports,East,26,4
6775,2024-09-04,4756.23,refunded,Clothing,Central,23,5
6776,2024-09-04,4823.81,completed,Clothing,South,31,5
6777,2024-09-04,141.1,failed,Electronics,North,16,1
6778,2024-09-04,4158.81,completed,Clothing,Central,10,1
6779,2024-09-04,1743.0,completed,Food,West,11,1
6780,2024-09-04,2178.94,completed,Electronics,West,22,4
6781,2024-09-04,1235.56,completed,Food,West,41,3
6782,2024-09-04,4843.1,completed,Home,North,48,4
6783,2024-09-04,2276.31,completed,Books,North,41,3
6784,2024-09-04,4240.67,completed,Sports,South,6,4
6785,2024-09-04,1198.44,completed,Clothing,Central,42,4
6786,2024-09-04,1788.1,completed,Home,South,34,3
6787,2024-09-04,2636.89,completed,Home,East,18,2
6788,2024-09-04,4184.85,pending,Food,West,47,3
6789,2024-09-04,3470.98,completed,Electronics,South,34,4
6790,2024-09-04,3466.16,pending,Home,Central,10,4
6791,2024-09-04,907.52,pending,Electronics,North,3,3
6792,2024-09-04,1579.79,completed,Home,South,15,1
6793,2024-09-04,2012.47,completed,Books,North,43,4
6794,2024-09-04,3498.08,completed,Books,Central,37,4
6795,2024-09-05,3896.65,completed,Electronics,Central,39,3
6796,2024-09-05,2539.93,completed,Sports,West,16,2
6797,2024-09-05,2902.91,pending,Books,South,13,5
6798,2024-09-05,194.57,completed,Books,West,40,4
6799,2024-09-05,4121.16,completed,Clothing,South,15,1
6800,2024-09-05,4766.98,completed,Clothing,Central,34,1
6801,2024-09-05,3436.69,completed,Home,North,9,5
6802,2024-09-05,1584.55,completed,Sports,South,6,1
6803,2024-09-05,2260.37,completed,Home,West,12,3
6804,2024-09-05,4278.21,completed,Food,East,40,5
6805,2024-09-05,1489.73,pending,Home,South,15,2
6806,2024-09-05,2446.65,refunded,Sports,East,19,4
6807,2024-09-05,1000.8,completed,Sports,North,29,2
6808,2024-09-05,1056.45,completed,Sports,North,20,5
6809,2024-09-05,38.91,pending,Home,North,33,3
6810,2024-09-05,1707.64,completed,Food,North,9,1
6811,2024-09-05,3918.62,refunded,Sports,South,10,2
6812,2024-09-05,3440.26,completed,Home,Central,23,2
6813,2024-09-05,3505.41,completed,Home,North,18,4
6814,2024-09-05,230.22,completed,Sports,South,7,1
6815,2024-09-05,2082.17,completed,Food,West,48,1
6816,2024-09-05,2501.0,completed,Sports,South,23,2
6817,2024-09-05,213.22,completed,Sports,North,2,3
6818,2024-09-05,3291.07,refunded,Food,South,13,3
6819,2024-09-05,1647.29,completed,Home,East,7,5
6820,2024-09-05,2593.23,completed,Sports,South,5,2
6821,2024-09-05,335.84,completed,Clothing,North,9,1
6822,2024-09-05,3247.13,completed,Books,South,30,2
6823,2024-09-06,2756.64,completed,Home,South,41,5
6824,2024-09-06,4180.75,completed,Books,East,26,1
6825,2024-09-06,1310.52,completed,Food,East,34,1
6826,2024-09-06,1431.52,failed,Electronics,South,26,1
6827,2024-09-06,4477.54,completed,Clothing,South,9,4
6828,2024-09-06,684.22,completed,Sports,Central,12,2
6829,2024-09-06,865.83,failed,Home,East,45,2
6830,2024-09-06,294.41,completed,Electronics,North,26,2
6831,2024-09-06,643.56,completed,Sports,East,48,3
6832,2024-09-06,2851.86,pending,Clothing,Central,11,5
6833,2024-09-06,2074.15,failed,Books,Central,4,5
6834,2024-09-06,2480.61,completed,Clothing,North,26,3
6835,2024-09-06,1148.02,pending,Food,Central,42,1
6836,2024-09-06,225.13,completed,Food,West,21,1
6837,2024-09-06,1087.16,completed,Home,East,26,2
6838,2024-09-06,1831.13,completed,Home,West,27,2
6839,2024-09-06,3792.7,completed,Electronics,East,38,5
6840,2024-09-06,598.34,completed,Books,South,2,5
6841,2024-09-06,179.96,pending,Books,North,33,1
6842,2024-09-06,4646.06,completed,Electronics,South,13,4
6843,2024-09-06,1270.03,completed,Food,Central,27,1
6844,2024-09-06,3502.64,completed,Food,South,39,2
6845,2024-09-06,2256.82,failed,Sports,West,24,2
6846,2024-09-06,1967.82,completed,Food,West,12,3
6847,2024-09-06,2457.78,refunded,Home,East,22,1
6848,2024-09-06,428.8,completed,Home,South,41,4
6849,2024-09-06,4788.86,completed,Electronics,Central,39,3
6850,2024-09-07,2110.9,pending,Sports,North,25,2
6851,2024-09-07,2189.05,completed,Electronics,South,47,5
6852,2024-09-07,163.17,completed,Clothing,East,10,5
6853,2024-09-07,4623.71,pending,Clothing,South,37,4
6854,2024-09-07,3530.49,completed,Books,Central,35,5
6855,2024-09-07,125.1,failed,Food,West,41,1
6856,2024-09-07,3004.24,completed,Clothing,West,34,4
6857,2024-09-07,3023.53,pending,Clothing,Central,29,4
6858,2024-09-07,2515.81,completed,Books,Central,20,5
6859,2024-09-07,1980.02,completed,Home,South,4,3
6860,2024-09-07,1494.06,pending,Home,West,6,5
6861,2024-09-07,3399.63,pending,Clothing,North,6,5
6862,2024-09-07,3558.51,completed,Sports,South,25,5
6863,2024-09-07,108.98,pending,Sports,North,44,5
6864,2024-09-07,3996.85,completed,Sports,South,49,4
6865,2024-09-07,2962.12,pending,Sports,West,30,4
6866,2024-09-07,3746.38,completed,Food,East,30,3
6867,2024-09-07,1912.54,completed,Sports,North,2,2
6868,2024-09-07,2509.95,completed,Food,East,42,4
6869,2024-09-07,1225.99,completed,Sports,Central,45,1
6870,2024-09-07,3792.15,failed,Sports,South,11,4
6871,2024-09-07,1641.13,pending,Home,Central,32,1
6872,2024-09-07,1688.52,completed,Sports,East,7,2
6873,2024-09-07,3281.83,completed,Home,East,14,2
6874,2024-09-07,3048.36,completed,Home,East,18,3
6875,2024-09-07,2171.47,pending,Clothing,West,18,1
6876,2024-09-07,3682.21,completed,Sports,West,33,5
6877,2024-09-07,4284.44,completed,Electronics,West,33,4
6878,2024-09-08,1729.68,completed,Electronics,South,2,4
6879,2024-09-08,1373.99,completed,Books,East,40,3
6880,2024-09-08,1902.66,refunded,Books,South,21,4
6881,2024-09-08,1754.19,completed,Sports,North,11,2
6882,2024-09-08,3801.93,completed,Electronics,East,5,2
6883,2024-09-08,2328.71,completed,Clothing,Central,37,2
6884,2024-09-08,559.58,completed,Home,West,10,1
6885,2024-09-08,620.03,pending,Electronics,East,21,3
6886,2024-09-08,749.4,pending,Food,Central,24,5
6887,2024-09-08,1491.17,completed,Electronics,West,47,2
6888,2024-09-08,3081.35,completed,Home,East,17,3
6889,2024-09-08,1834.78,completed,Sports,West,4,1
6890,2024-09-08,2065.84,completed,Books,Central,13,2
6891,2024-09-08,3021.0,pending,Sports,Central,40,3
6892,2024-09-08,3407.56,completed,Electronics,North,36,2
6893,2024-09-08,2658.76,completed,Clothing,Central,46,3
6894,2024-09-08,4438.39,completed,Food,West,45,2
6895,2024-09-08,1584.61,completed,Sports,East,9,3
6896,2024-09-08,1884.17,completed,Electronics,Central,43,2
6897,2024-09-08,2711.78,completed,Electronics,South,2,4
6898,2024-09-08,1089.32,completed,Food,Central,26,4
6899,2024-09-08,2902.19,pending,Home,East,28,3
6900,2024-09-08,1076.79,completed,Clothing,South,18,2
6901,2024-09-08,933.29,completed,Sports,East,49,4
6902,2024-09-08,203.98,completed,Clothing,North,34,4
6903,2024-09-08,1328.13,completed,Food,Central,19,4
6904,2024-09-08,4682.91,completed,Home,South,38,3
6905,2024-09-09,763.17,refunded,Clothing,East,15,1
6906,2024-09-09,2097.16,refunded,Electronics,East,12,5
6907,2024-09-09,2225.26,refunded,Electronics,North,5,5
6908,2024-09-09,1462.13,completed,Clothing,South,34,1
6909,2024-09-09,3954.78,pending,Clothing,North,41,3
6910,2024-09-09,1893.67,completed,Sports,South,25,3
6911,2024-09-09,2307.25,completed,Electronics,North,47,4
6912,2024-09-09,3765.28,completed,Sports,West,6,1
6913,2024-09-09,4704.82,completed,Home,Central,45,1
6914,2024-09-09,2248.87,completed,Electronics,South,12,5
6915,2024-09-09,2898.57,completed,Books,South,20,4
6916,2024-09-09,1761.6,completed,Home,South,5,1
6917,2024-09-09,910.6,completed,Sports,Central,4,4
6918,2024-09-09,498.65,completed,Home,East,49,1
6919,2024-09-09,3822.49,failed,Books,East,43,1
6920,2024-09-09,4224.41,failed,Clothing,North,17,3
6921,2024-09-09,4166.02,completed,Food,Central,26,4
6922,2024-09-09,4070.35,pending,Electronics,South,27,2
6923,2024-09-09,1458.95,completed,Clothing,North,9,3
6924,2024-09-09,4641.65,pending,Electronics,South,44,2
6925,2024-09-09,2748.52,completed,Electronics,North,21,2
6926,2024-09-09,3199.17,completed,Electronics,Central,27,1
6927,2024-09-09,3583.14,completed,Clothing,North,42,5
6928,2024-09-09,166.29,pending,Home,West,43,3
6929,2024-09-09,1335.05,completed,Clothing,West,15,1
6930,2024-09-09,1352.83,completed,Electronics,North,45,4
6931,2024-09-09,2929.44,completed,Home,North,3,2
6932,2024-09-10,2881.61,completed,Books,West,6,3
6933,2024-09-10,3870.65,completed,Electronics,North,31,1
6934,2024-09-10,3178.28,failed,Home,South,8,5
6935,2024-09-10,3404.52,completed,Food,South,5,5
6936,2024-09-10,33.48,completed,Books,West,12,5
6937,2024-09-10,1645.53,refunded,Electronics,South,32,2
6938,2024-09-10,476.8,completed,Books,North,43,5
6939,2024-09-10,4792.14,completed,Sports,South,21,2
6940,2024-09-10,747.36,pending,Clothing,Central,36,4
6941,2024-09-10,444.3,completed,Books,North,47,1
6942,2024-09-10,4262.45,completed,Electronics,North,4,5
6943,2024-09-10,399.57,completed,Clothing,East,49,5
6944,2024-09-10,4561.26,completed,Home,South,14,5
6945,2024-09-10,4203.81,pending,Electronics,East,44,1
6946,2024-09-10,528.53,failed,Sports,North,31,5
6947,2024-09-10,1430.14,completed,Food,East,35,2
6948,2024-09-10,2476.25,pending,Books,South,3,2
6949,2024-09-10,569.13,completed,Electronics,East,4,5
6950,2024-09-10,310.37,refunded,Food,Central,1,2
6951,2024-09-10,3566.92,completed,Electronics,East,47,5
6952,2024-09-10,3224.0,pending,Food,North,26,5
6953,2024-09-10,1701.48,completed,Electronics,East,46,1
6954,2024-09-10,1595.12,failed,Home,North,38,3
6955,2024-09-10,1518.01,completed,Sports,South,31,2
6956,2024-09-10,1067.78,failed,Books,Central,10,1
6957,2024-09-10,3622.96,completed,Food,North,11,1
6958,2024-09-10,401.82,failed,Electronics,Central,41,3
6959,2024-09-10,391.27,completed,Clothing,Central,35,2
6960,2024-09-11,2424.12,pending,Food,Central,6,3
6961,2024-09-11,1843.46,completed,Clothing,North,7,2
6962,2024-09-11,3095.48,completed,Food,South,20,3
6963,2024-09-11,1383.3,completed,Sports,West,34,2
6964,2024-09-11,3733.44,failed,Clothing,North,44,1
6965,2024-09-11,3232.22,completed,Sports,East,29,2
6966,2024-09-11,4776.63,completed,Clothing,Central,6,4
6967,2024-09-11,4127.43,completed,Home,North,15,4
6968,2024-09-11,134.25,completed,Books,West,13,4
6969,2024-09-11,79.67,completed,Electronics,East,39,1
6970,2024-09-11,584.54,completed,Clothing,West,42,1
6971,2024-09-11,685.93,completed,Sports,South,8,2
6972,2024-09-11,2533.89,completed,Electronics,South,42,2
6973,2024-09-11,1043.09,completed,Home,North,36,5
6974,2024-09-11,3379.98,completed,Electronics,North,34,4
6975,2024-09-11,4484.26,completed,Clothing,West,39,3
6976,2024-09-11,1860.3,completed,Food,East,11,2
6977,2024-09-11,593.59,completed,Food,Central,22,1
6978,2024-09-11,846.42,completed,Clothing,North,47,5
6979,2024-09-11,4543.62,completed,Electronics,North,21,3
6980,2024-09-11,3643.1,completed,Books,East,28,3
6981,2024-09-11,2293.57,failed,Clothing,Central,9,5
6982,2024-09-11,3207.68,completed,Electronics,North,4,1
6983,2024-09-11,2964.36,completed,Clothing,Central,39,1
6984,2024-09-11,1557.57,completed,Clothing,South,49,2
6985,2024-09-11,569.54,completed,Books,Central,37,3
6986,2024-09-11,1400.3,completed,Food,East,34,5
6987,2024-09-12,3022.66,refunded,Food,South,43,1
6988,2024-09-12,2662.72,completed,Electronics,Central,41,4
6989,2024-09-12,2810.33,pending,Electronics,North,9,3
6990,2024-09-12,689.75,refunded,Sports,West,43,4
6991,2024-09-12,1389.83,failed,Food,South,40,1
6992,2024-09-12,2004.74,completed,Sports,South,49,4
6993,2024-09-12,397.72,completed,Sports,Central,9,3
6994,2024-09-12,4826.45,pending,Electronics,North,36,2
6995,2024-09-12,632.53,completed,Food,South,3,5
6996,2024-09-12,698.17,failed,Clothing,Central,14,4
6997,2024-09-12,3223.06,completed,Sports,Central,11,3
6998,2024-09-12,2825.16,completed,Electronics,East,18,1
6999,2024-09-12,2640.29,completed,Food,North,27,1
7000,2024-09-12,2440.65,completed,Food,North,26,5
7001,2024-09-12,4040.5,completed,Clothing,North,37,5
7002,2024-09-12,198.91,completed,Home,South,24,4
7003,2024-09-12,3362.24,pending,Food,East,30,4
7004,2024-09-12,3041.01,failed,Food,Central,6,1
7005,2024-09-12,1972.9,refunded,Clothing,Central,47,2
7006,2024-09-12,672.2,completed,Food,South,10,5
7007,2024-09-12,751.97,completed,Clothing,Central,41,2
7008,2024-09-12,2492.32,completed,Food,North,9,2
7009,2024-09-12,3034.49,completed,Books,West,37,4
7010,2024-09-12,3594.75,completed,Books,West,38,1
7011,2024-09-12,1510.55,pending,Home,West,32,4
7012,2024-09-12,4577.23,completed,Clothing,South,20,3
7013,2024-09-12,2826.58,completed,Sports,Central,2,3
7014,2024-09-13,3772.24,completed,Food,East,4,1
7015,2024-09-13,4269.3,completed,Food,East,24,1
7016,2024-09-13,2888.92,completed,Clothing,South,6,3
7017,2024-09-13,4591.23,completed,Home,Central,6,3
7018,2024-09-13,543.94,refunded,Electronics,South,28,2
7019,2024-09-13,2936.05,completed,Clothing,South,34,2
7020,2024-09-13,4943.38,pending,Electronics,East,29,2
7021,2024-09-13,1155.04,completed,Home,East,15,2
7022,2024-09-13,806.53,completed,Food,West,26,3
7023,2024-09-13,2790.35,completed,Home,Central,29,4
7024,2024-09-13,1238.12,completed,Food,South,10,5
7025,2024-09-13,267.28,completed,Food,East,24,1
7026,2024-09-13,1896.0,completed,Books,Central,30,2
7027,2024-09-13,1451.52,completed,Sports,West,4,5
7028,2024-09-13,1627.11,completed,Books,Central,22,5
7029,2024-09-13,3866.35,completed,Sports,East,34,5
7030,2024-09-13,3966.03,failed,Books,East,11,1
7031,2024-09-13,1115.84,completed,Sports,Central,21,2
7032,2024-09-13,546.87,pending,Sports,West,6,2
7033,2024-09-13,1672.95,completed,Clothing,South,4,2
7034,2024-09-13,3717.68,completed,Food,North,8,5
7035,2024-09-13,3370.38,completed,Clothing,East,4,1
7036,2024-09-13,1897.31,pending,Home,North,16,5
7037,2024-09-13,2389.18,completed,Food,West,29,4
7038,2024-09-13,2453.81,pending,Sports,North,35,2
7039,2024-09-13,3775.4,completed,Books,North,44,1
7040,2024-09-13,4320.17,completed,Clothing,Central,42,3
7041,2024-09-13,4322.16,completed,Clothing,West,28,3
7042,2024-09-14,3287.94,completed,Books,North,17,3
7043,2024-09-14,2237.17,completed,Sports,South,22,5
7044,2024-09-14,2189.75,completed,Sports,East,19,5
7045,2024-09-14,3475.42,completed,Clothing,West,11,5
7046,2024-09-14,560.95,completed,Clothing,East,29,1
7047,2024-09-14,798.05,pending,Clothing,Central,43,5
7048,2024-09-14,4246.76,completed,Food,Central,21,4
7049,2024-09-14,4123.35,pending,Electronics,South,39,3
7050,2024-09-14,3366.7,completed,Electronics,North,13,3
7051,2024-09-14,4144.56,completed,Books,West,40,5
7052,2024-09-14,2866.82,failed,Clothing,North,7,5
7053,2024-09-14,2526.68,refunded,Home,South,35,4
7054,2024-09-14,1906.94,pending,Books,East,47,1
7055,2024-09-14,957.41,completed,Sports,South,30,1
7056,2024-09-14,2384.78,completed,Sports,South,32,1
7057,2024-09-14,4514.83,completed,Sports,West,47,4
7058,2024-09-14,1452.62,refunded,Books,South,38,5
7059,2024-09-14,53.86,completed,Food,West,23,3
7060,2024-09-14,3031.8,completed,Electronics,East,28,3
7061,2024-09-14,3578.96,completed,Books,Central,14,5
7062,2024-09-14,3241.01,completed,Books,South,21,5
7063,2024-09-14,791.65,completed,Clothing,East,25,3
7064,2024-09-14,2440.29,completed,Food,East,29,1
7065,2024-09-14,1700.69,completed,Electronics,West,26,4
7066,2024-09-14,4947.06,completed,Food,Central,48,1
7067,2024-09-14,3153.0,completed,Books,Central,13,1
7068,2024-09-14,2932.01,failed,Electronics,Central,37,3
7069,2024-09-15,4930.15,completed,Books,Central,43,1
7070,2024-09-15,2728.95,failed,Food,East,4,3
7071,2024-09-15,188.5,failed,Food,Central,16,4
7072,2024-09-15,1907.51,pending,Electronics,North,24,4
7073,2024-09-15,3902.26,refunded,Books,South,14,3
7074,2024-09-15,4293.69,completed,Food,West,12,4
7075,2024-09-15,1245.25,completed,Home,South,18,2
7076,2024-09-15,1223.3,completed,Electronics,North,26,2
7077,2024-09-15,4037.79,pending,Clothing,North,42,3
7078,2024-09-15,2819.23,completed,Home,East,33,5
7079,2024-09-15,545.44,completed,Books,North,40,2
7080,2024-09-15,732.52,pending,Electronics,South,16,5
7081,2024-09-15,527.28,completed,Home,West,12,5
7082,2024-09-15,1754.59,completed,Sports,South,22,2
7083,2024-09-15,2171.77,failed,Home,Central,34,4
7084,2024-09-15,4659.69,completed,Books,East,21,3
7085,2024-09-15,4879.28,completed,Books,East,17,5
7086,2024-09-15,1924.15,refunded,Sports,Central,30,1
7087,2024-09-15,4472.71,completed,Home,East,48,1
7088,2024-09-15,693.31,completed,Sports,East,17,3
7089,2024-09-15,3149.28,completed,Food,Central,11,5
7090,2024-09-15,786.62,completed,Food,Central,17,4
7091,2024-09-15,3602.37,pending,Clothing,West,8,2
7092,2024-09-15,1509.35,completed,Clothing,North,2,3
7093,2024-09-15,3848.3,completed,Food,South,18,2
7094,2024-09-15,4918.81,completed,Electronics,South,24,2
7095,2024-09-15,2411.71,completed,Clothing,South,25,4
7096,2024-09-15,4369.96,pending,Home,West,15,4
7097,2024-09-16,651.89,completed,Home,North,38,3
7098,2024-09-16,1425.92,completed,Clothing,Central,12,3
7099,2024-09-16,4717.16,refunded,Clothing,South,5,4
7100,2024-09-16,70.14,completed,Home,West,32,2
7101,2024-09-16,2752.81,completed,Books,West,8,1
7102,2024-09-16,311.19,pending,Books,South,3,2
7103,2024-09-16,4498.15,completed,Food,Central,8,4
7104,2024-09-16,690.26,completed,Electronics,North,29,3
7105,2024-09-16,3148.91,failed,Home,North,8,4
7106,2024-09-16,2192.73,refunded,Food,West,27,2
7107,2024-09-16,3348.45,completed,Food,West,15,3
7108,2024-09-16,1314.19,completed,Sports,West,5,1
7109,2024-09-16,2396.12,completed,Sports,West,5,2
7110,2024-09-16,3775.59,pending,Food,Central,5,1
7111,2024-09-16,224.44,pending,Food,West,41,3
7112,2024-09-16,4351.29,completed,Food,North,47,2
7113,2024-09-16,1386.91,completed,Home,East,34,3
7114,2024-09-16,2544.01,failed,Home,Central,16,1
7115,2024-09-16,3064.43,completed,Clothing,North,25,3
7116,2024-09-16,1139.2,failed,Food,South,1,2
7117,2024-09-16,37.39,completed,Books,South,26,4
7118,2024-09-16,2159.28,completed,Electronics,North,27,5
7119,2024-09-16,4580.61,completed,Clothing,West,33,4
7120,2024-09-16,2025.8,completed,Clothing,West,30,3
7121,2024-09-16,3600.64,completed,Clothing,West,20,2
7122,2024-09-16,3638.57,completed,Books,Central,20,4
7123,2024-09-16,4501.98,completed,Electronics,East,11,2
7124,2024-09-17,4081.56,completed,Electronics,North,34,3
7125,2024-09-17,2230.65,completed,Books,Central,44,3
7126,2024-09-17,1750.7,completed,Books,East,21,1
7127,2024-09-17,3884.38,pending,Books,South,6,1
7128,2024-09-17,1255.65,completed,Clothing,Central,27,2
7129,2024-09-17,2937.37,pending,Food,South,17,5
7130,2024-09-17,294.51,completed,Electronics,Central,8,5
7131,2024-09-17,949.25,completed,Clothing,East,15,3
7132,2024-09-17,1611.15,completed,Sports,Central,48,2
7133,2024-09-17,4146.65,completed,Clothing,West,9,2
7134,2024-09-17,185.86,completed,Sports,North,26,2
7135,2024-09-17,1811.92,completed,Clothing,West,23,4
7136,2024-09-17,1779.04,completed,Home,South,15,4
7137,2024-09-17,4867.12,completed,Food,North,48,2
7138,2024-09-17,2511.05,refunded,Food,North,28,1
7139,2024-09-17,2246.73,completed,Sports,North,13,3
7140,2024-09-17,1202.59,failed,Electronics,West,6,4
7141,2024-09-17,2127.0,completed,Electronics,Central,13,2
7142,2024-09-17,1736.9,completed,Food,East,47,1
7143,2024-09-17,4788.0,refunded,Sports,South,10,2
7144,2024-09-17,975.84,completed,Sports,South,41,5
7145,2024-09-17,3100.79,completed,Books,South,10,2
7146,2024-09-17,784.0,completed,Home,West,2,5
7147,2024-09-17,1228.91,completed,Sports,South,36,4
7148,2024-09-17,4972.68,failed,Electronics,North,26,3
7149,2024-09-17,1579.5,completed,Electronics,East,23,1
7150,2024-09-17,2810.22,pending,Food,Central,19,4
7151,2024-09-18,1444.39,pending,Clothing,East,4,2
7152,2024-09-18,323.57,completed,Food,Central,41,2
7153,2024-09-18,3276.53,completed,Home,West,49,4
7154,2024-09-18,3916.15,completed,Sports,South,47,4
7155,2024-09-18,3091.36,completed,Books,North,28,2
7156,2024-09-18,3237.55,failed,Home,Central,1,2
7157,2024-09-18,2305.19,completed,Books,East,20,3
7158,2024-09-18,519.08,completed,Books,West,20,5
7159,2024-09-18,3756.86,completed,Sports,North,41,2
7160,2024-09-18,2750.14,completed,Food,Central,38,4
7161,2024-09-18,751.22,completed,Clothing,South,32,5
7162,2024-09-18,4102.61,failed,Clothing,South,14,4
7163,2024-09-18,2642.09,completed,Clothing,West,35,3
7164,2024-09-18,2873.93,completed,Electronics,West,36,3
7165,2024-09-18,4350.86,completed,Books,West,29,2
7166,2024-09-18,2720.69,completed,Clothing,West,41,5
7167,2024-09-18,138.51,completed,Sports,North,28,3
7168,2024-09-18,1854.27,failed,Sports,South,46,2
7169,2024-09-18,2043.68,completed,Books,West,39,3
7170,2024-09-18,3689.55,completed,Sports,Central,49,3
7171,2024-09-18,4735.88,completed,Sports,Central,29,1
7172,2024-09-18,516.0,pending,Food,East,37,3
7173,2024-09-18,4674.83,completed,Home,Central,14,2
7174,2024-09-18,1931.94,pending,Electronics,West,45,4
7175,2024-09-18,1546.59,completed,Food,East,13,1
7176,2024-09-18,774.31,completed,Home,West,7,3
7177,2024-09-18,4138.8,completed,Electronics,West,30,3
7178,2024-09-18,2019.08,completed,Clothing,West,46,1
7179,2024-09-19,255.21,completed,Clothing,South,2,3
7180,2024-09-19,4324.79,completed,Home,Central,18,2
7181,2024-09-19,2049.4,completed,Clothing,West,24,2
7182,2024-09-19,3450.05,pending,Food,Central,49,2
7183,2024-09-19,4983.87,refunded,Food,Central,36,1
7184,2024-09-19,172.71,completed,Home,West,12,3
7185,2024-09-19,448.97,pending,Electronics,West,29,2
7186,2024-09-19,2950.06,completed,Electronics,East,27,1
7187,2024-09-19,4684.78,completed,Sports,North,42,5
7188,2024-09-19,4428.22,refunded,Food,Central,13,1
7189,2024-09-19,1341.63,completed,Sports,Central,26,4
7190,2024-09-19,1286.23,completed,Books,South,7,2
7191,2024-09-19,1107.58,completed,Clothing,Central,15,3
7192,2024-09-19,4858.71,pending,Food,North,9,5
7193,2024-09-19,4767.75,completed,Books,North,13,2
7194,2024-09-19,4888.79,completed,Books,East,24,4
7195,2024-09-19,2693.27,pending,Home,North,49,1
7196,2024-09-19,2699.92,completed,Home,West,12,2
7197,2024-09-19,763.84,pending,Food,South,30,3
7198,2024-09-19,2666.51,completed,Food,West,37,1
7199,2024-09-19,1635.58,completed,Electronics,West,21,2
7200,2024-09-19,558.76,completed,Books,Central,33,5
7201,2024-09-19,3923.57,completed,Food,West,12,5
7202,2024-09-19,2622.32,completed,Clothing,West,41,4
7203,2024-09-19,2098.87,pending,Sports,South,48,2
7204,2024-09-19,3725.65,completed,Food,South,27,3
7205,2024-09-19,3559.39,failed,Food,West,11,2
7206,2024-09-20,4982.11,completed,Food,South,31,2
7207,2024-09-20,4664.48,failed,Electronics,North,37,2
7208,2024-09-20,3419.36,completed,Home,North,49,5
7209,2024-09-20,3916.33,completed,Sports,East,22,1
7210,2024-09-20,2757.31,refunded,Electronics,South,35,2
7211,2024-09-20,1544.66,completed,Books,South,5,4
7212,2024-09-20,3061.78,failed,Clothing,East,24,5
7213,2024-09-20,2870.47,completed,Home,North,28,1
7214,2024-09-20,4881.52,refunded,Home,West,1,4
7215,2024-09-20,4970.54,completed,Home,West,9,1
7216,2024-09-20,2826.67,completed,Sports,North,2,2
7217,2024-09-20,1027.01,pending,Clothing,West,4,1
7218,2024-09-20,3419.86,pending,Books,North,14,3
7219,2024-09-20,1415.77,completed,Home,North,26,3
7220,2024-09-20,1242.71,completed,Home,West,4,1
7221,2024-09-20,3172.99,completed,Food,North,28,4
7222,2024-09-20,529.43,completed,Sports,Central,26,4
7223,2024-09-20,667.22,completed,Books,East,15,3
7224,2024-09-20,3507.7,completed,Sports,North,36,1
7225,2024-09-20,3524.75,completed,Electronics,Central,8,3
7226,2024-09-20,2684.69,completed,Clothing,Central,19,2
7227,2024-09-20,2624.28,completed,Books,East,19,3
7228,2024-09-20,3117.72,completed,Clothing,East,5,1
7229,2024-09-20,3419.85,completed,Food,East,1,3
7230,2024-09-20,4012.24,completed,Books,West,13,1
7231,2024-09-20,1938.52,completed,Sports,Central,11,2
7232,2024-09-20,1250.88,completed,Books,East,27,3
7233,2024-09-20,4588.94,completed,Home,North,4,2
7234,2024-09-21,809.71,completed,Books,North,3,5
7235,2024-09-21,1582.53,pending,Sports,West,13,3
7236,2024-09-21,981.76,completed,Books,South,2,3
7237,2024-09-21,1314.98,completed,Home,West,2,3
7238,2024-09-21,3161.61,completed,Electronics,North,49,4
7239,2024-09-21,436.52,completed,Clothing,Central,47,3
7240,2024-09-21,969.62,completed,Clothing,South,49,1
7241,2024-09-21,2481.07,pending,Books,East,2,1
7242,2024-09-21,2815.84,completed,Electronics,West,37,3
7243,2024-09-21,2906.05,completed,Electronics,East,33,2
7244,2024-09-21,4803.17,completed,Electronics,North,37,4
7245,2024-09-21,862.95,completed,Books,East,4,3
7246,2024-09-21,362.62,completed,Home,West,26,5
7247,2024-09-21,2495.61,completed,Home,South,28,4
7248,2024-09-21,2031.79,completed,Food,North,8,3
7249,2024-09-21,3983.07,completed,Home,South,34,4
7250,2024-09-21,27.82,completed,Food,North,12,1
7251,2024-09-21,693.53,refunded,Sports,East,19,4
7252,2024-09-21,3717.68,completed,Books,South,47,4
7253,2024-09-21,2277.44,refunded,Electronics,North,29,5
7254,2024-09-21,3937.02,failed,Food,South,5,5
7255,2024-09-21,3436.72,completed,Books,West,3,5
7256,2024-09-21,999.6,completed,Electronics,North,15,4
7257,2024-09-21,1083.56,completed,Sports,East,6,5
7258,2024-09-21,1695.76,pending,Electronics,North,21,4
7259,2024-09-21,4719.69,completed,Books,South,47,2
7260,2024-09-21,2322.77,completed,Home,West,47,2
7261,2024-09-22,968.72,failed,Electronics,West,24,5
7262,2024-09-22,954.0,completed,Clothing,South,15,1
7263,2024-09-22,4918.78,completed,Sports,Central,19,1
7264,2024-09-22,4690.09,completed,Sports,North,46,1
7265,2024-09-22,4006.13,completed,Books,Central,43,1
7266,2024-09-22,4890.23,completed,Sports,North,35,5
7267,2024-09-22,4597.58,completed,Clothing,East,9,2
7268,2024-09-22,839.52,completed,Clothing,North,40,3
7269,2024-09-22,1785.04,pending,Sports,Central,33,4
7270,2024-09-22,1330.17,completed,Food,South,34,3
7271,2024-09-22,1391.86,completed,Sports,East,39,4
7272,2024-09-22,1997.15,pending,Sports,South,1,3
7273,2024-09-22,3405.88,completed,Clothing,North,15,1
7274,2024-09-22,3823.81,completed,Home,South,10,1
7275,2024-09-22,3697.61,completed,Clothing,West,35,5
7276,2024-09-22,3145.88,completed,Clothing,North,6,3
7277,2024-09-22,2671.0,pending,Sports,North,49,1
7278,2024-09-22,2430.92,failed,Clothing,South,1,2
7279,2024-09-22,2002.27,refunded,Food,South,39,4
7280,2024-09-22,4684.08,pending,Sports,South,37,3
7281,2024-09-22,4519.47,completed,Clothing,West,47,1
7282,2024-09-22,4831.99,completed,Home,North,20,5
7283,2024-09-22,2442.93,completed,Sports,East,34,5
7284,2024-09-22,1110.38,failed,Home,Central,39,5
7285,2024-09-22,955.42,completed,Home,South,47,4
7286,2024-09-22,1815.03,pending,Electronics,South,31,4
7287,2024-09-22,2890.43,completed,Clothing,Central,7,5
7288,2024-09-23,2882.76,completed,Books,Central,26,5
7289,2024-09-23,180.0,failed,Food,West,47,4
7290,2024-09-23,4939.13,completed,Clothing,South,33,4
7291,2024-09-23,2566.75,completed,Food,North,38,1
7292,2024-09-23,4772.31,failed,Electronics,Central,36,2
7293,2024-09-23,2528.28,completed,Sports,East,28,4
7294,2024-09-23,4521.41,completed,Home,South,34,5
7295,2024-09-23,2490.23,failed,Electronics,Central,3,1
7296,2024-09-23,2135.49,completed,Electronics,Central,10,5
7297,2024-09-23,4477.82,completed,Books,East,17,4
7298,2024-09-23,375.52,completed,Books,South,46,3
7299,2024-09-23,98.46,failed,Electronics,West,31,2
7300,2024-09-23,2385.82,pending,Sports,South,38,4
7301,2024-09-23,3366.98,completed,Clothing,West,28,3
7302,2024-09-23,3513.25,completed,Electronics,North,26,4
7303,2024-09-23,3069.64,pending,Books,South,8,1
7304,2024-09-23,534.82,pending,Clothing,Central,39,2
7305,2024-09-23,4123.1,completed,Food,East,19,2
7306,2024-09-23,2510.13,pending,Books,Central,21,5
7307,2024-09-23,1394.53,completed,Electronics,North,25,2
7308,2024-09-23,606.58,completed,Electronics,East,7,1
7309,2024-09-23,3647.71,pending,Books,Central,5,1
7310,2024-09-23,833.66,pending,Books,South,38,5
7311,2024-09-23,2806.26,completed,Clothing,North,6,3
7312,2024-09-23,432.17,pending,Clothing,West,45,2
7313,2024-09-23,3635.27,failed,Home,Central,42,4
7314,2024-09-23,852.77,completed,Food,East,13,2
7315,2024-09-23,2956.85,completed,Home,South,39,5
7316,2024-09-24,1076.59,completed,Clothing,East,1,3
7317,2024-09-24,4456.19,completed,Sports,North,15,4
7318,2024-09-24,4742.28,completed,Home,North,13,4
7319,2024-09-24,4993.96,completed,Electronics,Central,40,1
7320,2024-09-24,2872.06,completed,Sports,East,28,1
7321,2024-09-24,1416.54,completed,Food,South,41,1
7322,2024-09-24,1635.77,failed,Home,West,33,2
7323,2024-09-24,4722.99,completed,Electronics,Central,28,1
7324,2024-09-24,3872.45,completed,Home,East,20,1
7325,2024-09-24,2321.0,refunded,Clothing,Central,49,3
7326,2024-09-24,3758.22,completed,Sports,Central,30,5
7327,2024-09-24,1579.53,completed,Books,East,10,3
7328,2024-09-24,3107.18,completed,Electronics,Central,12,3
7329,2024-09-24,530.54,pending,Clothing,North,27,2
7330,2024-09-24,869.09,completed,Sports,North,24,5
7331,2024-09-24,3684.31,completed,Food,North,7,3
7332,2024-09-24,1304.57,completed,Food,East,36,3
7333,2024-09-24,2276.5,completed,Home,South,45,5
7334,2024-09-24,1276.18,completed,Sports,Central,2,4
7335,2024-09-24,1406.28,completed,Food,South,16,5
7336,2024-09-24,1155.15,refunded,Books,North,36,2
7337,2024-09-24,1669.71,failed,Books,Central,25,3
7338,2024-09-24,4809.78,completed,Sports,East,5,4
7339,2024-09-24,278.41,completed,Books,East,24,2
7340,2024-09-24,3945.75,completed,Sports,Central,5,4
7341,2024-09-24,4280.17,completed,Food,South,36,5
7342,2024-09-24,3315.48,pending,Books,Central,19,2
7343,2024-09-25,1380.06,completed,Electronics,East,5,4
7344,2024-09-25,1484.71,failed,Home,North,1,5
7345,2024-09-25,630.34,completed,Sports,North,6,3
7346,2024-09-25,3547.31,completed,Electronics,West,7,2
7347,2024-09-25,1669.7,completed,Electronics,West,33,3
7348,2024-09-25,4283.96,refunded,Home,East,27,1
7349,2024-09-25,4170.26,completed,Sports,East,39,5
7350,2024-09-25,2876.16,completed,Home,East,29,5
7351,2024-09-25,2347.88,pending,Sports,West,30,5
7352,2024-09-25,1431.5,completed,Home,Central,4,5
7353,2024-09-25,3630.52,pending,Food,South,41,1
7354,2024-09-25,4734.83,failed,Clothing,West,48,3
7355,2024-09-25,3735.91,completed,Clothing,West,17,4
7356,2024-09-25,2936.49,completed,Clothing,West,29,4
7357,2024-09-25,1066.24,completed,Sports,East,6,1
7358,2024-09-25,4218.98,completed,Clothing,South,23,4
7359,2024-09-25,3346.74,failed,Home,South,21,5
7360,2024-09-25,3648.52,completed,Sports,East,23,3
7361,2024-09-25,1094.59,completed,Electronics,East,21,5
7362,2024-09-25,2066.57,completed,Sports,East,14,2
7363,2024-09-25,435.69,completed,Sports,Central,34,5
7364,2024-09-25,1002.69,completed,Electronics,South,22,5
7365,2024-09-25,814.24,refunded,Books,East,19,5
7366,2024-09-25,571.39,pending,Sports,East,32,3
7367,2024-09-25,4950.12,completed,Sports,Central,32,5
7368,2024-09-25,1473.93,refunded,Home,West,49,3
7369,2024-09-25,3267.59,completed,Clothing,East,15,2
7370,2024-09-25,3892.42,pending,Sports,South,20,4
7371,2024-09-26,3054.28,completed,Home,East,4,4
7372,2024-09-26,3372.5,completed,Sports,East,42,5
7373,2024-09-26,1300.21,completed,Electronics,North,5,5
7374,2024-09-26,658.04,completed,Food,East,28,3
7375,2024-09-26,3661.63,refunded,Home,West,36,1
7376,2024-09-26,1792.29,completed,Electronics,South,34,1
7377,2024-09-26,4906.25,pending,Home,Central,23,5
7378,2024-09-26,2603.88,completed,Sports,West,36,3
7379,2024-09-26,593.3,completed,Home,East,24,3
7380,2024-09-26,2797.48,completed,Electronics,West,1,1
7381,2024-09-26,4853.06,completed,Books,North,13,4
7382,2024-09-26,2478.5,completed,Clothing,North,39,2
7383,2024-09-26,1884.28,pending,Clothing,Central,39,3
7384,2024-09-26,209.0,completed,Home,Central,15,3
7385,2024-09-26,1930.69,pending,Electronics,East,4,3
7386,2024-09-26,1911.51,completed,Books,South,15,3
7387,2024-09-26,3188.57,completed,Food,South,26,4
7388,2024-09-26,4893.68,failed,Clothing,West,43,5
7389,2024-09-26,320.64,completed,Electronics,North,3,4
7390,2024-09-26,763.12,pending,Electronics,South,19,4
7391,2024-09-26,571.98,completed,Food,South,10,3
7392,2024-09-26,1763.91,completed,Food,Central,23,2
7393,2024-09-26,1225.22,completed,Books,North,33,2
7394,2024-09-26,3971.49,completed,Clothing,West,19,2
7395,2024-09-26,2756.75,failed,Sports,West,18,3
7396,2024-09-26,420.03,completed,Electronics,West,2,1
7397,2024-09-26,3847.05,completed,Food,Central,1,3
7398,2024-09-27,187.75,failed,Clothing,East,32,3
7399,2024-09-27,2625.93,completed,Clothing,East,19,5
7400,2024-09-27,2763.46,completed,Sports,Central,28,3
7401,2024-09-27,3746.26,refunded,Clothing,West,44,2
7402,2024-09-27,844.0,completed,Electronics,Central,36,4
7403,2024-09-27,4706.11,completed,Electronics,West,14,4
7404,2024-09-27,412.78,completed,Home,Central,3,1
7405,2024-09-27,4687.39,completed,Food,West,9,1
7406,2024-09-27,1533.87,pending,Food,East,20,5
7407,2024-09-27,3229.79,completed,Clothing,North,23,3
7408,2024-09-27,3250.47,pending,Food,Central,22,2
7409,2024-09-27,1470.08,completed,Clothing,East,40,1
7410,2024-09-27,3801.86,completed,Electronics,East,43,4
7411,2024-09-27,1656.17,pending,Sports,Central,40,5
7412,2024-09-27,3002.96,completed,Food,East,10,3
7413,2024-09-27,4638.61,completed,Clothing,South,35,3
7414,2024-09-27,3086.72,completed,Clothing,North,8,2
7415,2024-09-27,3732.68,completed,Food,East,30,4
7416,2024-09-27,4920.03,pending,Electronics,West,40,5
7417,2024-09-27,2466.58,pending,Home,North,35,5
7418,2024-09-27,3147.84,completed,Sports,South,14,5
7419,2024-09-27,156.78,completed,Food,South,28,1
7420,2024-09-27,3614.92,pending,Electronics,East,32,4
7421,2024-09-27,4221.58,completed,Home,West,7,2
7422,2024-09-27,1406.06,completed,Home,Central,7,5
7423,2024-09-27,233.81,refunded,Sports,West,2,3
7424,2024-09-27,1152.29,completed,Sports,South,21,1
7425,2024-09-28,690.32,failed,Clothing,West,49,3
7426,2024-09-28,3950.53,pending,Electronics,South,41,3
7427,2024-09-28,2780.34,completed,Electronics,North,29,2
7428,2024-09-28,953.8,completed,Sports,Central,4,5
7429,2024-09-28,973.15,completed,Books,West,25,4
7430,2024-09-28,1614.65,completed,Clothing,Central,11,3
7431,2024-09-28,2078.48,completed,Books,North,21,2
7432,2024-09-28,2345.96,completed,Books,North,27,5
7433,2024-09-28,198.92,completed,Electronics,Central,12,1
7434,2024-09-28,2715.49,completed,Food,Central,22,1
7435,2024-09-28,3804.6,completed,Electronics,South,34,2
7436,2024-09-28,952.51,failed,Clothing,East,44,2
7437,2024-09-28,2044.86,completed,Electronics,East,36,2
7438,2024-09-28,3832.18,completed,Food,North,9,3
7439,2024-09-28,3707.83,completed,Home,East,44,2
7440,2024-09-28,3430.44,completed,Home,South,34,3
7441,2024-09-28,4013.23,completed,Home,West,29,1
7442,2024-09-28,1881.73,completed,Electronics,Central,47,2
7443,2024-09-28,712.34,completed,Clothing,North,10,4
7444,2024-09-28,1591.05,completed,Clothing,South,39,2
7445,2024-09-28,1409.81,completed,Food,Central,29,1
7446,2024-09-28,1374.3,failed,Clothing,West,47,1
7447,2024-09-28,1852.45,completed,Sports,Central,34,4
7448,2024-09-28,306.12,pending,Food,West,27,2
7449,2024-09-28,1594.31,completed,Food,Central,16,5
7450,2024-09-28,396.5,completed,Home,North,45,1
7451,2024-09-28,4824.75,pending,Books,West,26,5
7452,2024-09-28,2982.39,failed,Sports,North,24,2
7453,2024-09-29,623.78,pending,Sports,South,34,4
7454,2024-09-29,1323.34,completed,Sports,Central,31,2
7455,2024-09-29,3122.6,completed,Home,East,10,3
7456,2024-09-29,2389.14,refunded,Food,Central,30,1
7457,2024-09-29,1836.06,pending,Books,South,14,3
7458,2024-09-29,4344.37,completed,Home,North,35,1
7459,2024-09-29,1040.94,failed,Food,South,15,5
7460,2024-09-29,2949.83,completed,Food,East,28,4
7461,2024-09-29,3434.72,completed,Home,East,27,3
7462,2024-09-29,4972.68,completed,Home,West,6,5
7463,2024-09-29,190.4,completed,Clothing,East,46,1
7464,2024-09-29,2829.15,failed,Clothing,South,48,4
7465,2024-09-29,225.24,pending,Sports,East,22,4
7466,2024-09-29,499.96,pending,Home,South,42,3
7467,2024-09-29,1937.03,pending,Books,West,40,3
7468,2024-09-29,3908.88,completed,Food,East,34,2
7469,2024-09-29,60.03,completed,Electronics,North,39,1
7470,2024-09-29,2582.3,completed,Food,South,44,5
7471,2024-09-29,3713.02,failed,Home,Central,14,4
7472,2024-09-29,4191.86,completed,Home,West,2,4
7473,2024-09-29,1126.56,completed,Clothing,North,34,4
7474,2024-09-29,399.32,completed,Food,East,42,4
7475,2024-09-29,3931.64,completed,Sports,West,3,2
7476,2024-09-29,3378.08,completed,Sports,West,5,1
7477,2024-09-29,2474.39,pending,Food,South,41,4
7478,2024-09-29,3127.02,completed,Clothing,South,10,3
7479,2024-09-29,4290.6,completed,Clothing,East,40,4
7480,2024-09-30,3126.48,completed,Electronics,North,11,3
7481,2024-09-30,1092.0,completed,Books,North,41,1
7482,2024-09-30,2984.93,pending,Sports,South,19,1
7483,2024-09-30,4552.08,completed,Food,East,43,3
7484,2024-09-30,1402.02,completed,Home,South,36,3
7485,2024-09-30,1585.17,completed,Food,Central,44,2
7486,2024-09-30,4725.78,completed,Home,Central,32,1
7487,2024-09-30,4931.32,refunded,Books,Central,39,4
7488,2024-09-30,2484.37,completed,Home,South,41,1
7489,2024-09-30,1068.48,completed,Sports,Central,19,1
7490,2024-09-30,2488.63,pending,Electronics,West,3,2
7491,2024-09-30,4467.63,failed,Food,South,46,2
7492,2024-09-30,2043.52,completed,Sports,East,15,5
7493,2024-09-30,970.14,pending,Clothing,South,12,1
7494,2024-09-30,4797.91,completed,Books,West,48,2
7495,2024-09-30,2633.42,completed,Books,South,14,1
7496,2024-09-30,231.78,completed,Food,Central,1,5
7497,2024-09-30,1276.2,completed,Electronics,South,48,5
7498,2024-09-30,1560.59,completed,Clothing,East,13,2
7499,2024-09-30,4337.31,completed,Food,Central,1,4
7500,2024-09-30,840.71,completed,Food,South,44,3
7501,2024-09-30,3359.47,completed,Clothing,North,12,5
7502,2024-09-30,1412.54,failed,Food,North,28,2
7503,2024-09-30,1831.45,failed,Home,Central,9,5
7504,2024-09-30,942.15,completed,Electronics,Central,39,5
7505,2024-09-30,4314.08,completed,Food,West,14,3
7506,2024-09-30,1566.33,completed,Sports,North,26,3
7507,2024-09-30,4464.28,completed,Books,East,9,1
7508,2024-10-01,4910.56,pending,Clothing,North,36,2
7509,2024-10-01,2880.55,failed,Clothing,North,32,4
7510,2024-10-01,2660.63,failed,Books,Central,19,4
7511,2024-10-01,1568.07,pending,Sports,South,31,5
7512,2024-10-01,4024.2,completed,Sports,South,49,4
7513,2024-10-01,47.13,completed,Sports,North,44,5
7514,2024-10-01,4159.24,failed,Electronics,West,14,5
7515,2024-10-01,4202.85,pending,Home,South,9,2
7516,2024-10-01,2822.89,completed,Food,West,15,1
7517,2024-10-01,3698.55,completed,Home,West,37,3
7518,2024-10-01,3860.65,completed,Electronics,North,39,4
7519,2024-10-01,205.98,pending,Clothing,Central,38,3
7520,2024-10-01,2627.82,completed,Books,North,39,3
7521,2024-10-01,4304.83,pending,Electronics,Central,27,4
7522,2024-10-01,4715.83,completed,Food,North,2,1
7523,2024-10-01,1027.06,completed,Books,Central,38,2
7524,2024-10-01,2855.79,completed,Food,West,28,1
7525,2024-10-01,178.32,completed,Electronics,East,25,2
7526,2024-10-01,2509.76,completed,Clothing,West,14,3
7527,2024-10-01,1816.86,pending,Electronics,North,17,2
7528,2024-10-01,3774.85,completed,Books,East,2,4
7529,2024-10-01,1622.06,completed,Sports,North,40,2
7530,2024-10-01,3407.38,completed,Books,North,19,5
7531,2024-10-01,4036.44,completed,Electronics,Central,34,1
7532,2024-10-01,365.35,completed,Food,West,33,3
7533,2024-10-01,1028.84,pending,Books,East,13,4
7534,2024-10-01,1586.42,completed,Home,North,15,4
7535,2024-10-02,4329.3,pending,Electronics,East,33,5
7536,2024-10-02,2418.03,completed,Clothing,West,14,2
7537,2024-10-02,772.68,completed,Clothing,South,2,3
7538,2024-10-02,834.41,pending,Sports,Central,29,1
7539,2024-10-02,1678.53,pending,Sports,South,41,1
7540,2024-10-02,3266.08,refunded,Sports,South,22,4
7541,2024-10-02,4485.93,completed,Food,North,34,5
7542,2024-10-02,961.1,completed,Sports,North,12,4
7543,2024-10-02,4245.86,pending,Home,West,33,5
7544,2024-10-02,1426.65,completed,Clothing,East,49,2
7545,2024-10-02,3445.41,pending,Electronics,North,16,3
7546,2024-10-02,4395.18,pending,Books,South,17,1
7547,2024-10-02,2462.61,failed,Food,North,11,3
7548,2024-10-02,3304.14,failed,Home,East,5,1
7549,2024-10-02,1944.62,completed,Clothing,East,49,5
7550,2024-10-02,4059.32,completed,Books,Central,19,2
7551,2024-10-02,3590.89,completed,Clothing,South,38,4
7552,2024-10-02,4121.26,completed,Electronics,North,46,1
7553,2024-10-02,4040.88,failed,Clothing,East,23,3
7554,2024-10-02,3096.89,completed,Sports,South,33,3
7555,2024-10-02,3304.18,pending,Electronics,East,36,2
7556,2024-10-02,4810.44,completed,Electronics,West,13,2
7557,2024-10-02,3256.51,completed,Sports,East,43,4
7558,2024-10-02,4845.07,completed,Books,West,36,4
7559,2024-10-02,37.82,completed,Food,Central,7,3
7560,2024-10-02,1561.6,completed,Sports,North,8,2
7561,2024-10-02,2958.92,completed,Clothing,West,43,5
7562,2024-10-03,4926.51,completed,Clothing,North,9,5
7563,2024-10-03,1393.22,completed,Books,South,32,2
7564,2024-10-03,1224.65,failed,Electronics,West,16,2
7565,2024-10-03,4422.38,completed,Home,North,34,4
7566,2024-10-03,626.36,completed,Home,East,4,4
7567,2024-10-03,428.89,completed,Electronics,West,36,2
7568,2024-10-03,1066.06,completed,Home,North,34,1
7569,2024-10-03,4485.98,completed,Electronics,South,14,5
7570,2024-10-03,4439.14,completed,Home,South,13,2
7571,2024-10-03,3530.05,completed,Clothing,North,35,2
7572,2024-10-03,3907.14,completed,Electronics,Central,23,3
7573,2024-10-03,3847.25,completed,Electronics,North,36,5
7574,2024-10-03,2052.23,pending,Books,Central,45,1
7575,2024-10-03,2131.58,completed,Electronics,North,31,1
7576,2024-10-03,2584.27,completed,Food,East,44,5
7577,2024-10-03,1282.72,completed,Home,East,3,4
7578,2024-10-03,735.24,completed,Electronics,East,33,1
7579,2024-10-03,4332.49,completed,Sports,Central,41,4
7580,2024-10-03,4393.14,completed,Home,Central,35,4
7581,2024-10-03,1353.55,completed,Sports,Central,33,1
7582,2024-10-03,1953.72,completed,Electronics,West,43,3
7583,2024-10-03,3489.45,completed,Clothing,South,2,1
7584,2024-10-03,128.98,completed,Electronics,West,49,3
7585,2024-10-03,1060.36,completed,Sports,South,33,3
7586,2024-10-03,983.27,completed,Clothing,West,48,1
7587,2024-10-03,1625.72,failed,Home,Central,47,5
7588,2024-10-03,1051.17,completed,Clothing,West,9,4
7589,2024-10-03,4451.32,completed,Home,East,30,4
7590,2024-10-04,1668.7,completed,Books,West,31,2
7591,2024-10-04,41.0,completed,Electronics,East,24,4
7592,2024-10-04,3427.88,completed,Home,West,22,5
7593,2024-10-04,1740.08,pending,Books,East,28,2
7594,2024-10-04,4423.93,failed,Food,East,13,1
7595,2024-10-04,3053.91,refunded,Books,North,3,4
7596,2024-10-04,964.17,failed,Clothing,East,20,5
7597,2024-10-04,1270.64,pending,Food,North,46,3
7598,2024-10-04,1105.01,failed,Food,South,49,5
7599,2024-10-04,4580.48,pending,Sports,West,12,5
7600,2024-10-04,626.13,completed,Clothing,Central,43,5
7601,2024-10-04,4091.18,completed,Food,West,41,4
7602,2024-10-04,947.93,completed,Electronics,North,15,1
7603,2024-10-04,1465.99,completed,Sports,Central,24,2
7604,2024-10-04,1934.94,completed,Home,West,27,1
7605,2024-10-04,1155.86,completed,Books,South,4,3
7606,2024-10-04,2792.27,refunded,Books,West,11,1
7607,2024-10-04,932.74,failed,Home,West,35,1
7608,2024-10-04,600.67,completed,Electronics,North,11,4
7609,2024-10-04,3627.31,completed,Electronics,South,31,4
7610,2024-10-04,1228.22,completed,Electronics,North,19,4
7611,2024-10-04,325.39,completed,Food,West,35,1
7612,2024-10-04,2180.38,completed,Electronics,North,11,5
7613,2024-10-04,1861.16,pending,Electronics,Central,20,1
7614,2024-10-04,2141.51,completed,Food,West,19,1
7615,2024-10-04,1441.32,completed,Electronics,East,7,2
7616,2024-10-04,1065.71,completed,Sports,North,22,4
7617,2024-10-05,2261.75,completed,Sports,North,38,1
7618,2024-10-05,1910.36,refunded,Home,South,15,2
7619,2024-10-05,220.08,failed,Home,East,31,5
7620,2024-10-05,3487.9,failed,Clothing,North,13,2
7621,2024-10-05,3074.54,completed,Clothing,North,15,5
7622,2024-10-05,2354.12,completed,Books,East,33,3
7623,2024-10-05,3425.29,completed,Clothing,South,29,2
7624,2024-10-05,217.01,completed,Electronics,Central,46,3
7625,2024-10-05,1956.85,failed,Electronics,North,15,5
7626,2024-10-05,358.56,completed,Books,South,38,4
7627,2024-10-05,3797.3,completed,Home,East,11,3
7628,2024-10-05,1929.26,completed,Sports,East,12,3
7629,2024-10-05,76.11,completed,Sports,East,43,4
7630,2024-10-05,2373.54,failed,Electronics,East,45,4
7631,2024-10-05,3850.77,completed,Books,North,16,2
7632,2024-10-05,176.25,pending,Clothing,South,11,1
7633,2024-10-05,1751.84,completed,Home,East,7,4
7634,2024-10-05,10.74,completed,Electronics,East,36,4
7635,2024-10-05,3170.6,pending,Sports,South,13,4
7636,2024-10-05,2505.14,completed,Sports,West,21,1
7637,2024-10-05,428.15,completed,Books,South,12,5
7638,2024-10-05,948.17,completed,Home,North,17,5
7639,2024-10-05,3022.94,completed,Clothing,North,22,1
7640,2024-10-05,786.09,completed,Clothing,North,8,3
7641,2024-10-05,2627.89,completed,Food,Central,44,5
7642,2024-10-05,2194.14,completed,Electronics,South,46,5
7643,2024-10-05,1111.25,refunded,Sports,Central,45,3
7644,2024-10-05,4454.6,refunded,Books,East,39,3
7645,2024-10-06,2803.83,pending,Food,Central,45,2
7646,2024-10-06,4556.56,completed,Sports,South,27,3
7647,2024-10-06,609.41,completed,Electronics,West,43,3
7648,2024-10-06,29.59,completed,Books,East,6,1
7649,2024-10-06,4341.64,completed,Clothing,North,8,5
7650,2024-10-06,2529.93,completed,Books,West,30,3
7651,2024-10-06,3035.74,pending,Electronics,South,10,4
7652,2024-10-06,768.92,completed,Electronics,South,9,3
7653,2024-10-06,2668.06,completed,Sports,North,17,4
7654,2024-10-06,2865.93,completed,Electronics,Central,17,4
7655,2024-10-06,4298.84,completed,Sports,North,29,3
7656,2024-10-06,3583.76,pending,Books,Central,5,5
7657,2024-10-06,896.4,completed,Home,Central,1,2
7658,2024-10-06,1841.85,pending,Sports,North,6,1
7659,2024-10-06,3919.11,completed,Electronics,East,39,5
7660,2024-10-06,3715.19,completed,Sports,North,36,2
7661,2024-10-06,3720.36,completed,Food,North,1,2
7662,2024-10-06,3768.69,completed,Home,South,23,5
7663,2024-10-06,393.78,completed,Sports,East,33,5
7664,2024-10-06,663.62,completed,Sports,Central,14,2
7665,2024-10-06,4551.5,completed,Books,North,42,2
7666,2024-10-06,3015.82,failed,Sports,North,2,2
7667,2024-10-06,2369.51,pending,Electronics,West,43,1
7668,2024-10-06,2128.97,pending,Food,North,17,1
7669,2024-10-06,459.95,completed,Books,Central,39,4
7670,2024-10-06,4645.66,completed,Clothing,Central,37,1
7671,2024-10-06,2633.02,completed,Food,East,9,5
7672,2024-10-07,1453.33,completed,Sports,North,49,3
7673,2024-10-07,1422.34,completed,Books,North,23,1
7674,2024-10-07,4763.41,failed,Electronics,Central,39,1
7675,2024-10-07,3804.08,completed,Clothing,Central,19,2
7676,2024-10-07,4401.07,completed,Electronics,West,48,1
7677,2024-10-07,1143.41,pending,Sports,West,4,3
7678,2024-10-07,4235.08,completed,Food,East,47,2
7679,2024-10-07,3748.82,refunded,Food,East,16,4
7680,2024-10-07,2619.52,completed,Books,East,37,1
7681,2024-10-07,4909.96,completed,Electronics,East,3,4
7682,2024-10-07,3465.44,completed,Sports,West,19,5
7683,2024-10-07,2205.21,pending,Sports,South,25,4
7684,2024-10-07,2562.62,completed,Clothing,Central,33,4
7685,2024-10-07,1358.73,completed,Food,West,35,5
7686,2024-10-07,4632.42,pending,Books,South,8,2
7687,2024-10-07,226.97,pending,Home,Central,29,1
7688,2024-10-07,4097.8,pending,Books,North,27,3
7689,2024-10-07,4814.12,completed,Sports,Central,36,2
7690,2024-10-07,2464.17,refunded,Electronics,Central,42,2
7691,2024-10-07,1550.07,completed,Books,South,41,5
7692,2024-10-07,3114.22,completed,Clothing,East,10,2
7693,2024-10-07,4296.95,completed,Sports,North,5,4
7694,2024-10-07,3002.6,completed,Home,East,48,1
7695,2024-10-07,3542.29,completed,Books,Central,38,5
7696,2024-10-07,1854.83,completed,Home,South,8,2
7697,2024-10-07,989.83,completed,Food,South,2,1
7698,2024-10-07,3020.25,completed,Home,East,29,1
7699,2024-10-08,3629.44,pending,Food,East,15,3
7700,2024-10-08,4681.0,completed,Books,North,44,1
7701,2024-10-08,4019.72,completed,Home,West,36,4
7702,2024-10-08,1098.95,completed,Books,Central,29,5
7703,2024-10-08,2038.62,failed,Clothing,South,4,2
7704,2024-10-08,2548.68,completed,Food,North,24,5
7705,2024-10-08,4223.49,refunded,Clothing,Central,39,1
7706,2024-10-08,1520.34,refunded,Food,South,13,1
7707,2024-10-08,779.22,pending,Clothing,North,8,5
7708,2024-10-08,4882.31,completed,Electronics,West,48,3
7709,2024-10-08,1957.18,pending,Clothing,North,5,2
7710,2024-10-08,829.41,completed,Clothing,East,3,3
7711,2024-10-08,4810.66,pending,Books,Central,26,5
7712,2024-10-08,1236.54,completed,Home,West,4,1
7713,2024-10-08,1715.32,completed,Sports,Central,37,5
7714,2024-10-08,1399.99,completed,Clothing,South,10,2
7715,2024-10-08,3500.45,pending,Home,East,47,1
7716,2024-10-08,1494.92,completed,Sports,South,10,4
7717,2024-10-08,1342.02,completed,Electronics,South,49,1
7718,2024-10-08,1293.49,completed,Books,East,49,1
7719,2024-10-08,4095.68,completed,Books,East,36,1
7720,2024-10-08,3129.65,failed,Food,East,24,3
7721,2024-10-08,3892.48,completed,Clothing,North,46,3
7722,2024-10-08,1798.88,completed,Electronics,Central,49,5
7723,2024-10-08,344.76,failed,Food,North,8,4
7724,2024-10-08,2385.75,completed,Electronics,North,34,2
7725,2024-10-08,4483.73,completed,Books,Central,25,2
7726,2024-10-08,2700.63,pending,Food,East,42,5
7727,2024-10-09,1910.31,completed,Food,South,31,2
7728,2024-10-09,2685.34,completed,Food,West,38,3
7729,2024-10-09,2116.53,completed,Electronics,East,9,5
7730,2024-10-09,4658.39,completed,Books,West,35,3
7731,2024-10-09,4745.51,completed,Books,North,7,1
7732,2024-10-09,1467.84,completed,Food,Central,49,1
7733,2024-10-09,3674.26,pending,Home,South,16,2
7734,2024-10-09,775.45,completed,Sports,North,13,5
7735,2024-10-09,3725.23,pending,Home,South,35,1
7736,2024-10-09,89.98,completed,Electronics,North,23,2
7737,2024-10-09,1066.49,completed,Home,North,26,1
7738,2024-10-09,3074.42,completed,Sports,West,48,5
7739,2024-10-09,1688.52,completed,Books,North,6,1
7740,2024-10-09,785.74,pending,Electronics,Central,3,5
7741,2024-10-09,970.35,pending,Books,Central,2,3
7742,2024-10-09,3897.76,completed,Books,East,30,4
7743,2024-10-09,4693.02,completed,Clothing,Central,19,1
7744,2024-10-09,3492.14,completed,Books,East,18,3
7745,2024-10-09,766.14,completed,Books,East,34,2
7746,2024-10-09,1091.83,pending,Food,South,20,4
7747,2024-10-09,2876.73,completed,Clothing,East,30,5
7748,2024-10-09,2402.15,completed,Books,West,16,4
7749,2024-10-09,2478.55,completed,Sports,West,7,2
7750,2024-10-09,2386.89,pending,Electronics,East,40,2
7751,2024-10-09,1782.08,pending,Electronics,East,31,1
7752,2024-10-09,453.33,completed,Clothing,East,25,3
7753,2024-10-09,2507.06,completed,Books,Central,2,1
7754,2024-10-10,4635.81,completed,Sports,North,43,1
7755,2024-10-10,3136.24,completed,Home,South,1,5
7756,2024-10-10,3022.48,completed,Home,North,41,5
7757,2024-10-10,4036.07,completed,Electronics,West,17,5
7758,2024-10-10,4107.28,completed,Books,North,33,5
7759,2024-10-10,1472.78,failed,Food,South,26,2
7760,2024-10-10,3994.6,completed,Clothing,South,3,2
7761,2024-10-10,4196.71,completed,Books,Central,2,1
7762,2024-10-10,2339.74,completed,Sports,Central,33,5
7763,2024-10-10,2764.19,pending,Electronics,North,36,2
7764,2024-10-10,3456.09,completed,Books,South,19,3
7765,2024-10-10,3855.32,completed,Clothing,South,40,4
7766,2024-10-10,869.7,completed,Sports,West,41,1
7767,2024-10-10,3856.0,pending,Sports,North,49,5
7768,2024-10-10,314.49,pending,Clothing,Central,41,3
7769,2024-10-10,3972.27,completed,Home,West,9,5
7770,2024-10-10,775.25,pending,Books,South,16,3
7771,2024-10-10,1772.96,pending,Books,West,4,2
7772,2024-10-10,3718.2,completed,Electronics,Central,23,1
7773,2024-10-10,1874.14,completed,Clothing,West,47,2
7774,2024-10-10,295.17,completed,Food,South,33,3
7775,2024-10-10,422.71,completed,Food,East,31,1
7776,2024-10-10,2253.43,completed,Home,Central,32,1
7777,2024-10-10,2996.25,pending,Books,Central,33,1
7778,2024-10-10,1844.16,completed,Sports,West,17,3
7779,2024-10-10,4110.93,completed,Sports,West,38,3
7780,2024-10-10,3877.65,completed,Sports,West,22,2
7781,2024-10-10,1668.47,pending,Books,West,15,1
7782,2024-10-11,2925.84,completed,Books,East,26,5
7783,2024-10-11,3122.85,completed,Clothing,Central,33,2
7784,2024-10-11,2177.79,completed,Sports,Central,10,4
7785,2024-10-11,146.75,failed,Books,West,31,2
7786,2024-10-11,3676.73,completed,Books,East,36,4
7787,2024-10-11,3285.63,pending,Home,East,9,4
7788,2024-10-11,1210.62,completed,Books,North,38,3
7789,2024-10-11,2642.17,completed,Clothing,West,40,2
7790,2024-10-11,3609.56,completed,Food,Central,21,3
7791,2024-10-11,4386.16,pending,Home,East,25,4
7792,2024-10-11,4116.79,completed,Food,South,11,4
7793,2024-10-11,3213.42,failed,Clothing,Central,30,2
7794,2024-10-11,77.16,refunded,Books,North,17,3
7795,2024-10-11,3913.48,completed,Clothing,West,45,4
7796,2024-10-11,757.32,completed,Electronics,South,22,2
7797,2024-10-11,4010.98,completed,Clothing,Central,31,3
7798,2024-10-11,3228.84,completed,Clothing,West,37,1
7799,2024-10-11,4806.48,failed,Home,West,21,2
7800,2024-10-11,2612.45,pending,Food,Central,27,2
7801,2024-10-11,2294.47,refunded,Food,South,17,1
7802,2024-10-11,1572.12,completed,Clothing,West,32,1
7803,2024-10-11,1096.93,completed,Books,South,30,3
7804,2024-10-11,293.58,pending,Electronics,South,15,4
7805,2024-10-11,4802.88,completed,Home,South,9,4
7806,2024-10-11,465.63,completed,Home,Central,31,5
7807,2024-10-11,914.77,completed,Sports,Central,16,2
7808,2024-10-11,4768.41,completed,Sports,South,4,4
7809,2024-10-12,3354.04,completed,Books,South,47,2
7810,2024-10-12,705.53,completed,Home,West,43,1
7811,2024-10-12,3420.02,pending,Clothing,Central,21,3
7812,2024-10-12,3653.82,completed,Electronics,North,10,5
7813,2024-10-12,2429.09,pending,Home,West,47,1
7814,2024-10-12,3075.02,refunded,Electronics,South,27,3
7815,2024-10-12,2344.34,completed,Food,North,11,5
7816,2024-10-12,408.71,pending,Sports,East,35,3
7817,2024-10-12,1133.13,completed,Food,North,9,5
7818,2024-10-12,2796.56,completed,Food,South,27,3
7819,2024-10-12,552.82,completed,Home,East,12,3
7820,2024-10-12,3788.92,completed,Food,West,46,1
7821,2024-10-12,4570.14,completed,Books,West,43,5
7822,2024-10-12,1231.23,completed,Food,South,47,4
7823,2024-10-12,1371.56,completed,Home,East,10,1
7824,2024-10-12,1754.42,completed,Electronics,North,40,2
7825,2024-10-12,3546.84,completed,Clothing,Central,45,3
7826,2024-10-12,1595.53,pending,Sports,West,41,4
7827,2024-10-12,268.48,refunded,Food,North,22,3
7828,2024-10-12,1337.98,completed,Food,South,7,2
7829,2024-10-12,453.18,completed,Food,South,27,3
7830,2024-10-12,52.2,completed,Sports,West,47,1
7831,2024-10-12,629.03,pending,Books,West,17,5
7832,2024-10-12,1454.34,completed,Home,North,17,2
7833,2024-10-12,3596.78,completed,Clothing,South,42,4
7834,2024-10-12,3642.4,pending,Sports,West,9,5
7835,2024-10-12,3088.93,failed,Food,South,14,3
7836,2024-10-13,2537.35,completed,Food,North,39,3
7837,2024-10-13,301.4,completed,Food,West,13,5
7838,2024-10-13,3478.54,completed,Clothing,North,2,1
7839,2024-10-13,2102.65,refunded,Books,South,49,2
7840,2024-10-13,1530.95,pending,Sports,East,30,4
7841,2024-10-13,3317.17,completed,Clothing,East,21,3
7842,2024-10-13,727.65,completed,Home,North,34,1
7843,2024-10-13,3836.0,completed,Home,Central,26,4
7844,2024-10-13,3210.27,completed,Sports,West,12,3
7845,2024-10-13,1373.27,refunded,Home,Central,27,1
7846,2024-10-13,1552.67,completed,Food,South,28,3
7847,2024-10-13,2311.94,completed,Food,North,15,1
7848,2024-10-13,3940.62,failed,Home,South,27,4
7849,2024-10-13,1350.23,completed,Sports,North,9,5
7850,2024-10-13,2206.15,completed,Clothing,Central,32,2
7851,2024-10-13,2428.74,completed,Clothing,West,12,1
7852,2024-10-13,3586.26,failed,Sports,Central,42,4
7853,2024-10-13,1199.74,completed,Food,West,9,2
7854,2024-10-13,4913.79,completed,Home,East,13,2
7855,2024-10-13,323.1,refunded,Clothing,Central,29,3
7856,2024-10-13,937.77,completed,Home,South,34,2
7857,2024-10-13,1992.61,completed,Food,North,13,1
7858,2024-10-13,2376.09,failed,Home,East,47,5
7859,2024-10-13,1470.88,pending,Home,Central,1,2
7860,2024-10-13,2793.93,completed,Clothing,Central,13,4
7861,2024-10-13,3270.24,completed,Food,South,6,5
7862,2024-10-13,1294.93,completed,Home,South,22,1
7863,2024-10-13,845.0,completed,Clothing,East,30,2
7864,2024-10-14,4294.16,completed,Clothing,West,47,5
7865,2024-10-14,490.75,completed,Clothing,East,7,4
7866,2024-10-14,4234.42,completed,Home,North,35,2
7867,2024-10-14,4565.37,pending,Food,Central,41,1
7868,2024-10-14,146.11,completed,Books,South,19,2
7869,2024-10-14,4264.93,completed,Sports,West,23,1
7870,2024-10-14,2227.26,completed,Food,East,39,1
7871,2024-10-14,4254.91,pending,Home,South,20,1
7872,2024-10-14,1974.29,completed,Food,North,8,4
7873,2024-10-14,1668.4,completed,Books,South,4,1
7874,2024-10-14,1826.52,pending,Electronics,East,27,1
7875,2024-10-14,2916.22,failed,Food,West,9,1
7876,2024-10-14,4097.15,completed,Sports,North,18,5
7877,2024-10-14,1321.79,completed,Electronics,East,38,3
7878,2024-10-14,2773.14,completed,Sports,West,42,1
7879,2024-10-14,1480.64,completed,Food,West,36,1
7880,2024-10-14,2274.04,completed,Home,East,43,3
7881,2024-10-14,3358.08,completed,Food,South,28,4
7882,2024-10-14,1819.9,completed,Food,Central,12,1
7883,2024-10-14,3509.59,pending,Food,Central,2,2
7884,2024-10-14,3230.38,completed,Home,South,49,2
7885,2024-10-14,502.16,refunded,Home,West,31,4
7886,2024-10-14,1105.77,failed,Food,West,45,4
7887,2024-10-14,2615.54,completed,Sports,West,10,1
7888,2024-10-14,597.15,completed,Sports,East,35,1
7889,2024-10-14,4257.25,completed,Books,West,47,5
7890,2024-10-14,3880.22,completed,Sports,North,34,5
7891,2024-10-15,3599.86,refunded,Clothing,North,34,5
7892,2024-10-15,637.99,completed,Sports,East,40,3
7893,2024-10-15,345.74,completed,Clothing,South,14,5
7894,2024-10-15,4445.77,pending,Home,North,18,5
7895,2024-10-15,1551.05,pending,Electronics,East,23,1
7896,2024-10-15,1390.46,completed,Electronics,North,49,5
7897,2024-10-15,1683.04,completed,Clothing,West,16,5
7898,2024-10-15,2977.68,completed,Sports,West,30,3
7899,2024-10-15,3842.7,completed,Sports,North,36,5
7900,2024-10-15,1328.53,completed,Clothing,North,34,2
7901,2024-10-15,2222.93,completed,Food,North,17,3
7902,2024-10-15,1818.7,completed,Books,North,43,1
7903,2024-10-15,1276.04,completed,Sports,West,37,3
7904,2024-10-15,2521.47,completed,Clothing,South,49,2
7905,2024-10-15,277.51,completed,Electronics,Central,19,4
7906,2024-10-15,1264.82,completed,Sports,East,27,3
7907,2024-10-15,347.26,completed,Clothing,West,34,5
7908,2024-10-15,411.48,completed,Books,Central,8,4
7909,2024-10-15,76.15,completed,Clothing,South,49,2
7910,2024-10-15,4028.39,completed,Home,South,26,1
7911,2024-10-15,3840.91,completed,Books,Central,43,5
7912,2024-10-15,1615.12,pending,Food,Central,11,4
7913,2024-10-15,2745.94,completed,Clothing,North,46,1
7914,2024-10-15,1264.68,completed,Home,South,3,3
7915,2024-10-15,201.97,failed,Home,East,44,1
7916,2024-10-15,2290.86,completed,Home,South,22,2
7917,2024-10-15,742.48,completed,Clothing,South,38,1
7918,2024-10-15,2511.5,completed,Sports,North,16,5
7919,2024-10-16,1639.67,completed,Electronics,South,5,1
7920,2024-10-16,3575.89,completed,Electronics,Central,38,1
7921,2024-10-16,2906.64,failed,Clothing,South,1,1
7922,2024-10-16,2610.26,completed,Food,North,29,5
7923,2024-10-16,1394.52,pending,Sports,Central,1,4
7924,2024-10-16,1138.58,refunded,Home,East,31,5
7925,2024-10-16,4263.46,completed,Electronics,Central,21,4
7926,2024-10-16,1764.79,completed,Clothing,West,35,1
7927,2024-10-16,669.36,completed,Electronics,Central,21,5
7928,2024-10-16,2162.6,completed,Electronics,East,45,2
7929,2024-10-16,3087.98,completed,Clothing,West,43,5
7930,2024-10-16,272.24,pending,Clothing,East,14,4
7931,2024-10-16,1516.39,completed,Sports,Central,44,1
7932,2024-10-16,4199.38,pending,Home,North,13,5
7933,2024-10-16,4702.47,pending,Clothing,East,44,1
7934,2024-10-16,3232.79,completed,Food,West,37,4
7935,2024-10-16,4928.82,completed,Sports,East,33,1
7936,2024-10-16,628.74,completed,Sports,South,48,5
7937,2024-10-16,3732.39,completed,Electronics,West,46,1
7938,2024-10-16,4363.39,completed,Clothing,South,34,2
7939,2024-10-16,3265.73,failed,Home,South,32,3
7940,2024-10-16,4067.91,completed,Books,South,25,2
7941,2024-10-16,3390.72,completed,Electronics,Central,14,4
7942,2024-10-16,3102.29,completed,Food,East,21,5
7943,2024-10-16,3715.07,completed,Home,Central,29,2
7944,2024-10-16,2146.85,failed,Food,South,29,4
7945,2024-10-16,1994.56,failed,Sports,North,31,1
7946,2024-10-17,562.72,completed,Home,East,11,4
7947,2024-10-17,4840.46,completed,Electronics,Central,8,5
7948,2024-10-17,410.72,completed,Sports,East,38,4
7949,2024-10-17,4950.1,completed,Sports,South,23,4
7950,2024-10-17,354.79,completed,Books,North,22,2
7951,2024-10-17,4629.81,pending,Food,East,43,2
7952,2024-10-17,1944.79,completed,Electronics,East,34,4
7953,2024-10-17,4702.03,completed,Sports,South,45,4
7954,2024-10-17,2937.2,completed,Food,East,16,5
7955,2024-10-17,1769.15,failed,Home,North,29,2
7956,2024-10-17,440.22,completed,Electronics,West,32,4
7957,2024-10-17,3660.34,completed,Food,Central,41,5
7958,2024-10-17,3062.5,failed,Food,North,18,5
7959,2024-10-17,2366.38,refunded,Food,West,38,1
7960,2024-10-17,2819.55,completed,Home,Central,15,2
7961,2024-10-17,1109.45,pending,Home,North,24,4
7962,2024-10-17,3180.06,failed,Food,East,25,2
7963,2024-10-17,2650.51,completed,Clothing,Central,23,3
7964,2024-10-17,388.37,pending,Home,North,24,3
7965,2024-10-17,4152.43,pending,Clothing,South,48,5
7966,2024-10-17,2787.2,completed,Electronics,East,10,3
7967,2024-10-17,4525.06,pending,Clothing,North,12,5
7968,2024-10-17,2679.29,completed,Home,East,7,5
7969,2024-10-17,4665.76,completed,Home,North,43,5
7970,2024-10-17,3360.77,completed,Books,South,26,1
7971,2024-10-17,1073.22,completed,Home,South,36,1
7972,2024-10-17,4195.95,completed,Sports,West,26,1
7973,2024-10-18,811.68,completed,Home,North,27,3
7974,2024-10-18,2010.16,completed,Food,South,11,2
7975,2024-10-18,4171.03,completed,Books,North,37,4
7976,2024-10-18,1827.77,completed,Home,South,26,5
7977,2024-10-18,77.18,completed,Clothing,South,7,5
7978,2024-10-18,529.03,completed,Electronics,East,40,1
7979,2024-10-18,1036.08,completed,Home,Central,29,1
7980,2024-10-18,296.24,completed,Sports,West,12,4
7981,2024-10-18,2411.32,completed,Food,South,20,4
7982,2024-10-18,1960.03,completed,Books,South,47,5
7983,2024-10-18,1971.53,failed,Books,South,30,2
7984,2024-10-18,2873.5,completed,Books,East,38,3
7985,2024-10-18,2417.72,completed,Home,East,31,3
7986,2024-10-18,4033.27,completed,Food,North,20,3
7987,2024-10-18,1385.02,completed,Clothing,South,30,3
7988,2024-10-18,1934.35,completed,Sports,South,27,4
7989,2024-10-18,1632.88,completed,Home,North,21,2
7990,2024-10-18,790.91,completed,Food,North,15,2
7991,2024-10-18,2359.46,completed,Home,Central,36,3
7992,2024-10-18,1051.05,completed,Food,South,42,2
7993,2024-10-18,2024.95,completed,Clothing,West,14,2
7994,2024-10-18,1786.81,completed,Electronics,West,3,2
7995,2024-10-18,4776.16,completed,Home,West,21,1
7996,2024-10-18,2660.53,refunded,Books,West,7,4
7997,2024-10-18,4430.95,refunded,Sports,West,27,1
7998,2024-10-18,1025.88,pending,Clothing,North,1,4
7999,2024-10-18,1534.91,failed,Sports,East,20,1
8000,2024-10-18,92.36,completed,Clothing,Central,44,2
8001,2024-10-19,4015.91,pending,Home,South,20,3
8002,2024-10-19,1060.07,completed,Food,West,43,4
8003,2024-10-19,3918.99,pending,Books,Central,10,1
8004,2024-10-19,272.96,completed,Sports,South,48,2
8005,2024-10-19,1158.11,completed,Food,South,45,5
8006,2024-10-19,3801.42,pending,Books,South,43,1
8007,2024-10-19,3389.07,completed,Food,North,1,4
8008,2024-10-19,4395.61,completed,Books,West,8,1
8009,2024-10-19,2839.21,completed,Food,East,13,1
8010,2024-10-19,1149.91,completed,Home,East,13,2
8011,2024-10-19,4408.08,completed,Clothing,Central,29,5
8012,2024-10-19,1609.28,completed,Food,East,33,2
8013,2024-10-19,50.86,completed,Home,West,28,1
8014,2024-10-19,922.06,completed,Electronics,East,45,2
8015,2024-10-19,3049.16,pending,Sports,Central,31,1
8016,2024-10-19,626.34,completed,Clothing,North,35,5
8017,2024-10-19,566.39,completed,Food,Central,48,1
8018,2024-10-19,65.85,completed,Food,West,13,5
8019,2024-10-19,3591.31,pending,Sports,West,22,3
8020,2024-10-19,1121.24,completed,Books,Central,45,5
8021,2024-10-19,1920.7,completed,Sports,Central,30,2
8022,2024-10-19,250.98,pending,Sports,North,40,3
8023,2024-10-19,4366.16,completed,Food,North,18,4
8024,2024-10-19,517.59,failed,Food,West,24,2
8025,2024-10-19,3529.62,completed,Sports,North,26,2
8026,2024-10-19,108.96,completed,Electronics,North,34,3
8027,2024-10-19,2467.24,completed,Food,North,40,5
8028,2024-10-20,1060.1,completed,Books,West,43,2
8029,2024-10-20,952.75,completed,Home,East,30,2
8030,2024-10-20,4492.54,completed,Clothing,West,38,1
8031,2024-10-20,2129.17,pending,Food,Central,10,4
8032,2024-10-20,596.29,completed,Books,North,20,3
8033,2024-10-20,1360.01,refunded,Sports,East,46,2
8034,2024-10-20,2808.45,completed,Food,East,5,5
8035,2024-10-20,3142.88,completed,Books,East,4,1
8036,2024-10-20,3681.06,failed,Home,West,9,4
8037,2024-10-20,16.4,completed,Electronics,West,48,2
8038,2024-10-20,131.03,pending,Electronics,East,19,5
8039,2024-10-20,83.79,completed,Books,North,23,5
8040,2024-10-20,257.04,failed,Home,Central,42,3
8041,2024-10-20,1167.84,completed,Sports,East,31,3
8042,2024-10-20,537.02,completed,Electronics,West,28,2
8043,2024-10-20,2826.98,completed,Sports,East,18,2
8044,2024-10-20,3466.35,failed,Food,East,18,4
8045,2024-10-20,4139.95,completed,Clothing,East,42,1
8046,2024-10-20,4798.53,completed,Food,Central,36,3
8047,2024-10-20,2391.51,completed,Sports,West,13,1
8048,2024-10-20,2194.76,completed,Sports,South,42,5
8049,2024-10-20,886.48,pending,Books,North,23,3
8050,2024-10-20,3899.47,completed,Food,North,43,2
8051,2024-10-20,2297.75,pending,Electronics,West,43,2
8052,2024-10-20,2106.09,completed,Food,East,4,5
8053,2024-10-20,1587.79,pending,Books,North,34,4
8054,2024-10-20,2060.79,completed,Clothing,Central,37,2
8055,2024-10-21,1937.99,pending,Electronics,South,12,5
8056,2024-10-21,3697.61,completed,Electronics,East,10,4
8057,2024-10-21,4193.68,completed,Food,East,21,1
8058,2024-10-21,281.85,completed,Sports,Central,37,5
8059,2024-10-21,712.22,refunded,Food,South,24,1
8060,2024-10-21,81.49,completed,Food,West,1,5
8061,2024-10-21,2758.08,completed,Clothing,Central,27,5
8062,2024-10-21,1122.41,completed,Electronics,South,24,3
8063,2024-10-21,1843.54,completed,Food,North,19,2
8064,2024-10-21,116.58,refunded,Home,North,4,1
8065,2024-10-21,2117.02,pending,Electronics,East,22,3
8066,2024-10-21,1937.31,failed,Clothing,North,22,1
8067,2024-10-21,4039.35,completed,Electronics,South,2,5
8068,2024-10-21,624.18,refunded,Sports,West,6,5
8069,2024-10-21,1028.38,pending,Food,Central,9,1
8070,2024-10-21,3245.28,completed,Clothing,North,4,3
8071,2024-10-21,2603.44,completed,Electronics,Central,33,2
8072,2024-10-21,3331.12,completed,Food,South,24,4
8073,2024-10-21,2095.5,completed,Food,Central,47,5
8074,2024-10-21,375.37,completed,Books,North,48,2
8075,2024-10-21,2728.05,failed,Sports,Central,46,1
8076,2024-10-21,3041.75,completed,Books,South,7,3
8077,2024-10-21,32.9,completed,Home,West,49,5
8078,2024-10-21,463.47,completed,Home,Central,45,4
8079,2024-10-21,1431.12,completed,Food,South,13,4
8080,2024-10-21,1585.61,completed,Clothing,East,19,3
8081,2024-10-21,793.15,completed,Electronics,Central,21,2
8082,2024-10-21,4359.64,completed,Electronics,West,38,3
8083,2024-10-22,2135.96,failed,Clothing,West,14,2
8084,2024-10-22,4287.42,completed,Food,Central,29,5
8085,2024-10-22,2528.49,completed,Food,Central,19,3
8086,2024-10-22,4504.88,completed,Home,North,14,3
8087,2024-10-22,2261.69,completed,Food,Central,5,3
8088,2024-10-22,2611.31,completed,Food,East,31,3
8089,2024-10-22,1249.73,failed,Books,West,29,3
8090,2024-10-22,4725.69,completed,Food,Central,41,3
8091,2024-10-22,4576.66,pending,Sports,North,43,1
8092,2024-10-22,298.93,pending,Food,North,48,4
8093,2024-10-22,851.82,completed,Clothing,East,37,3
8094,2024-10-22,3210.25,pending,Books,North,16,4
8095,2024-10-22,4632.29,completed,Clothing,West,1,2
8096,2024-10-22,622.47,completed,Clothing,South,38,4
8097,2024-10-22,1726.95,completed,Home,West,9,5
8098,2024-10-22,507.26,completed,Books,North,10,2
8099,2024-10-22,2579.05,pending,Sports,East,46,2
8100,2024-10-22,411.59,completed,Sports,West,44,2
8101,2024-10-22,1724.73,completed,Books,East,36,1
8102,2024-10-22,4694.09,pending,Electronics,North,12,3
8103,2024-10-22,4408.24,refunded,Food,East,4,5
8104,2024-10-22,4745.79,completed,Sports,South,31,4
8105,2024-10-22,183.68,completed,Clothing,South,42,4
8106,2024-10-22,678.79,completed,Books,East,14,5
8107,2024-10-22,545.31,completed,Books,North,10,1
8108,2024-10-22,3263.5,failed,Sports,Central,22,5
8109,2024-10-22,3967.06,completed,Home,East,23,3
8110,2024-10-23,4881.46,completed,Food,North,5,3
8111,2024-10-23,2857.0,pending,Clothing,South,26,4
8112,2024-10-23,3568.2,completed,Food,North,16,2
8113,2024-10-23,529.76,completed,Sports,North,12,1
8114,2024-10-23,2401.43,failed,Books,Central,14,4
8115,2024-10-23,3017.87,completed,Sports,South,42,1
8116,2024-10-23,3097.83,completed,Electronics,Central,39,1
8117,2024-10-23,1056.95,completed,Sports,Central,42,1
8118,2024-10-23,1592.34,pending,Books,South,28,2
8119,2024-10-23,3428.76,pending,Books,Central,45,5
8120,2024-10-23,2250.77,completed,Food,East,42,5
8121,2024-10-23,4685.04,completed,Home,South,25,3
8122,2024-10-23,3314.33,completed,Sports,East,7,3
8123,2024-10-23,1371.17,refunded,Clothing,East,38,2
8124,2024-10-23,900.46,pending,Electronics,North,3,5
8125,2024-10-23,3291.26,completed,Books,North,6,2
8126,2024-10-23,4106.58,completed,Clothing,East,15,5
8127,2024-10-23,1676.02,completed,Books,South,6,1
8128,2024-10-23,4649.89,completed,Books,East,20,2
8129,2024-10-23,3443.48,completed,Books,North,6,2
8130,2024-10-23,4990.2,pending,Electronics,North,3,4
8131,2024-10-23,2305.11,completed,Food,North,40,2
8132,2024-10-23,2896.39,completed,Clothing,North,14,3
8133,2024-10-23,2982.67,pending,Clothing,South,19,2
8134,2024-10-23,3452.83,completed,Food,West,3,4
8135,2024-10-23,1914.13,pending,Food,South,10,4
8136,2024-10-23,3248.67,failed,Food,South,35,1
8137,2024-10-23,823.21,failed,Clothing,East,12,3
8138,2024-10-24,4456.91,completed,Food,North,43,3
8139,2024-10-24,2878.09,pending,Books,North,19,5
8140,2024-10-24,1474.46,refunded,Home,South,12,3
8141,2024-10-24,2241.34,completed,Clothing,Central,9,1
8142,2024-10-24,4841.76,pending,Sports,Central,1,5
8143,2024-10-24,1988.77,completed,Clothing,East,46,1
8144,2024-10-24,4796.72,completed,Electronics,North,9,3
8145,2024-10-24,3657.96,completed,Home,East,45,1
8146,2024-10-24,1403.62,completed,Home,West,2,2
8147,2024-10-24,3943.75,completed,Food,North,24,1
8148,2024-10-24,4449.92,refunded,Food,Central,2,5
8149,2024-10-24,1599.16,completed,Home,West,47,1
8150,2024-10-24,3161.16,completed,Electronics,West,23,2
8151,2024-10-24,3387.75,completed,Food,North,22,2
8152,2024-10-24,1968.09,completed,Clothing,East,32,4
8153,2024-10-24,3762.38,failed,Sports,East,41,2
8154,2024-10-24,2549.49,completed,Electronics,South,46,4
8155,2024-10-24,2362.03,completed,Food,East,34,2
8156,2024-10-24,667.1,pending,Food,East,48,2
8157,2024-10-24,2502.34,pending,Clothing,Central,27,1
8158,2024-10-24,1233.45,completed,Sports,South,20,1
8159,2024-10-24,2928.89,completed,Books,Central,37,1
8160,2024-10-24,1631.57,failed,Electronics,North,39,3
8161,2024-10-24,3706.48,completed,Food,North,17,4
8162,2024-10-24,3667.01,completed,Clothing,West,8,3
8163,2024-10-24,3107.18,completed,Food,West,21,5
8164,2024-10-24,1940.06,completed,Books,North,15,5
8165,2024-10-25,141.14,failed,Books,South,5,1
8166,2024-10-25,1806.82,completed,Books,North,46,5
8167,2024-10-25,2118.9,pending,Sports,West,32,5
8168,2024-10-25,3402.32,failed,Electronics,West,42,4
8169,2024-10-25,2216.63,completed,Electronics,Central,40,4
8170,2024-10-25,3217.9,completed,Electronics,West,7,3
8171,2024-10-25,2968.24,completed,Home,North,12,1
8172,2024-10-25,1382.53,completed,Electronics,South,35,4
8173,2024-10-25,3855.46,completed,Sports,South,34,2
8174,2024-10-25,3618.76,completed,Clothing,West,33,1
8175,2024-10-25,850.56,completed,Home,West,40,1
8176,2024-10-25,2509.03,completed,Clothing,East,45,3
8177,2024-10-25,286.57,failed,Electronics,Central,20,2
8178,2024-10-25,1964.43,completed,Sports,South,26,5
8179,2024-10-25,483.85,failed,Books,North,7,4
8180,2024-10-25,1040.86,completed,Clothing,North,29,5
8181,2024-10-25,1941.77,pending,Home,South,48,3
8182,2024-10-25,4628.19,completed,Sports,East,10,1
8183,2024-10-25,2644.63,failed,Food,South,2,1
8184,2024-10-25,1280.38,completed,Electronics,South,43,5
8185,2024-10-25,1051.23,completed,Electronics,West,37,4
8186,2024-10-25,2155.05,completed,Sports,Central,46,2
8187,2024-10-25,3431.37,pending,Home,East,8,1
8188,2024-10-25,2221.22,completed,Clothing,West,7,2
8189,2024-10-25,4515.02,refunded,Clothing,South,33,5
8190,2024-10-25,3924.31,completed,Clothing,East,39,4
8191,2024-10-25,3557.48,completed,Clothing,West,3,3
8192,2024-10-26,149.11,completed,Sports,West,39,2
8193,2024-10-26,3481.94,completed,Books,North,39,4
8194,2024-10-26,1425.67,completed,Books,West,49,3
8195,2024-10-26,839.09,completed,Food,East,18,5
8196,2024-10-26,781.78,completed,Clothing,East,18,5
8197,2024-10-26,4122.32,completed,Home,Central,4,3
8198,2024-10-26,3058.19,completed,Clothing,Central,48,1
8199,2024-10-26,3631.68,completed,Food,East,48,1
8200,2024-10-26,2389.66,completed,Electronics,Central,8,1
8201,2024-10-26,4482.89,completed,Clothing,South,2,2
8202,2024-10-26,4771.7,completed,Electronics,West,43,2
8203,2024-10-26,3699.87,failed,Home,West,44,1
8204,2024-10-26,4799.17,refunded,Food,East,33,4
8205,2024-10-26,4721.37,pending,Electronics,Central,7,2
8206,2024-10-26,725.69,completed,Clothing,West,17,4
8207,2024-10-26,2827.64,refunded,Sports,Central,15,1
8208,2024-10-26,3573.85,completed,Home,West,33,3
8209,2024-10-26,1533.73,completed,Sports,South,9,4
8210,2024-10-26,2850.04,completed,Sports,West,1,5
8211,2024-10-26,1180.94,completed,Clothing,North,32,5
8212,2024-10-26,3871.46,completed,Electronics,East,37,5
8213,2024-10-26,1092.18,completed,Electronics,Central,27,5
8214,2024-10-26,2967.39,completed,Electronics,West,12,2
8215,2024-10-26,4346.06,completed,Books,South,15,1
8216,2024-10-26,4519.9,failed,Clothing,South,20,1
8217,2024-10-26,1570.38,completed,Clothing,North,45,3
8218,2024-10-26,1538.18,completed,Food,East,36,3
8219,2024-10-26,786.91,completed,Home,North,24,1
8220,2024-10-27,2114.95,pending,Home,East,47,1
8221,2024-10-27,4360.49,completed,Home,North,33,3
8222,2024-10-27,145.04,completed,Sports,East,31,4
8223,2024-10-27,2408.98,completed,Electronics,Central,7,1
8224,2024-10-27,4418.56,completed,Clothing,North,37,3
8225,2024-10-27,2067.77,completed,Sports,West,5,3
8226,2024-10-27,2911.81,completed,Sports,Central,35,5
8227,2024-10-27,4639.69,completed,Books,South,32,2
8228,2024-10-27,4237.18,completed,Electronics,East,17,5
8229,2024-10-27,3895.27,failed,Books,West,19,1
8230,2024-10-27,2790.3,completed,Clothing,West,27,5
8231,2024-10-27,1332.52,completed,Clothing,South,6,2
8232,2024-10-27,3423.83,completed,Electronics,West,18,3
8233,2024-10-27,2092.26,completed,Food,Central,42,5
8234,2024-10-27,4307.61,pending,Electronics,South,16,1
8235,2024-10-27,2385.1,completed,Home,Central,8,3
8236,2024-10-27,4705.97,completed,Home,North,38,3
8237,2024-10-27,4487.54,failed,Books,North,20,5
8238,2024-10-27,4094.93,completed,Books,East,12,2
8239,2024-10-27,2217.73,pending,Electronics,North,34,1
8240,2024-10-27,2844.56,pending,Books,East,48,5
8241,2024-10-27,1277.07,refunded,Home,West,1,1
8242,2024-10-27,126.55,pending,Food,East,7,4
8243,2024-10-27,2916.33,pending,Clothing,North,15,5
8244,2024-10-27,2752.82,failed,Books,West,21,5
8245,2024-10-27,2939.77,completed,Electronics,East,31,2
8246,2024-10-27,3951.05,pending,Food,West,36,2
8247,2024-10-28,132.31,pending,Electronics,South,45,1
8248,2024-10-28,3141.6,completed,Electronics,Central,40,4
8249,2024-10-28,495.97,failed,Electronics,Central,44,2
8250,2024-10-28,3094.75,failed,Sports,South,46,2
8251,2024-10-28,820.17,completed,Food,South,6,4
8252,2024-10-28,4653.35,completed,Books,East,15,4
8253,2024-10-28,4501.04,pending,Books,South,4,4
8254,2024-10-28,4954.19,completed,Electronics,South,10,1
8255,2024-10-28,1693.18,completed,Sports,North,8,5
8256,2024-10-28,1815.22,refunded,Books,West,1,4
8257,2024-10-28,4862.37,completed,Books,East,29,5
8258,2024-10-28,941.13,completed,Food,North,18,2
8259,2024-10-28,3062.4,completed,Clothing,West,14,2
8260,2024-10-28,882.04,completed,Clothing,West,2,3
8261,2024-10-28,509.48,completed,Home,Central,28,2
8262,2024-10-28,1922.22,completed,Home,South,34,2
8263,2024-10-28,3513.53,completed,Electronics,North,42,5
8264,2024-10-28,1933.83,completed,Clothing,North,1,5
8265,2024-10-28,1744.6,completed,Electronics,East,29,3
8266,2024-10-28,3288.62,pending,Electronics,East,6,1
8267,2024-10-28,389.44,completed,Electronics,East,38,3
8268,2024-10-28,4634.65,completed,Clothing,East,33,5
8269,2024-10-28,4464.93,completed,Books,South,4,3
8270,2024-10-28,287.69,completed,Electronics,North,19,2
8271,2024-10-28,1726.53,completed,Books,East,28,3
8272,2024-10-28,3356.45,completed,Sports,East,29,4
8273,2024-10-28,609.64,completed,Home,North,42,2
8274,2024-10-28,286.91,completed,Food,East,49,4
8275,2024-10-29,4568.57,completed,Food,North,21,4
8276,2024-10-29,4321.46,completed,Sports,North,21,5
8277,2024-10-29,244.61,pending,Home,West,44,2
8278,2024-10-29,3733.55,failed,Electronics,East,38,2
8279,2024-10-29,1869.84,completed,Sports,West,21,1
8280,2024-10-29,3841.12,pending,Sports,North,14,1
8281,2024-10-29,1208.16,pending,Home,South,26,1
8282,2024-10-29,1516.79,failed,Home,South,32,1
8283,2024-10-29,2320.7,completed,Food,South,7,2
8284,2024-10-29,3495.64,refunded,Books,North,12,4
8285,2024-10-29,1537.94,completed,Clothing,Central,22,4
8286,2024-10-29,2504.98,completed,Clothing,West,11,4
8287,2024-10-29,308.2,completed,Food,East,10,1
8288,2024-10-29,4733.35,completed,Food,Central,34,2
8289,2024-10-29,1453.7,failed,Home,North,28,1
8290,2024-10-29,1225.23,completed,Books,Central,13,2
8291,2024-10-29,3978.0,completed,Books,West,15,1
8292,2024-10-29,3870.9,completed,Sports,West,20,5
8293,2024-10-29,1657.6,completed,Electronics,South,5,3
8294,2024-10-29,4552.77,completed,Clothing,North,10,5
8295,2024-10-29,742.27,refunded,Electronics,North,46,1
8296,2024-10-29,1879.43,completed,Books,North,21,5
8297,2024-10-29,395.47,completed,Books,East,2,4
8298,2024-10-29,3491.2,failed,Food,East,42,2
8299,2024-10-29,4513.52,failed,Electronics,East,49,5
8300,2024-10-29,3451.2,pending,Sports,West,28,5
8301,2024-10-29,4272.64,completed,Books,Central,3,3
8302,2024-10-30,3169.51,failed,Sports,North,45,4
8303,2024-10-30,99.24,completed,Sports,East,15,2
8304,2024-10-30,2555.53,completed,Clothing,Central,45,2
8305,2024-10-30,1733.23,completed,Electronics,Central,5,5
8306,2024-10-30,4797.27,completed,Clothing,South,46,1
8307,2024-10-30,3867.78,failed,Books,North,35,2
8308,2024-10-30,4475.02,completed,Sports,North,14,3
8309,2024-10-30,3353.48,completed,Electronics,South,7,4
8310,2024-10-30,1556.31,pending,Food,Central,44,4
8311,2024-10-30,4635.07,completed,Clothing,East,17,3
8312,2024-10-30,4321.49,failed,Electronics,North,31,2
8313,2024-10-30,1701.56,failed,Clothing,East,22,1
8314,2024-10-30,4615.03,failed,Electronics,East,14,2
8315,2024-10-30,1720.75,completed,Food,West,45,3
8316,2024-10-30,3409.48,completed,Clothing,East,27,3
8317,2024-10-30,3297.44,completed,Home,Central,39,5
8318,2024-10-30,1188.74,completed,Books,North,47,5
8319,2024-10-30,4956.48,completed,Electronics,South,41,2
8320,2024-10-30,3795.09,failed,Sports,South,42,1
8321,2024-10-30,4421.68,failed,Electronics,North,47,5
8322,2024-10-30,1857.69,completed,Sports,South,3,5
8323,2024-10-30,4795.77,completed,Books,North,29,3
8324,2024-10-30,2197.07,refunded,Food,West,20,5
8325,2024-10-30,1695.15,pending,Food,West,8,2
8326,2024-10-30,1633.21,completed,Food,West,2,5
8327,2024-10-30,2869.99,completed,Sports,North,2,4
8328,2024-10-30,3749.77,completed,Clothing,North,46,1
8329,2024-10-31,4237.87,completed,Books,Central,18,4
8330,2024-10-31,2901.21,completed,Home,Central,20,1
8331,2024-10-31,1292.3,completed,Electronics,East,1,5
8332,2024-10-31,155.7,pending,Sports,Central,8,1
8333,2024-10-31,4491.97,failed,Food,North,36,2
8334,2024-10-31,363.66,completed,Clothing,Central,40,5
8335,2024-10-31,1410.56,completed,Books,South,9,3
8336,2024-10-31,577.4,pending,Electronics,North,4,5
8337,2024-10-31,2165.85,completed,Electronics,West,43,2
8338,2024-10-31,4721.21,completed,Food,North,20,5
8339,2024-10-31,4339.43,completed,Electronics,North,33,1
8340,2024-10-31,2359.96,completed,Food,South,49,1
8341,2024-10-31,3813.34,completed,Clothing,East,47,4
8342,2024-10-31,1141.28,completed,Food,West,15,2
8343,2024-10-31,4445.74,refunded,Food,North,32,3
8344,2024-10-31,603.95,completed,Clothing,East,20,1
8345,2024-10-31,3315.88,completed,Sports,West,41,3
8346,2024-10-31,226.58,completed,Home,Central,2,4
8347,2024-10-31,2077.52,refunded,Electronics,East,9,4
8348,2024-10-31,1335.2,completed,Electronics,West,7,5
8349,2024-10-31,3265.5,failed,Home,West,32,5
8350,2024-10-31,4941.74,completed,Clothing,North,35,1
8351,2024-10-31,1788.03,pending,Home,West,36,5
8352,2024-10-31,4553.34,completed,Sports,West,15,3
8353,2024-10-31,3055.35,pending,Home,Central,10,4
8354,2024-10-31,4389.05,completed,Books,North,3,3
8355,2024-10-31,1850.22,failed,Clothing,South,9,1
8356,2024-10-31,2580.5,completed,Electronics,West,36,4
8357,2024-11-01,408.13,completed,Clothing,East,17,4
8358,2024-11-01,1142.67,failed,Books,South,30,5
8359,2024-11-01,544.86,failed,Electronics,West,13,4
8360,2024-11-01,2796.43,completed,Sports,South,48,4
8361,2024-11-01,1142.68,completed,Books,South,41,4
8362,2024-11-01,4200.43,failed,Sports,West,27,5
8363,2024-11-01,2633.25,completed,Food,South,44,5
8364,2024-11-01,1939.53,completed,Home,North,5,2
8365,2024-11-01,289.19,completed,Clothing,North,25,1
8366,2024-11-01,2320.98,failed,Sports,South,17,2
8367,2024-11-01,2223.91,completed,Home,South,39,3
8368,2024-11-01,562.4,completed,Electronics,West,10,1
8369,2024-11-01,4356.89,completed,Sports,Central,31,5
8370,2024-11-01,475.69,pending,Home,East,27,3
8371,2024-11-01,793.03,completed,Clothing,West,32,5
8372,2024-11-01,2119.56,refunded,Home,West,15,3
8373,2024-11-01,4379.36,pending,Food,West,22,5
8374,2024-11-01,865.77,completed,Books,Central,14,2
8375,2024-11-01,3259.81,completed,Food,Central,8,2
8376,2024-11-01,914.71,completed,Home,South,31,1
8377,2024-11-01,2080.36,completed,Electronics,Central,45,2
8378,2024-11-01,2922.49,completed,Sports,North,24,3
8379,2024-11-01,1473.48,completed,Home,Central,44,2
8380,2024-11-01,969.5,pending,Books,North,34,5
8381,2024-11-01,4500.26,completed,Sports,Central,47,3
8382,2024-11-01,3062.98,failed,Electronics,South,33,1
8383,2024-11-01,2064.27,completed,Electronics,West,37,5
8384,2024-11-02,1490.31,completed,Books,West,6,4
8385,2024-11-02,4902.14,completed,Sports,East,11,5
8386,2024-11-02,2244.92,completed,Books,West,3,5
8387,2024-11-02,2740.52,completed,Sports,North,6,2
8388,2024-11-02,4996.86,completed,Electronics,South,22,1
8389,2024-11-02,4855.12,completed,Home,West,21,2
8390,2024-11-02,3767.25,refunded,Food,Central,45,4
8391,2024-11-02,1213.91,completed,Food,Central,1,5
8392,2024-11-02,2801.29,completed,Books,West,40,5
8393,2024-11-02,1956.23,completed,Home,East,38,4
8394,2024-11-02,3293.72,completed,Books,North,44,1
8395,2024-11-02,2787.7,completed,Home,West,21,1
8396,2024-11-02,233.19,completed,Books,North,49,1
8397,2024-11-02,401.09,completed,Books,East,29,2
8398,2024-11-02,1652.6,refunded,Electronics,Central,20,1
8399,2024-11-02,1886.5,completed,Home,East,15,1
8400,2024-11-02,287.83,completed,Books,North,39,1
8401,2024-11-02,183.89,completed,Electronics,Central,9,3
8402,2024-11-02,4215.84,completed,Electronics,East,18,5
8403,2024-11-02,885.38,completed,Food,East,38,1
8404,2024-11-02,3544.65,failed,Clothing,Central,1,1
8405,2024-11-02,3819.0,pending,Books,South,26,4
8406,2024-11-02,2527.09,completed,Home,Central,21,3
8407,2024-11-02,78.34,pending,Books,South,36,4
8408,2024-11-02,1983.15,completed,Electronics,East,16,3
8409,2024-11-02,3312.34,completed,Clothing,South,1,3
8410,2024-11-02,3908.81,completed,Electronics,Central,14,4
8411,2024-11-02,4133.57,completed,Sports,West,12,3
8412,2024-11-03,315.88,completed,Books,South,32,2
8413,2024-11-03,2107.9,completed,Sports,South,2,5
8414,2024-11-03,2840.5,failed,Sports,South,29,3
8415,2024-11-03,4461.64,pending,Books,East,44,2
8416,2024-11-03,3860.34,completed,Food,West,4,5
8417,2024-11-03,3696.99,completed,Food,North,37,2
8418,2024-11-03,1174.09,pending,Home,Central,37,5
8419,2024-11-03,2447.71,completed,Sports,East,18,3
8420,2024-11-03,3741.66,failed,Electronics,East,46,3
8421,2024-11-03,3074.38,completed,Books,Central,15,5
8422,2024-11-03,2196.24,completed,Clothing,South,17,5
8423,2024-11-03,2917.52,completed,Sports,South,49,5
8424,2024-11-03,1447.54,completed,Food,East,31,1
8425,2024-11-03,2182.25,failed,Electronics,South,40,1
8426,2024-11-03,2254.33,completed,Clothing,West,11,2
8427,2024-11-03,3985.63,completed,Sports,West,17,5
8428,2024-11-03,1503.02,completed,Clothing,East,7,2
8429,2024-11-03,2470.99,pending,Food,South,21,4
8430,2024-11-03,4843.74,pending,Sports,South,1,1
8431,2024-11-03,1182.1,completed,Food,East,7,3
8432,2024-11-03,1025.17,completed,Food,Central,34,1
8433,2024-11-03,3061.33,completed,Electronics,East,29,5
8434,2024-11-03,2993.87,completed,Electronics,Central,3,3
8435,2024-11-03,2923.67,completed,Books,South,42,1
8436,2024-11-03,3034.94,completed,Clothing,Central,16,5
8437,2024-11-03,2533.09,pending,Electronics,West,39,1
8438,2024-11-03,3848.76,completed,Home,Central,24,4
8439,2024-11-04,3166.75,failed,Home,South,20,1
8440,2024-11-04,446.94,failed,Sports,South,6,4
8441,2024-11-04,4240.16,failed,Home,South,45,1
8442,2024-11-04,3367.33,completed,Sports,South,38,1
8443,2024-11-04,2057.39,failed,Clothing,North,18,1
8444,2024-11-04,3063.89,pending,Food,Central,49,2
8445,2024-11-04,3067.94,completed,Clothing,Central,13,2
8446,2024-11-04,683.99,completed,Food,Central,32,3
8447,2024-11-04,3793.93,completed,Electronics,North,10,2
8448,2024-11-04,3529.7,completed,Sports,East,22,3
8449,2024-11-04,4150.81,pending,Books,North,24,1
8450,2024-11-04,2756.81,completed,Books,South,28,1
8451,2024-11-04,1033.28,completed,Home,South,46,5
8452,2024-11-04,4417.75,completed,Sports,North,28,1
8453,2024-11-04,1478.02,failed,Electronics,East,24,4
8454,2024-11-04,1896.91,completed,Home,West,38,5
8455,2024-11-04,4953.22,pending,Electronics,West,23,5
8456,2024-11-04,1064.38,completed,Sports,West,2,3
8457,2024-11-04,1874.69,completed,Home,East,6,1
8458,2024-11-04,1493.9,completed,Sports,Central,49,2
8459,2024-11-04,4584.84,completed,Sports,West,20,5
8460,2024-11-04,2864.54,completed,Home,East,36,4
8461,2024-11-04,427.46,completed,Home,East,37,5
8462,2024-11-04,1227.62,pending,Sports,West,40,1
8463,2024-11-04,2435.07,pending,Sports,Central,36,3
8464,2024-11-04,4352.59,completed,Clothing,West,25,4
8465,2024-11-04,4083.95,pending,Clothing,East,26,1
8466,2024-11-05,1032.17,completed,Sports,North,16,5
8467,2024-11-05,2599.95,completed,Home,South,11,1
8468,2024-11-05,2597.31,pending,Sports,South,31,5
8469,2024-11-05,4601.65,failed,Electronics,West,13,2
8470,2024-11-05,3609.11,pending,Home,West,21,5
8471,2024-11-05,4499.82,failed,Clothing,West,2,5
8472,2024-11-05,4502.39,completed,Food,Central,16,5
8473,2024-11-05,736.68,completed,Electronics,East,15,1
8474,2024-11-05,4886.6,completed,Home,East,28,2
8475,2024-11-05,172.01,completed,Electronics,East,9,5
8476,2024-11-05,2805.5,completed,Food,Central,30,1
8477,2024-11-05,4814.98,completed,Sports,North,43,2
8478,2024-11-05,3802.86,completed,Books,West,42,5
8479,2024-11-05,998.42,completed,Clothing,East,30,4
8480,2024-11-05,168.1,completed,Home,North,16,3
8481,2024-11-05,4399.48,completed,Food,East,17,5
8482,2024-11-05,3536.21,completed,Home,East,32,3
8483,2024-11-05,3724.52,completed,Food,Central,3,3
8484,2024-11-05,3956.98,failed,Books,West,45,2
8485,2024-11-05,593.05,completed,Books,West,6,2
8486,2024-11-05,1451.23,completed,Food,South,20,3
8487,2024-11-05,1778.67,failed,Home,East,46,1
8488,2024-11-05,1309.96,completed,Sports,South,47,1
8489,2024-11-05,4810.54,completed,Sports,Central,33,2
8490,2024-11-05,1365.09,completed,Electronics,Central,27,3
8491,2024-11-05,3829.59,completed,Home,Central,30,5
8492,2024-11-05,3384.72,failed,Home,North,49,4
8493,2024-11-05,444.82,completed,Clothing,Central,37,4
8494,2024-11-06,828.85,completed,Sports,South,4,5
8495,2024-11-06,3199.17,pending,Sports,South,34,5
8496,2024-11-06,2729.79,completed,Electronics,West,1,5
8497,2024-11-06,3281.23,completed,Sports,North,40,1
8498,2024-11-06,3914.23,completed,Electronics,North,47,2
8499,2024-11-06,1217.0,completed,Sports,Central,46,4
8500,2024-11-06,3327.99,completed,Food,South,39,2
8501,2024-11-06,2269.33,completed,Home,Central,33,3
8502,2024-11-06,2360.74,completed,Books,Central,38,1
8503,2024-11-06,4250.87,completed,Home,West,9,4
8504,2024-11-06,1082.9,pending,Food,Central,41,4
8505,2024-11-06,788.83,completed,Food,North,18,3
8506,2024-11-06,3468.24,completed,Food,East,7,2
8507,2024-11-06,3506.12,completed,Food,Central,31,1
8508,2024-11-06,3449.51,refunded,Books,Central,41,4
8509,2024-11-06,27.55,refunded,Home,West,33,5
8510,2024-11-06,833.8,pending,Home,South,19,1
8511,2024-11-06,1212.66,completed,Books,West,14,3
8512,2024-11-06,364.17,completed,Electronics,East,11,1
8513,2024-11-06,993.99,completed,Home,South,49,3
8514,2024-11-06,1191.08,completed,Electronics,North,10,4
8515,2024-11-06,427.35,completed,Sports,East,11,2
8516,2024-11-06,2773.76,completed,Books,West,27,4
8517,2024-11-06,1232.24,completed,Clothing,North,16,1
8518,2024-11-06,3508.94,completed,Sports,West,29,2
8519,2024-11-06,1202.02,completed,Food,North,11,4
8520,2024-11-06,4232.85,completed,Sports,Central,18,2
8521,2024-11-07,2309.18,completed,Electronics,South,31,2
8522,2024-11-07,41.25,failed,Home,Central,3,2
8523,2024-11-07,3945.1,completed,Food,East,15,5
8524,2024-11-07,109.01,failed,Sports,Central,38,2
8525,2024-11-07,4536.98,completed,Electronics,East,16,5
8526,2024-11-07,29.42,completed,Sports,Central,16,3
8527,2024-11-07,3783.07,completed,Books,East,36,1
8528,2024-11-07,2052.08,completed,Sports,West,25,4
8529,2024-11-07,1168.64,completed,Books,South,36,1
8530,2024-11-07,3272.27,completed,Home,Central,4,5
8531,2024-11-07,841.23,completed,Sports,South,28,2
8532,2024-11-07,1585.7,completed,Home,East,40,1
8533,2024-11-07,1549.9,completed,Food,South,16,5
8534,2024-11-07,677.22,completed,Home,East,8,2
8535,2024-11-07,396.94,completed,Books,West,14,3
8536,2024-11-07,3423.06,completed,Sports,Central,16,4
8537,2024-11-07,1860.16,failed,Food,Central,46,3
8538,2024-11-07,250.83,completed,Books,North,8,5
8539,2024-11-07,4876.47,failed,Sports,West,38,5
8540,2024-11-07,3175.01,completed,Clothing,East,48,3
8541,2024-11-07,687.57,refunded,Home,North,36,3
8542,2024-11-07,4716.81,pending,Clothing,East,3,4
8543,2024-11-07,1119.89,failed,Home,West,3,1
8544,2024-11-07,4320.52,completed,Clothing,North,44,4
8545,2024-11-07,219.34,pending,Sports,East,3,4
8546,2024-11-07,477.8,completed,Books,South,6,3
8547,2024-11-07,1238.19,completed,Electronics,North,47,3
8548,2024-11-07,1255.36,completed,Home,North,4,2
8549,2024-11-08,1404.14,completed,Clothing,East,25,1
8550,2024-11-08,1250.49,pending,Food,Central,13,2
8551,2024-11-08,193.41,pending,Electronics,West,27,4
8552,2024-11-08,969.44,completed,Electronics,North,1,5
8553,2024-11-08,4898.63,completed,Books,South,28,2
8554,2024-11-08,3843.34,completed,Electronics,Central,32,2
8555,2024-11-08,1199.46,pending,Books,North,42,3
8556,2024-11-08,155.63,failed,Home,Central,36,3
8557,2024-11-08,384.11,completed,Clothing,West,23,5
8558,2024-11-08,2047.03,completed,Electronics,East,48,5
8559,2024-11-08,4355.38,completed,Electronics,East,29,3
8560,2024-11-08,4448.39,completed,Clothing,South,1,2
8561,2024-11-08,1358.75,failed,Books,East,27,2
8562,2024-11-08,2800.66,completed,Food,Central,29,2
8563,2024-11-08,905.75,failed,Sports,North,5,1
8564,2024-11-08,4426.68,completed,Food,South,15,5
8565,2024-11-08,4355.66,failed,Sports,South,1,4
8566,2024-11-08,2005.67,completed,Home,North,45,4
8567,2024-11-08,1695.61,pending,Home,East,45,5
8568,2024-11-08,3912.24,completed,Sports,East,6,1
8569,2024-11-08,4109.95,completed,Clothing,North,2,4
8570,2024-11-08,4358.65,completed,Clothing,Central,26,4
8571,2024-11-08,543.57,failed,Sports,East,38,4
8572,2024-11-08,3382.15,completed,Electronics,West,21,3
8573,2024-11-08,1582.44,completed,Sports,West,4,4
8574,2024-11-08,1370.94,pending,Clothing,West,10,1
8575,2024-11-08,1094.41,completed,Food,South,14,5
8576,2024-11-09,4009.7,completed,Home,South,13,4
8577,2024-11-09,2289.94,failed,Sports,West,12,5
8578,2024-11-09,1419.98,completed,Books,North,37,4
8579,2024-11-09,1150.34,completed,Home,West,32,5
8580,2024-11-09,349.22,completed,Home,East,11,4
8581,2024-11-09,1746.28,completed,Home,North,4,2
8582,2024-11-09,2344.52,completed,Home,East,49,3
8583,2024-11-09,4479.19,pending,Electronics,South,49,4
8584,2024-11-09,47.53,completed,Food,South,18,2
8585,2024-11-09,2237.01,completed,Books,South,21,5
8586,2024-11-09,2385.5,completed,Electronics,West,36,4
8587,2024-11-09,23.16,failed,Clothing,North,24,5
8588,2024-11-09,739.29,completed,Books,West,33,1
8589,2024-11-09,180.63,completed,Books,East,35,1
8590,2024-11-09,4788.94,completed,Sports,South,40,3
8591,2024-11-09,2552.06,completed,Sports,North,11,3
8592,2024-11-09,4425.89,refunded,Home,East,35,1
8593,2024-11-09,2555.52,completed,Sports,East,23,4
8594,2024-11-09,2264.57,completed,Electronics,West,39,3
8595,2024-11-09,1606.37,pending,Books,South,23,5
8596,2024-11-09,2805.4,completed,Food,West,46,5
8597,2024-11-09,3567.96,completed,Home,North,8,1
8598,2024-11-09,1151.06,completed,Clothing,East,29,2
8599,2024-11-09,4844.98,completed,Clothing,North,12,5
8600,2024-11-09,664.56,completed,Clothing,West,46,2
8601,2024-11-09,4534.32,completed,Sports,West,39,1
8602,2024-11-09,4525.54,completed,Electronics,East,36,3
8603,2024-11-10,4782.2,failed,Clothing,North,38,5
8604,2024-11-10,4376.85,refunded,Electronics,Central,45,4
8605,2024-11-10,3744.87,failed,Food,Central,21,3
8606,2024-11-10,3546.61,completed,Clothing,East,13,3
8607,2024-11-10,4331.56,completed,Food,Central,48,4
8608,2024-11-10,4199.44,failed,Clothing,Central,29,3
8609,2024-11-10,884.43,completed,Clothing,North,15,3
8610,2024-11-10,3190.74,completed,Sports,Central,19,1
8611,2024-11-10,718.87,completed,Home,North,37,1
8612,2024-11-10,1631.19,completed,Books,East,29,5
8613,2024-11-10,2888.41,pending,Clothing,Central,16,5
8614,2024-11-10,4030.92,completed,Sports,West,7,4
8615,2024-11-10,4948.66,completed,Food,North,36,4
8616,2024-11-10,2876.87,pending,Clothing,East,41,1
8617,2024-11-10,493.59,failed,Sports,West,27,4
8618,2024-11-10,4836.1,completed,Sports,East,39,5
8619,2024-11-10,1092.66,completed,Electronics,Central,13,1
8620,2024-11-10,244.25,pending,Food,West,5,4
8621,2024-11-10,4791.12,completed,Sports,Central,30,5
8622,2024-11-10,271.67,pending,Food,North,39,3
8623,2024-11-10,57.01,pending,Home,South,16,5
8624,2024-11-10,2266.24,completed,Books,East,36,2
8625,2024-11-10,2740.67,completed,Books,West,41,5
8626,2024-11-10,1142.48,pending,Books,East,39,5
8627,2024-11-10,1625.58,completed,Food,South,6,5
8628,2024-11-10,4901.17,pending,Home,West,17,2
8629,2024-11-10,1483.29,completed,Food,North,14,3
8630,2024-11-10,3460.25,pending,Electronics,North,30,5
8631,2024-11-11,3066.76,completed,Food,East,11,1
8632,2024-11-11,588.48,failed,Electronics,East,46,5
8633,2024-11-11,1545.27,completed,Food,East,2,5
8634,2024-11-11,2040.27,completed,Electronics,North,29,5
8635,2024-11-11,3144.48,completed,Clothing,South,40,1
8636,2024-11-11,4434.85,completed,Electronics,South,14,3
8637,2024-11-11,3062.47,completed,Electronics,South,26,3
8638,2024-11-11,2269.97,failed,Food,South,14,5
8639,2024-11-11,4033.22,completed,Food,East,34,1
8640,2024-11-11,92.01,completed,Food,East,18,4
8641,2024-11-11,3936.41,completed,Books,West,39,4
8642,2024-11-11,2912.79,completed,Electronics,South,11,4
8643,2024-11-11,4055.27,completed,Electronics,North,16,2
8644,2024-11-11,4158.21,completed,Electronics,East,26,1
8645,2024-11-11,65.65,pending,Books,Central,27,4
8646,2024-11-11,4477.31,failed,Books,North,36,2
8647,2024-11-11,4206.1,completed,Books,West,25,3
8648,2024-11-11,3537.66,completed,Food,Central,15,5
8649,2024-11-11,1649.38,completed,Food,North,2,5
8650,2024-11-11,432.25,completed,Clothing,North,34,2
8651,2024-11-11,1883.18,completed,Food,North,40,3
8652,2024-11-11,1226.19,completed,Electronics,North,7,4
8653,2024-11-11,2738.61,completed,Sports,Central,31,1
8654,2024-11-11,2436.61,failed,Clothing,Central,4,5
8655,2024-11-11,2977.96,completed,Home,North,16,4
8656,2024-11-11,792.24,failed,Sports,East,17,2
8657,2024-11-11,2183.2,completed,Books,West,33,4
8658,2024-11-12,1253.58,completed,Home,Central,38,2
8659,2024-11-12,1877.96,completed,Books,North,1,4
8660,2024-11-12,1410.51,completed,Home,South,9,4
8661,2024-11-12,1869.32,completed,Sports,Central,35,5
8662,2024-11-12,2104.09,pending,Food,West,6,4
8663,2024-11-12,3998.82,refunded,Electronics,East,44,1
8664,2024-11-12,2040.36,completed,Clothing,South,21,4
8665,2024-11-12,802.6,pending,Sports,North,20,3
8666,2024-11-12,4810.42,completed,Sports,Central,27,2
8667,2024-11-12,3579.72,completed,Clothing,North,29,1
8668,2024-11-12,2334.27,completed,Clothing,Central,24,5
8669,2024-11-12,4487.24,completed,Books,North,36,1
8670,2024-11-12,905.99,completed,Clothing,Central,18,1
8671,2024-11-12,2156.98,failed,Electronics,Central,25,2
8672,2024-11-12,4393.66,refunded,Books,North,16,4
8673,2024-11-12,3447.86,completed,Clothing,West,32,5
8674,2024-11-12,215.29,refunded,Food,East,9,5
8675,2024-11-12,2739.21,completed,Clothing,Central,26,1
8676,2024-11-12,96.44,pending,Sports,East,22,5
8677,2024-11-12,56.5,completed,Clothing,West,39,1
8678,2024-11-12,4851.6,pending,Electronics,Central,20,5
8679,2024-11-12,4600.43,completed,Clothing,South,24,4
8680,2024-11-12,2559.09,completed,Home,Central,41,2
8681,2024-11-12,2566.38,failed,Food,Central,33,5
8682,2024-11-12,4133.02,completed,Clothing,Central,29,5
8683,2024-11-12,1235.09,completed,Home,West,16,1
8684,2024-11-12,4653.13,pending,Sports,North,17,4
8685,2024-11-12,4188.01,pending,Food,South,3,1
8686,2024-11-13,3938.93,completed,Books,East,15,5
8687,2024-11-13,3818.16,completed,Clothing,Central,17,4
8688,2024-11-13,716.49,completed,Electronics,South,41,4
8689,2024-11-13,1577.9,completed,Books,West,12,1
8690,2024-11-13,1515.78,completed,Food,South,26,5
8691,2024-11-13,360.23,completed,Food,South,8,4
8692,2024-11-13,978.5,completed,Books,South,36,1
8693,2024-11-13,3837.21,completed,Food,North,41,3
8694,2024-11-13,3654.3,pending,Sports,East,27,5
8695,2024-11-13,3565.29,completed,Sports,North,30,3
8696,2024-11-13,1929.25,completed,Electronics,North,46,2
8697,2024-11-13,1805.19,completed,Food,East,25,3
8698,2024-11-13,4177.19,completed,Food,North,26,3
8699,2024-11-13,2081.38,failed,Food,East,1,5
8700,2024-11-13,3012.42,pending,Clothing,West,27,3
8701,2024-11-13,3817.76,completed,Books,Central,4,5
8702,2024-11-13,318.67,failed,Electronics,South,48,2
8703,2024-11-13,4849.4,completed,Sports,Central,4,4
8704,2024-11-13,297.15,completed,Books,Central,12,3
8705,2024-11-13,3932.17,completed,Food,North,49,4
8706,2024-11-13,2123.27,completed,Books,North,34,3
8707,2024-11-13,783.81,pending,Electronics,Central,47,5
8708,2024-11-13,3897.93,pending,Home,West,10,4
8709,2024-11-13,2039.21,completed,Sports,South,23,2
8710,2024-11-13,401.1,completed,Sports,South,16,5
8711,2024-11-13,1218.13,pending,Sports,South,16,4
8712,2024-11-13,2432.75,completed,Books,South,43,4
8713,2024-11-14,963.96,completed,Clothing,East,25,5
8714,2024-11-14,3814.11,completed,Food,Central,25,2
8715,2024-11-14,2950.8,completed,Books,North,46,5
8716,2024-11-14,4401.49,completed,Sports,South,30,3
8717,2024-11-14,1232.75,completed,Books,North,22,2
8718,2024-11-14,2682.4,completed,Books,East,17,5
8719,2024-11-14,275.8,completed,Clothing,West,32,2
8720,2024-11-14,1163.91,completed,Books,Central,3,4
8721,2024-11-14,2424.72,completed,Electronics,West,24,2
8722,2024-11-14,856.41,refunded,Home,South,20,2
8723,2024-11-14,3554.85,completed,Books,North,35,5
8724,2024-11-14,1438.35,completed,Electronics,Central,27,3
8725,2024-11-14,1180.7,completed,Clothing,West,43,4
8726,2024-11-14,4653.32,completed,Sports,East,3,2
8727,2024-11-14,398.58,pending,Home,West,11,2
8728,2024-11-14,2189.34,completed,Books,South,21,3
8729,2024-11-14,1348.08,failed,Books,East,49,4
8730,2024-11-14,4781.18,completed,Clothing,North,12,3
8731,2024-11-14,4576.57,completed,Food,East,40,1
8732,2024-11-14,4222.06,completed,Books,East,48,1
8733,2024-11-14,3602.66,completed,Home,North,49,4
8734,2024-11-14,39.56,completed,Home,South,38,5
8735,2024-11-14,1562.71,completed,Food,West,41,2
8736,2024-11-14,2096.59,completed,Clothing,East,39,5
8737,2024-11-14,2006.36,refunded,Clothing,East,21,1
8738,2024-11-14,389.42,pending,Sports,Central,2,2
8739,2024-11-14,2021.86,completed,Electronics,Central,10,1
8740,2024-11-15,1726.43,completed,Sports,Central,15,3
8741,2024-11-15,523.09,completed,Home,Central,49,4
8742,2024-11-15,4336.98,pending,Books,East,6,2
8743,2024-11-15,3731.43,refunded,Electronics,East,19,4
8744,2024-11-15,1827.35,completed,Clothing,South,9,2
8745,2024-11-15,4605.11,pending,Clothing,East,38,1
8746,2024-11-15,1855.26,completed,Sports,Central,24,3
8747,2024-11-15,443.62,pending,Sports,East,18,4
8748,2024-11-15,3774.32,completed,Home,North,9,4
8749,2024-11-15,75.67,failed,Electronics,North,34,3
8750,2024-11-15,3393.34,completed,Electronics,East,39,1
8751,2024-11-15,3825.21,completed,Clothing,West,45,5
8752,2024-11-15,1249.7,completed,Books,East,28,4
8753,2024-11-15,1815.7,pending,Books,Central,38,5
8754,2024-11-15,1937.52,completed,Electronics,West,46,5
8755,2024-11-15,1282.58,pending,Food,East,31,3
8756,2024-11-15,3000.69,completed,Electronics,Central,39,1
8757,2024-11-15,4890.62,completed,Home,West,35,2
8758,2024-11-15,4387.93,completed,Electronics,East,24,4
8759,2024-11-15,847.2,completed,Clothing,North,41,4
8760,2024-11-15,3812.31,completed,Books,West,11,3
8761,2024-11-15,350.65,completed,Sports,South,6,3
8762,2024-11-15,2850.49,completed,Home,Central,46,3
8763,2024-11-15,4349.08,failed,Sports,East,32,4
8764,2024-11-15,1939.33,refunded,Electronics,North,47,5
8765,2024-11-15,1799.09,completed,Electronics,North,39,1
8766,2024-11-15,3609.5,completed,Sports,Central,45,3
8767,2024-11-15,2076.7,completed,Clothing,East,42,3
8768,2024-11-16,4786.63,failed,Clothing,Central,32,4
8769,2024-11-16,2903.29,completed,Clothing,West,39,3
8770,2024-11-16,1984.62,completed,Food,East,27,4
8771,2024-11-16,2416.8,completed,Clothing,West,43,5
8772,2024-11-16,888.74,completed,Food,North,14,3
8773,2024-11-16,169.74,completed,Sports,North,1,2
8774,2024-11-16,624.52,completed,Food,West,14,1
8775,2024-11-16,3467.73,completed,Electronics,North,19,1
8776,2024-11-16,4956.12,completed,Clothing,East,18,2
8777,2024-11-16,3074.14,completed,Clothing,North,8,1
8778,2024-11-16,2886.81,pending,Sports,North,49,2
8779,2024-11-16,4619.72,completed,Home,East,16,1
8780,2024-11-16,1522.2,completed,Electronics,South,19,1
8781,2024-11-16,4406.0,refunded,Sports,East,27,1
8782,2024-11-16,4990.22,completed,Electronics,Central,34,4
8783,2024-11-16,335.74,completed,Home,North,11,3
8784,2024-11-16,4192.79,pending,Sports,South,10,4
8785,2024-11-16,4511.23,completed,Home,South,10,3
8786,2024-11-16,877.54,completed,Food,West,32,5
8787,2024-11-16,569.73,pending,Food,East,29,1
8788,2024-11-16,3364.45,completed,Home,South,31,5
8789,2024-11-16,3947.03,pending,Electronics,Central,14,1
8790,2024-11-16,4968.16,completed,Books,North,6,5
8791,2024-11-16,323.37,completed,Food,Central,12,5
8792,2024-11-16,4202.58,completed,Sports,East,34,1
8793,2024-11-16,1658.03,completed,Sports,Central,36,5
8794,2024-11-16,1860.04,completed,Food,East,4,2
8795,2024-11-17,2295.53,completed,Clothing,North,16,3
8796,2024-11-17,4546.99,completed,Books,East,40,5
8797,2024-11-17,2205.41,completed,Electronics,South,4,2
8798,2024-11-17,1624.21,completed,Books,South,46,1
8799,2024-11-17,1951.53,refunded,Sports,North,16,1
8800,2024-11-17,2404.55,completed,Food,West,44,5
8801,2024-11-17,1967.92,completed,Home,North,6,3
8802,2024-11-17,4585.17,failed,Sports,West,43,4
8803,2024-11-17,4968.78,completed,Books,East,2,1
8804,2024-11-17,1133.69,pending,Sports,South,20,2
8805,2024-11-17,411.79,failed,Sports,East,5,4
8806,2024-11-17,1848.96,refunded,Books,East,15,4
8807,2024-11-17,2950.18,pending,Food,East,46,4
8808,2024-11-17,1211.75,refunded,Clothing,Central,32,2
8809,2024-11-17,4496.94,failed,Home,Central,6,5
8810,2024-11-17,3702.38,completed,Books,South,2,5
8811,2024-11-17,510.69,completed,Food,West,21,2
8812,2024-11-17,2898.54,completed,Books,Central,19,2
8813,2024-11-17,3747.12,completed,Electronics,Central,25,3
8814,2024-11-17,4358.41,completed,Books,South,9,2
8815,2024-11-17,4778.59,completed,Clothing,West,29,5
8816,2024-11-17,1092.2,failed,Clothing,East,13,3
8817,2024-11-17,4108.71,completed,Home,West,20,4
8818,2024-11-17,1956.07,completed,Sports,Central,14,4
8819,2024-11-17,2676.31,completed,Books,East,41,4
8820,2024-11-17,313.64,completed,Electronics,North,19,4
8821,2024-11-17,2174.15,completed,Clothing,North,8,1
8822,2024-11-17,829.03,completed,Books,South,36,1
8823,2024-11-18,2043.71,completed,Books,North,8,4
8824,2024-11-18,4567.9,failed,Books,East,32,2
8825,2024-11-18,2607.71,completed,Electronics,Central,5,2
8826,2024-11-18,882.12,failed,Home,North,41,2
8827,2024-11-18,1377.49,refunded,Books,East,7,5
8828,2024-11-18,3437.7,completed,Electronics,Central,46,3
8829,2024-11-18,3820.06,completed,Clothing,Central,25,5
8830,2024-11-18,2847.48,completed,Clothing,South,30,1
8831,2024-11-18,4475.29,failed,Sports,East,32,1
8832,2024-11-18,1451.9,completed,Books,East,43,5
8833,2024-11-18,1403.27,completed,Home,Central,33,5
8834,2024-11-18,3551.33,completed,Food,South,39,3
8835,2024-11-18,3380.8,completed,Home,East,16,5
8836,2024-11-18,2712.15,completed,Sports,West,41,3
8837,2024-11-18,2197.92,completed,Electronics,South,26,3
8838,2024-11-18,790.02,completed,Electronics,West,8,3
8839,2024-11-18,4997.7,completed,Clothing,East,23,1
8840,2024-11-18,3134.78,failed,Electronics,South,39,5
8841,2024-11-18,3174.26,refunded,Home,North,44,1
8842,2024-11-18,4040.96,failed,Electronics,South,29,1
8843,2024-11-18,1192.86,completed,Books,West,2,1
8844,2024-11-18,978.82,completed,Electronics,North,4,2
8845,2024-11-18,176.97,completed,Clothing,North,47,2
8846,2024-11-18,3969.18,completed,Clothing,East,12,1
8847,2024-11-18,3189.3,completed,Sports,North,3,1
8848,2024-11-18,4816.13,completed,Home,East,8,3
8849,2024-11-18,963.63,failed,Sports,Central,47,1
8850,2024-11-19,3809.56,failed,Electronics,Central,21,2
8851,2024-11-19,169.98,failed,Food,North,2,3
8852,2024-11-19,245.29,pending,Clothing,East,35,3
8853,2024-11-19,2289.48,pending,Books,South,42,4
8854,2024-11-19,4109.42,completed,Clothing,South,43,3
8855,2024-11-19,3750.41,completed,Clothing,South,33,5
8856,2024-11-19,2698.91,completed,Food,South,23,4
8857,2024-11-19,3906.81,completed,Books,West,33,3
8858,2024-11-19,4554.12,completed,Clothing,South,36,5
8859,2024-11-19,1070.44,pending,Sports,East,26,5
8860,2024-11-19,2832.22,completed,Clothing,East,8,5
8861,2024-11-19,3134.29,completed,Books,North,34,3
8862,2024-11-19,4437.06,completed,Sports,South,22,5
8863,2024-11-19,490.76,completed,Sports,East,38,2
8864,2024-11-19,453.38,completed,Electronics,South,41,4
8865,2024-11-19,3389.43,completed,Home,East,35,3
8866,2024-11-19,4229.15,completed,Books,Central,36,2
8867,2024-11-19,1767.77,completed,Sports,East,33,3
8868,2024-11-19,2698.94,completed,Home,South,9,4
8869,2024-11-19,2709.53,completed,Food,Central,9,4
8870,2024-11-19,2208.35,completed,Clothing,West,18,2
8871,2024-11-19,803.21,completed,Sports,East,40,5
8872,2024-11-19,4916.53,pending,Sports,Central,37,5
8873,2024-11-19,3925.56,completed,Sports,West,5,1
8874,2024-11-19,1525.89,pending,Food,West,35,5
8875,2024-11-19,3119.76,failed,Home,East,11,4
8876,2024-11-19,1466.46,completed,Clothing,West,17,3
8877,2024-11-20,4734.52,completed,Clothing,North,39,4
8878,2024-11-20,3151.46,completed,Food,North,13,1
8879,2024-11-20,3577.96,completed,Books,South,31,1
8880,2024-11-20,2158.88,failed,Home,Central,16,2
8881,2024-11-20,60.66,completed,Clothing,Central,24,3
8882,2024-11-20,2073.49,completed,Home,North,3,3
8883,2024-11-20,2715.46,completed,Sports,North,38,3
8884,2024-11-20,4678.07,completed,Electronics,East,17,3
8885,2024-11-20,1082.31,pending,Electronics,West,37,1
8886,2024-11-20,3823.03,completed,Electronics,Central,7,3
8887,2024-11-20,348.41,refunded,Home,Central,29,5
8888,2024-11-20,3016.97,completed,Clothing,Central,41,2
8889,2024-11-20,2739.65,completed,Books,East,5,1
8890,2024-11-20,3631.76,completed,Electronics,South,35,1
8891,2024-11-20,3369.02,completed,Food,South,49,2
8892,2024-11-20,4259.84,completed,Sports,West,6,3
8893,2024-11-20,1017.71,completed,Books,Central,24,3
8894,2024-11-20,1863.04,completed,Clothing,West,33,2
8895,2024-11-20,2809.24,completed,Clothing,West,24,4
8896,2024-11-20,378.81,refunded,Books,North,37,1
8897,2024-11-20,2415.31,completed,Home,North,2,2
8898,2024-11-20,3488.15,completed,Electronics,Central,5,3
8899,2024-11-20,4351.8,pending,Clothing,South,12,4
8900,2024-11-20,4629.56,pending,Clothing,South,9,2
8901,2024-11-20,3010.81,pending,Home,South,21,2
8902,2024-11-20,3901.12,completed,Food,South,9,4
8903,2024-11-20,685.34,pending,Home,North,36,3
8904,2024-11-20,248.39,completed,Electronics,North,11,1
8905,2024-11-21,2497.06,completed,Home,West,15,5
8906,2024-11-21,818.14,completed,Sports,Central,9,5
8907,2024-11-21,3891.8,completed,Electronics,East,46,3
8908,2024-11-21,537.39,pending,Electronics,East,28,5
8909,2024-11-21,398.62,completed,Electronics,Central,47,2
8910,2024-11-21,1432.65,completed,Sports,Central,38,5
8911,2024-11-21,1790.69,completed,Clothing,North,44,3
8912,2024-11-21,4719.23,completed,Food,Central,31,2
8913,2024-11-21,4721.81,completed,Clothing,West,23,4
8914,2024-11-21,4679.66,completed,Electronics,South,40,4
8915,2024-11-21,666.03,completed,Clothing,North,19,3
8916,2024-11-21,1429.5,completed,Clothing,West,31,2
8917,2024-11-21,1436.85,completed,Electronics,Central,40,1
8918,2024-11-21,2240.39,pending,Sports,North,22,3
8919,2024-11-21,862.74,completed,Books,West,29,5
8920,2024-11-21,3623.78,pending,Clothing,Central,24,2
8921,2024-11-21,213.73,completed,Clothing,Central,8,4
8922,2024-11-21,737.2,completed,Electronics,West,39,4
8923,2024-11-21,3476.9,completed,Home,North,6,5
8924,2024-11-21,1344.38,pending,Sports,South,10,4
8925,2024-11-21,1167.49,completed,Home,West,28,4
8926,2024-11-21,4149.37,completed,Food,South,48,4
8927,2024-11-21,1455.58,failed,Clothing,West,13,3
8928,2024-11-21,1969.71,failed,Sports,North,49,4
8929,2024-11-21,2594.63,completed,Home,North,3,3
8930,2024-11-21,1773.39,completed,Food,East,44,4
8931,2024-11-21,2495.72,completed,Food,East,5,3
8932,2024-11-22,3357.64,completed,Sports,North,16,4
8933,2024-11-22,1057.78,failed,Food,South,19,5
8934,2024-11-22,3118.07,completed,Clothing,South,20,3
8935,2024-11-22,4580.06,completed,Home,West,28,3
8936,2024-11-22,955.65,completed,Electronics,East,28,3
8937,2024-11-22,1194.2,completed,Clothing,South,46,5
8938,2024-11-22,2285.5,failed,Clothing,West,48,1
8939,2024-11-22,3083.67,completed,Home,East,48,4
8940,2024-11-22,1965.36,completed,Clothing,East,16,1
8941,2024-11-22,4218.02,failed,Books,North,3,3
8942,2024-11-22,76.16,completed,Books,North,20,5
8943,2024-11-22,3410.64,completed,Books,West,35,3
8944,2024-11-22,3853.01,completed,Electronics,Central,26,4
8945,2024-11-22,2786.42,refunded,Books,Central,29,3
8946,2024-11-22,3657.36,completed,Books,East,11,4
8947,2024-11-22,3584.03,pending,Home,East,25,1
8948,2024-11-22,4601.94,completed,Clothing,Central,36,5
8949,2024-11-22,2519.9,completed,Sports,West,11,1
8950,2024-11-22,2646.3,completed,Sports,Central,21,5
8951,2024-11-22,4231.91,completed,Electronics,West,32,4
8952,2024-11-22,2478.86,pending,Home,Central,3,4
8953,2024-11-22,2848.64,pending,Clothing,West,29,2
8954,2024-11-22,4738.16,pending,Sports,Central,37,2
8955,2024-11-22,934.46,completed,Electronics,West,11,1
8956,2024-11-22,2934.19,failed,Books,South,20,1
8957,2024-11-22,1088.76,completed,Sports,South,10,4
8958,2024-11-22,4332.13,completed,Home,North,48,3
8959,2024-11-22,4165.15,completed,Home,South,28,2
8960,2024-11-23,4435.13,refunded,Sports,East,23,4
8961,2024-11-23,2840.43,completed,Books,Central,18,3
8962,2024-11-23,4119.49,completed,Electronics,North,39,3
8963,2024-11-23,2408.47,failed,Electronics,East,12,4
8964,2024-11-23,3022.45,pending,Electronics,West,9,5
8965,2024-11-23,3219.87,completed,Clothing,South,40,4
8966,2024-11-23,3241.3,completed,Food,West,28,4
8967,2024-11-23,597.97,completed,Clothing,South,49,2
8968,2024-11-23,3333.52,pending,Home,North,40,3
8969,2024-11-23,335.07,pending,Clothing,North,21,1
8970,2024-11-23,1726.91,completed,Food,West,10,4
8971,2024-11-23,1743.63,completed,Sports,South,1,1
8972,2024-11-23,2724.22,completed,Sports,North,12,2
8973,2024-11-23,3483.13,completed,Sports,North,13,1
8974,2024-11-23,4432.75,pending,Sports,East,4,2
8975,2024-11-23,3984.64,completed,Sports,Central,38,5
8976,2024-11-23,3650.82,completed,Home,North,34,4
8977,2024-11-23,3357.1,completed,Electronics,East,40,3
8978,2024-11-23,2803.15,completed,Food,North,11,3
8979,2024-11-23,2163.65,completed,Electronics,Central,15,2
8980,2024-11-23,2629.04,completed,Electronics,North,5,1
8981,2024-11-23,2022.09,completed,Home,North,8,3
8982,2024-11-23,78.07,completed,Home,South,8,1
8983,2024-11-23,509.13,completed,Home,Central,7,4
8984,2024-11-23,527.31,completed,Sports,Central,24,2
8985,2024-11-23,2320.98,pending,Electronics,North,16,2
8986,2024-11-23,1340.62,completed,Home,West,39,4
8987,2024-11-24,3010.74,completed,Home,South,41,4
8988,2024-11-24,3713.07,failed,Electronics,West,42,2
8989,2024-11-24,2869.13,failed,Electronics,West,3,3
8990,2024-11-24,3555.98,completed,Clothing,South,5,1
8991,2024-11-24,4682.03,completed,Clothing,Central,43,1
8992,2024-11-24,1705.74,completed,Clothing,North,6,5
8993,2024-11-24,3741.47,completed,Electronics,South,39,2
8994,2024-11-24,4729.8,failed,Clothing,Central,6,2
8995,2024-11-24,3037.51,completed,Clothing,East,40,5
8996,2024-11-24,4904.04,pending,Books,South,4,3
8997,2024-11-24,261.37,completed,Electronics,East,47,3
8998,2024-11-24,1010.86,completed,Home,Central,28,4
8999,2024-11-24,4854.4,completed,Electronics,South,25,2
9000,2024-11-24,1336.21,completed,Clothing,South,8,3
9001,2024-11-24,582.87,completed,Books,East,2,5
9002,2024-11-24,379.51,completed,Sports,North,24,2
9003,2024-11-24,1684.88,completed,Sports,Central,2,2
9004,2024-11-24,2215.15,completed,Clothing,Central,41,3
9005,2024-11-24,3610.64,pending,Home,West,22,5
9006,2024-11-24,966.99,completed,Books,Central,13,2
9007,2024-11-24,2154.19,failed,Sports,Central,30,5
9008,2024-11-24,2539.93,completed,Electronics,South,2,1
9009,2024-11-24,4781.7,pending,Sports,North,46,2
9010,2024-11-24,2719.36,failed,Food,North,37,5
9011,2024-11-24,2636.34,completed,Food,Central,46,3
9012,2024-11-24,4626.71,completed,Clothing,East,12,3
9013,2024-11-24,3955.33,completed,Electronics,East,32,5
9014,2024-11-25,2289.27,pending,Sports,Central,29,5
9015,2024-11-25,2662.49,completed,Home,Central,39,4
9016,2024-11-25,4661.82,pending,Sports,Central,14,2
9017,2024-11-25,936.31,completed,Home,North,17,1
9018,2024-11-25,3206.88,completed,Food,South,16,2
9019,2024-11-25,4966.59,failed,Home,East,43,3
9020,2024-11-25,4004.18,completed,Food,South,34,1
9021,2024-11-25,4704.22,completed,Food,North,2,4
9022,2024-11-25,732.56,completed,Food,North,44,2
9023,2024-11-25,1722.4,failed,Sports,South,1,2
9024,2024-11-25,3510.32,completed,Sports,Central,7,2
9025,2024-11-25,456.94,completed,Food,Central,11,3
9026,2024-11-25,3170.54,completed,Clothing,North,23,1
9027,2024-11-25,4809.14,completed,Electronics,Central,6,5
9028,2024-11-25,1959.47,completed,Clothing,West,11,5
9029,2024-11-25,3977.33,completed,Electronics,East,8,5
9030,2024-11-25,745.07,completed,Food,East,10,1
9031,2024-11-25,2367.81,completed,Books,East,23,1
9032,2024-11-25,2873.36,completed,Electronics,South,23,4
9033,2024-11-25,150.29,completed,Food,Central,34,5
9034,2024-11-25,2698.18,completed,Clothing,North,32,4
9035,2024-11-25,3709.95,completed,Books,East,39,2
9036,2024-11-25,4657.26,failed,Clothing,Central,24,1
9037,2024-11-25,1889.32,completed,Sports,West,26,3
9038,2024-11-25,2896.49,completed,Food,North,1,2
9039,2024-11-25,4802.69,refunded,Books,West,23,1
9040,2024-11-25,3720.66,completed,Food,East,29,4
9041,2024-11-25,3737.86,pending,Books,East,12,3
9042,2024-11-26,2919.91,completed,Sports,East,43,2
9043,2024-11-26,1001.63,pending,Food,West,13,4
9044,2024-11-26,2348.52,refunded,Books,North,37,5
9045,2024-11-26,1389.0,failed,Clothing,Central,49,2
9046,2024-11-26,1133.03,pending,Clothing,North,39,1
9047,2024-11-26,2755.44,completed,Books,East,18,3
9048,2024-11-26,2090.7,failed,Electronics,South,33,3
9049,2024-11-26,2826.4,completed,Clothing,South,42,3
9050,2024-11-26,4299.0,pending,Home,South,7,4
9051,2024-11-26,65.56,refunded,Food,Central,6,4
9052,2024-11-26,743.16,completed,Home,West,26,3
9053,2024-11-26,2466.41,completed,Home,East,40,2
9054,2024-11-26,3423.47,completed,Clothing,Central,12,3
9055,2024-11-26,3167.57,failed,Home,South,3,1
9056,2024-11-26,4844.67,completed,Clothing,Central,11,3
9057,2024-11-26,2678.13,completed,Electronics,Central,10,4
9058,2024-11-26,290.79,completed,Clothing,South,43,4
9059,2024-11-26,4159.67,failed,Food,Central,37,2
9060,2024-11-26,2590.25,completed,Sports,Central,32,2
9061,2024-11-26,4452.82,refunded,Clothing,North,42,4
9062,2024-11-26,3000.33,pending,Home,Central,41,5
9063,2024-11-26,4855.02,pending,Clothing,North,12,5
9064,2024-11-26,1458.33,completed,Food,Central,11,5
9065,2024-11-26,1096.59,failed,Food,Central,41,1
9066,2024-11-26,4330.29,completed,Clothing,West,32,4
9067,2024-11-26,1038.9,failed,Food,West,38,3
9068,2024-11-26,2913.02,completed,Electronics,West,12,3
9069,2024-11-27,2096.01,completed,Books,Central,18,1
9070,2024-11-27,2946.56,completed,Clothing,North,41,4
9071,2024-11-27,703.32,failed,Clothing,East,22,4
9072,2024-11-27,3666.43,completed,Sports,East,30,3
9073,2024-11-27,469.92,completed,Home,North,10,1
9074,2024-11-27,990.86,completed,Home,North,9,4
9075,2024-11-27,3161.99,completed,Electronics,South,3,3
9076,2024-11-27,3979.61,pending,Books,North,31,2
9077,2024-11-27,3539.8,completed,Home,West,4,2
9078,2024-11-27,2303.49,failed,Clothing,West,33,4
9079,2024-11-27,1690.79,pending,Electronics,East,38,4
9080,2024-11-27,285.45,completed,Clothing,East,37,1
9081,2024-11-27,1060.39,completed,Electronics,Central,2,2
9082,2024-11-27,1043.27,completed,Clothing,South,26,1
9083,2024-11-27,291.2,pending,Clothing,South,7,4
9084,2024-11-27,2575.39,completed,Home,East,42,4
9085,2024-11-27,3532.42,completed,Home,North,43,2
9086,2024-11-27,2896.29,completed,Electronics,West,25,4
9087,2024-11-27,3395.91,failed,Sports,North,35,2
9088,2024-11-27,243.55,completed,Home,Central,3,1
9089,2024-11-27,4033.5,completed,Books,South,2,2
9090,2024-11-27,4162.73,completed,Sports,Central,42,3
9091,2024-11-27,4559.09,completed,Electronics,South,26,3
9092,2024-11-27,2041.2,pending,Clothing,East,49,4
9093,2024-11-27,4948.61,completed,Food,North,25,5
9094,2024-11-27,244.82,completed,Clothing,North,19,2
9095,2024-11-27,4416.29,completed,Home,East,43,3
9096,2024-11-28,2046.2,completed,Clothing,South,2,5
9097,2024-11-28,982.4,completed,Electronics,North,27,5
9098,2024-11-28,2783.47,completed,Books,West,16,2
9099,2024-11-28,4409.91,completed,Books,West,35,3
9100,2024-11-28,1002.42,completed,Electronics,East,49,3
9101,2024-11-28,201.95,completed,Sports,Central,49,2
9102,2024-11-28,1887.77,pending,Clothing,West,16,1
9103,2024-11-28,612.4,completed,Sports,West,35,1
9104,2024-11-28,3725.12,completed,Sports,West,44,4
9105,2024-11-28,3541.71,completed,Clothing,East,36,4
9106,2024-11-28,1965.55,completed,Sports,North,12,1
9107,2024-11-28,3467.83,completed,Electronics,North,40,5
9108,2024-11-28,1477.2,completed,Electronics,East,41,1
9109,2024-11-28,623.29,completed,Clothing,East,18,2
9110,2024-11-28,2420.12,completed,Books,East,4,2
9111,2024-11-28,4922.11,completed,Home,Central,23,4
9112,2024-11-28,3974.62,completed,Electronics,South,49,3
9113,2024-11-28,159.08,pending,Food,East,17,3
9114,2024-11-28,1079.83,pending,Food,Central,45,4
9115,2024-11-28,2166.63,completed,Books,East,13,3
9116,2024-11-28,2020.69,completed,Clothing,West,21,4
9117,2024-11-28,2240.23,completed,Food,South,14,3
9118,2024-11-28,4283.08,completed,Sports,West,4,3
9119,2024-11-28,3105.91,pending,Home,East,47,4
9120,2024-11-28,738.68,completed,Food,South,16,1
9121,2024-11-28,2534.5,failed,Electronics,West,34,2
9122,2024-11-28,1012.08,refunded,Electronics,South,25,1
9123,2024-11-28,43.23,completed,Sports,South,46,5
9124,2024-11-29,746.9,completed,Food,North,26,2
9125,2024-11-29,3347.62,completed,Books,East,4,4
9126,2024-11-29,4752.2,completed,Electronics,North,49,4
9127,2024-11-29,1539.12,completed,Home,Central,28,3
9128,2024-11-29,4928.84,completed,Books,Central,34,5
9129,2024-11-29,230.81,completed,Electronics,East,16,4
9130,2024-11-29,2768.92,completed,Clothing,North,2,2
9131,2024-11-29,3909.64,completed,Sports,North,4,3
9132,2024-11-29,2208.47,completed,Home,South,38,1
9133,2024-11-29,2953.05,pending,Food,Central,1,1
9134,2024-11-29,2501.66,completed,Sports,South,16,2
9135,2024-11-29,3901.11,completed,Food,East,45,5
9136,2024-11-29,4289.72,failed,Sports,South,31,3
9137,2024-11-29,1204.94,completed,Books,West,28,3
9138,2024-11-29,3342.75,completed,Home,West,15,3
9139,2024-11-29,2049.37,completed,Home,West,20,1
9140,2024-11-29,153.93,completed,Food,Central,4,4
9141,2024-11-29,4031.44,pending,Clothing,South,19,2
9142,2024-11-29,4081.46,failed,Home,South,32,1
9143,2024-11-29,1783.38,pending,Electronics,South,2,2
9144,2024-11-29,1912.67,completed,Food,South,26,1
9145,2024-11-29,1506.46,completed,Sports,South,13,1
9146,2024-11-29,4604.32,completed,Clothing,North,5,2
9147,2024-11-29,4713.95,completed,Electronics,Central,17,2
9148,2024-11-29,4158.71,completed,Home,South,11,1
9149,2024-11-29,2324.72,completed,Books,East,32,3
9150,2024-11-29,2048.09,refunded,Clothing,West,43,5
9151,2024-11-30,4865.52,completed,Electronics,East,5,3
9152,2024-11-30,966.41,completed,Electronics,East,15,4
9153,2024-11-30,2945.91,completed,Books,East,33,5
9154,2024-11-30,4754.77,completed,Home,Central,27,5
9155,2024-11-30,4365.93,completed,Electronics,South,45,1
9156,2024-11-30,363.86,completed,Clothing,Central,18,3
9157,2024-11-30,104.38,completed,Food,South,32,1
9158,2024-11-30,789.42,completed,Home,North,45,3
9159,2024-11-30,2419.64,completed,Food,West,4,4
9160,2024-11-30,2974.61,pending,Food,East,13,3
9161,2024-11-30,1306.51,failed,Sports,North,26,4
9162,2024-11-30,1644.66,completed,Sports,East,1,2
9163,2024-11-30,1225.51,completed,Books,East,9,2
9164,2024-11-30,4821.98,completed,Clothing,West,1,3
9165,2024-11-30,4248.81,completed,Sports,West,5,4
9166,2024-11-30,1086.46,completed,Sports,West,29,5
9167,2024-11-30,369.29,completed,Electronics,East,23,4
9168,2024-11-30,3676.24,completed,Books,West,13,1
9169,2024-11-30,2202.67,completed,Clothing,West,48,3
9170,2024-11-30,668.39,completed,Electronics,East,39,3
9171,2024-11-30,2555.47,failed,Books,East,29,4
9172,2024-11-30,388.29,pending,Home,North,8,2
9173,2024-11-30,622.73,completed,Sports,West,43,4
9174,2024-11-30,3313.52,completed,Books,Central,34,1
9175,2024-11-30,2245.72,pending,Electronics,North,23,4
9176,2024-11-30,2145.2,completed,Books,West,43,3
9177,2024-11-30,3206.87,completed,Electronics,North,8,5
9178,2024-11-30,1001.93,completed,Electronics,Central,48,3
9179,2024-12-01,3995.29,completed,Food,Central,30,5
9180,2024-12-01,1134.25,completed,Food,East,26,2
9181,2024-12-01,3316.06,completed,Sports,East,27,4
9182,2024-12-01,1784.79,completed,Clothing,East,49,2
9183,2024-12-01,1469.21,completed,Electronics,West,48,1
9184,2024-12-01,1649.92,completed,Electronics,North,11,1
9185,2024-12-01,748.57,completed,Sports,South,41,5
9186,2024-12-01,1668.27,completed,Sports,West,11,3
9187,2024-12-01,1251.22,completed,Books,West,45,4
9188,2024-12-01,3362.2,completed,Clothing,West,21,5
9189,2024-12-01,3874.08,pending,Food,North,13,2
9190,2024-12-01,1623.47,completed,Clothing,North,29,2
9191,2024-12-01,1711.18,completed,Home,West,31,1
9192,2024-12-01,4651.6,pending,Home,West,29,5
9193,2024-12-01,214.17,pending,Electronics,South,25,3
9194,2024-12-01,908.26,completed,Sports,North,33,5
9195,2024-12-01,2763.27,pending,Home,Central,45,2
9196,2024-12-01,317.28,completed,Books,West,48,4
9197,2024-12-01,965.43,pending,Books,West,12,5
9198,2024-12-01,2679.73,completed,Books,South,6,4
9199,2024-12-01,748.0,completed,Food,East,19,3
9200,2024-12-01,4541.36,completed,Books,East,2,1
9201,2024-12-01,2067.61,completed,Food,West,8,5
9202,2024-12-01,345.86,failed,Home,North,10,3
9203,2024-12-01,1320.77,completed,Sports,East,1,4
9204,2024-12-01,3004.02,completed,Sports,North,31,4
9205,2024-12-01,3263.92,completed,Clothing,North,9,3
9206,2024-12-02,1015.2,completed,Clothing,East,23,1
9207,2024-12-02,1366.48,completed,Home,Central,5,3
9208,2024-12-02,4861.27,completed,Food,North,26,3
9209,2024-12-02,3956.07,pending,Electronics,West,36,2
9210,2024-12-02,389.47,completed,Clothing,North,17,1
9211,2024-12-02,2921.26,completed,Sports,West,21,5
9212,2024-12-02,845.52,pending,Sports,West,3,4
9213,2024-12-02,1546.32,completed,Home,North,39,2
9214,2024-12-02,2977.51,failed,Books,South,18,1
9215,2024-12-02,1893.51,completed,Clothing,Central,34,2
9216,2024-12-02,2790.88,completed,Books,East,33,3
9217,2024-12-02,2263.54,completed,Home,South,22,1
9218,2024-12-02,4763.6,completed,Food,Central,9,5
9219,2024-12-02,700.26,completed,Electronics,West,6,3
9220,2024-12-02,4895.24,completed,Home,West,35,2
9221,2024-12-02,3458.81,failed,Sports,East,13,3
9222,2024-12-02,4113.53,completed,Home,East,40,2
9223,2024-12-02,4978.97,completed,Clothing,South,31,5
9224,2024-12-02,3296.17,completed,Electronics,West,48,2
9225,2024-12-02,2927.29,failed,Electronics,North,5,2
9226,2024-12-02,474.98,completed,Electronics,Central,29,5
9227,2024-12-02,624.25,completed,Home,Central,28,2
9228,2024-12-02,3859.08,pending,Clothing,West,31,4
9229,2024-12-02,2562.32,completed,Home,North,34,3
9230,2024-12-02,3288.0,completed,Clothing,Central,42,4
9231,2024-12-02,842.84,completed,Home,South,25,5
9232,2024-12-02,3805.02,completed,Food,Central,41,4
9233,2024-12-03,147.25,refunded,Food,East,2,2
9234,2024-12-03,4230.14,completed,Home,North,49,1
9235,2024-12-03,4160.6,completed,Home,South,9,5
9236,2024-12-03,844.11,completed,Food,West,26,2
9237,2024-12-03,1857.46,completed,Sports,West,14,3
9238,2024-12-03,2568.03,completed,Clothing,East,26,4
9239,2024-12-03,4191.64,completed,Books,Central,16,4
9240,2024-12-03,1389.84,pending,Food,Central,1,3
9241,2024-12-03,1360.72,failed,Food,Central,28,1
9242,2024-12-03,492.2,completed,Sports,Central,4,3
9243,2024-12-03,4550.67,completed,Sports,East,13,4
9244,2024-12-03,1614.66,refunded,Sports,North,48,1
9245,2024-12-03,2202.08,completed,Food,North,26,4
9246,2024-12-03,3603.56,completed,Sports,West,26,2
9247,2024-12-03,250.14,refunded,Clothing,North,17,4
9248,2024-12-03,887.33,failed,Home,West,36,1
9249,2024-12-03,2084.14,pending,Home,East,42,2
9250,2024-12-03,943.41,completed,Clothing,West,11,4
9251,2024-12-03,4288.94,failed,Sports,East,48,2
9252,2024-12-03,4842.34,failed,Electronics,North,23,3
9253,2024-12-03,4338.34,completed,Home,Central,19,3
9254,2024-12-03,4067.12,pending,Sports,South,24,5
9255,2024-12-03,3224.89,completed,Home,South,1,5
9256,2024-12-03,4615.77,completed,Clothing,West,14,4
9257,2024-12-03,4474.93,pending,Sports,Central,19,2
9258,2024-12-03,2088.73,completed,Sports,Central,31,1
9259,2024-12-03,4377.55,pending,Clothing,North,24,3
9260,2024-12-03,2736.41,completed,Food,Central,11,1
9261,2024-12-04,2534.34,completed,Food,North,15,1
9262,2024-12-04,3544.78,completed,Home,South,5,3
9263,2024-12-04,1873.11,completed,Home,North,28,4
9264,2024-12-04,4394.91,completed,Books,West,32,3
9265,2024-12-04,4555.36,completed,Food,North,23,4
9266,2024-12-04,402.61,refunded,Books,North,39,2
9267,2024-12-04,1997.7,completed,Clothing,East,2,3
9268,2024-12-04,275.03,completed,Sports,West,29,3
9269,2024-12-04,2712.23,completed,Electronics,South,29,3
9270,2024-12-04,471.27,completed,Clothing,South,9,3
9271,2024-12-04,891.04,pending,Sports,South,5,4
9272,2024-12-04,269.14,failed,Food,Central,29,1
9273,2024-12-04,2839.38,pending,Sports,West,27,3
9274,2024-12-04,90.19,completed,Home,Central,38,2
9275,2024-12-04,1624.99,completed,Electronics,South,33,4
9276,2024-12-04,3260.67,completed,Books,South,22,3
9277,2024-12-04,2971.99,refunded,Electronics,South,20,4
9278,2024-12-04,132.75,completed,Electronics,Central,34,2
9279,2024-12-04,2910.63,completed,Clothing,West,27,2
9280,2024-12-04,1921.66,completed,Clothing,South,1,1
9281,2024-12-04,918.26,completed,Books,Central,29,2
9282,2024-12-04,1007.03,pending,Sports,East,42,2
9283,2024-12-04,3656.96,completed,Sports,West,43,4
9284,2024-12-04,4181.17,completed,Electronics,Central,35,1
9285,2024-12-04,2370.44,completed,Home,East,19,4
9286,2024-12-04,3580.68,completed,Clothing,Central,49,3
9287,2024-12-04,2390.62,failed,Sports,South,29,3
9288,2024-12-05,1644.16,completed,Clothing,Central,3,5
9289,2024-12-05,4633.97,completed,Electronics,West,43,5
9290,2024-12-05,3099.72,completed,Books,East,1,2
9291,2024-12-05,1060.49,completed,Electronics,South,21,1
9292,2024-12-05,4418.44,completed,Clothing,South,28,1
9293,2024-12-05,831.79,completed,Home,Central,2,4
9294,2024-12-05,1513.19,completed,Books,East,45,2
9295,2024-12-05,3596.66,failed,Clothing,East,19,1
9296,2024-12-05,180.84,pending,Books,East,24,5
9297,2024-12-05,981.59,completed,Books,East,11,4
9298,2024-12-05,2216.19,completed,Sports,East,11,2
9299,2024-12-05,3499.99,pending,Home,East,12,1
9300,2024-12-05,2313.48,completed,Food,South,31,3
9301,2024-12-05,98.36,completed,Sports,North,46,1
9302,2024-12-05,4979.98,completed,Clothing,Central,32,4
9303,2024-12-05,4123.29,completed,Sports,West,36,5
9304,2024-12-05,2754.57,failed,Home,North,18,2
9305,2024-12-05,4603.83,pending,Electronics,North,32,2
9306,2024-12-05,924.73,pending,Food,Central,28,4
9307,2024-12-05,139.85,pending,Clothing,Central,8,4
9308,2024-12-05,3557.87,completed,Home,West,1,5
9309,2024-12-05,324.87,completed,Home,South,7,2
9310,2024-12-05,1467.06,completed,Electronics,South,8,3
9311,2024-12-05,2630.41,pending,Clothing,East,7,4
9312,2024-12-05,685.05,completed,Home,Central,15,5
9313,2024-12-05,1459.16,failed,Home,East,41,4
9314,2024-12-05,1612.04,pending,Food,North,6,3
9315,2024-12-05,209.54,completed,Clothing,West,15,2
9316,2024-12-06,2505.48,completed,Sports,South,19,5
9317,2024-12-06,3274.71,completed,Electronics,West,23,3
9318,2024-12-06,193.42,completed,Clothing,South,8,1
9319,2024-12-06,2202.88,completed,Home,South,35,1
9320,2024-12-06,1246.09,completed,Food,Central,40,4
9321,2024-12-06,1732.38,completed,Food,South,45,3
9322,2024-12-06,3993.88,completed,Sports,Central,30,5
9323,2024-12-06,2652.79,pending,Home,West,28,5
9324,2024-12-06,1033.79,failed,Electronics,North,33,1
9325,2024-12-06,185.49,completed,Electronics,North,22,4
9326,2024-12-06,4898.97,completed,Books,West,14,3
9327,2024-12-06,1042.62,completed,Food,South,49,5
9328,2024-12-06,408.18,completed,Home,West,46,5
9329,2024-12-06,1898.74,completed,Electronics,Central,29,4
9330,2024-12-06,4797.41,completed,Electronics,North,25,5
9331,2024-12-06,2460.37,completed,Electronics,West,18,2
9332,2024-12-06,375.04,failed,Food,West,11,4
9333,2024-12-06,3294.62,pending,Sports,Central,26,3
9334,2024-12-06,3498.52,failed,Books,South,32,5
9335,2024-12-06,185.76,completed,Sports,South,12,1
9336,2024-12-06,74.63,refunded,Electronics,East,40,2
9337,2024-12-06,1409.51,pending,Clothing,Central,35,4
9338,2024-12-06,2463.46,completed,Sports,South,44,3
9339,2024-12-06,4653.47,failed,Clothing,East,7,3
9340,2024-12-06,3016.88,pending,Food,West,49,1
9341,2024-12-06,3978.81,completed,Clothing,West,1,2
9342,2024-12-06,3325.13,refunded,Food,West,41,4
9343,2024-12-07,4441.69,pending,Home,West,5,2
9344,2024-12-07,4311.84,completed,Electronics,North,7,4
9345,2024-12-07,158.93,failed,Electronics,North,35,2
9346,2024-12-07,1611.11,pending,Food,Central,46,5
9347,2024-12-07,1222.9,completed,Electronics,Central,22,4
9348,2024-12-07,92.46,completed,Home,South,37,5
9349,2024-12-07,811.47,completed,Clothing,East,27,5
9350,2024-12-07,1155.89,completed,Clothing,North,26,3
9351,2024-12-07,4976.84,failed,Sports,West,36,2
9352,2024-12-07,3671.68,completed,Books,South,33,4
9353,2024-12-07,947.17,completed,Food,Central,33,4
9354,2024-12-07,1403.09,completed,Home,South,5,1
9355,2024-12-07,1605.03,completed,Electronics,Central,44,1
9356,2024-12-07,3432.24,completed,Sports,South,11,3
9357,2024-12-07,3456.72,completed,Sports,South,29,1
9358,2024-12-07,720.28,completed,Books,Central,39,3
9359,2024-12-07,2330.26,failed,Home,East,29,5
9360,2024-12-07,771.5,completed,Electronics,South,13,2
9361,2024-12-07,2051.96,completed,Food,West,20,2
9362,2024-12-07,3415.27,completed,Food,South,31,1
9363,2024-12-07,3603.81,completed,Clothing,Central,32,4
9364,2024-12-07,444.05,completed,Food,Central,13,5
9365,2024-12-07,3602.86,completed,Electronics,Central,44,2
9366,2024-12-07,2561.38,completed,Electronics,East,40,5
9367,2024-12-07,2595.65,completed,Home,West,37,1
9368,2024-12-07,3573.06,completed,Food,Central,8,5
9369,2024-12-07,3010.77,completed,Sports,West,8,3
9370,2024-12-08,377.94,completed,Electronics,North,45,4
9371,2024-12-08,1386.22,completed,Home,East,7,1
9372,2024-12-08,2816.75,completed,Electronics,South,49,3
9373,2024-12-08,4452.07,completed,Electronics,East,10,5
9374,2024-12-08,2127.76,completed,Sports,North,3,1
9375,2024-12-08,2741.13,completed,Books,South,48,1
9376,2024-12-08,4099.07,completed,Home,South,29,1
9377,2024-12-08,4050.33,failed,Home,Central,45,4
9378,2024-12-08,1173.31,pending,Home,North,8,5
9379,2024-12-08,2585.76,completed,Electronics,West,1,4
9380,2024-12-08,3444.65,failed,Home,North,38,1
9381,2024-12-08,4253.1,pending,Electronics,North,34,3
9382,2024-12-08,3502.4,pending,Home,North,15,2
9383,2024-12-08,3218.14,failed,Food,West,24,5
9384,2024-12-08,1754.2,pending,Clothing,East,46,3
9385,2024-12-08,2437.51,completed,Food,West,17,5
9386,2024-12-08,4446.4,completed,Home,North,19,2
9387,2024-12-08,4018.39,completed,Food,North,26,2
9388,2024-12-08,2350.26,completed,Sports,Central,45,2
9389,2024-12-08,4549.26,completed,Books,Central,38,1
9390,2024-12-08,4571.42,completed,Books,East,11,5
9391,2024-12-08,1848.55,failed,Clothing,North,10,2
9392,2024-12-08,2705.51,completed,Sports,North,3,3
9393,2024-12-08,2174.33,completed,Home,East,9,4
9394,2024-12-08,3087.03,completed,Sports,North,36,2
9395,2024-12-08,2036.57,completed,Home,West,18,1
9396,2024-12-08,4133.45,pending,Clothing,Central,26,3
9397,2024-12-08,3707.9,pending,Books,South,40,1
9398,2024-12-09,2066.99,completed,Food,North,25,1
9399,2024-12-09,1504.48,completed,Sports,West,18,2
9400,2024-12-09,2626.53,failed,Books,South,49,2
9401,2024-12-09,3445.65,failed,Books,South,35,2
9402,2024-12-09,2166.6,completed,Electronics,North,39,1
9403,2024-12-09,1806.76,refunded,Food,North,33,3
9404,2024-12-09,3907.92,failed,Electronics,North,40,4
9405,2024-12-09,2383.12,completed,Sports,West,29,4
9406,2024-12-09,2906.55,refunded,Books,West,32,4
9407,2024-12-09,2567.6,completed,Food,Central,2,1
9408,2024-12-09,1044.76,completed,Electronics,South,39,3
9409,2024-12-09,4158.46,completed,Electronics,Central,22,5
9410,2024-12-09,3399.22,pending,Books,South,18,3
9411,2024-12-09,4637.05,completed,Clothing,East,38,3
9412,2024-12-09,454.21,completed,Food,South,9,3
9413,2024-12-09,3571.29,pending,Electronics,North,49,5
9414,2024-12-09,398.03,completed,Clothing,West,34,1
9415,2024-12-09,2970.1,pending,Clothing,North,25,4
9416,2024-12-09,4340.27,pending,Food,East,30,3
9417,2024-12-09,2976.12,completed,Electronics,Central,43,3
9418,2024-12-09,1495.12,completed,Electronics,Central,46,5
9419,2024-12-09,4070.52,completed,Clothing,West,25,2
9420,2024-12-09,4274.97,failed,Sports,West,14,2
9421,2024-12-09,301.67,completed,Clothing,West,21,3
9422,2024-12-09,1722.93,completed,Home,West,26,5
9423,2024-12-09,1036.0,completed,Electronics,East,8,2
9424,2024-12-09,961.67,completed,Sports,South,10,2
9425,2024-12-10,1609.0,pending,Clothing,South,42,5
9426,2024-12-10,2910.27,completed,Electronics,Central,39,1
9427,2024-12-10,1539.06,failed,Home,West,3,2
9428,2024-12-10,1661.08,failed,Books,South,25,1
9429,2024-12-10,4852.77,pending,Electronics,North,45,4
9430,2024-12-10,268.7,completed,Electronics,East,38,3
9431,2024-12-10,441.9,completed,Sports,East,18,5
9432,2024-12-10,4932.03,completed,Sports,Central,47,3
9433,2024-12-10,3040.18,pending,Electronics,Central,31,2
9434,2024-12-10,800.94,completed,Home,South,3,2
9435,2024-12-10,298.76,failed,Home,South,43,3
9436,2024-12-10,3825.56,completed,Books,East,6,3
9437,2024-12-10,2297.51,completed,Home,Central,3,4
9438,2024-12-10,425.92,completed,Clothing,South,47,3
9439,2024-12-10,4618.87,completed,Electronics,Central,7,5
9440,2024-12-10,1635.84,pending,Home,West,21,1
9441,2024-12-10,1642.78,completed,Food,West,9,3
9442,2024-12-10,3886.38,completed,Books,East,23,4
9443,2024-12-10,325.1,completed,Home,North,29,2
9444,2024-12-10,1923.1,failed,Food,West,36,3
9445,2024-12-10,1935.18,failed,Clothing,Central,13,5
9446,2024-12-10,1047.43,completed,Food,East,34,3
9447,2024-12-10,3069.12,failed,Sports,South,29,5
9448,2024-12-10,997.08,refunded,Sports,East,19,4
9449,2024-12-10,232.81,completed,Food,East,40,5
9450,2024-12-10,3884.24,completed,Food,South,29,5
9451,2024-12-10,2923.82,completed,Food,South,13,5
9452,2024-12-10,2165.97,completed,Food,South,12,1
9453,2024-12-11,3751.75,completed,Electronics,South,10,3
9454,2024-12-11,4641.27,pending,Clothing,Central,48,1
9455,2024-12-11,680.4,completed,Sports,East,1,5
9456,2024-12-11,3312.32,completed,Food,East,29,4
9457,2024-12-11,4520.78,completed,Home,East,35,3
9458,2024-12-11,151.26,pending,Home,South,22,1
9459,2024-12-11,2178.67,completed,Electronics,East,26,4
9460,2024-12-11,3650.38,refunded,Books,North,42,2
9461,2024-12-11,1077.33,failed,Home,Central,8,1
9462,2024-12-11,1154.92,completed,Clothing,East,33,2
9463,2024-12-11,966.66,failed,Books,West,3,3
9464,2024-12-11,2807.84,refunded,Books,West,32,1
9465,2024-12-11,3104.8,completed,Food,Central,27,4
9466,2024-12-11,1623.7,completed,Books,East,24,1
9467,2024-12-11,3949.81,completed,Food,East,45,3
9468,2024-12-11,682.0,completed,Sports,North,38,4
9469,2024-12-11,4310.85,failed,Food,North,28,2
9470,2024-12-11,1246.22,completed,Sports,East,7,1
9471,2024-12-11,2181.06,completed,Books,Central,34,4
9472,2024-12-11,2304.17,pending,Sports,West,28,2
9473,2024-12-11,3452.78,completed,Clothing,Central,44,4
9474,2024-12-11,529.95,completed,Sports,South,34,5
9475,2024-12-11,2099.84,failed,Sports,West,5,2
9476,2024-12-11,2437.59,completed,Clothing,Central,2,2
9477,2024-12-11,3639.9,refunded,Books,Central,29,1
9478,2024-12-11,2473.13,completed,Home,East,18,4
9479,2024-12-11,3765.8,completed,Books,Central,14,4
9480,2024-12-12,1530.76,pending,Books,South,4,1
9481,2024-12-12,974.6,completed,Sports,Central,29,1
9482,2024-12-12,3993.04,completed,Electronics,East,20,3
9483,2024-12-12,1581.47,pending,Sports,East,30,2
9484,2024-12-12,260.21,completed,Home,West,45,4
9485,2024-12-12,1317.17,pending,Electronics,East,33,5
9486,2024-12-12,1659.44,completed,Food,North,1,1
9487,2024-12-12,3587.18,completed,Electronics,Central,17,1
9488,2024-12-12,299.47,pending,Clothing,East,46,4
9489,2024-12-12,2905.11,refunded,Food,West,14,3
9490,2024-12-12,3499.91,pending,Books,West,44,1
9491,2024-12-12,998.05,completed,Books,West,21,4
9492,2024-12-12,4599.84,completed,Sports,East,23,3
9493,2024-12-12,300.09,completed,Electronics,Central,3,2
9494,2024-12-12,1372.43,completed,Clothing,East,8,2
9495,2024-12-12,1399.78,completed,Electronics,South,2,2
9496,2024-12-12,4812.48,completed,Home,North,31,2
9497,2024-12-12,3538.59,completed,Clothing,East,21,5
9498,2024-12-12,366.05,completed,Books,Central,19,3
9499,2024-12-12,3041.92,completed,Food,East,43,2
9500,2024-12-12,2290.74,completed,Clothing,North,49,1
9501,2024-12-12,3763.09,completed,Home,North,3,1
9502,2024-12-12,910.2,completed,Home,South,24,5
9503,2024-12-12,3758.34,pending,Books,North,10,5
9504,2024-12-12,811.54,completed,Home,South,41,5
9505,2024-12-12,2524.88,completed,Sports,North,24,2
9506,2024-12-12,608.29,completed,Books,West,22,5
9507,2024-12-13,4844.43,completed,Clothing,North,14,5
9508,2024-12-13,1855.81,pending,Food,East,47,5
9509,2024-12-13,997.23,completed,Home,South,23,4
9510,2024-12-13,3007.09,completed,Books,West,49,5
9511,2024-12-13,4291.13,completed,Home,West,39,3
9512,2024-12-13,2375.01,completed,Books,South,23,5
9513,2024-12-13,4226.34,completed,Books,South,12,3
9514,2024-12-13,410.93,failed,Sports,North,7,4
9515,2024-12-13,643.17,completed,Food,Central,22,3
9516,2024-12-13,2626.53,completed,Electronics,South,21,5
9517,2024-12-13,4975.5,completed,Sports,Central,35,5
9518,2024-12-13,3801.49,completed,Food,North,38,2
9519,2024-12-13,3527.95,completed,Electronics,South,4,2
9520,2024-12-13,2282.09,failed,Clothing,South,41,4
9521,2024-12-13,2606.61,pending,Food,North,3,4
9522,2024-12-13,1779.21,completed,Books,West,48,1
9523,2024-12-13,2588.67,completed,Food,West,11,2
9524,2024-12-13,2232.26,completed,Food,East,39,1
9525,2024-12-13,3474.06,completed,Sports,North,42,4
9526,2024-12-13,4573.52,pending,Sports,South,35,5
9527,2024-12-13,2986.61,pending,Clothing,West,12,5
9528,2024-12-13,4087.82,pending,Home,North,18,3
9529,2024-12-13,121.39,refunded,Home,East,28,4
9530,2024-12-13,3361.53,completed,Home,East,29,2
9531,2024-12-13,2813.73,completed,Home,West,48,3
9532,2024-12-13,2168.17,completed,Electronics,East,14,3
9533,2024-12-13,4672.66,pending,Sports,Central,24,2
9534,2024-12-13,136.21,completed,Electronics,Central,46,1
9535,2024-12-14,92.71,completed,Clothing,Central,9,1
9536,2024-12-14,4128.97,completed,Home,East,10,2
9537,2024-12-14,4719.2,completed,Sports,North,3,3
9538,2024-12-14,1307.52,completed,Sports,West,30,4
9539,2024-12-14,1490.5,pending,Books,West,34,3
9540,2024-12-14,1458.86,completed,Books,North,26,2
9541,2024-12-14,4663.84,completed,Clothing,Central,17,4
9542,2024-12-14,1112.63,pending,Books,South,38,1
9543,2024-12-14,3163.79,failed,Clothing,North,23,3
9544,2024-12-14,176.69,pending,Food,North,19,2
9545,2024-12-14,4658.24,completed,Electronics,West,31,5
9546,2024-12-14,2407.37,completed,Books,North,16,3
9547,2024-12-14,4854.12,refunded,Home,West,3,3
9548,2024-12-14,4280.96,completed,Sports,Central,10,2
9549,2024-12-14,842.68,completed,Home,North,29,3
9550,2024-12-14,2708.23,completed,Books,East,22,2
9551,2024-12-14,301.08,completed,Electronics,Central,45,1
9552,2024-12-14,1716.64,completed,Clothing,North,48,4
9553,2024-12-14,3819.58,pending,Home,East,13,1
9554,2024-12-14,1742.1,completed,Food,East,18,3
9555,2024-12-14,1913.71,pending,Books,West,37,2
9556,2024-12-14,2991.5,completed,Books,North,40,2
9557,2024-12-14,1176.31,completed,Electronics,East,30,3
9558,2024-12-14,2446.57,completed,Books,South,6,2
9559,2024-12-14,156.0,completed,Food,West,28,4
9560,2024-12-14,4391.12,completed,Clothing,East,42,3
9561,2024-12-14,4518.81,completed,Books,North,9,4
9562,2024-12-15,59.82,completed,Food,North,26,4
9563,2024-12-15,2220.22,completed,Food,South,12,1
9564,2024-12-15,4073.0,pending,Food,East,32,1
9565,2024-12-15,4519.9,failed,Books,West,9,5
9566,2024-12-15,65.86,completed,Books,East,12,2
9567,2024-12-15,2723.41,pending,Clothing,South,40,1
9568,2024-12-15,637.69,completed,Books,East,47,4
9569,2024-12-15,4484.32,completed,Home,Central,47,2
9570,2024-12-15,3531.35,failed,Books,South,13,1
9571,2024-12-15,3994.61,completed,Clothing,East,31,1
9572,2024-12-15,3910.62,pending,Food,West,29,4
9573,2024-12-15,4936.39,completed,Food,East,12,1
9574,2024-12-15,4624.59,completed,Books,Central,21,4
9575,2024-12-15,1649.74,completed,Home,West,48,5
9576,2024-12-15,4480.51,completed,Home,North,12,5
9577,2024-12-15,319.32,completed,Sports,North,43,1
9578,2024-12-15,3514.62,refunded,Sports,East,6,3
9579,2024-12-15,4477.28,pending,Home,East,41,1
9580,2024-12-15,3575.05,completed,Electronics,South,10,3
9581,2024-12-15,1920.81,completed,Sports,West,37,2
9582,2024-12-15,2414.79,completed,Books,South,42,5
9583,2024-12-15,4596.21,completed,Electronics,West,2,5
9584,2024-12-15,3506.07,pending,Clothing,West,44,2
9585,2024-12-15,1722.93,refunded,Electronics,North,36,1
9586,2024-12-15,1468.65,completed,Clothing,East,27,3
9587,2024-12-15,563.33,failed,Food,West,31,1
9588,2024-12-15,2427.65,completed,Electronics,North,4,1
9589,2024-12-15,3025.46,completed,Home,North,4,2
9590,2024-12-16,959.37,failed,Home,West,25,4
9591,2024-12-16,4308.59,failed,Clothing,East,21,2
9592,2024-12-16,448.13,completed,Food,South,49,3
9593,2024-12-16,1751.31,completed,Food,Central,36,1
9594,2024-12-16,1200.72,completed,Food,South,28,1
9595,2024-12-16,3033.28,completed,Home,North,23,2
9596,2024-12-16,2305.69,completed,Electronics,North,1,1
9597,2024-12-16,2367.04,completed,Food,North,8,4
9598,2024-12-16,2836.88,pending,Clothing,South,8,4
9599,2024-12-16,4267.35,completed,Books,North,46,3
9600,2024-12-16,4697.22,failed,Clothing,South,11,2
9601,2024-12-16,3053.35,completed,Clothing,East,20,1
9602,2024-12-16,172.48,completed,Home,Central,26,2
9603,2024-12-16,2762.4,completed,Sports,North,48,4
9604,2024-12-16,393.38,completed,Electronics,North,19,1
9605,2024-12-16,1903.27,failed,Electronics,Central,24,2
9606,2024-12-16,3588.25,completed,Books,Central,28,1
9607,2024-12-16,3622.7,completed,Books,East,18,2
9608,2024-12-16,1315.57,completed,Clothing,South,42,3
9609,2024-12-16,2760.59,completed,Clothing,East,20,4
9610,2024-12-16,1294.77,completed,Sports,South,39,2
9611,2024-12-16,4310.21,pending,Sports,Central,43,3
9612,2024-12-16,3383.39,completed,Books,Central,26,5
9613,2024-12-16,4117.35,completed,Food,South,30,1
9614,2024-12-16,3155.1,failed,Food,Central,16,2
9615,2024-12-16,126.29,completed,Electronics,South,6,2
9616,2024-12-16,1002.48,completed,Clothing,East,3,5
9617,2024-12-17,4414.33,completed,Home,South,28,4
9618,2024-12-17,683.88,pending,Electronics,South,49,5
9619,2024-12-17,3538.85,completed,Clothing,West,34,5
9620,2024-12-17,986.42,completed,Home,South,23,4
9621,2024-12-17,876.09,failed,Home,North,48,3
9622,2024-12-17,170.65,completed,Books,South,43,2
9623,2024-12-17,2276.32,completed,Clothing,East,38,1
9624,2024-12-17,365.25,completed,Electronics,East,20,3
9625,2024-12-17,3340.91,completed,Books,North,17,4
9626,2024-12-17,4596.62,pending,Clothing,West,20,2
9627,2024-12-17,4627.34,completed,Food,Central,40,4
9628,2024-12-17,4563.49,completed,Home,Central,20,2
9629,2024-12-17,2868.89,completed,Electronics,East,36,1
9630,2024-12-17,4822.05,completed,Sports,South,25,5
9631,2024-12-17,2735.22,completed,Food,South,19,3
9632,2024-12-17,790.38,completed,Books,South,32,1
9633,2024-12-17,2783.96,pending,Food,North,36,3
9634,2024-12-17,2793.15,pending,Books,East,26,2
9635,2024-12-17,2978.02,completed,Clothing,Central,25,2
9636,2024-12-17,2539.03,completed,Electronics,North,5,2
9637,2024-12-17,3469.47,completed,Books,East,47,4
9638,2024-12-17,4011.63,completed,Clothing,East,48,4
9639,2024-12-17,3904.68,completed,Electronics,Central,21,2
9640,2024-12-17,3624.81,completed,Electronics,West,29,2
9641,2024-12-17,2294.66,failed,Clothing,North,41,2
9642,2024-12-17,111.87,pending,Books,East,31,5
9643,2024-12-17,2673.26,completed,Sports,Central,39,3
9644,2024-12-18,4145.47,completed,Books,South,29,2
9645,2024-12-18,4115.94,completed,Clothing,West,5,1
9646,2024-12-18,1346.62,completed,Food,North,6,1
9647,2024-12-18,4716.0,completed,Home,West,25,5
9648,2024-12-18,4264.2,failed,Sports,South,23,3
9649,2024-12-18,3878.43,pending,Clothing,West,30,4
9650,2024-12-18,72.38,completed,Clothing,North,20,3
9651,2024-12-18,861.2,completed,Clothing,East,2,2
9652,2024-12-18,1592.63,completed,Home,East,12,1
9653,2024-12-18,1744.66,completed,Electronics,North,34,2
9654,2024-12-18,2987.55,completed,Electronics,West,32,4
9655,2024-12-18,3863.44,failed,Sports,Central,1,4
9656,2024-12-18,4993.17,completed,Home,North,38,5
9657,2024-12-18,2904.9,completed,Books,East,14,4
9658,2024-12-18,1985.77,completed,Food,South,6,2
9659,2024-12-18,744.2,completed,Home,North,5,2
9660,2024-12-18,766.12,completed,Electronics,Central,42,4
9661,2024-12-18,20.33,completed,Food,Central,12,5
9662,2024-12-18,514.06,completed,Books,East,37,4
9663,2024-12-18,1002.73,completed,Electronics,North,8,2
9664,2024-12-18,333.78,completed,Clothing,South,48,5
9665,2024-12-18,2405.14,completed,Food,South,17,5
9666,2024-12-18,4993.25,completed,Food,North,17,4
9667,2024-12-18,2234.24,completed,Home,Central,36,3
9668,2024-12-18,4016.24,completed,Clothing,Central,31,1
9669,2024-12-18,4518.03,completed,Food,Central,43,3
9670,2024-12-18,739.64,pending,Food,South,10,5
9671,2024-12-18,1444.72,completed,Food,Central,43,5
9672,2024-12-19,4194.05,completed,Home,West,37,4
9673,2024-12-19,1454.8,completed,Electronics,East,15,3
9674,2024-12-19,2227.6,completed,Food,West,8,1
9675,2024-12-19,605.01,completed,Electronics,West,49,4
9676,2024-12-19,3565.66,completed,Sports,Central,36,3
9677,2024-12-19,1252.39,refunded,Books,South,28,3
9678,2024-12-19,3322.8,completed,Sports,East,41,3
9679,2024-12-19,1243.35,completed,Electronics,South,39,5
9680,2024-12-19,1479.59,completed,Clothing,East,24,2
9681,2024-12-19,4608.86,completed,Clothing,South,15,3
9682,2024-12-19,3399.38,failed,Clothing,North,17,1
9683,2024-12-19,4621.09,completed,Clothing,Central,44,2
9684,2024-12-19,1602.62,completed,Food,West,48,5
9685,2024-12-19,2844.29,completed,Electronics,West,23,1
9686,2024-12-19,267.67,completed,Books,North,34,2
9687,2024-12-19,3641.72,completed,Food,East,6,2
9688,2024-12-19,1170.52,failed,Clothing,West,25,1
9689,2024-12-19,1359.57,completed,Home,North,41,1
9690,2024-12-19,2066.75,pending,Books,North,28,1
9691,2024-12-19,470.7,completed,Sports,South,40,4
9692,2024-12-19,1527.17,completed,Home,South,15,2
9693,2024-12-19,2509.84,completed,Sports,East,12,1
9694,2024-12-19,4773.65,completed,Home,West,38,1
9695,2024-12-19,886.99,pending,Home,East,32,1
9696,2024-12-19,2761.41,completed,Food,West,11,3
9697,2024-12-19,3381.64,completed,Food,West,9,5
9698,2024-12-19,3368.67,completed,Electronics,East,5,1
9699,2024-12-20,43.41,failed,Home,North,6,3
9700,2024-12-20,4996.33,failed,Clothing,South,19,1
9701,2024-12-20,4328.81,completed,Sports,Central,46,1
9702,2024-12-20,1335.97,completed,Food,West,11,4
9703,2024-12-20,3206.25,completed,Books,North,13,2
9704,2024-12-20,3863.59,completed,Books,West,34,4
9705,2024-12-20,3916.85,pending,Food,Central,25,5
9706,2024-12-20,3301.93,completed,Clothing,Central,1,4
9707,2024-12-20,1271.19,failed,Clothing,North,37,3
9708,2024-12-20,2579.18,failed,Home,South,22,4
9709,2024-12-20,2109.9,completed,Home,North,36,4
9710,2024-12-20,1434.26,completed,Clothing,South,35,4
9711,2024-12-20,4881.62,completed,Home,West,28,1
9712,2024-12-20,1509.97,completed,Electronics,West,31,1
9713,2024-12-20,4114.13,completed,Sports,North,40,1
9714,2024-12-20,4264.72,pending,Books,West,43,2
9715,2024-12-20,492.88,pending,Food,North,25,3
9716,2024-12-20,3803.42,completed,Books,North,5,3
9717,2024-12-20,4449.12,completed,Books,North,48,4
9718,2024-12-20,2789.86,completed,Clothing,Central,4,4
9719,2024-12-20,2161.62,pending,Food,West,11,4
9720,2024-12-20,4629.84,completed,Electronics,West,25,2
9721,2024-12-20,1347.65,failed,Books,North,17,5
9722,2024-12-20,1197.64,completed,Food,West,19,3
9723,2024-12-20,4756.54,failed,Home,West,34,2
9724,2024-12-20,4926.0,refunded,Sports,North,28,1
9725,2024-12-20,597.13,pending,Electronics,Central,20,3
9726,2024-12-20,3081.53,completed,Clothing,North,43,2
9727,2024-12-21,3981.04,refunded,Electronics,East,3,4
9728,2024-12-21,4657.56,completed,Sports,South,22,1
9729,2024-12-21,877.02,completed,Sports,South,4,3
9730,2024-12-21,2771.41,completed,Home,West,28,4
9731,2024-12-21,2887.56,pending,Food,East,12,1
9732,2024-12-21,4869.05,pending,Clothing,East,21,4
9733,2024-12-21,3537.28,completed,Home,Central,9,5
9734,2024-12-21,4311.38,completed,Sports,South,47,1
9735,2024-12-21,1510.33,pending,Food,South,45,5
9736,2024-12-21,2489.37,completed,Books,West,23,2
9737,2024-12-21,1855.05,pending,Food,South,29,5
9738,2024-12-21,2616.66,failed,Clothing,North,11,5
9739,2024-12-21,1010.76,completed,Sports,Central,28,5
9740,2024-12-21,851.53,completed,Home,North,24,3
9741,2024-12-21,3664.14,completed,Clothing,Central,22,5
9742,2024-12-21,1626.33,refunded,Books,South,31,2
9743,2024-12-21,183.56,completed,Home,Central,46,2
9744,2024-12-21,574.25,completed,Clothing,East,5,2
9745,2024-12-21,3654.87,completed,Food,South,41,5
9746,2024-12-21,3500.43,completed,Clothing,Central,35,1
9747,2024-12-21,526.49,completed,Electronics,East,34,2
9748,2024-12-21,1249.78,completed,Books,Central,23,5
9749,2024-12-21,4164.13,completed,Home,Central,3,3
9750,2024-12-21,200.4,completed,Books,East,48,3
9751,2024-12-21,1488.14,completed,Home,South,39,1
9752,2024-12-21,2668.55,pending,Electronics,Central,20,1
9753,2024-12-21,3893.02,pending,Clothing,North,38,4
9754,2024-12-22,3001.56,completed,Electronics,East,6,4
9755,2024-12-22,4227.66,failed,Sports,North,24,3
9756,2024-12-22,2636.22,completed,Books,Central,30,1
9757,2024-12-22,1397.26,failed,Electronics,South,17,4
9758,2024-12-22,3712.11,completed,Books,Central,49,2
9759,2024-12-22,3108.13,completed,Food,South,24,2
9760,2024-12-22,1799.1,refunded,Sports,Central,12,1
9761,2024-12-22,2540.72,completed,Clothing,South,25,3
9762,2024-12-22,2470.22,completed,Electronics,West,16,1
9763,2024-12-22,3914.92,completed,Electronics,North,15,2
9764,2024-12-22,3324.08,refunded,Books,West,18,2
9765,2024-12-22,1040.74,completed,Food,North,47,4
9766,2024-12-22,238.14,completed,Home,South,6,5
9767,2024-12-22,4395.71,refunded,Clothing,Central,46,4
9768,2024-12-22,3787.6,pending,Electronics,North,44,1
9769,2024-12-22,3873.85,completed,Home,West,46,4
9770,2024-12-22,1599.81,failed,Home,Central,41,2
9771,2024-12-22,1930.14,completed,Food,East,10,4
9772,2024-12-22,876.66,pending,Home,North,47,1
9773,2024-12-22,2852.63,failed,Clothing,South,41,2
9774,2024-12-22,3720.91,completed,Clothing,North,16,2
9775,2024-12-22,4580.24,completed,Clothing,East,11,5
9776,2024-12-22,1771.2,completed,Electronics,Central,46,3
9777,2024-12-22,4827.82,completed,Clothing,South,36,5
9778,2024-12-22,3299.75,completed,Clothing,North,7,4
9779,2024-12-22,791.87,failed,Electronics,Central,47,1
9780,2024-12-22,4674.18,completed,Home,North,43,2
9781,2024-12-23,1044.26,completed,Food,East,45,4
9782,2024-12-23,1239.33,completed,Home,East,28,3
9783,2024-12-23,4680.47,completed,Home,East,10,4
9784,2024-12-23,3807.88,pending,Clothing,West,33,3
9785,2024-12-23,761.25,refunded,Home,West,16,5
9786,2024-12-23,4574.08,completed,Sports,West,1,2
9787,2024-12-23,2716.5,completed,Home,West,34,2
9788,2024-12-23,4751.0,refunded,Clothing,East,32,3
9789,2024-12-23,4060.44,pending,Books,Central,34,4
9790,2024-12-23,4393.59,refunded,Clothing,North,10,4
9791,2024-12-23,1062.02,refunded,Sports,East,32,5
9792,2024-12-23,570.74,completed,Sports,South,27,2
9793,2024-12-23,4576.44,pending,Books,South,47,2
9794,2024-12-23,1908.25,pending,Books,West,20,2
9795,2024-12-23,1867.34,pending,Food,Central,36,1
9796,2024-12-23,682.44,completed,Books,South,1,4
9797,2024-12-23,2107.96,completed,Books,West,45,4
9798,2024-12-23,3525.61,completed,Electronics,North,43,2
9799,2024-12-23,4168.63,completed,Home,North,31,4
9800,2024-12-23,2482.58,completed,Home,South,40,1
9801,2024-12-23,103.37,pending,Food,West,18,3
9802,2024-12-23,3299.83,completed,Books,North,24,3
9803,2024-12-23,1496.0,completed,Books,South,13,2
9804,2024-12-23,1308.86,failed,Food,South,34,5
9805,2024-12-23,898.52,completed,Clothing,West,14,4
9806,2024-12-23,769.17,refunded,Books,East,48,1
9807,2024-12-23,3411.82,completed,Books,Central,24,5
9808,2024-12-23,4316.99,failed,Books,East,27,4
9809,2024-12-24,3421.74,completed,Clothing,East,31,5
9810,2024-12-24,4667.76,pending,Books,West,41,2
9811,2024-12-24,4551.22,completed,Sports,Central,22,3
9812,2024-12-24,194.47,completed,Books,West,16,3
9813,2024-12-24,1364.39,completed,Clothing,North,4,5
9814,2024-12-24,2052.17,pending,Sports,North,47,3
9815,2024-12-24,2793.21,completed,Books,Central,39,3
9816,2024-12-24,3860.12,completed,Sports,East,11,5
9817,2024-12-24,990.36,completed,Books,West,12,4
9818,2024-12-24,1690.37,completed,Home,North,4,1
9819,2024-12-24,4428.33,failed,Sports,North,45,3
9820,2024-12-24,4338.47,completed,Clothing,South,11,5
9821,2024-12-24,4764.96,completed,Books,West,43,5
9822,2024-12-24,3606.09,failed,Clothing,West,40,2
9823,2024-12-24,4664.93,completed,Home,East,41,5
9824,2024-12-24,118.26,completed,Food,South,45,2
9825,2024-12-24,332.25,completed,Clothing,South,44,3
9826,2024-12-24,2926.35,completed,Home,Central,19,2
9827,2024-12-24,100.05,completed,Food,South,17,2
9828,2024-12-24,130.83,completed,Sports,Central,9,3
9829,2024-12-24,2199.06,completed,Books,North,5,1
9830,2024-12-24,1245.51,completed,Electronics,South,3,4
9831,2024-12-24,4096.74,refunded,Electronics,South,1,4
9832,2024-12-24,4359.68,completed,Home,West,11,4
9833,2024-12-24,4876.99,completed,Books,West,31,2
9834,2024-12-24,4675.65,completed,Books,South,35,5
9835,2024-12-24,2086.01,completed,Electronics,North,20,5
9836,2024-12-25,420.18,completed,Electronics,West,40,1
9837,2024-12-25,1740.71,failed,Food,South,17,1
9838,2024-12-25,2040.7,completed,Home,North,11,2
9839,2024-12-25,1666.75,failed,Clothing,East,23,1
9840,2024-12-25,4798.38,failed,Sports,North,9,2
9841,2024-12-25,1493.76,completed,Sports,Central,41,3
9842,2024-12-25,4113.48,completed,Sports,West,8,5
9843,2024-12-25,4995.94,completed,Sports,North,29,4
9844,2024-12-25,4822.73,pending,Electronics,South,10,3
9845,2024-12-25,1105.05,completed,Food,South,2,4
9846,2024-12-25,4071.82,pending,Electronics,North,6,3
9847,2024-12-25,4311.38,completed,Sports,Central,5,1
9848,2024-12-25,561.66,completed,Clothing,East,11,5
9849,2024-12-25,2888.44,pending,Books,North,11,5
9850,2024-12-25,3068.95,completed,Books,West,32,2
9851,2024-12-25,4473.97,completed,Electronics,South,10,4
9852,2024-12-25,1017.39,completed,Clothing,North,12,3
9853,2024-12-25,3516.26,completed,Sports,East,23,2
9854,2024-12-25,384.46,failed,Books,South,13,2
9855,2024-12-25,2936.17,completed,Sports,East,39,3
9856,2024-12-25,1888.03,completed,Electronics,North,16,3
9857,2024-12-25,3637.08,completed,Sports,South,20,5
9858,2024-12-25,3722.1,failed,Sports,North,29,1
9859,2024-12-25,4113.82,completed,Electronics,East,13,1
9860,2024-12-25,1151.17,completed,Sports,South,27,4
9861,2024-12-25,2734.64,completed,Electronics,Central,33,1
9862,2024-12-25,1288.09,pending,Electronics,East,47,4
9863,2024-12-25,195.66,completed,Electronics,West,42,2
9864,2024-12-26,1974.15,failed,Electronics,South,31,2
9865,2024-12-26,4424.09,completed,Sports,South,36,5
9866,2024-12-26,3674.23,pending,Books,West,13,4
9867,2024-12-26,2421.49,completed,Home,South,16,5
9868,2024-12-26,4721.8,completed,Clothing,South,11,1
9869,2024-12-26,4937.42,completed,Food,East,30,5
9870,2024-12-26,579.97,completed,Home,East,18,3
9871,2024-12-26,4231.09,completed,Clothing,West,15,2
9872,2024-12-26,2274.69,completed,Electronics,North,49,2
9873,2024-12-26,4771.15,completed,Sports,Central,34,4
9874,2024-12-26,3225.05,completed,Food,East,31,5
9875,2024-12-26,506.3,failed,Home,West,24,1
9876,2024-12-26,2712.36,completed,Home,North,13,3
9877,2024-12-26,2946.41,completed,Home,East,45,3
9878,2024-12-26,3805.96,completed,Books,West,7,5
9879,2024-12-26,4219.98,completed,Food,East,30,1
9880,2024-12-26,3990.05,completed,Clothing,West,8,1
9881,2024-12-26,378.04,completed,Electronics,Central,5,2
9882,2024-12-26,4007.93,completed,Home,North,45,4
9883,2024-12-26,2649.16,failed,Electronics,South,20,2
9884,2024-12-26,1580.66,completed,Clothing,West,26,4
9885,2024-12-26,2775.58,completed,Food,North,28,3
9886,2024-12-26,1475.39,completed,Clothing,South,20,3
9887,2024-12-26,4721.73,completed,Electronics,South,19,5
9888,2024-12-26,3481.24,completed,Books,South,43,5
9889,2024-12-26,2047.95,completed,Home,Central,14,4
9890,2024-12-26,1330.86,completed,Clothing,West,37,5
9891,2024-12-27,2878.49,completed,Home,North,46,4
9892,2024-12-27,1657.98,pending,Food,South,44,4
9893,2024-12-27,1116.08,completed,Electronics,West,42,4
9894,2024-12-27,829.34,completed,Sports,East,9,3
9895,2024-12-27,345.9,completed,Food,North,29,1
9896,2024-12-27,3120.8,completed,Books,Central,25,2
9897,2024-12-27,128.99,completed,Clothing,East,11,1
9898,2024-12-27,4163.53,completed,Clothing,East,15,2
9899,2024-12-27,375.54,failed,Clothing,West,9,2
9900,2024-12-27,3814.26,pending,Food,Central,31,1
9901,2024-12-27,3421.92,refunded,Books,North,34,2
9902,2024-12-27,3026.03,completed,Home,East,34,2
9903,2024-12-27,1056.51,completed,Sports,North,28,1
9904,2024-12-27,543.31,failed,Sports,East,30,4
9905,2024-12-27,92.57,pending,Home,South,28,1
9906,2024-12-27,4975.81,completed,Home,Central,30,2
9907,2024-12-27,4833.33,completed,Books,South,33,2
9908,2024-12-27,1803.9,completed,Electronics,Central,11,5
9909,2024-12-27,1010.24,refunded,Food,Central,32,2
9910,2024-12-27,1688.59,failed,Electronics,West,23,2
9911,2024-12-27,4525.79,completed,Electronics,West,32,4
9912,2024-12-27,3624.07,completed,Food,South,26,2
9913,2024-12-27,4220.26,completed,Food,East,17,4
9914,2024-12-27,606.06,completed,Sports,Central,44,5
9915,2024-12-27,2698.11,completed,Sports,East,49,1
9916,2024-12-27,819.19,completed,Electronics,South,5,3
9917,2024-12-27,4337.31,completed,Home,North,41,3
9918,2024-12-28,2329.25,pending,Sports,West,16,5
9919,2024-12-28,254.09,completed,Books,South,23,1
9920,2024-12-28,693.44,completed,Food,West,47,4
9921,2024-12-28,2399.05,completed,Home,South,20,3
9922,2024-12-28,1556.97,completed,Sports,North,4,2
9923,2024-12-28,3521.72,completed,Sports,Central,35,4
9924,2024-12-28,4857.67,pending,Electronics,Central,44,1
9925,2024-12-28,3824.99,completed,Clothing,Central,9,1
9926,2024-12-28,2988.09,completed,Clothing,Central,2,3
9927,2024-12-28,2964.63,completed,Books,Central,49,3
9928,2024-12-28,3184.68,completed,Electronics,South,1,4
9929,2024-12-28,278.51,completed,Home,North,28,2
9930,2024-12-28,560.02,pending,Home,West,39,2
9931,2024-12-28,3408.88,completed,Home,West,10,2
9932,2024-12-28,2143.59,completed,Sports,East,36,5
9933,2024-12-28,3707.06,failed,Books,South,33,3
9934,2024-12-28,2207.21,completed,Food,West,30,5
9935,2024-12-28,3728.07,completed,Clothing,Central,48,5
9936,2024-12-28,3499.07,completed,Sports,East,36,5
9937,2024-12-28,1687.13,failed,Food,East,39,5
9938,2024-12-28,3812.78,completed,Clothing,South,2,5
9939,2024-12-28,4013.96,completed,Electronics,North,14,3
9940,2024-12-28,4704.47,completed,Sports,North,7,2
9941,2024-12-28,480.56,completed,Sports,Central,43,3
9942,2024-12-28,872.16,completed,Books,North,26,4
9943,2024-12-28,4459.52,pending,Clothing,South,8,2
9944,2024-12-28,3568.16,completed,Food,Central,28,1
9945,2024-12-28,4902.12,pending,Food,South,17,4
9946,2024-12-29,98.15,pending,Food,West,43,2
9947,2024-12-29,1489.36,completed,Home,West,24,3
9948,2024-12-29,413.09,completed,Books,East,8,4
9949,2024-12-29,4973.77,pending,Food,West,44,1
9950,2024-12-29,4439.61,failed,Food,South,42,4
9951,2024-12-29,324.21,completed,Home,South,43,4
9952,2024-12-29,2771.4,completed,Electronics,West,43,2
9953,2024-12-29,312.05,completed,Sports,South,28,2
9954,2024-12-29,3277.14,completed,Electronics,South,17,1
9955,2024-12-29,990.11,failed,Home,West,21,4
9956,2024-12-29,953.0,failed,Books,North,19,1
9957,2024-12-29,3163.99,completed,Clothing,South,17,4
9958,2024-12-29,2783.8,completed,Sports,East,45,2
9959,2024-12-29,1158.74,completed,Food,North,40,3
9960,2024-12-29,1587.32,pending,Clothing,East,31,5
9961,2024-12-29,1961.72,completed,Food,East,49,3
9962,2024-12-29,1140.78,completed,Electronics,North,14,2
9963,2024-12-29,407.52,completed,Food,West,19,5
9964,2024-12-29,209.84,completed,Food,South,37,2
9965,2024-12-29,4595.23,completed,Sports,East,43,2
9966,2024-12-29,4488.67,failed,Food,Central,46,1
9967,2024-12-29,2756.35,completed,Electronics,East,26,5
9968,2024-12-29,2505.03,completed,Food,South,22,2
9969,2024-12-29,4112.77,completed,Electronics,West,40,4
9970,2024-12-29,4775.23,pending,Food,West,14,1
9971,2024-12-29,748.24,completed,Clothing,North,10,2
9972,2024-12-29,1613.43,completed,Books,West,21,2
9973,2024-12-30,4888.11,completed,Books,West,38,5
9974,2024-12-30,1920.57,completed,Food,East,41,3
9975,2024-12-30,2649.45,failed,Food,Central,7,1
9976,2024-12-30,702.07,completed,Clothing,South,35,5
9977,2024-12-30,2231.58,completed,Electronics,South,18,1
9978,2024-12-30,3745.92,completed,Clothing,Central,49,5
9979,2024-12-30,1409.44,completed,Books,North,35,2
9980,2024-12-30,659.12,completed,Food,West,4,5
9981,2024-12-30,75.06,completed,Clothing,Central,37,2
9982,2024-12-30,1995.68,completed,Sports,North,40,3
9983,2024-12-30,1979.85,pending,Sports,North,4,2
9984,2024-12-30,2097.01,failed,Electronics,West,49,3
9985,2024-12-30,282.58,failed,Food,East,6,2
9986,2024-12-30,1945.42,pending,Sports,West,13,4
9987,2024-12-30,3460.97,completed,Books,North,28,2
9988,2024-12-30,1097.91,pending,Sports,East,41,1
9989,2024-12-30,3271.64,completed,Sports,West,22,1
9990,2024-12-30,3212.5,completed,Electronics,West,47,4
9991,2024-12-30,1711.81,completed,Electronics,East,36,4
9992,2024-12-30,2874.09,completed,Books,West,25,1
9993,2024-12-30,35.12,completed,Sports,North,22,1
9994,2024-12-30,4748.94,completed,Sports,South,1,4
9995,2024-12-30,1043.19,failed,Home,West,13,5
9996,2024-12-30,4881.67,pending,Clothing,West,44,1
9997,2024-12-30,2793.02,completed,Electronics,North,33,5
9998,2024-12-30,1216.37,completed,Home,West,47,1
9999,2024-12-30,3954.23,pending,Food,Central,4,2
10000,2024-12-31,3920.31,completed,Electronics,South,37,1
