id,date,amount,status,category,region,quantity,rating
1,2024-01-01,3243.19,completed,Home,West,5,1
2,2024-01-01,654.36,completed,Home,West,27,3
3,2024-01-01,3260.23,pending,Home,South,13,1
4,2024-01-01,3230.62,completed,Home,Central,27,4
5,2024-01-01,2350.63,refunded,Home,East,5,4
6,2024-01-01,4794.81,completed,Books,West,44,2
7,2024-01-01,1365.66,completed,Sports,North,22,2
8,2024-01-01,2883.38,pending,Clothing,West,5,5
9,2024-01-01,656.45,completed,Sports,South,9,3
10,2024-01-01,1939.12,refunded,Sports,West,26,4
11,2024-01-01,1333.14,completed,Food,North,18,1
12,2024-01-01,3482.49,completed,Books,East,7,4
13,2024-01-01,3815.34,completed,Food,West,36,1
14,2024-01-01,4297.81,completed,Home,North,7,3
15,2024-01-01,1248.41,completed,Clothing,South,47,4
16,2024-01-01,3246.47,completed,Home,East,32,1
17,2024-01-01,2538.09,pending,Sports,Central,30,1
18,2024-01-01,2681.41,completed,Clothing,South,4,1
19,2024-01-01,1131.95,completed,Electronics,West,28,2
20,2024-01-01,3545.24,completed,Books,North,13,4
21,2024-01-01,3119.7,completed,Home,East,5,1
22,2024-01-01,4533.86,refunded,Food,West,46,1
23,2024-01-01,3006.25,refunded,Clothing,South,23,5
24,2024-01-01,3474.86,completed,Home,East,36,1
25,2024-01-01,1730.33,completed,Books,North,23,3
26,2024-01-01,947.69,completed,Food,East,44,2
27,2024-01-01,4735.55,pending,Food,North,23,5
28,2024-01-01,3020.65,completed,Electronics,East,16,5
29,2024-01-02,2397.27,completed,Home,Central,49,4
30,2024-01-02,4992.74,completed,Food,West,45,4
31,2024-01-02,1331.68,completed,Sports,South,12,2
32,2024-01-02,3533.13,completed,Clothing,West,35,4
33,2024-01-02,1134.26,completed,Electronics,Central,40,1
34,2024-01-02,2206.27,completed,Electronics,South,3,4
35,2024-01-02,1902.34,completed,Books,North,49,5
36,2024-01-02,3774.05,completed,Home,North,31,4
37,2024-01-02,2342.66,completed,Sports,North,25,2
38,2024-01-02,1738.25,completed,Sports,East,2,5
39,2024-01-02,1466.76,completed,Books,Central,20,4
40,2024-01-02,4192.27,refunded,Electronics,West,25,1
41,2024-01-02,1050.23,failed,Books,Central,31,5
42,2024-01-02,2301.95,completed,Food,West,5,1
43,2024-01-02,2123.0,completed,Electronics,West,44,3
44,2024-01-02,2361.69,completed,Clothing,West,1,5
45,2024-01-02,3339.9,completed,Sports,South,30,4
46,2024-01-02,4434.82,completed,Sports,East,44,3
47,2024-01-02,796.73,completed,Clothing,East,39,1
48,2024-01-02,3585.92,completed,Sports,South,37,5
49,2024-01-02,723.12,completed,Home,Central,10,4
50,2024-01-02,43.22,completed,Electronics,North,12,3
51,2024-01-02,49.55,pending,Food,North,5,3
52,2024-01-02,4481.37,completed,Electronics,Central,37,4
53,2024-01-02,4233.18,completed,Electronics,North,48,5
54,2024-01-02,1636.71,completed,Sports,North,1,3
55,2024-01-02,3248.72,completed,Sports,East,28,2
56,2024-01-03,758.37,completed,Home,South,48,5
57,2024-01-03,3772.9,completed,Books,West,4,5
58,2024-01-03,4991.98,completed,Home,North,18,1
59,2024-01-03,4723.9,pending,Sports,Central,31,5
60,2024-01-03,3173.32,completed,Electronics,East,35,1
61,2024-01-03,2240.45,completed,Food,North,29,2
62,2024-01-03,1838.4,completed,Food,Central,19,5
63,2024-01-03,1390.44,completed,Electronics,North,48,1
64,2024-01-03,437.12,failed,Electronics,South,27,1
65,2024-01-03,1055.67,completed,Home,North,44,1
66,2024-01-03,2797.64,failed,Home,East,11,5
67,2024-01-03,1366.36,completed,Home,West,24,1
68,2024-01-03,3630.35,failed,Food,Central,45,1
69,2024-01-03,3841.26,pending,Food,North,30,1
70,2024-01-03,2388.42,failed,Home,West,34,5
71,2024-01-03,4528.71,completed,Clothing,West,34,2
72,2024-01-03,4078.24,failed,Food,North,4,1
73,2024-01-03,398.06,completed,Sports,North,35,3
74,2024-01-03,4014.44,pending,Electronics,Central,11,1
75,2024-01-03,4150.62,completed,Clothing,West,25,4
76,2024-01-03,1739.55,completed,Food,South,5,2
77,2024-01-03,2470.02,refunded,Home,Central,16,1
78,2024-01-03,359.87,pending,Home,Central,8,5
79,2024-01-03,1336.94,failed,Clothing,East,28,5
80,2024-01-03,4757.8,completed,Home,North,3,2
81,2024-01-03,4665.91,completed,Books,East,35,1
82,2024-01-03,3417.75,completed,Books,Central,48,3
83,2024-01-03,101.35,completed,Clothing,North,29,2
84,2024-01-04,129.39,completed,Clothing,Central,33,2
85,2024-01-04,2979.32,completed,Books,North,36,3
86,2024-01-04,1158.96,completed,Electronics,West,28,2
87,2024-01-04,3261.98,completed,Food,West,5,2
88,2024-01-04,488.47,completed,Electronics,West,33,3
89,2024-01-04,4937.44,completed,Electronics,West,49,3
90,2024-01-04,582.31,completed,Electronics,Central,35,4
91,2024-01-04,1690.17,completed,Sports,Central,8,2
92,2024-01-04,497.45,completed,Books,East,28,3
93,2024-01-04,1926.41,completed,Sports,North,45,1
94,2024-01-04,1688.77,failed,Sports,Central,39,4
95,2024-01-04,3232.05,completed,Electronics,East,24,3
96,2024-01-04,4297.74,completed,Clothing,West,29,3
97,2024-01-04,4052.98,failed,Food,South,45,3
98,2024-01-04,3667.08,pending,Home,South,8,1
99,2024-01-04,4989.12,pending,Books,East,10,5
100,2024-01-04,227.58,pending,Food,North,7,5
101,2024-01-04,3949.85,refunded,Home,East,44,5
102,2024-01-04,660.25,completed,Books,West,5,2
103,2024-01-04,3044.46,refunded,Sports,North,10,3
104,2024-01-04,4057.71,failed,Books,East,10,2
105,2024-01-04,3310.35,completed,Food,North,35,1
106,2024-01-04,581.63,completed,Sports,Central,3,3
107,2024-01-04,927.44,completed,Food,South,2,5
108,2024-01-04,4436.15,failed,Home,East,22,5
109,2024-01-04,4554.34,completed,Clothing,North,16,2
110,2024-01-04,3734.81,completed,Home,North,10,2
111,2024-01-05,1474.96,completed,Electronics,East,48,2
112,2024-01-05,1259.82,pending,Books,East,31,1
113,2024-01-05,369.69,completed,Food,South,36,2
114,2024-01-05,2344.71,completed,Home,West,48,5
115,2024-01-05,1979.14,failed,Food,North,35,2
116,2024-01-05,1232.89,completed,Food,East,14,3
117,2024-01-05,3254.56,completed,Electronics,Central,27,2
118,2024-01-05,1043.34,pending,Electronics,North,4,1
119,2024-01-05,453.66,completed,Books,Central,35,5
120,2024-01-05,2167.34,completed,Electronics,North,30,5
121,2024-01-05,3638.04,refunded,Food,North,46,5
122,2024-01-05,927.9,completed,Home,South,15,5
123,2024-01-05,2943.33,pending,Clothing,South,4,5
124,2024-01-05,446.2,completed,Home,West,18,3
125,2024-01-05,1350.7,completed,Food,East,15,1
126,2024-01-05,4176.25,completed,Home,East,49,5
127,2024-01-05,742.72,completed,Food,West,39,3
128,2024-01-05,3334.26,completed,Sports,East,18,2
129,2024-01-05,81.26,failed,Electronics,Central,49,3
130,2024-01-05,2749.35,completed,Sports,East,17,5
131,2024-01-05,1219.67,completed,Food,Central,36,5
132,2024-01-05,1120.25,completed,Home,West,11,2
133,2024-01-05,2526.3,completed,Food,West,6,3
134,2024-01-05,4938.65,completed,Food,Central,38,5
135,2024-01-05,1179.26,failed,Books,South,30,4
136,2024-01-05,2763.41,completed,Books,East,30,4
137,2024-01-05,1901.76,completed,Books,Central,7,2
138,2024-01-06,3477.41,completed,Home,Central,6,4
139,2024-01-06,4648.82,completed,Sports,North,38,3
140,2024-01-06,2117.33,completed,Electronics,South,39,5
141,2024-01-06,4544.25,completed,Home,Central,39,2
142,2024-01-06,4585.23,failed,Books,West,42,4
143,2024-01-06,4358.62,failed,Electronics,East,7,3
144,2024-01-06,1247.22,completed,Food,Central,25,1
145,2024-01-06,3510.36,completed,Electronics,Central,22,5
146,2024-01-06,1698.53,completed,Books,Central,8,5
147,2024-01-06,954.75,failed,Books,Central,47,1
148,2024-01-06,2312.51,completed,Home,North,33,3
149,2024-01-06,2411.76,completed,Sports,South,18,4
150,2024-01-06,3235.46,completed,Sports,East,37,5
151,2024-01-06,1612.56,completed,Sports,South,6,1
152,2024-01-06,409.83,completed,Food,North,46,2
153,2024-01-06,1455.21,completed,Food,West,30,4
154,2024-01-06,4094.52,completed,Sports,South,20,1
155,2024-01-06,4319.6,completed,Electronics,West,26,1
156,2024-01-06,357.33,completed,Books,West,19,1
157,2024-01-06,1023.54,pending,Clothing,Central,21,5
158,2024-01-06,309.42,completed,Clothing,Central,24,3
159,2024-01-06,2504.05,pending,Home,East,11,3
160,2024-01-06,873.72,completed,Food,Central,30,1
161,2024-01-06,3893.47,completed,Books,Central,6,3
162,2024-01-06,4111.4,completed,Electronics,South,24,4
163,2024-01-06,2492.71,failed,Clothing,South,41,5
164,2024-01-06,2332.25,pending,Food,South,35,3
165,2024-01-06,2686.38,completed,Home,West,16,1
166,2024-01-07,1207.05,failed,Food,East,29,5
167,2024-01-07,3466.63,completed,Books,South,3,1
168,2024-01-07,3384.98,pending,Sports,North,47,1
169,2024-01-07,723.04,failed,Clothing,East,12,5
170,2024-01-07,1542.32,refunded,Clothing,West,7,3
171,2024-01-07,2392.12,completed,Books,West,47,1
172,2024-01-07,4558.18,completed,Food,North,20,5
173,2024-01-07,821.93,completed,Sports,South,13,1
174,2024-01-07,372.36,completed,Food,North,1,5
175,2024-01-07,674.16,completed,Food,South,23,5
176,2024-01-07,1179.85,completed,Clothing,South,41,2
177,2024-01-07,3055.54,failed,Sports,Central,7,5
178,2024-01-07,163.17,failed,Sports,South,36,5
179,2024-01-07,178.17,refunded,Food,South,10,5
180,2024-01-07,4447.69,completed,Sports,West,44,5
181,2024-01-07,604.77,completed,Home,North,17,5
182,2024-01-07,1645.61,pending,Food,West,36,1
183,2024-01-07,1809.43,completed,Electronics,Central,27,2
184,2024-01-07,3975.58,completed,Electronics,North,28,1
185,2024-01-07,4561.37,completed,Books,Central,18,2
186,2024-01-07,3859.56,completed,Sports,South,37,4
187,2024-01-07,2511.63,completed,Books,West,13,1
188,2024-01-07,2711.15,completed,Sports,West,19,5
189,2024-01-07,2198.53,completed,Electronics,South,27,5
190,2024-01-07,4901.43,failed,Books,North,16,5
191,2024-01-07,4805.57,completed,Books,North,5,5
192,2024-01-07,3807.09,completed,Home,East,47,4
193,2024-01-08,4405.41,completed,Food,Central,9,5
194,2024-01-08,2779.15,completed,Sports,East,12,3
195,2024-01-08,2818.81,completed,Clothing,East,34,5
196,2024-01-08,3726.22,completed,Home,East,8,4
197,2024-01-08,1761.04,completed,Books,South,33,3
198,2024-01-08,3310.82,completed,Sports,Central,22,2
199,2024-01-08,2120.13,pending,Books,East,35,2
200,2024-01-08,4609.91,completed,Sports,East,4,5
201,2024-01-08,1785.35,completed,Sports,Central,7,1
202,2024-01-08,3184.54,completed,Sports,Central,22,4
203,2024-01-08,107.98,completed,Home,Central,7,4
204,2024-01-08,2913.93,completed,Home,North,38,2
205,2024-01-08,3880.08,completed,Sports,North,17,3
206,2024-01-08,4166.66,pending,Books,Central,17,5
207,2024-01-08,4388.56,completed,Electronics,North,17,1
208,2024-01-08,2530.44,failed,Food,South,16,2
209,2024-01-08,2936.92,completed,Books,East,43,5
210,2024-01-08,1597.17,completed,Home,South,19,5
211,2024-01-08,4768.1,completed,Clothing,Central,21,5
212,2024-01-08,3165.2,completed,Home,North,28,4
213,2024-01-08,1288.18,completed,Books,East,30,4
214,2024-01-08,4460.48,completed,Home,South,48,2
215,2024-01-08,3189.17,completed,Sports,South,5,3
216,2024-01-08,3425.75,completed,Books,East,11,3
217,2024-01-08,640.85,completed,Sports,East,49,3
218,2024-01-08,114.01,completed,Books,West,31,3
219,2024-01-08,2941.56,completed,Sports,Central,20,2
220,2024-01-08,849.39,completed,Food,East,31,4
221,2024-01-09,3444.99,completed,Electronics,South,34,1
222,2024-01-09,3023.38,refunded,Clothing,Central,32,3
223,2024-01-09,1637.58,completed,Books,East,29,5
224,2024-01-09,2185.64,completed,Electronics,West,41,4
225,2024-01-09,4148.34,completed,Food,East,22,1
226,2024-01-09,3402.8,completed,Electronics,South,16,3
227,2024-01-09,1556.93,completed,Books,West,4,1
228,2024-01-09,2513.18,completed,Clothing,West,8,5
229,2024-01-09,2276.36,completed,Sports,West,13,1
230,2024-01-09,250.99,refunded,Books,West,23,4
231,2024-01-09,1798.82,failed,Home,East,36,3
232,2024-01-09,618.81,completed,Home,North,45,3
233,2024-01-09,860.81,pending,Food,East,16,1
234,2024-01-09,1692.81,completed,Food,West,23,3
235,2024-01-09,4978.36,pending,Books,East,33,2
236,2024-01-09,2978.68,failed,Books,North,25,4
237,2024-01-09,1555.55,pending,Books,West,30,5
238,2024-01-09,830.11,completed,Food,East,17,5
239,2024-01-09,1913.53,pending,Books,South,16,5
240,2024-01-09,1383.37,completed,Electronics,North,47,2
241,2024-01-09,4367.9,completed,Electronics,East,8,5
242,2024-01-09,2637.46,pending,Food,North,25,1
243,2024-01-09,4674.29,completed,Home,East,10,5
244,2024-01-09,1633.36,completed,Food,West,49,2
245,2024-01-09,652.27,pending,Home,South,33,5
246,2024-01-09,4264.9,completed,Clothing,South,26,3
247,2024-01-09,3200.16,completed,Electronics,West,26,2
248,2024-01-10,3460.03,completed,Clothing,South,47,1
249,2024-01-10,782.06,completed,Food,East,26,1
250,2024-01-10,1576.21,failed,Electronics,South,23,5
251,2024-01-10,300.17,completed,Food,West,44,4
252,2024-01-10,1372.54,completed,Books,Central,1,2
253,2024-01-10,3367.85,completed,Clothing,North,1,3
254,2024-01-10,4040.35,completed,Sports,East,18,5
255,2024-01-10,4679.49,completed,Clothing,South,27,5
256,2024-01-10,1736.94,pending,Sports,Central,18,4
257,2024-01-10,1306.92,completed,Electronics,West,29,5
258,2024-01-10,4254.97,completed,Clothing,West,41,1
259,2024-01-10,1803.8,completed,Food,South,31,3
260,2024-01-10,2057.37,completed,Clothing,North,42,2
261,2024-01-10,1095.5,completed,Books,West,30,3
262,2024-01-10,274.11,completed,Clothing,West,44,3
263,2024-01-10,970.63,completed,Electronics,South,15,1
264,2024-01-10,929.2,completed,Electronics,South,11,4
265,2024-01-10,3712.77,completed,Home,West,8,2
266,2024-01-10,3200.27,completed,Books,West,36,4
267,2024-01-10,337.08,completed,Home,North,43,2
268,2024-01-10,93.68,refunded,Electronics,East,24,4
269,2024-01-10,2370.57,completed,Sports,East,40,4
270,2024-01-10,2840.47,completed,Food,Central,6,4
271,2024-01-10,3359.76,completed,Home,South,19,3
272,2024-01-10,1520.74,completed,Books,East,27,2
273,2024-01-10,2814.35,completed,Electronics,East,3,3
274,2024-01-10,3030.6,completed,Sports,Central,1,4
275,2024-01-11,163.21,completed,Books,Central,17,3
276,2024-01-11,4954.4,completed,Home,North,34,5
277,2024-01-11,4725.84,completed,Sports,West,47,2
278,2024-01-11,1886.67,completed,Sports,North,39,1
279,2024-01-11,2971.57,completed,Food,Central,43,3
280,2024-01-11,1903.78,refunded,Food,North,36,4
281,2024-01-11,4196.34,completed,Books,East,33,3
282,2024-01-11,461.46,completed,Sports,Central,18,2
283,2024-01-11,881.29,refunded,Clothing,East,43,4
284,2024-01-11,3636.58,failed,Clothing,North,21,5
285,2024-01-11,1232.98,completed,Home,North,28,5
286,2024-01-11,4933.46,completed,Sports,Central,35,5
287,2024-01-11,4178.08,pending,Food,West,30,2
288,2024-01-11,4148.88,failed,Clothing,West,8,1
289,2024-01-11,846.99,completed,Clothing,East,14,1
290,2024-01-11,1006.93,completed,Food,South,10,5
291,2024-01-11,4059.23,completed,Sports,North,26,2
292,2024-01-11,2123.24,completed,Books,West,36,1
293,2024-01-11,3727.47,completed,Food,Central,48,2
294,2024-01-11,3130.87,completed,Sports,East,8,3
295,2024-01-11,4352.5,completed,Books,South,15,4
296,2024-01-11,3988.64,completed,Home,East,29,1
297,2024-01-11,3351.66,completed,Books,West,49,3
298,2024-01-11,3178.79,completed,Home,Central,7,3
299,2024-01-11,3992.67,completed,Sports,South,1,1
300,2024-01-11,2484.11,failed,Home,North,20,3
301,2024-01-11,2615.33,refunded,Food,North,8,4
302,2024-01-11,4705.53,refunded,Clothing,North,23,2
303,2024-01-12,3971.29,completed,Food,Central,44,4
304,2024-01-12,4408.0,completed,Home,South,42,5
305,2024-01-12,3372.58,completed,Sports,East,45,2
306,2024-01-12,1882.55,failed,Books,West,21,3
307,2024-01-12,4626.15,failed,Electronics,South,41,5
308,2024-01-12,1267.22,completed,Food,South,29,1
309,2024-01-12,1595.11,completed,Electronics,North,40,1
310,2024-01-12,1140.72,completed,Clothing,West,10,4
311,2024-01-12,3575.19,completed,Home,South,35,1
312,2024-01-12,2938.02,completed,Sports,North,27,3
313,2024-01-12,2874.19,completed,Electronics,North,27,3
314,2024-01-12,3510.44,completed,Food,West,24,2
315,2024-01-12,4142.95,completed,Books,North,43,2
316,2024-01-12,1312.38,completed,Home,Central,24,2
317,2024-01-12,3816.32,completed,Food,Central,32,3
318,2024-01-12,2611.06,completed,Home,Central,43,4
319,2024-01-12,4456.92,completed,Home,South,42,4
320,2024-01-12,209.01,completed,Home,West,41,5
321,2024-01-12,1179.78,completed,Food,Central,21,3
322,2024-01-12,907.05,failed,Food,East,33,3
323,2024-01-12,289.06,completed,Food,South,19,1
324,2024-01-12,3345.62,pending,Home,North,48,4
325,2024-01-12,3953.77,completed,Electronics,East,48,3
326,2024-01-12,2634.52,completed,Books,West,35,1
327,2024-01-12,4170.78,completed,Electronics,West,29,4
328,2024-01-12,3195.66,completed,Clothing,North,49,3
329,2024-01-12,3230.38,completed,Electronics,West,31,3
330,2024-01-13,1171.79,completed,Electronics,West,39,3
331,2024-01-13,4828.05,pending,Home,North,18,3
332,2024-01-13,2475.6,completed,Electronics,South,46,1
333,2024-01-13,4815.32,pending,Home,South,33,4
334,2024-01-13,2021.54,completed,Electronics,Central,16,1
335,2024-01-13,2258.88,completed,Books,North,27,4
336,2024-01-13,3542.06,completed,Sports,South,13,4
337,2024-01-13,4018.1,completed,Sports,South,20,3
338,2024-01-13,1178.67,failed,Electronics,West,40,2
339,2024-01-13,4971.58,completed,Books,West,39,4
340,2024-01-13,204.96,completed,Home,North,19,2
341,2024-01-13,260.48,completed,Sports,North,33,1
342,2024-01-13,582.13,refunded,Clothing,Central,16,5
343,2024-01-13,2824.25,completed,Food,East,37,4
344,2024-01-13,3187.19,failed,Home,Central,30,1
345,2024-01-13,4499.6,failed,Electronics,Central,40,4
346,2024-01-13,2250.87,completed,Food,East,4,5
347,2024-01-13,3921.98,completed,Clothing,Central,9,2
348,2024-01-13,3069.86,completed,Electronics,North,37,5
349,2024-01-13,2076.31,completed,Food,West,21,2
350,2024-01-13,2872.48,refunded,Clothing,West,5,4
351,2024-01-13,1081.57,completed,Books,West,36,1
352,2024-01-13,3819.88,pending,Clothing,Central,6,2
353,2024-01-13,2713.92,completed,Food,Central,37,5
354,2024-01-13,4120.32,completed,Electronics,Central,8,2
355,2024-01-13,1841.4,completed,Food,North,1,5
356,2024-01-13,963.06,failed,Sports,West,48,1
357,2024-01-13,2426.55,pending,Sports,East,28,3
358,2024-01-14,2463.06,completed,Electronics,South,1,1
359,2024-01-14,1601.38,completed,Books,South,43,3
360,2024-01-14,3025.94,completed,Food,Central,6,2
361,2024-01-14,1505.35,completed,Food,Central,23,5
362,2024-01-14,2967.6,completed,Sports,East,13,2
363,2024-01-14,2667.0,completed,Books,East,13,4
364,2024-01-14,117.91,refunded,Books,North,45,1
365,2024-01-14,3337.71,completed,Food,West,26,3
366,2024-01-14,2055.23,completed,Sports,Central,18,4
367,2024-01-14,4013.34,completed,Sports,Central,30,3
368,2024-01-14,3630.55,completed,Electronics,Central,47,3
369,2024-01-14,3955.41,failed,Sports,West,14,3
370,2024-01-14,1323.96,completed,Sports,South,9,1
371,2024-01-14,3736.23,completed,Food,East,25,1
372,2024-01-14,3295.91,completed,Books,North,10,1
373,2024-01-14,4601.0,pending,Home,West,19,3
374,2024-01-14,3262.52,completed,Electronics,North,3,5
375,2024-01-14,570.98,completed,Books,West,17,4
376,2024-01-14,2699.08,completed,Sports,East,9,4
377,2024-01-14,3204.18,completed,Clothing,East,15,1
378,2024-01-14,4602.25,completed,Books,North,44,1
379,2024-01-14,1415.2,completed,Books,Central,1,3
380,2024-01-14,1812.21,completed,Electronics,Central,22,2
381,2024-01-14,4119.04,completed,Electronics,Central,4,1
382,2024-01-14,3052.81,failed,Sports,North,31,4
383,2024-01-14,2233.63,completed,Food,North,29,4
384,2024-01-14,3613.69,failed,Home,Central,14,5
385,2024-01-15,159.27,completed,Sports,North,31,2
386,2024-01-15,1937.71,completed,Books,West,10,5
387,2024-01-15,2080.44,completed,Food,East,48,2
388,2024-01-15,434.25,completed,Home,Central,25,4
389,2024-01-15,4824.59,pending,Clothing,Central,38,2
390,2024-01-15,4892.54,completed,Home,North,3,1
391,2024-01-15,2997.16,completed,Food,North,39,2
392,2024-01-15,1677.32,completed,Home,North,46,1
393,2024-01-15,3251.5,refunded,Books,Central,12,5
394,2024-01-15,4635.92,completed,Clothing,Central,26,1
395,2024-01-15,4369.58,completed,Books,East,41,3
396,2024-01-15,1621.05,completed,Food,North,15,2
397,2024-01-15,3560.74,completed,Food,East,18,3
398,2024-01-15,778.29,completed,Food,South,1,5
399,2024-01-15,3368.14,completed,Books,West,8,4
400,2024-01-15,1189.48,completed,Sports,South,4,5
401,2024-01-15,4056.24,completed,Clothing,East,16,2
402,2024-01-15,3489.83,completed,Books,East,14,2
403,2024-01-15,65.91,failed,Clothing,East,24,1
404,2024-01-15,2812.35,completed,Food,Central,9,2
405,2024-01-15,2268.41,pending,Electronics,West,5,3
406,2024-01-15,4693.78,completed,Home,West,25,3
407,2024-01-15,2746.57,failed,Home,North,47,3
408,2024-01-15,568.66,pending,Home,South,25,2
409,2024-01-15,3969.48,refunded,Food,South,20,5
410,2024-01-15,4390.97,pending,Electronics,East,7,5
411,2024-01-15,2776.55,pending,Clothing,South,25,3
412,2024-01-16,4378.56,completed,Food,West,32,3
413,2024-01-16,1562.24,pending,Electronics,Central,27,2
414,2024-01-16,1467.35,completed,Electronics,North,46,5
415,2024-01-16,4427.42,completed,Sports,Central,36,4
416,2024-01-16,2093.15,completed,Books,South,32,1
417,2024-01-16,4971.03,pending,Clothing,East,30,3
418,2024-01-16,4677.66,completed,Home,South,24,2
419,2024-01-16,2688.26,failed,Food,West,30,5
420,2024-01-16,3924.21,completed,Books,East,9,4
421,2024-01-16,4000.62,pending,Home,East,20,2
422,2024-01-16,1787.66,completed,Clothing,Central,26,5
423,2024-01-16,2312.74,pending,Books,Central,24,1
424,2024-01-16,4516.59,refunded,Home,Central,44,2
425,2024-01-16,2545.53,pending,Electronics,East,31,3
426,2024-01-16,1511.73,failed,Home,Central,39,2
427,2024-01-16,648.15,pending,Clothing,South,25,3
428,2024-01-16,2138.17,completed,Home,South,24,4
429,2024-01-16,2254.56,completed,Books,North,14,1
430,2024-01-16,2472.7,completed,Sports,Central,25,1
431,2024-01-16,3772.49,completed,Clothing,South,44,1
432,2024-01-16,4888.99,completed,Electronics,West,43,1
433,2024-01-16,1953.03,completed,Books,South,29,4
434,2024-01-16,4051.6,completed,Books,Central,6,1
435,2024-01-16,3153.44,pending,Clothing,Central,38,1
436,2024-01-16,4250.59,completed,Books,Central,13,4
437,2024-01-16,2133.92,failed,Food,Central,35,2
438,2024-01-16,2328.99,completed,Home,South,6,4
439,2024-01-16,1516.61,completed,Food,West,45,5
440,2024-01-17,3504.47,refunded,Sports,North,37,1
441,2024-01-17,1406.47,failed,Electronics,North,31,1
442,2024-01-17,2052.34,completed,Clothing,West,34,1
443,2024-01-17,2583.82,failed,Sports,East,28,2
444,2024-01-17,4107.51,pending,Sports,Central,37,5
445,2024-01-17,3246.81,completed,Sports,South,11,4
446,2024-01-17,2688.95,failed,Food,North,30,4
447,2024-01-17,394.49,completed,Home,Central,31,4
448,2024-01-17,351.59,completed,Food,East,39,3
449,2024-01-17,1795.99,completed,Electronics,East,36,1
450,2024-01-17,130.92,completed,Home,North,39,3
451,2024-01-17,1133.05,completed,Books,North,45,2
452,2024-01-17,4754.89,pending,Electronics,East,43,5
453,2024-01-17,1090.05,completed,Electronics,West,4,3
454,2024-01-17,3999.06,pending,Clothing,West,4,2
455,2024-01-17,3298.31,completed,Sports,Central,41,3
456,2024-01-17,636.19,completed,Food,North,4,2
457,2024-01-17,1028.15,pending,Clothing,Central,49,1
458,2024-01-17,159.66,pending,Food,Central,24,4
459,2024-01-17,160.78,completed,Books,South,21,4
460,2024-01-17,4438.01,completed,Home,North,5,2
461,2024-01-17,4898.53,completed,Sports,North,28,4
462,2024-01-17,4645.29,pending,Books,South,10,2
463,2024-01-17,1780.78,pending,Electronics,North,41,2
464,2024-01-17,377.75,refunded,Books,East,23,4
465,2024-01-17,3822.87,completed,Home,West,6,4
466,2024-01-17,1432.32,completed,Sports,North,45,1
467,2024-01-18,980.87,failed,Food,Central,6,2
468,2024-01-18,2301.88,completed,Electronics,North,15,3
469,2024-01-18,412.75,completed,Home,East,38,3
470,2024-01-18,133.08,refunded,Books,North,48,2
471,2024-01-18,2525.33,completed,Clothing,West,33,1
472,2024-01-18,3148.48,completed,Sports,West,44,5
473,2024-01-18,3054.5,completed,Books,North,17,3
474,2024-01-18,135.94,completed,Home,North,27,3
475,2024-01-18,444.14,completed,Electronics,North,17,3
476,2024-01-18,936.67,failed,Electronics,West,25,4
477,2024-01-18,1676.27,completed,Sports,North,2,2
478,2024-01-18,3645.42,completed,Clothing,South,40,4
479,2024-01-18,135.7,pending,Books,West,18,4
480,2024-01-18,945.11,failed,Clothing,Central,3,5
481,2024-01-18,3723.24,failed,Clothing,North,15,5
482,2024-01-18,1950.85,pending,Home,West,14,1
483,2024-01-18,2278.08,completed,Electronics,North,4,4
484,2024-01-18,524.7,completed,Food,South,14,5
485,2024-01-18,1492.46,completed,Food,South,19,2
486,2024-01-18,1704.34,completed,Home,West,6,3
487,2024-01-18,4789.63,completed,Home,North,49,1
488,2024-01-18,2783.3,completed,Sports,North,3,1
489,2024-01-18,673.55,completed,Food,North,17,1
490,2024-01-18,3746.41,pending,Home,South,39,3
491,2024-01-18,4645.07,completed,Clothing,North,35,3
492,2024-01-18,189.61,completed,Home,South,5,4
493,2024-01-18,2618.28,failed,Books,South,34,3
494,2024-01-18,2028.01,completed,Electronics,West,24,3
495,2024-01-19,3111.78,completed,Clothing,East,40,1
496,2024-01-19,545.4,completed,Electronics,North,31,4
497,2024-01-19,766.86,completed,Home,West,42,3
498,2024-01-19,2769.68,failed,Books,East,25,2
499,2024-01-19,2440.66,completed,Electronics,Central,2,2
500,2024-01-19,3496.08,completed,Electronics,West,37,5
501,2024-01-19,3597.49,completed,Electronics,East,49,1
502,2024-01-19,4114.4,refunded,Books,Central,11,3
503,2024-01-19,3755.0,failed,Electronics,North,15,5
504,2024-01-19,4730.93,pending,Clothing,North,48,3
505,2024-01-19,2995.46,completed,Home,North,29,1
506,2024-01-19,3860.19,completed,Home,Central,7,5
507,2024-01-19,4571.57,completed,Sports,West,39,3
508,2024-01-19,2389.0,failed,Food,West,43,3
509,2024-01-19,601.4,pending,Food,North,39,4
510,2024-01-19,4196.45,completed,Books,South,23,2
511,2024-01-19,600.02,completed,Electronics,West,34,1
512,2024-01-19,1675.41,pending,Books,North,9,5
513,2024-01-19,3921.03,refunded,Electronics,North,6,1
514,2024-01-19,1058.86,pending,Home,West,37,2
515,2024-01-19,1073.9,completed,Clothing,South,24,2
516,2024-01-19,4140.83,pending,Sports,West,19,2
517,2024-01-19,1708.28,pending,Electronics,South,29,2
518,2024-01-19,2553.8,pending,Sports,North,10,4
519,2024-01-19,1317.41,failed,Home,East,4,2
520,2024-01-19,1831.98,completed,Clothing,South,43,3
521,2024-01-19,3914.9,completed,Clothing,East,41,4
522,2024-01-20,4308.96,pending,Food,North,7,1
523,2024-01-20,2351.89,failed,Books,Central,32,3
524,2024-01-20,2508.75,completed,Food,Central,48,1
525,2024-01-20,3409.7,completed,Electronics,East,38,2
526,2024-01-20,1423.61,completed,Food,South,45,3
527,2024-01-20,3786.05,pending,Sports,East,43,4
528,2024-01-20,4729.33,completed,Home,East,4,5
529,2024-01-20,865.09,refunded,Home,North,9,3
530,2024-01-20,1840.48,completed,Food,West,25,5
531,2024-01-20,671.84,pending,Food,Central,5,5
532,2024-01-20,557.83,completed,Books,North,33,4
533,2024-01-20,2951.06,completed,Books,West,12,2
534,2024-01-20,1405.39,completed,Clothing,West,40,1
535,2024-01-20,1312.94,completed,Home,North,3,1
536,2024-01-20,1978.05,completed,Home,East,41,4
537,2024-01-20,3458.67,failed,Books,North,8,1
538,2024-01-20,1480.06,refunded,Home,West,2,1
539,2024-01-20,2658.86,completed,Clothing,West,7,3
540,2024-01-20,4035.25,failed,Books,West,36,1
541,2024-01-20,366.32,failed,Sports,West,48,2
542,2024-01-20,919.22,completed,Home,South,1,1
543,2024-01-20,2645.63,completed,Books,East,4,2
544,2024-01-20,1378.76,failed,Home,North,44,1
545,2024-01-20,4704.31,completed,Books,East,38,3
546,2024-01-20,362.82,pending,Electronics,North,42,1
547,2024-01-20,1651.62,completed,Sports,East,43,1
548,2024-01-20,36.56,completed,Home,East,22,2
549,2024-01-21,37.29,completed,Books,West,38,2
550,2024-01-21,348.38,completed,Clothing,East,44,2
551,2024-01-21,2051.95,completed,Electronics,South,28,2
552,2024-01-21,1674.49,completed,Clothing,Central,28,5
553,2024-01-21,2121.53,completed,Food,North,19,4
554,2024-01-21,1835.13,completed,Home,North,43,5
555,2024-01-21,384.41,pending,Food,West,4,4
556,2024-01-21,3033.72,completed,Electronics,North,27,2
557,2024-01-21,1648.13,pending,Home,East,38,3
558,2024-01-21,2685.07,pending,Books,West,1,3
559,2024-01-21,4007.72,pending,Sports,East,29,2
560,2024-01-21,4554.09,failed,Home,West,25,3
561,2024-01-21,4366.3,completed,Home,South,11,5
562,2024-01-21,1837.2,completed,Home,West,16,3
563,2024-01-21,890.61,completed,Sports,South,30,3
564,2024-01-21,2801.55,completed,Home,South,4,3
565,2024-01-21,4361.49,completed,Books,East,18,1
566,2024-01-21,4030.57,failed,Home,North,47,1
567,2024-01-21,2288.37,refunded,Home,North,31,3
568,2024-01-21,3877.03,completed,Food,Central,48,4
569,2024-01-21,935.56,refunded,Clothing,East,27,4
570,2024-01-21,137.19,completed,Home,South,23,3
571,2024-01-21,4568.12,completed,Sports,East,12,2
572,2024-01-21,4747.77,completed,Clothing,East,17,3
573,2024-01-21,3634.29,completed,Clothing,East,10,4
574,2024-01-21,1693.47,pending,Clothing,North,46,5
575,2024-01-21,428.62,failed,Sports,South,13,5
576,2024-01-21,183.71,completed,Clothing,South,12,5
577,2024-01-22,131.27,failed,Food,North,25,1
578,2024-01-22,1474.3,completed,Sports,Central,49,2
579,2024-01-22,1354.83,completed,Clothing,East,48,3
580,2024-01-22,1298.15,completed,Electronics,North,24,3
581,2024-01-22,4429.24,refunded,Home,East,32,3
582,2024-01-22,875.49,completed,Clothing,Central,18,2
583,2024-01-22,599.06,pending,Home,West,43,3
584,2024-01-22,2029.0,failed,Food,West,38,3
585,2024-01-22,3900.49,pending,Food,Central,10,1
586,2024-01-22,2367.24,completed,Food,West,46,5
587,2024-01-22,3332.49,pending,Electronics,South,1,1
588,2024-01-22,3265.64,completed,Electronics,North,40,3
589,2024-01-22,772.3,completed,Books,West,20,3
590,2024-01-22,3707.77,failed,Clothing,East,36,5
591,2024-01-22,611.44,completed,Clothing,West,24,1
592,2024-01-22,3566.78,pending,Electronics,North,6,5
593,2024-01-22,4617.85,pending,Sports,Central,8,2
594,2024-01-22,587.77,completed,Clothing,West,7,2
595,2024-01-22,640.94,completed,Electronics,Central,40,3
596,2024-01-22,4940.69,completed,Books,South,43,3
597,2024-01-22,4857.57,completed,Clothing,East,47,2
598,2024-01-22,2439.35,completed,Food,North,32,3
599,2024-01-22,760.25,completed,Sports,West,26,2
600,2024-01-22,3195.1,completed,Sports,Central,34,1
601,2024-01-22,2638.24,completed,Sports,North,16,5
602,2024-01-22,1950.59,completed,Food,North,36,2
603,2024-01-22,3657.6,pending,Electronics,North,19,5
604,2024-01-23,1202.34,completed,Food,South,6,3
605,2024-01-23,3892.79,completed,Clothing,South,37,1
606,2024-01-23,3251.94,completed,Clothing,South,15,5
607,2024-01-23,590.47,completed,Home,South,12,3
608,2024-01-23,2141.84,completed,Electronics,East,37,5
609,2024-01-23,2594.56,failed,Electronics,East,9,3
610,2024-01-23,2396.87,pending,Clothing,South,48,3
611,2024-01-23,2347.51,completed,Food,South,1,5
612,2024-01-23,3956.55,completed,Home,West,47,1
613,2024-01-23,2709.22,completed,Food,West,12,1
614,2024-01-23,1129.69,completed,Books,South,7,5
615,2024-01-23,2934.71,pending,Electronics,West,13,1
616,2024-01-23,1466.0,completed,Home,North,27,4
617,2024-01-23,984.58,completed,Sports,West,39,1
618,2024-01-23,4973.45,completed,Books,East,6,5
619,2024-01-23,3168.29,completed,Clothing,East,1,5
620,2024-01-23,1661.31,completed,Food,East,29,1
621,2024-01-23,1363.7,completed,Books,North,29,4
622,2024-01-23,2077.16,completed,Home,South,30,5
623,2024-01-23,3868.48,completed,Books,North,2,3
624,2024-01-23,3817.86,completed,Electronics,South,10,1
625,2024-01-23,2819.45,completed,Electronics,South,26,3
626,2024-01-23,4105.41,completed,Home,West,49,5
627,2024-01-23,2646.26,refunded,Sports,West,36,1
628,2024-01-23,3985.53,completed,Food,Central,13,5
629,2024-01-23,4010.13,completed,Home,North,11,1
630,2024-01-23,2817.46,completed,Sports,North,43,4
631,2024-01-23,923.76,completed,Food,East,4,3
632,2024-01-24,3677.11,completed,Sports,South,48,3
633,2024-01-24,4170.74,completed,Electronics,South,48,5
634,2024-01-24,2661.95,completed,Clothing,Central,48,4
635,2024-01-24,3543.63,pending,Sports,North,13,3
636,2024-01-24,2449.31,completed,Electronics,South,36,4
637,2024-01-24,42.41,pending,Electronics,South,4,1
638,2024-01-24,3908.05,completed,Sports,South,38,5
639,2024-01-24,2264.0,completed,Sports,West,48,4
640,2024-01-24,4820.67,completed,Sports,East,17,2
641,2024-01-24,152.31,completed,Home,East,23,2
642,2024-01-24,4344.62,refunded,Clothing,North,20,2
643,2024-01-24,692.41,completed,Electronics,Central,38,1
644,2024-01-24,411.14,completed,Home,North,48,2
645,2024-01-24,2033.73,pending,Books,North,10,2
646,2024-01-24,915.72,completed,Books,North,4,3
647,2024-01-24,3281.44,completed,Sports,East,26,3
648,2024-01-24,3035.69,failed,Sports,Central,25,2
649,2024-01-24,4184.05,completed,Sports,Central,29,3
650,2024-01-24,4252.26,completed,Food,North,12,2
651,2024-01-24,1468.89,completed,Food,East,4,2
652,2024-01-24,3865.66,failed,Electronics,West,9,5
653,2024-01-24,4703.85,pending,Home,East,7,3
654,2024-01-24,1609.59,pending,Electronics,South,15,3
655,2024-01-24,1796.89,completed,Home,South,38,2
656,2024-01-24,772.51,completed,Sports,North,39,3
657,2024-01-24,4979.43,completed,Food,East,27,5
658,2024-01-24,4769.17,failed,Home,South,34,3
659,2024-01-25,3546.93,failed,Food,Central,34,2
660,2024-01-25,128.54,pending,Sports,South,24,3
661,2024-01-25,2569.7,completed,Food,East,9,3
662,2024-01-25,4365.06,completed,Food,East,22,1
663,2024-01-25,454.03,completed,Home,North,22,1
664,2024-01-25,2107.06,pending,Home,West,16,1
665,2024-01-25,473.21,completed,Food,South,2,4
666,2024-01-25,4479.82,completed,Food,East,38,4
667,2024-01-25,3177.21,completed,Electronics,East,5,1
668,2024-01-25,3104.76,completed,Books,South,8,5
669,2024-01-25,1590.68,completed,Home,North,43,1
670,2024-01-25,2044.87,completed,Food,South,12,3
671,2024-01-25,3786.46,completed,Food,East,49,2
672,2024-01-25,453.86,pending,Sports,West,22,5
673,2024-01-25,3489.17,failed,Food,South,20,2
674,2024-01-25,2489.74,completed,Books,North,9,1
675,2024-01-25,2091.19,completed,Clothing,Central,35,3
676,2024-01-25,3170.75,completed,Home,North,28,1
677,2024-01-25,97.52,completed,Food,East,19,1
678,2024-01-25,2661.13,pending,Food,East,15,3
679,2024-01-25,2841.55,pending,Home,North,36,5
680,2024-01-25,567.9,completed,Food,West,34,1
681,2024-01-25,594.3,failed,Sports,Central,44,3
682,2024-01-25,1930.98,completed,Clothing,West,1,2
683,2024-01-25,4611.21,completed,Clothing,West,3,4
684,2024-01-25,3052.04,completed,Sports,North,26,3
685,2024-01-25,2800.38,completed,Clothing,East,9,3
686,2024-01-26,4870.17,completed,Home,Central,49,1
687,2024-01-26,2698.81,completed,Electronics,East,26,5
688,2024-01-26,140.27,completed,Home,Central,40,1
689,2024-01-26,4185.52,completed,Sports,West,40,2
690,2024-01-26,4783.72,completed,Food,West,6,1
691,2024-01-26,4852.5,completed,Electronics,East,25,4
692,2024-01-26,1064.34,completed,Books,South,17,3
693,2024-01-26,2721.02,pending,Food,West,32,5
694,2024-01-26,2037.88,completed,Clothing,West,43,5
695,2024-01-26,2210.72,completed,Books,East,20,3
696,2024-01-26,1612.61,completed,Home,East,4,4
697,2024-01-26,148.47,completed,Sports,West,2,4
698,2024-01-26,1013.66,pending,Electronics,West,35,3
699,2024-01-26,449.87,completed,Home,East,9,5
700,2024-01-26,2434.26,pending,Sports,South,4,1
701,2024-01-26,921.35,completed,Sports,North,28,2
702,2024-01-26,2512.84,completed,Books,East,13,4
703,2024-01-26,1008.74,completed,Electronics,West,28,1
704,2024-01-26,3411.3,completed,Books,North,49,4
705,2024-01-26,4596.36,completed,Books,Central,19,4
706,2024-01-26,2920.41,completed,Books,East,44,1
707,2024-01-26,528.39,completed,Food,West,10,3
708,2024-01-26,796.86,completed,Food,North,20,4
709,2024-01-26,4092.07,completed,Books,West,9,5
710,2024-01-26,2086.34,pending,Books,South,34,3
711,2024-01-26,3410.41,failed,Sports,Central,11,2
712,2024-01-26,3386.99,completed,Sports,Central,23,5
713,2024-01-26,1073.49,failed,Books,East,9,4
714,2024-01-27,1469.98,completed,Home,Central,3,1
715,2024-01-27,3601.16,completed,Clothing,East,49,2
716,2024-01-27,69.38,pending,Food,East,42,1
717,2024-01-27,2453.5,completed,Clothing,West,35,3
718,2024-01-27,681.81,completed,Food,East,39,4
719,2024-01-27,2561.14,pending,Clothing,South,5,5
720,2024-01-27,2445.79,pending,Clothing,North,48,4
721,2024-01-27,2772.75,completed,Books,South,32,5
722,2024-01-27,1770.79,completed,Sports,Central,5,2
723,2024-01-27,1153.97,failed,Food,North,46,3
724,2024-01-27,2355.9,completed,Home,North,10,3
725,2024-01-27,2335.64,completed,Food,North,14,1
726,2024-01-27,2339.78,completed,Books,North,15,5
727,2024-01-27,2672.93,completed,Clothing,West,9,3
728,2024-01-27,2422.25,completed,Clothing,West,31,1
729,2024-01-27,1714.19,completed,Books,Central,32,5
730,2024-01-27,1438.33,completed,Food,Central,48,4
731,2024-01-27,3673.1,failed,Clothing,West,39,3
732,2024-01-27,2720.67,failed,Food,Central,41,1
733,2024-01-27,557.59,completed,Clothing,West,16,5
734,2024-01-27,1041.63,pending,Clothing,Central,44,4
735,2024-01-27,2340.69,completed,Food,West,38,4
736,2024-01-27,168.86,completed,Books,North,49,3
737,2024-01-27,638.13,pending,Books,North,9,3
738,2024-01-27,688.48,completed,Books,Central,37,1
739,2024-01-27,4342.44,completed,Books,West,38,5
740,2024-01-27,1913.54,completed,Clothing,North,25,2
741,2024-01-28,4309.05,pending,Books,East,32,2
742,2024-01-28,1836.36,pending,Food,West,11,5
743,2024-01-28,3538.11,pending,Home,West,36,3
744,2024-01-28,2614.82,completed,Books,West,16,3
745,2024-01-28,1152.36,completed,Food,Central,49,3
746,2024-01-28,4512.75,completed,Home,South,31,5
747,2024-01-28,4380.53,completed,Sports,East,2,5
748,2024-01-28,3744.34,pending,Electronics,West,47,3
749,2024-01-28,3323.12,pending,Electronics,South,14,3
750,2024-01-28,2221.13,completed,Home,South,24,3
751,2024-01-28,674.35,failed,Books,East,38,2
752,2024-01-28,2108.0,completed,Electronics,North,25,1
753,2024-01-28,3630.39,completed,Electronics,North,23,1
754,2024-01-28,2403.68,completed,Food,South,26,5
755,2024-01-28,4913.64,refunded,Food,South,18,3
756,2024-01-28,3150.98,completed,Home,Central,41,4
757,2024-01-28,815.09,completed,Books,East,29,4
758,2024-01-28,400.38,completed,Home,South,32,1
759,2024-01-28,1082.27,pending,Clothing,Central,46,3
760,2024-01-28,2708.17,completed,Sports,South,25,1
761,2024-01-28,4834.59,completed,Electronics,East,2,1
762,2024-01-28,4940.76,completed,Electronics,East,30,3
763,2024-01-28,3819.97,completed,Electronics,Central,12,4
764,2024-01-28,1218.64,completed,Clothing,East,8,4
765,2024-01-28,4963.68,completed,Food,West,48,1
766,2024-01-28,4693.74,completed,Clothing,North,2,4
767,2024-01-28,3262.22,refunded,Electronics,North,35,3
768,2024-01-28,88.58,completed,Books,Central,17,1
769,2024-01-29,1257.52,completed,Electronics,West,44,2
770,2024-01-29,2433.54,completed,Food,North,48,4
771,2024-01-29,1495.43,completed,Clothing,North,7,2
772,2024-01-29,3067.8,completed,Home,South,33,5
773,2024-01-29,2856.81,completed,Electronics,South,6,3
774,2024-01-29,4913.69,completed,Clothing,East,5,4
775,2024-01-29,2191.82,completed,Home,North,38,3
776,2024-01-29,157.16,failed,Home,North,26,3
777,2024-01-29,260.46,completed,Home,South,19,4
778,2024-01-29,799.1,completed,Food,Central,7,4
779,2024-01-29,1263.38,completed,Food,South,27,1
780,2024-01-29,3353.56,pending,Home,East,35,3
781,2024-01-29,3391.92,completed,Electronics,South,46,4
782,2024-01-29,4216.81,failed,Clothing,West,29,2
783,2024-01-29,34.03,completed,Electronics,South,47,2
784,2024-01-29,3395.18,completed,Food,South,34,3
785,2024-01-29,2811.46,completed,Electronics,Central,21,4
786,2024-01-29,1290.6,failed,Food,Central,38,4
787,2024-01-29,2997.98,completed,Food,Central,27,1
788,2024-01-29,741.11,completed,Sports,East,21,3
789,2024-01-29,112.52,completed,Clothing,South,3,2
790,2024-01-29,2372.41,completed,Books,Central,13,3
791,2024-01-29,3191.6,completed,Books,West,23,4
792,2024-01-29,2760.24,completed,Home,Central,5,4
793,2024-01-29,3950.13,completed,Food,Central,34,2
794,2024-01-29,1185.6,completed,Electronics,East,46,5
795,2024-01-29,1717.17,completed,Electronics,North,42,4
796,2024-01-30,2947.28,completed,Home,Central,1,1
797,2024-01-30,1944.83,completed,Clothing,North,28,1
798,2024-01-30,3883.44,completed,Electronics,North,37,5
799,2024-01-30,71.85,completed,Electronics,East,33,3
800,2024-01-30,3852.35,completed,Books,Central,45,3
801,2024-01-30,4068.7,completed,Books,East,28,4
802,2024-01-30,3506.83,completed,Clothing,North,24,3
803,2024-01-30,2752.64,pending,Books,West,49,3
804,2024-01-30,1229.56,completed,Food,South,1,4
805,2024-01-30,738.81,completed,Electronics,North,35,2
806,2024-01-30,4462.11,failed,Sports,South,34,5
807,2024-01-30,4998.36,pending,Electronics,North,7,3
808,2024-01-30,832.9,failed,Food,North,12,2
809,2024-01-30,1917.03,completed,Books,South,42,1
810,2024-01-30,1151.79,completed,Home,East,15,4
811,2024-01-30,1032.99,failed,Clothing,Central,20,5
812,2024-01-30,3518.5,failed,Sports,East,28,5
813,2024-01-30,4679.75,completed,Books,Central,18,5
814,2024-01-30,1997.79,failed,Books,West,8,2
815,2024-01-30,4205.52,completed,Sports,Central,5,1
816,2024-01-30,4373.42,completed,Home,South,17,5
817,2024-01-30,3443.3,refunded,Books,East,17,5
818,2024-01-30,3897.55,completed,Sports,North,33,5
819,2024-01-30,457.27,completed,Sports,Central,39,5
820,2024-01-30,3957.64,failed,Home,West,34,4
821,2024-01-30,757.06,pending,Sports,Central,4,4
822,2024-01-30,3624.54,completed,Books,North,45,1
823,2024-01-31,4779.68,pending,Books,North,24,5
824,2024-01-31,1430.09,completed,Home,West,33,1
825,2024-01-31,2405.66,completed,Electronics,East,33,5
826,2024-01-31,2362.45,completed,Electronics,East,4,4
827,2024-01-31,956.04,completed,Food,West,26,2
828,2024-01-31,104.1,completed,Home,East,6,1
829,2024-01-31,3817.06,pending,Home,North,48,5
830,2024-01-31,4456.0,completed,Books,Central,39,1
831,2024-01-31,1349.06,pending,Sports,West,38,1
832,2024-01-31,3365.36,pending,Electronics,West,27,3
833,2024-01-31,3064.18,pending,Clothing,Central,48,4
834,2024-01-31,1629.44,refunded,Sports,South,8,2
835,2024-01-31,1373.22,completed,Sports,South,34,4
836,2024-01-31,4352.57,pending,Home,West,30,2
837,2024-01-31,1993.14,completed,Home,Central,8,2
838,2024-01-31,4985.49,refunded,Books,South,12,4
839,2024-01-31,4161.07,failed,Home,South,29,1
840,2024-01-31,4173.48,completed,Food,North,3,3
841,2024-01-31,1096.54,pending,Books,West,32,1
842,2024-01-31,2080.09,completed,Home,South,14,3
843,2024-01-31,618.4,completed,Sports,South,8,3
844,2024-01-31,1887.91,completed,Electronics,North,16,1
845,2024-01-31,4989.92,completed,Home,East,37,2
846,2024-01-31,3165.53,completed,Home,Central,23,5
847,2024-01-31,1684.7,pending,Sports,West,8,2
848,2024-01-31,1467.55,completed,Sports,North,47,1
849,2024-01-31,1076.43,completed,Electronics,North,43,2
850,2024-01-31,561.45,completed,Books,North,27,5
851,2024-02-01,855.39,completed,Electronics,North,16,2
852,2024-02-01,1837.98,completed,Books,West,48,1
853,2024-02-01,2148.64,refunded,Books,North,27,4
854,2024-02-01,1917.31,completed,Clothing,West,24,4
855,2024-02-01,770.33,pending,Clothing,North,25,4
856,2024-02-01,1407.38,completed,Clothing,Central,31,1
857,2024-02-01,2226.36,completed,Books,North,35,5
858,2024-02-01,429.75,completed,Books,Central,36,1
859,2024-02-01,260.38,completed,Clothing,South,40,1
860,2024-02-01,3971.8,refunded,Food,West,12,1
861,2024-02-01,1006.91,completed,Food,West,33,1
862,2024-02-01,1523.05,completed,Clothing,South,43,3
863,2024-02-01,510.15,refunded,Books,Central,10,5
864,2024-02-01,931.0,completed,Books,West,1,1
865,2024-02-01,4184.26,refunded,Food,North,1,3
866,2024-02-01,4620.92,pending,Books,West,36,2
867,2024-02-01,2066.43,completed,Sports,South,20,1
868,2024-02-01,1071.33,completed,Clothing,East,29,5
869,2024-02-01,3478.17,completed,Food,North,17,5
870,2024-02-01,1027.83,failed,Books,South,39,3
871,2024-02-01,3408.34,completed,Books,East,24,2
872,2024-02-01,3432.06,completed,Electronics,North,47,2
873,2024-02-01,4001.25,completed,Home,West,27,2
874,2024-02-01,1279.13,failed,Home,North,36,1
875,2024-02-01,1610.06,completed,Books,Central,23,1
876,2024-02-01,1266.8,completed,Electronics,Central,16,1
877,2024-02-01,3200.01,pending,Home,South,8,3
878,2024-02-02,4880.36,failed,Home,East,47,3
879,2024-02-02,2105.57,pending,Books,East,31,3
880,2024-02-02,1689.98,completed,Food,East,9,5
881,2024-02-02,2904.53,completed,Sports,South,1,3
882,2024-02-02,1774.29,completed,Sports,South,23,1
883,2024-02-02,568.06,completed,Books,East,36,2
884,2024-02-02,2480.27,pending,Books,South,2,2
885,2024-02-02,2934.23,completed,Books,South,20,2
886,2024-02-02,2167.77,failed,Books,East,25,5
887,2024-02-02,3825.94,completed,Books,North,18,1
888,2024-02-02,3392.14,completed,Home,Central,31,5
889,2024-02-02,2303.19,completed,Clothing,North,43,3
890,2024-02-02,4747.37,failed,Clothing,West,38,3
891,2024-02-02,2938.84,completed,Clothing,North,23,4
892,2024-02-02,1806.44,completed,Home,North,10,3
893,2024-02-02,1881.35,completed,Sports,Central,38,4
894,2024-02-02,118.86,pending,Sports,West,49,4
895,2024-02-02,3361.25,completed,Sports,South,16,2
896,2024-02-02,3727.91,completed,Home,East,16,1
897,2024-02-02,1122.86,completed,Books,Central,22,3
898,2024-02-02,3843.99,failed,Home,East,27,2
899,2024-02-02,3390.96,completed,Electronics,West,44,1
900,2024-02-02,282.08,completed,Clothing,South,46,1
901,2024-02-02,1335.77,completed,Sports,North,11,4
902,2024-02-02,4999.75,completed,Home,Central,28,2
903,2024-02-02,49.7,refunded,Clothing,Central,17,4
904,2024-02-02,4602.07,completed,Books,South,15,3
905,2024-02-02,4088.36,completed,Electronics,South,26,1
906,2024-02-03,3640.49,completed,Books,Central,21,1
907,2024-02-03,2787.34,completed,Sports,West,46,3
908,2024-02-03,1276.68,completed,Clothing,North,13,2
909,2024-02-03,826.18,completed,Books,East,42,3
910,2024-02-03,295.38,completed,Clothing,North,1,2
911,2024-02-03,2812.02,completed,Food,South,33,4
912,2024-02-03,4403.21,completed,Clothing,East,12,5
913,2024-02-03,770.81,completed,Clothing,Central,20,5
914,2024-02-03,1206.83,refunded,Electronics,North,36,1
915,2024-02-03,753.5,completed,Electronics,West,26,1
916,2024-02-03,3118.35,completed,Food,Central,3,2
917,2024-02-03,3814.98,completed,Electronics,East,19,1
918,2024-02-03,4206.49,completed,Sports,East,38,5
919,2024-02-03,1190.93,pending,Electronics,West,35,1
920,2024-02-03,3506.11,refunded,Sports,West,33,3
921,2024-02-03,2256.83,completed,Food,North,13,1
922,2024-02-03,4947.56,completed,Electronics,West,38,2
923,2024-02-03,3517.03,refunded,Electronics,South,18,2
924,2024-02-03,522.2,completed,Sports,East,18,4
925,2024-02-03,1528.45,completed,Home,North,48,1
926,2024-02-03,3389.9,failed,Books,East,29,3
927,2024-02-03,3494.45,completed,Electronics,West,47,4
928,2024-02-03,1966.56,completed,Clothing,Central,43,1
929,2024-02-03,1494.74,pending,Clothing,East,21,2
930,2024-02-03,1286.18,completed,Food,East,22,3
931,2024-02-03,1622.83,completed,Clothing,Central,27,2
932,2024-02-03,445.69,refunded,Electronics,East,39,1
933,2024-02-04,1829.4,completed,Clothing,East,17,4
934,2024-02-04,822.72,completed,Food,North,42,1
935,2024-02-04,1109.71,completed,Sports,West,23,4
936,2024-02-04,1161.56,failed,Clothing,East,34,4
937,2024-02-04,869.52,refunded,Electronics,South,7,1
938,2024-02-04,2518.07,completed,Books,East,30,4
939,2024-02-04,3318.07,completed,Sports,East,41,1
940,2024-02-04,4351.5,completed,Sports,South,5,2
941,2024-02-04,2623.27,completed,Clothing,East,4,1
942,2024-02-04,272.55,completed,Books,East,34,2
943,2024-02-04,1651.67,failed,Clothing,West,46,4
944,2024-02-04,2656.41,completed,Books,West,28,1
945,2024-02-04,3586.87,completed,Home,South,40,4
946,2024-02-04,1145.89,refunded,Home,West,13,4
947,2024-02-04,3781.72,completed,Electronics,South,8,3
948,2024-02-04,3677.24,completed,Sports,Central,26,4
949,2024-02-04,3745.98,completed,Sports,South,25,2
950,2024-02-04,3329.89,completed,Clothing,West,29,4
951,2024-02-04,1169.22,completed,Sports,East,48,3
952,2024-02-04,2935.72,completed,Home,North,18,1
953,2024-02-04,1388.62,completed,Food,Central,43,3
954,2024-02-04,4581.97,completed,Clothing,East,13,1
955,2024-02-04,270.02,pending,Books,Central,8,4
956,2024-02-04,3388.0,completed,Food,North,43,2
957,2024-02-04,4356.47,refunded,Clothing,South,11,3
958,2024-02-04,1681.22,failed,Sports,East,16,4
959,2024-02-04,1275.07,completed,Books,Central,6,2
960,2024-02-05,567.73,pending,Books,Central,36,1
961,2024-02-05,2595.78,completed,Food,Central,20,1
962,2024-02-05,952.37,completed,Sports,North,32,4
963,2024-02-05,2949.61,completed,Food,Central,20,5
964,2024-02-05,2866.49,failed,Books,West,5,4
965,2024-02-05,657.05,completed,Clothing,South,3,1
966,2024-02-05,3461.85,completed,Sports,South,49,4
967,2024-02-05,4587.59,pending,Clothing,Central,46,5
968,2024-02-05,4656.12,refunded,Food,West,18,1
969,2024-02-05,753.33,failed,Clothing,East,18,4
970,2024-02-05,4117.81,refunded,Home,North,26,4
971,2024-02-05,3740.97,completed,Food,South,5,5
972,2024-02-05,4807.04,completed,Food,North,16,5
973,2024-02-05,1239.43,completed,Home,East,32,3
974,2024-02-05,2885.25,completed,Books,West,25,3
975,2024-02-05,2684.27,refunded,Books,South,31,2
976,2024-02-05,4144.32,refunded,Food,West,40,4
977,2024-02-05,387.74,completed,Clothing,Central,26,2
978,2024-02-05,2617.24,pending,Electronics,Central,44,2
979,2024-02-05,2257.49,failed,Sports,North,44,5
980,2024-02-05,4920.64,completed,Electronics,South,23,1
981,2024-02-05,4107.11,completed,Food,North,43,1
982,2024-02-05,4778.11,failed,Electronics,East,41,2
983,2024-02-05,3479.24,completed,Food,West,22,5
984,2024-02-05,1201.84,completed,Sports,West,26,4
985,2024-02-05,3319.58,pending,Food,East,32,4
986,2024-02-05,4174.83,failed,Clothing,North,25,1
987,2024-02-05,1482.27,pending,Sports,Central,12,4
988,2024-02-06,2920.29,completed,Sports,North,18,3
989,2024-02-06,517.16,completed,Home,Central,11,1
990,2024-02-06,740.82,completed,Home,Central,29,1
991,2024-02-06,1997.42,completed,Sports,Central,25,4
992,2024-02-06,2599.51,completed,Clothing,East,44,5
993,2024-02-06,2147.92,completed,Sports,North,44,3
994,2024-02-06,195.37,pending,Electronics,Central,1,5
995,2024-02-06,4034.7,completed,Clothing,North,13,2
996,2024-02-06,1488.41,completed,Home,North,4,3
997,2024-02-06,4568.14,completed,Clothing,East,22,1
998,2024-02-06,1195.12,completed,Home,North,4,2
999,2024-02-06,3325.45,completed,Food,North,6,1
1000,2024-02-06,2290.52,failed,Home,North,49,5
1001,2024-02-06,112.39,completed,Clothing,West,40,5
1002,2024-02-06,3050.7,completed,Food,Central,11,5
1003,2024-02-06,168.09,failed,Sports,Central,44,5
1004,2024-02-06,278.75,completed,Books,Central,48,4
1005,2024-02-06,3310.52,completed,Clothing,East,1,3
1006,2024-02-06,2491.33,completed,Clothing,Central,47,5
1007,2024-02-06,4412.61,refunded,Clothing,North,23,4
1008,2024-02-06,2270.52,failed,Books,Central,42,3
1009,2024-02-06,4935.38,completed,Clothing,Central,24,1
1010,2024-02-06,113.05,completed,Food,South,23,1
1011,2024-02-06,4610.63,completed,Books,North,42,4
1012,2024-02-06,1105.34,completed,Home,Central,31,5
1013,2024-02-06,955.24,failed,Electronics,West,17,2
1014,2024-02-06,2433.69,pending,Home,West,10,5
1015,2024-02-07,3264.29,refunded,Home,East,10,2
1016,2024-02-07,3125.81,completed,Food,South,19,5
1017,2024-02-07,1774.05,completed,Books,South,3,5
1018,2024-02-07,3078.05,completed,Home,East,19,5
1019,2024-02-07,2260.59,completed,Sports,Central,14,3
1020,2024-02-07,1049.07,pending,Home,East,13,1
1021,2024-02-07,193.9,completed,Home,South,43,4
1022,2024-02-07,3269.9,failed,Sports,South,24,5
1023,2024-02-07,3002.93,completed,Sports,North,35,4
1024,2024-02-07,2523.48,completed,Home,South,20,3
1025,2024-02-07,2264.8,completed,Sports,Central,13,1
1026,2024-02-07,2525.94,refunded,Clothing,West,36,1
1027,2024-02-07,573.0,completed,Clothing,West,25,2
1028,2024-02-07,3410.5,completed,Books,South,47,4
1029,2024-02-07,4302.65,completed,Home,West,2,2
1030,2024-02-07,581.05,completed,Home,South,26,1
1031,2024-02-07,3854.28,completed,Sports,West,9,5
1032,2024-02-07,2099.68,completed,Books,Central,8,2
1033,2024-02-07,3943.33,completed,Electronics,North,25,2
1034,2024-02-07,2526.27,completed,Electronics,Central,10,2
1035,2024-02-07,1115.34,failed,Electronics,North,17,1
1036,2024-02-07,2060.53,pending,Sports,North,41,5
1037,2024-02-07,619.27,refunded,Home,East,26,4
1038,2024-02-07,96.08,completed,Home,North,1,4
1039,2024-02-07,162.56,completed,Home,Central,37,5
1040,2024-02-07,4800.98,failed,Books,South,6,5
1041,2024-02-07,4949.88,failed,Electronics,North,44,2
1042,2024-02-08,207.01,completed,Sports,West,30,1
1043,2024-02-08,957.13,completed,Home,East,6,2
1044,2024-02-08,2442.22,completed,Food,South,42,5
1045,2024-02-08,3228.12,completed,Home,West,5,3
1046,2024-02-08,870.2,completed,Home,East,35,1
1047,2024-02-08,1070.95,failed,Home,East,40,2
1048,2024-02-08,2575.24,failed,Electronics,North,8,2
1049,2024-02-08,256.98,completed,Sports,North,11,5
1050,2024-02-08,2672.5,pending,Food,East,46,5
1051,2024-02-08,4416.39,completed,Books,North,17,1
1052,2024-02-08,4935.07,completed,Food,South,28,1
1053,2024-02-08,2709.15,completed,Books,West,44,4
1054,2024-02-08,1857.72,failed,Sports,South,30,5
1055,2024-02-08,3846.36,completed,Sports,East,24,5
1056,2024-02-08,4510.54,completed,Clothing,North,37,4
1057,2024-02-08,2421.04,completed,Clothing,East,33,4
1058,2024-02-08,4228.12,completed,Electronics,East,28,3
1059,2024-02-08,2140.73,completed,Books,South,12,2
1060,2024-02-08,2256.0,completed,Home,West,42,5
1061,2024-02-08,2892.87,completed,Home,South,17,3
1062,2024-02-08,2167.34,completed,Clothing,East,14,4
1063,2024-02-08,1263.67,completed,Books,East,15,4
1064,2024-02-08,4372.33,completed,Books,North,5,2
1065,2024-02-08,4772.25,completed,Home,Central,9,1
1066,2024-02-08,2728.54,failed,Books,South,12,4
1067,2024-02-08,3946.77,completed,Food,South,38,3
1068,2024-02-08,1144.6,failed,Home,South,26,1
1069,2024-02-08,3471.68,completed,Food,South,42,5
1070,2024-02-09,1547.95,completed,Home,South,36,5
1071,2024-02-09,869.12,completed,Electronics,West,30,2
1072,2024-02-09,2441.79,completed,Electronics,West,47,4
1073,2024-02-09,163.07,completed,Home,East,9,5
1074,2024-02-09,1464.34,completed,Electronics,Central,9,4
1075,2024-02-09,1128.19,completed,Sports,South,16,3
1076,2024-02-09,2487.82,completed,Electronics,West,24,3
1077,2024-02-09,2485.52,completed,Food,South,44,1
1078,2024-02-09,3408.6,pending,Sports,South,43,5
1079,2024-02-09,616.63,completed,Clothing,West,20,4
1080,2024-02-09,2211.47,refunded,Books,East,39,4
1081,2024-02-09,233.51,completed,Electronics,North,21,5
1082,2024-02-09,4006.21,failed,Clothing,Central,33,3
1083,2024-02-09,4465.39,pending,Food,East,29,5
1084,2024-02-09,4953.43,pending,Books,Central,8,3
1085,2024-02-09,2601.52,completed,Clothing,West,36,3
1086,2024-02-09,4245.9,completed,Books,Central,28,3
1087,2024-02-09,2301.03,pending,Electronics,West,2,3
1088,2024-02-09,1023.03,completed,Clothing,Central,13,5
1089,2024-02-09,4196.5,completed,Electronics,East,27,5
1090,2024-02-09,242.17,completed,Books,Central,22,5
1091,2024-02-09,2974.37,completed,Home,North,48,2
1092,2024-02-09,4682.53,completed,Clothing,South,8,4
1093,2024-02-09,1363.71,failed,Books,Central,24,5
1094,2024-02-09,1269.52,completed,Books,East,27,5
1095,2024-02-09,533.17,completed,Electronics,Central,37,4
1096,2024-02-09,2521.16,pending,Sports,East,25,5
1097,2024-02-10,3189.03,completed,Books,Central,35,3
1098,2024-02-10,2556.99,completed,Sports,East,9,3
1099,2024-02-10,1697.43,completed,Sports,Central,2,4
1100,2024-02-10,2153.16,completed,Electronics,East,1,3
1101,2024-02-10,4170.51,completed,Books,South,27,4
1102,2024-02-10,4720.03,completed,Clothing,Central,21,3
1103,2024-02-10,1635.26,completed,Clothing,South,1,4
1104,2024-02-10,3188.7,completed,Home,Central,14,3
1105,2024-02-10,4125.19,completed,Books,South,6,2
1106,2024-02-10,3173.94,completed,Clothing,East,17,5
1107,2024-02-10,4444.68,completed,Clothing,North,18,1
1108,2024-02-10,3323.27,completed,Electronics,East,39,4
1109,2024-02-10,1242.41,completed,Electronics,East,9,4
1110,2024-02-10,3019.68,completed,Clothing,East,9,3
1111,2024-02-10,2797.44,completed,Food,East,4,4
1112,2024-02-10,1700.02,pending,Books,West,9,5
1113,2024-02-10,415.31,pending,Clothing,West,22,2
1114,2024-02-10,4163.26,completed,Home,East,24,4
1115,2024-02-10,3963.68,completed,Clothing,Central,47,2
1116,2024-02-10,152.3,completed,Sports,West,37,5
1117,2024-02-10,3629.81,completed,Clothing,Central,39,4
1118,2024-02-10,3282.33,completed,Books,South,29,1
1119,2024-02-10,1825.83,refunded,Electronics,South,37,5
1120,2024-02-10,3950.78,pending,Books,West,45,3
1121,2024-02-10,4146.05,completed,Books,North,44,1
1122,2024-02-10,4307.3,completed,Electronics,Central,37,4
1123,2024-02-10,395.01,completed,Clothing,North,48,3
1124,2024-02-10,1894.71,completed,Food,South,22,5
1125,2024-02-11,161.06,completed,Books,South,46,2
1126,2024-02-11,3655.45,failed,Clothing,North,18,3
1127,2024-02-11,2114.15,pending,Books,Central,9,3
1128,2024-02-11,3749.45,completed,Clothing,West,44,2
1129,2024-02-11,3972.58,completed,Electronics,North,45,5
1130,2024-02-11,339.9,completed,Food,West,49,2
1131,2024-02-11,4719.64,completed,Clothing,East,6,1
1132,2024-02-11,2490.07,failed,Home,East,31,2
1133,2024-02-11,4836.24,completed,Clothing,North,27,3
1134,2024-02-11,689.99,completed,Food,North,35,5
1135,2024-02-11,1759.61,completed,Sports,East,17,5
1136,2024-02-11,2296.92,completed,Clothing,South,22,3
1137,2024-02-11,4700.84,failed,Food,West,48,5
1138,2024-02-11,534.24,completed,Books,Central,30,4
1139,2024-02-11,2744.91,completed,Sports,South,21,1
1140,2024-02-11,672.86,refunded,Sports,West,33,3
1141,2024-02-11,1125.68,completed,Sports,East,30,4
1142,2024-02-11,3042.08,completed,Electronics,South,49,4
1143,2024-02-11,1408.93,failed,Sports,North,48,5
1144,2024-02-11,1440.5,completed,Books,South,18,5
1145,2024-02-11,3353.17,completed,Books,Central,25,5
1146,2024-02-11,4043.46,completed,Sports,North,29,3
1147,2024-02-11,179.95,completed,Food,Central,18,4
1148,2024-02-11,1130.39,failed,Clothing,South,1,5
1149,2024-02-11,2638.59,pending,Home,Central,11,2
1150,2024-02-11,4548.06,pending,Books,South,45,5
1151,2024-02-11,1860.86,completed,Food,South,11,3
1152,2024-02-12,1451.02,pending,Electronics,East,49,2
1153,2024-02-12,479.43,completed,Sports,South,29,2
1154,2024-02-12,1055.67,completed,Food,North,29,2
1155,2024-02-12,2490.45,completed,Sports,East,14,1
1156,2024-02-12,1476.46,pending,Food,East,20,5
1157,2024-02-12,2973.32,failed,Sports,North,32,2
1158,2024-02-12,1516.33,completed,Books,East,40,2
1159,2024-02-12,1199.51,completed,Books,West,45,1
1160,2024-02-12,3225.51,failed,Sports,North,4,2
1161,2024-02-12,3632.83,failed,Sports,East,45,3
1162,2024-02-12,4598.6,pending,Sports,South,30,2
1163,2024-02-12,2832.12,pending,Home,North,10,1
1164,2024-02-12,4738.68,completed,Sports,Central,18,4
1165,2024-02-12,1089.61,pending,Electronics,West,41,3
1166,2024-02-12,2648.14,failed,Electronics,South,10,2
1167,2024-02-12,2312.94,completed,Clothing,East,27,2
1168,2024-02-12,3467.04,failed,Clothing,Central,7,4
1169,2024-02-12,1165.9,completed,Books,Central,46,1
1170,2024-02-12,659.87,completed,Home,North,37,1
1171,2024-02-12,2198.79,refunded,Food,South,6,2
1172,2024-02-12,3407.2,failed,Sports,West,27,5
1173,2024-02-12,3592.76,completed,Food,South,39,1
1174,2024-02-12,3373.52,failed,Home,East,46,2
1175,2024-02-12,3242.43,completed,Books,East,4,4
1176,2024-02-12,808.02,completed,Food,West,28,2
1177,2024-02-12,3960.33,completed,Home,South,17,2
1178,2024-02-12,2805.65,failed,Home,East,6,2
1179,2024-02-13,350.5,refunded,Clothing,North,4,5
1180,2024-02-13,1283.21,completed,Books,North,18,5
1181,2024-02-13,1337.04,failed,Books,North,20,2
1182,2024-02-13,672.81,completed,Books,Central,17,1
1183,2024-02-13,714.01,failed,Books,Central,33,4
1184,2024-02-13,4457.49,failed,Home,Central,23,3
1185,2024-02-13,2253.92,pending,Books,West,4,2
1186,2024-02-13,2077.34,completed,Food,West,21,4
1187,2024-02-13,4052.41,completed,Home,East,3,3
1188,2024-02-13,1826.62,completed,Books,South,5,1
1189,2024-02-13,1596.9,completed,Home,East,16,4
1190,2024-02-13,1036.1,completed,Sports,North,24,3
1191,2024-02-13,446.7,completed,Clothing,South,41,1
1192,2024-02-13,1002.02,completed,Sports,North,33,1
1193,2024-02-13,4094.85,completed,Sports,South,31,1
1194,2024-02-13,2823.93,completed,Clothing,West,1,3
1195,2024-02-13,2946.15,completed,Books,North,35,5
1196,2024-02-13,1844.37,completed,Clothing,South,2,4
1197,2024-02-13,2462.99,completed,Books,North,14,5
1198,2024-02-13,3297.99,completed,Electronics,West,31,4
1199,2024-02-13,2087.82,completed,Electronics,East,45,5
1200,2024-02-13,1662.56,pending,Food,Central,29,1
1201,2024-02-13,1264.78,completed,Books,West,37,1
1202,2024-02-13,1065.66,completed,Books,East,33,1
1203,2024-02-13,2857.05,completed,Books,Central,4,4
1204,2024-02-13,370.75,completed,Food,West,34,1
1205,2024-02-13,808.33,completed,Electronics,North,17,1
1206,2024-02-13,2961.82,pending,Books,South,42,3
1207,2024-02-14,4036.19,failed,Food,South,39,2
1208,2024-02-14,1332.28,completed,Electronics,East,22,3
1209,2024-02-14,57.34,pending,Food,North,44,3
1210,2024-02-14,3344.4,completed,Food,East,37,2
1211,2024-02-14,211.22,pending,Food,South,27,3
1212,2024-02-14,1666.62,pending,Books,East,9,4
1213,2024-02-14,2253.97,failed,Electronics,West,3,2
1214,2024-02-14,3781.39,completed,Sports,East,1,1
1215,2024-02-14,3866.87,completed,Clothing,South,19,1
1216,2024-02-14,2092.13,completed,Books,East,9,1
1217,2024-02-14,4370.1,completed,Sports,North,10,3
1218,2024-02-14,1917.89,completed,Food,North,36,1
1219,2024-02-14,2377.49,completed,Sports,South,37,1
1220,2024-02-14,1988.44,pending,Home,East,44,3
1221,2024-02-14,3099.46,completed,Food,Central,20,5
1222,2024-02-14,2022.76,completed,Sports,East,5,1
1223,2024-02-14,4658.7,pending,Food,West,6,1
1224,2024-02-14,4204.52,completed,Home,West,22,2
1225,2024-02-14,1953.18,completed,Sports,West,39,4
1226,2024-02-14,130.07,completed,Electronics,North,29,5
1227,2024-02-14,2734.36,completed,Clothing,East,8,3
1228,2024-02-14,1218.97,completed,Electronics,Central,44,2
1229,2024-02-14,1607.82,completed,Home,West,43,1
1230,2024-02-14,2299.69,completed,Books,Central,11,2
1231,2024-02-14,4025.25,completed,Home,Central,42,2
1232,2024-02-14,3742.08,refunded,Books,West,33,3
1233,2024-02-14,2792.29,completed,Clothing,South,14,1
1234,2024-02-15,3643.73,completed,Clothing,South,41,1
1235,2024-02-15,1542.87,completed,Clothing,Central,33,1
1236,2024-02-15,2469.27,completed,Electronics,East,4,1
1237,2024-02-15,364.76,completed,Food,South,19,3
1238,2024-02-15,271.91,pending,Electronics,East,11,5
1239,2024-02-15,811.42,refunded,Clothing,South,25,2
1240,2024-02-15,3757.77,completed,Sports,West,7,2
1241,2024-02-15,4611.34,pending,Home,East,17,5
1242,2024-02-15,3089.86,pending,Food,East,35,1
1243,2024-02-15,212.44,completed,Sports,North,14,3
1244,2024-02-15,3119.68,completed,Books,East,15,1
1245,2024-02-15,1383.63,failed,Books,Central,21,4
1246,2024-02-15,4396.09,completed,Clothing,West,4,3
1247,2024-02-15,3656.81,completed,Home,East,34,4
1248,2024-02-15,1813.96,failed,Clothing,East,5,5
1249,2024-02-15,2208.26,completed,Home,North,49,5
1250,2024-02-15,3595.87,pending,Sports,West,34,2
1251,2024-02-15,4642.94,completed,Home,West,26,1
1252,2024-02-15,1498.72,completed,Electronics,West,29,3
1253,2024-02-15,3855.01,completed,Food,South,15,2
1254,2024-02-15,3443.5,completed,Home,East,17,4
1255,2024-02-15,1204.44,completed,Clothing,West,41,5
1256,2024-02-15,1256.71,completed,Clothing,South,45,1
1257,2024-02-15,1074.57,completed,Sports,Central,8,1
1258,2024-02-15,876.17,refunded,Home,West,2,4
1259,2024-02-15,1559.79,pending,Food,South,20,1
1260,2024-02-15,654.46,failed,Books,West,12,1
1261,2024-02-15,1266.37,completed,Sports,North,38,5
1262,2024-02-16,1811.37,completed,Home,Central,27,2
1263,2024-02-16,2786.42,completed,Sports,North,13,4
1264,2024-02-16,2186.3,completed,Sports,South,47,4
1265,2024-02-16,1595.77,completed,Clothing,Central,8,3
1266,2024-02-16,590.63,completed,Home,South,44,1
1267,2024-02-16,2808.62,failed,Food,East,39,1
1268,2024-02-16,4202.17,completed,Clothing,North,36,5
1269,2024-02-16,3077.34,completed,Clothing,North,47,3
1270,2024-02-16,2838.87,refunded,Electronics,East,24,3
1271,2024-02-16,1922.04,completed,Food,West,20,4
1272,2024-02-16,2660.64,completed,Sports,West,22,2
1273,2024-02-16,3357.75,completed,Home,West,13,1
1274,2024-02-16,1459.65,completed,Clothing,West,35,3
1275,2024-02-16,4767.7,pending,Books,Central,21,3
1276,2024-02-16,118.98,refunded,Clothing,West,34,1
1277,2024-02-16,1682.79,completed,Clothing,West,8,2
1278,2024-02-16,4910.58,pending,Clothing,South,20,1
1279,2024-02-16,4055.45,completed,Food,South,37,4
1280,2024-02-16,288.27,pending,Sports,Central,44,2
1281,2024-02-16,1809.18,pending,Clothing,South,49,2
1282,2024-02-16,3440.86,completed,Sports,North,40,4
1283,2024-02-16,2759.19,pending,Sports,East,5,2
1284,2024-02-16,4672.27,refunded,Electronics,North,49,1
1285,2024-02-16,3946.96,completed,Sports,South,26,2
1286,2024-02-16,3301.37,completed,Home,West,20,1
1287,2024-02-16,3029.85,completed,Clothing,East,35,4
1288,2024-02-16,4992.31,completed,Sports,South,11,1
1289,2024-02-17,2515.51,completed,Sports,South,7,1
1290,2024-02-17,34.85,completed,Clothing,North,10,3
1291,2024-02-17,3714.84,completed,Food,East,48,4
1292,2024-02-17,2624.82,failed,Sports,South,32,3
1293,2024-02-17,4215.46,completed,Food,East,37,5
1294,2024-02-17,2257.32,failed,Books,North,10,4
1295,2024-02-17,821.05,failed,Sports,West,48,5
1296,2024-02-17,3283.24,completed,Home,East,37,2
1297,2024-02-17,4575.64,completed,Home,Central,24,3
1298,2024-02-17,461.75,pending,Sports,East,47,1
1299,2024-02-17,916.38,refunded,Home,South,27,5
1300,2024-02-17,1150.19,completed,Food,South,2,4
1301,2024-02-17,712.28,completed,Clothing,South,21,4
1302,2024-02-17,2818.78,pending,Electronics,West,43,4
1303,2024-02-17,391.56,completed,Home,North,35,5
1304,2024-02-17,4923.09,completed,Sports,West,12,3
1305,2024-02-17,852.53,completed,Books,East,8,4
1306,2024-02-17,258.28,pending,Home,West,28,4
1307,2024-02-17,1677.22,completed,Sports,West,37,3
1308,2024-02-17,2385.81,completed,Sports,Central,14,2
1309,2024-02-17,4127.16,completed,Food,Central,37,4
1310,2024-02-17,3087.62,failed,Sports,South,15,1
1311,2024-02-17,4917.71,completed,Sports,East,22,1
1312,2024-02-17,2005.53,completed,Home,South,41,5
1313,2024-02-17,477.25,failed,Clothing,West,5,1
1314,2024-02-17,4555.49,completed,Sports,West,15,1
1315,2024-02-17,2875.18,refunded,Food,South,45,5
1316,2024-02-18,2559.48,completed,Home,South,41,4
1317,2024-02-18,2260.3,completed,Home,North,49,5
1318,2024-02-18,946.93,pending,Food,Central,16,3
1319,2024-02-18,1845.55,completed,Food,North,39,4
1320,2024-02-18,1634.5,completed,Sports,South,12,3
1321,2024-02-18,1792.17,completed,Food,West,42,5
1322,2024-02-18,1386.76,pending,Books,North,38,2
1323,2024-02-18,2507.68,completed,Books,East,40,5
1324,2024-02-18,3756.69,completed,Electronics,East,15,5
1325,2024-02-18,4800.71,completed,Food,West,5,5
1326,2024-02-18,596.32,failed,Clothing,North,2,5
1327,2024-02-18,4386.43,completed,Electronics,Central,4,1
1328,2024-02-18,1729.37,completed,Food,West,12,4
1329,2024-02-18,2598.23,failed,Clothing,South,11,4
1330,2024-02-18,587.43,completed,Clothing,West,40,2
1331,2024-02-18,694.71,completed,Books,South,22,3
1332,2024-02-18,4078.83,completed,Electronics,South,31,2
1333,2024-02-18,2573.78,completed,Clothing,Central,42,1
1334,2024-02-18,1214.34,failed,Electronics,South,20,4
1335,2024-02-18,4617.71,completed,Home,West,24,4
1336,2024-02-18,4314.56,completed,Food,West,26,1
1337,2024-02-18,1899.78,pending,Electronics,Central,20,2
1338,2024-02-18,1018.82,completed,Electronics,East,10,5
1339,2024-02-18,1780.66,failed,Books,North,40,1
1340,2024-02-18,3467.71,completed,Home,East,13,1
1341,2024-02-18,1639.98,completed,Clothing,West,15,3
1342,2024-02-18,2382.52,completed,Food,East,5,3
1343,2024-02-18,4747.58,completed,Home,West,32,2
1344,2024-02-19,4713.36,completed,Home,Central,14,5
1345,2024-02-19,2273.79,completed,Clothing,Central,26,2
1346,2024-02-19,4498.9,completed,Food,North,13,3
1347,2024-02-19,1934.33,pending,Home,East,44,1
1348,2024-02-19,2414.68,completed,Food,East,22,3
1349,2024-02-19,1070.27,completed,Electronics,North,40,1
1350,2024-02-19,1242.3,completed,Sports,East,32,2
1351,2024-02-19,3479.09,completed,Books,Central,21,2
1352,2024-02-19,3897.94,completed,Home,South,28,2
1353,2024-02-19,2857.84,completed,Home,West,18,4
1354,2024-02-19,3204.33,completed,Clothing,South,38,4
1355,2024-02-19,1562.84,pending,Home,West,40,4
1356,2024-02-19,4506.56,pending,Food,East,14,4
1357,2024-02-19,3463.62,completed,Clothing,Central,4,4
1358,2024-02-19,4350.57,refunded,Sports,North,9,5
1359,2024-02-19,3863.75,completed,Books,Central,12,1
1360,2024-02-19,2348.43,completed,Clothing,East,34,4
1361,2024-02-19,3369.82,completed,Electronics,Central,17,1
1362,2024-02-19,705.79,completed,Home,Central,4,1
1363,2024-02-19,1833.75,completed,Sports,South,43,4
1364,2024-02-19,2999.79,completed,Sports,West,5,1
1365,2024-02-19,874.6,completed,Clothing,North,35,2
1366,2024-02-19,4107.88,completed,Food,South,37,1
1367,2024-02-19,1896.62,completed,Electronics,West,1,5
1368,2024-02-19,4588.92,refunded,Electronics,North,42,1
1369,2024-02-19,4134.73,pending,Food,Central,14,3
1370,2024-02-19,1359.05,completed,Sports,South,3,5
1371,2024-02-20,56.1,completed,Electronics,South,37,5
1372,2024-02-20,343.7,failed,Food,South,15,2
1373,2024-02-20,407.23,completed,Sports,South,39,1
1374,2024-02-20,1465.65,refunded,Books,North,20,5
1375,2024-02-20,114.57,completed,Food,South,49,2
1376,2024-02-20,2336.23,failed,Electronics,South,19,1
1377,2024-02-20,2920.01,completed,Electronics,Central,17,2
1378,2024-02-20,3918.11,completed,Electronics,Central,45,4
1379,2024-02-20,4454.58,completed,Sports,East,42,2
1380,2024-02-20,143.38,completed,Clothing,Central,13,1
1381,2024-02-20,4920.43,completed,Home,Central,6,4
1382,2024-02-20,2864.83,completed,Food,South,49,4
1383,2024-02-20,3262.77,pending,Clothing,Central,9,3
1384,2024-02-20,1132.42,failed,Clothing,South,16,1
1385,2024-02-20,2380.33,completed,Sports,Central,44,4
1386,2024-02-20,1727.71,completed,Clothing,Central,3,1
1387,2024-02-20,2024.9,failed,Sports,East,23,1
1388,2024-02-20,1839.77,completed,Sports,West,17,2
1389,2024-02-20,829.87,completed,Electronics,Central,8,1
1390,2024-02-20,1653.32,completed,Electronics,West,24,3
1391,2024-02-20,3699.14,completed,Home,North,40,5
1392,2024-02-20,1365.98,failed,Books,East,32,3
1393,2024-02-20,3714.43,completed,Sports,North,12,2
1394,2024-02-20,2331.1,completed,Food,East,32,4
1395,2024-02-20,4862.93,completed,Food,West,41,2
1396,2024-02-20,1810.48,completed,Clothing,North,14,5
1397,2024-02-20,4819.68,pending,Books,North,40,1
1398,2024-02-20,260.87,completed,Food,Central,48,1
1399,2024-02-21,500.78,completed,Home,East,15,2
1400,2024-02-21,1306.69,completed,Home,Central,3,3
1401,2024-02-21,4410.29,completed,Food,East,6,3
1402,2024-02-21,3668.7,completed,Sports,South,30,2
1403,2024-02-21,1376.21,completed,Home,North,28,4
1404,2024-02-21,47.3,completed,Books,North,31,3
1405,2024-02-21,4102.83,pending,Clothing,Central,24,5
1406,2024-02-21,4267.94,pending,Home,East,17,1
1407,2024-02-21,1310.02,completed,Sports,South,8,4
1408,2024-02-21,128.68,completed,Food,Central,38,3
1409,2024-02-21,4855.03,completed,Home,West,28,2
1410,2024-02-21,1867.18,pending,Sports,East,14,2
1411,2024-02-21,1145.62,completed,Home,East,37,4
1412,2024-02-21,4836.25,completed,Clothing,Central,12,5
1413,2024-02-21,3714.97,completed,Clothing,North,34,4
1414,2024-02-21,846.41,completed,Electronics,East,33,1
1415,2024-02-21,2294.24,pending,Electronics,East,14,3
1416,2024-02-21,2113.84,completed,Books,East,29,1
1417,2024-02-21,1963.94,completed,Electronics,North,31,2
1418,2024-02-21,3374.96,completed,Sports,West,37,3
1419,2024-02-21,656.17,completed,Books,North,20,3
1420,2024-02-21,2210.03,completed,Books,Central,25,5
1421,2024-02-21,2701.02,completed,Food,North,7,5
1422,2024-02-21,3117.51,completed,Food,West,2,4
1423,2024-02-21,760.01,pending,Clothing,West,49,1
1424,2024-02-21,4159.17,completed,Home,Central,19,2
1425,2024-02-21,2787.24,completed,Food,East,45,1
1426,2024-02-22,4793.39,completed,Food,South,26,4
1427,2024-02-22,1842.83,completed,Clothing,West,44,2
1428,2024-02-22,4575.84,failed,Food,North,46,1
1429,2024-02-22,494.01,completed,Clothing,West,14,3
1430,2024-02-22,4855.45,failed,Electronics,North,21,5
1431,2024-02-22,3887.53,completed,Clothing,North,27,2
1432,2024-02-22,2177.96,pending,Home,North,2,1
1433,2024-02-22,388.42,pending,Electronics,West,37,4
1434,2024-02-22,4027.97,completed,Electronics,West,46,1
1435,2024-02-22,2114.76,completed,Electronics,North,2,2
1436,2024-02-22,3169.53,completed,Sports,South,43,1
1437,2024-02-22,2198.84,completed,Sports,North,21,4
1438,2024-02-22,1141.14,completed,Clothing,South,29,2
1439,2024-02-22,403.21,pending,Food,North,23,4
1440,2024-02-22,4939.84,pending,Food,Central,29,1
1441,2024-02-22,1280.83,completed,Electronics,West,1,3
1442,2024-02-22,2260.75,completed,Clothing,Central,48,5
1443,2024-02-22,2859.4,completed,Sports,West,17,4
1444,2024-02-22,3904.39,failed,Food,North,8,2
1445,2024-02-22,1376.83,pending,Electronics,Central,23,4
1446,2024-02-22,3837.58,failed,Food,West,35,3
1447,2024-02-22,634.63,completed,Home,East,23,1
1448,2024-02-22,4089.07,completed,Sports,South,9,2
1449,2024-02-22,4520.25,pending,Sports,East,2,1
1450,2024-02-22,4517.18,refunded,Home,South,2,1
1451,2024-02-22,223.25,completed,Clothing,West,13,2
1452,2024-02-22,2495.19,completed,Electronics,East,7,1
1453,2024-02-23,4451.11,completed,Clothing,West,34,3
1454,2024-02-23,3965.64,pending,Clothing,East,7,3
1455,2024-02-23,4405.33,pending,Electronics,Central,25,5
1456,2024-02-23,3580.85,pending,Sports,Central,1,2
1457,2024-02-23,4259.95,refunded,Sports,Central,30,1
1458,2024-02-23,309.64,completed,Sports,East,29,3
1459,2024-02-23,996.73,pending,Clothing,North,26,5
1460,2024-02-23,3621.92,pending,Books,Central,35,5
1461,2024-02-23,4071.24,completed,Home,North,34,5
1462,2024-02-23,922.63,failed,Clothing,North,39,5
1463,2024-02-23,4025.26,completed,Food,East,10,4
1464,2024-02-23,1149.9,completed,Clothing,South,11,5
1465,2024-02-23,3325.01,completed,Home,East,4,2
1466,2024-02-23,2593.48,completed,Home,Central,20,2
1467,2024-02-23,3848.88,completed,Books,North,4,4
1468,2024-02-23,2170.09,completed,Clothing,South,17,1
1469,2024-02-23,1023.46,completed,Clothing,South,25,2
1470,2024-02-23,4113.7,pending,Clothing,North,20,3
1471,2024-02-23,4634.31,completed,Sports,West,7,2
1472,2024-02-23,3124.78,pending,Clothing,Central,48,4
1473,2024-02-23,4324.76,refunded,Books,West,32,2
1474,2024-02-23,119.84,completed,Sports,North,21,1
1475,2024-02-23,2731.27,completed,Books,West,37,4
1476,2024-02-23,1933.48,completed,Books,West,22,4
1477,2024-02-23,3560.24,completed,Food,South,12,1
1478,2024-02-23,1650.32,pending,Sports,South,42,1
1479,2024-02-23,77.77,completed,Books,North,13,4
1480,2024-02-23,2368.26,pending,Books,South,26,2
1481,2024-02-24,2976.33,completed,Home,West,29,3
1482,2024-02-24,3392.44,completed,Sports,Central,22,5
1483,2024-02-24,4166.3,pending,Books,South,25,2
1484,2024-02-24,4999.15,failed,Home,East,8,4
1485,2024-02-24,3814.84,completed,Electronics,North,5,5
1486,2024-02-24,1534.38,completed,Books,Central,36,4
1487,2024-02-24,4701.86,completed,Home,East,9,5
1488,2024-02-24,3394.07,completed,Clothing,East,34,5
1489,2024-02-24,4474.47,completed,Books,North,30,5
1490,2024-02-24,2084.33,completed,Food,Central,44,2
1491,2024-02-24,718.57,completed,Electronics,South,5,1
1492,2024-02-24,3411.95,completed,Electronics,South,28,4
1493,2024-02-24,686.91,refunded,Electronics,West,31,1
1494,2024-02-24,4351.69,completed,Home,South,7,4
1495,2024-02-24,3212.51,completed,Clothing,West,34,3
1496,2024-02-24,2218.66,completed,Food,South,41,4
1497,2024-02-24,651.51,completed,Books,Central,48,2
1498,2024-02-24,1413.29,completed,Home,South,5,2
1499,2024-02-24,1420.57,completed,Sports,South,9,2
1500,2024-02-24,240.25,completed,Home,East,16,1
1501,2024-02-24,739.29,pending,Home,East,44,4
1502,2024-02-24,3046.59,failed,Food,North,30,2
1503,2024-02-24,200.51,completed,Clothing,West,4,5
1504,2024-02-24,2374.97,completed,Electronics,West,26,5
1505,2024-02-24,2981.83,completed,Electronics,East,41,2
1506,2024-02-24,1240.49,completed,Sports,North,34,4
1507,2024-02-24,4975.66,completed,Electronics,West,27,1
1508,2024-02-25,2293.63,completed,Books,South,29,2
1509,2024-02-25,3772.36,completed,Books,Central,45,2
1510,2024-02-25,1120.21,completed,Sports,East,28,2
1511,2024-02-25,180.33,completed,Electronics,East,12,1
1512,2024-02-25,375.23,completed,Food,Central,29,3
1513,2024-02-25,1469.38,completed,Home,North,23,1
1514,2024-02-25,1527.11,failed,Electronics,Central,17,5
1515,2024-02-25,966.96,completed,Home,Central,45,5
1516,2024-02-25,1680.29,completed,Sports,South,45,2
1517,2024-02-25,616.89,completed,Books,North,10,1
1518,2024-02-25,4432.83,refunded,Home,Central,15,3
1519,2024-02-25,1528.86,pending,Electronics,South,23,2
1520,2024-02-25,3658.88,completed,Home,North,23,5
1521,2024-02-25,4572.29,completed,Electronics,Central,14,5
1522,2024-02-25,4680.31,completed,Sports,North,45,3
1523,2024-02-25,2834.56,completed,Books,Central,38,4
1524,2024-02-25,1638.25,completed,Clothing,North,5,3
1525,2024-02-25,4532.02,completed,Food,West,21,2
1526,2024-02-25,4862.27,completed,Clothing,South,26,4
1527,2024-02-25,3765.71,pending,Clothing,North,32,3
1528,2024-02-25,2897.15,completed,Clothing,Central,11,4
1529,2024-02-25,839.7,completed,Books,West,13,2
1530,2024-02-25,3137.82,pending,Books,Central,38,2
1531,2024-02-25,1183.53,refunded,Food,Central,22,1
1532,2024-02-25,899.94,failed,Sports,East,22,5
1533,2024-02-25,2008.97,completed,Sports,South,16,3
1534,2024-02-25,2004.99,completed,Food,East,45,2
1535,2024-02-25,2544.58,failed,Electronics,Central,31,5
1536,2024-02-26,1930.88,completed,Food,North,19,1
1537,2024-02-26,199.7,completed,Sports,North,4,3
1538,2024-02-26,2413.24,pending,Books,South,46,3
1539,2024-02-26,1511.44,completed,Clothing,West,35,3
1540,2024-02-26,2958.9,pending,Clothing,East,21,3
1541,2024-02-26,2101.4,failed,Home,West,8,4
1542,2024-02-26,2029.36,completed,Home,North,49,2
1543,2024-02-26,4280.88,completed,Clothing,South,49,4
1544,2024-02-26,3708.32,completed,Clothing,West,14,2
1545,2024-02-26,3960.98,completed,Electronics,North,3,3
1546,2024-02-26,3175.43,completed,Home,Central,26,3
1547,2024-02-26,4401.47,completed,Clothing,Central,40,2
1548,2024-02-26,3161.34,completed,Electronics,North,29,3
1549,2024-02-26,153.89,failed,Electronics,East,24,5
1550,2024-02-26,2517.71,failed,Books,East,39,4
1551,2024-02-26,2876.99,completed,Clothing,Central,37,1
1552,2024-02-26,4457.45,completed,Home,East,5,4
1553,2024-02-26,2583.79,pending,Home,North,49,2
1554,2024-02-26,1189.38,refunded,Electronics,East,35,5
1555,2024-02-26,2257.62,completed,Home,South,36,4
1556,2024-02-26,2119.7,pending,Books,North,19,4
1557,2024-02-26,2788.77,refunded,Electronics,West,19,5
1558,2024-02-26,1331.34,pending,Electronics,West,19,2
1559,2024-02-26,1656.42,completed,Electronics,West,14,4
1560,2024-02-26,4804.81,failed,Clothing,West,7,5
1561,2024-02-26,2446.81,completed,Clothing,West,4,5
1562,2024-02-26,4242.41,failed,Electronics,South,10,2
1563,2024-02-27,4807.99,completed,Sports,Central,19,3
1564,2024-02-27,4051.83,completed,Food,East,31,3
1565,2024-02-27,1983.24,failed,Food,North,40,2
1566,2024-02-27,999.44,pending,Clothing,Central,2,2
1567,2024-02-27,4023.2,pending,Books,West,24,3
1568,2024-02-27,3082.44,completed,Home,East,1,3
1569,2024-02-27,1597.32,completed,Home,East,9,2
1570,2024-02-27,4045.29,completed,Home,Central,45,2
1571,2024-02-27,2882.35,completed,Food,North,35,4
1572,2024-02-27,3906.66,pending,Clothing,Central,1,3
1573,2024-02-27,2540.68,completed,Electronics,North,19,5
1574,2024-02-27,3066.44,failed,Sports,Central,7,3
1575,2024-02-27,1831.75,completed,Clothing,East,4,4
1576,2024-02-27,1736.05,completed,Sports,North,25,3
1577,2024-02-27,3606.13,completed,Sports,Central,46,2
1578,2024-02-27,1918.76,pending,Food,Central,11,4
1579,2024-02-27,2033.94,completed,Home,South,4,1
1580,2024-02-27,1497.62,completed,Clothing,East,20,4
1581,2024-02-27,3985.21,completed,Home,South,30,4
1582,2024-02-27,4141.34,completed,Sports,North,32,3
1583,2024-02-27,794.65,completed,Food,North,5,3
1584,2024-02-27,3434.59,completed,Clothing,East,14,5
1585,2024-02-27,1235.53,completed,Food,South,37,5
1586,2024-02-27,1226.39,completed,Electronics,West,6,2
1587,2024-02-27,960.68,completed,Sports,South,47,5
1588,2024-02-27,1118.15,pending,Clothing,East,9,3
1589,2024-02-27,1984.1,completed,Books,East,39,1
1590,2024-02-28,1471.42,completed,Sports,West,6,1
1591,2024-02-28,1040.19,completed,Home,East,24,1
1592,2024-02-28,3143.41,completed,Clothing,Central,25,5
1593,2024-02-28,3976.46,failed,Sports,East,49,4
1594,2024-02-28,2170.16,completed,Clothing,East,5,1
1595,2024-02-28,48.59,completed,Electronics,South,19,2
1596,2024-02-28,2997.88,completed,Clothing,East,20,4
1597,2024-02-28,4147.31,failed,Electronics,Central,13,2
1598,2024-02-28,3071.21,failed,Clothing,West,8,5
1599,2024-02-28,4228.36,completed,Home,Central,20,2
1600,2024-02-28,67.83,pending,Sports,North,49,2
1601,2024-02-28,1125.35,pending,Books,East,31,1
1602,2024-02-28,3260.23,completed,Sports,Central,42,2
1603,2024-02-28,1886.24,completed,Books,West,12,3
1604,2024-02-28,995.51,completed,Home,North,39,3
1605,2024-02-28,4576.51,completed,Books,East,48,4
1606,2024-02-28,2023.84,completed,Food,West,36,5
1607,2024-02-28,4222.46,completed,Electronics,North,26,2
1608,2024-02-28,4828.86,completed,Food,South,47,5
1609,2024-02-28,145.43,completed,Food,Central,38,3
1610,2024-02-28,4739.9,failed,Food,Central,13,2
1611,2024-02-28,3604.39,pending,Home,West,13,5
1612,2024-02-28,3886.12,pending,Clothing,Central,46,5
1613,2024-02-28,934.56,completed,Home,South,1,4
1614,2024-02-28,890.85,completed,Home,North,23,3
1615,2024-02-28,2371.63,pending,Food,Central,3,3
1616,2024-02-28,772.09,completed,Electronics,East,6,4
1617,2024-02-28,3587.99,completed,Clothing,Central,49,5
1618,2024-02-29,4514.29,completed,Sports,North,28,2
1619,2024-02-29,4756.86,completed,Home,South,38,4
1620,2024-02-29,1523.39,pending,Food,Central,38,2
1621,2024-02-29,2589.95,completed,Electronics,Central,47,5
1622,2024-02-29,955.65,completed,Home,Central,37,1
1623,2024-02-29,1688.47,refunded,Sports,North,46,1
1624,2024-02-29,1390.03,completed,Electronics,East,21,4
1625,2024-02-29,2585.2,completed,Sports,West,4,2
1626,2024-02-29,1329.82,completed,Sports,South,22,2
1627,2024-02-29,99.97,completed,Electronics,Central,25,2
1628,2024-02-29,1334.15,completed,Food,West,33,4
1629,2024-02-29,684.23,completed,Home,North,37,3
1630,2024-02-29,206.79,completed,Electronics,West,18,4
1631,2024-02-29,2365.98,completed,Books,West,14,4
1632,2024-02-29,3210.05,completed,Food,Central,41,4
1633,2024-02-29,4526.48,completed,Books,Central,42,2
1634,2024-02-29,1038.36,completed,Food,East,20,1
1635,2024-02-29,388.81,completed,Electronics,North,39,5
1636,2024-02-29,3643.36,completed,Sports,East,11,1
1637,2024-02-29,2591.94,completed,Home,East,31,5
1638,2024-02-29,4575.55,completed,Books,East,4,3
1639,2024-02-29,2338.76,completed,Home,East,13,1
1640,2024-02-29,4340.68,completed,Sports,South,8,3
1641,2024-02-29,334.58,completed,Sports,Central,44,1
1642,2024-02-29,4970.15,completed,Sports,North,28,2
1643,2024-02-29,2066.92,pending,Electronics,West,9,5
1644,2024-02-29,4336.62,completed,Books,Central,7,1
1645,2024-03-01,192.26,completed,Electronics,North,7,4
1646,2024-03-01,945.24,pending,Sports,East,19,1
1647,2024-03-01,2944.55,pending,Clothing,South,1,5
1648,2024-03-01,85.9,pending,Books,West,22,3
1649,2024-03-01,2800.83,completed,Home,West,44,1
1650,2024-03-01,1361.57,completed,Books,West,6,5
1651,2024-03-01,2655.62,completed,Clothing,South,6,2
1652,2024-03-01,3746.21,completed,Home,South,25,2
1653,2024-03-01,3137.59,completed,Sports,Central,48,4
1654,2024-03-01,3728.05,failed,Electronics,South,37,1
1655,2024-03-01,1742.45,completed,Food,West,27,5
1656,2024-03-01,3585.73,pending,Home,Central,34,1
1657,2024-03-01,2689.64,completed,Books,North,36,1
1658,2024-03-01,2546.29,completed,Home,Central,6,3
1659,2024-03-01,3134.61,pending,Clothing,North,19,5
1660,2024-03-01,2523.9,pending,Sports,West,20,1
1661,2024-03-01,2237.27,completed,Books,South,23,3
1662,2024-03-01,1587.1,completed,Home,North,11,1
1663,2024-03-01,3012.31,failed,Sports,West,8,4
1664,2024-03-01,1488.62,completed,Electronics,South,2,5
1665,2024-03-01,12.02,completed,Books,Central,23,3
1666,2024-03-01,321.94,completed,Books,Central,37,3
1667,2024-03-01,4398.21,completed,Sports,Central,18,3
1668,2024-03-01,4233.26,pending,Food,East,41,5
1669,2024-03-01,4787.98,completed,Sports,East,22,2
1670,2024-03-01,2240.51,pending,Books,North,14,4
1671,2024-03-01,1363.49,completed,Books,East,14,4
1672,2024-03-01,4993.36,completed,Clothing,Central,12,2
1673,2024-03-02,3045.53,completed,Food,South,12,2
1674,2024-03-02,4541.42,completed,Sports,North,16,3
1675,2024-03-02,1792.94,refunded,Electronics,North,47,4
1676,2024-03-02,3865.18,completed,Books,South,33,2
1677,2024-03-02,3900.64,completed,Home,West,27,1
1678,2024-03-02,3293.44,pending,Electronics,South,48,1
1679,2024-03-02,1221.04,completed,Home,West,22,2
1680,2024-03-02,4160.61,completed,Sports,South,30,3
1681,2024-03-02,2351.97,pending,Sports,North,30,2
1682,2024-03-02,3772.86,completed,Food,West,49,5
1683,2024-03-02,2715.93,pending,Books,East,46,2
1684,2024-03-02,541.24,refunded,Sports,North,19,4
1685,2024-03-02,2192.34,completed,Books,West,34,4
1686,2024-03-02,1900.97,completed,Sports,North,5,1
1687,2024-03-02,4634.44,failed,Clothing,West,26,1
1688,2024-03-02,4186.49,completed,Home,East,31,2
1689,2024-03-02,1592.49,completed,Clothing,East,16,2
1690,2024-03-02,3055.3,completed,Sports,Central,16,4
1691,2024-03-02,2212.59,completed,Sports,West,38,2
1692,2024-03-02,3284.44,failed,Clothing,North,38,4
1693,2024-03-02,2174.47,completed,Books,East,18,1
1694,2024-03-02,2042.7,pending,Clothing,Central,16,2
1695,2024-03-02,3889.91,completed,Electronics,South,49,4
1696,2024-03-02,4749.86,completed,Home,Central,25,3
1697,2024-03-02,236.34,completed,Sports,North,5,5
1698,2024-03-02,117.66,failed,Clothing,North,21,4
1699,2024-03-02,2616.11,completed,Food,Central,31,2
1700,2024-03-03,3614.98,pending,Books,South,37,5
1701,2024-03-03,4581.17,completed,Electronics,Central,36,5
1702,2024-03-03,1463.25,completed,Sports,North,44,2
1703,2024-03-03,2389.72,completed,Food,West,14,5
1704,2024-03-03,4136.36,completed,Electronics,East,9,1
1705,2024-03-03,1713.34,completed,Books,Central,1,5
1706,2024-03-03,337.74,completed,Clothing,Central,49,4
1707,2024-03-03,4239.33,completed,Books,West,14,3
1708,2024-03-03,1341.0,completed,Books,Central,32,3
1709,2024-03-03,4941.49,refunded,Home,East,49,5
1710,2024-03-03,1273.35,completed,Books,West,39,3
1711,2024-03-03,3141.21,completed,Food,East,14,3
1712,2024-03-03,4647.13,completed,Electronics,Central,8,2
1713,2024-03-03,1315.83,completed,Books,North,2,2
1714,2024-03-03,2137.22,failed,Sports,East,15,3
1715,2024-03-03,2155.15,completed,Home,North,18,1
1716,2024-03-03,2663.24,completed,Electronics,Central,49,1
1717,2024-03-03,1852.81,completed,Clothing,South,43,4
1718,2024-03-03,2671.31,completed,Sports,South,22,1
1719,2024-03-03,3143.91,completed,Electronics,Central,11,3
1720,2024-03-03,1523.06,completed,Clothing,West,7,5
1721,2024-03-03,3118.05,completed,Books,North,20,4
1722,2024-03-03,1043.94,pending,Books,North,15,1
1723,2024-03-03,1310.33,completed,Electronics,Central,6,1
1724,2024-03-03,400.74,completed,Books,North,47,2
1725,2024-03-03,4302.42,completed,Books,East,1,3
1726,2024-03-03,2148.42,completed,Clothing,East,9,3
1727,2024-03-04,1465.66,completed,Clothing,West,20,3
1728,2024-03-04,3358.13,completed,Food,West,32,3
1729,2024-03-04,1820.96,completed,Food,Central,22,4
1730,2024-03-04,2481.57,completed,Books,North,32,5
1731,2024-03-04,1841.35,completed,Clothing,West,24,4
1732,2024-03-04,1364.87,completed,Sports,West,20,2
1733,2024-03-04,4849.3,pending,Clothing,Central,44,5
1734,2024-03-04,57.39,completed,Books,Central,31,4
1735,2024-03-04,1623.16,completed,Sports,North,7,5
1736,2024-03-04,3328.71,completed,Clothing,North,25,3
1737,2024-03-04,2315.14,completed,Electronics,South,9,2
1738,2024-03-04,2486.91,completed,Food,North,48,4
1739,2024-03-04,2916.11,completed,Books,North,37,3
1740,2024-03-04,3814.2,completed,Books,Central,38,5
1741,2024-03-04,521.17,completed,Electronics,East,10,1
1742,2024-03-04,310.0,pending,Books,North,42,5
1743,2024-03-04,1675.44,completed,Food,West,6,4
1744,2024-03-04,2290.61,completed,Home,North,4,5
1745,2024-03-04,4090.25,refunded,Sports,East,46,5
1746,2024-03-04,68.79,completed,Books,East,21,5
1747,2024-03-04,3158.75,completed,Clothing,West,22,2
1748,2024-03-04,1687.68,completed,Clothing,West,27,4
1749,2024-03-04,2250.8,completed,Food,East,48,5
1750,2024-03-04,2847.23,completed,Home,South,24,4
1751,2024-03-04,1098.2,completed,Electronics,West,1,1
1752,2024-03-04,1037.34,completed,Home,East,21,3
1753,2024-03-04,3851.13,completed,Sports,West,23,4
1754,2024-03-04,4161.6,pending,Clothing,North,47,2
1755,2024-03-05,1315.9,completed,Books,East,10,3
1756,2024-03-05,3150.77,pending,Books,North,34,5
1757,2024-03-05,2585.48,pending,Electronics,North,46,3
1758,2024-03-05,2984.13,pending,Electronics,North,38,4
1759,2024-03-05,4320.34,pending,Books,West,2,1
1760,2024-03-05,2993.57,refunded,Home,East,27,4
1761,2024-03-05,4296.44,completed,Clothing,East,28,2
1762,2024-03-05,2366.21,completed,Home,North,30,4
1763,2024-03-05,325.37,refunded,Electronics,North,42,2
1764,2024-03-05,803.8,pending,Clothing,West,45,4
1765,2024-03-05,3233.34,pending,Books,South,40,4
1766,2024-03-05,1902.37,completed,Electronics,East,42,1
1767,2024-03-05,2360.68,failed,Sports,West,45,5
1768,2024-03-05,3714.18,completed,Clothing,West,9,5
1769,2024-03-05,3125.92,completed,Clothing,West,26,2
1770,2024-03-05,3672.65,refunded,Home,North,32,1
1771,2024-03-05,195.03,completed,Electronics,East,24,5
1772,2024-03-05,4648.37,failed,Books,Central,34,4
1773,2024-03-05,1829.71,completed,Clothing,North,39,3
1774,2024-03-05,3557.3,pending,Food,Central,2,3
1775,2024-03-05,2083.0,completed,Home,East,23,3
1776,2024-03-05,1058.0,completed,Sports,South,30,2
1777,2024-03-05,2753.18,failed,Sports,East,4,3
1778,2024-03-05,441.89,pending,Books,East,41,5
1779,2024-03-05,248.69,pending,Clothing,Central,48,2
1780,2024-03-05,1399.43,completed,Sports,East,12,2
1781,2024-03-05,2144.32,completed,Food,North,39,1
1782,2024-03-06,1235.2,failed,Sports,East,15,5
1783,2024-03-06,4950.46,refunded,Clothing,Central,48,1
1784,2024-03-06,150.4,completed,Clothing,East,43,3
1785,2024-03-06,4342.66,failed,Books,South,19,4
1786,2024-03-06,2124.23,completed,Books,East,31,5
1787,2024-03-06,3780.29,completed,Sports,Central,33,3
1788,2024-03-06,4546.03,completed,Food,West,48,1
1789,2024-03-06,2943.48,pending,Books,East,41,2
1790,2024-03-06,2496.95,refunded,Sports,East,46,5
1791,2024-03-06,3154.68,completed,Sports,Central,38,1
1792,2024-03-06,4865.66,completed,Food,South,2,5
1793,2024-03-06,414.03,completed,Electronics,Central,40,1
1794,2024-03-06,2833.31,failed,Food,West,14,5
1795,2024-03-06,2417.31,failed,Electronics,East,29,1
1796,2024-03-06,4098.65,completed,Home,South,10,3
1797,2024-03-06,536.77,pending,Home,North,42,3
1798,2024-03-06,3208.91,completed,Sports,North,10,5
1799,2024-03-06,1509.67,completed,Sports,North,33,3
1800,2024-03-06,3807.27,completed,Home,East,36,2
1801,2024-03-06,339.37,completed,Books,South,1,2
1802,2024-03-06,4198.38,completed,Electronics,East,31,4
1803,2024-03-06,12.2,completed,Electronics,North,36,1
1804,2024-03-06,4423.79,refunded,Food,South,33,3
1805,2024-03-06,2418.66,completed,Sports,South,27,2
1806,2024-03-06,4626.23,completed,Sports,Central,40,1
1807,2024-03-06,55.64,completed,Home,West,18,1
1808,2024-03-06,4607.84,refunded,Sports,Central,7,3
1809,2024-03-06,2720.95,completed,Books,Central,34,4
1810,2024-03-07,340.91,failed,Food,South,17,2
1811,2024-03-07,4926.15,completed,Books,East,21,4
1812,2024-03-07,1412.23,completed,Food,Central,18,1
1813,2024-03-07,928.88,completed,Books,Central,29,4
1814,2024-03-07,346.2,completed,Books,South,6,2
1815,2024-03-07,2591.58,pending,Sports,Central,16,4
1816,2024-03-07,3382.56,completed,Sports,Central,41,1
1817,2024-03-07,1508.85,completed,Clothing,South,35,4
1818,2024-03-07,3477.51,pending,Sports,South,42,5
1819,2024-03-07,4225.73,completed,Books,North,10,3
1820,2024-03-07,2276.2,completed,Electronics,South,39,1
1821,2024-03-07,4823.47,completed,Books,Central,49,4
1822,2024-03-07,542.27,completed,Food,West,7,3
1823,2024-03-07,3647.8,completed,Electronics,East,41,2
1824,2024-03-07,3685.64,refunded,Books,East,16,1
1825,2024-03-07,2790.89,completed,Food,South,11,5
1826,2024-03-07,706.39,failed,Sports,North,12,3
1827,2024-03-07,2723.35,completed,Clothing,East,10,2
1828,2024-03-07,834.53,completed,Electronics,Central,45,4
1829,2024-03-07,434.56,pending,Home,East,37,5
1830,2024-03-07,2708.87,completed,Books,East,26,3
1831,2024-03-07,3040.25,completed,Home,West,26,1
1832,2024-03-07,4016.9,completed,Electronics,East,9,3
1833,2024-03-07,1030.66,refunded,Books,North,36,4
1834,2024-03-07,4661.0,completed,Food,Central,10,1
1835,2024-03-07,2859.31,refunded,Electronics,West,38,4
1836,2024-03-07,3228.49,pending,Clothing,South,14,3
1837,2024-03-08,844.15,completed,Sports,North,36,3
1838,2024-03-08,4005.73,completed,Electronics,South,35,1
1839,2024-03-08,3290.96,completed,Electronics,North,23,3
1840,2024-03-08,932.74,completed,Electronics,Central,27,3
1841,2024-03-08,2512.12,completed,Clothing,North,48,5
1842,2024-03-08,1936.55,completed,Books,North,40,2
1843,2024-03-08,4990.29,completed,Food,West,47,3
1844,2024-03-08,4921.86,refunded,Books,East,29,3
1845,2024-03-08,2960.0,completed,Electronics,Central,25,4
1846,2024-03-08,1934.42,completed,Home,South,24,1
1847,2024-03-08,2388.66,completed,Food,North,20,5
1848,2024-03-08,1334.11,completed,Clothing,South,29,2
1849,2024-03-08,3869.34,completed,Sports,East,18,3
1850,2024-03-08,2521.37,pending,Electronics,North,41,3
1851,2024-03-08,2787.48,completed,Sports,East,22,2
1852,2024-03-08,235.61,completed,Food,Central,35,2
1853,2024-03-08,434.79,refunded,Electronics,South,39,5
1854,2024-03-08,1080.94,failed,Sports,West,25,3
1855,2024-03-08,2196.54,completed,Food,North,40,1
1856,2024-03-08,2195.05,completed,Electronics,East,39,5
1857,2024-03-08,4248.68,completed,Electronics,East,37,4
1858,2024-03-08,3899.8,pending,Electronics,Central,7,1
1859,2024-03-08,3175.73,completed,Clothing,West,45,5
1860,2024-03-08,167.04,pending,Sports,East,1,4
1861,2024-03-08,2761.34,completed,Electronics,North,49,5
1862,2024-03-08,4924.58,completed,Electronics,Central,32,4
1863,2024-03-08,2498.81,completed,Books,South,22,5
1864,2024-03-09,2763.35,completed,Food,North,45,5
1865,2024-03-09,245.18,failed,Clothing,West,16,3
1866,2024-03-09,1318.3,completed,Food,Central,12,5
1867,2024-03-09,3032.06,completed,Home,South,48,1
1868,2024-03-09,4325.54,completed,Electronics,Central,13,5
1869,2024-03-09,3808.47,completed,Clothing,North,23,2
1870,2024-03-09,4183.62,completed,Home,Central,44,5
1871,2024-03-09,3960.15,completed,Home,East,29,3
1872,2024-03-09,3133.67,completed,Books,North,30,3
1873,2024-03-09,2664.08,pending,Home,South,10,5
1874,2024-03-09,1798.09,completed,Clothing,South,36,3
1875,2024-03-09,4046.18,completed,Clothing,South,19,5
1876,2024-03-09,2179.04,completed,Food,West,24,4
1877,2024-03-09,2704.73,completed,Clothing,South,20,2
1878,2024-03-09,4994.51,pending,Books,East,47,1
1879,2024-03-09,1421.93,completed,Food,Central,7,1
1880,2024-03-09,2125.55,completed,Sports,Central,31,4
1881,2024-03-09,414.76,completed,Electronics,East,7,1
1882,2024-03-09,1687.69,completed,Food,East,4,3
1883,2024-03-09,4477.43,completed,Clothing,East,8,2
1884,2024-03-09,1352.97,completed,Books,North,4,1
1885,2024-03-09,4182.59,pending,Food,East,33,1
1886,2024-03-09,2688.74,refunded,Food,South,31,2
1887,2024-03-09,2715.44,completed,Home,Central,45,4
1888,2024-03-09,4913.28,completed,Electronics,Central,18,1
1889,2024-03-09,2340.37,completed,Clothing,North,38,2
1890,2024-03-09,1527.41,failed,Clothing,South,9,1
1891,2024-03-09,3224.06,completed,Clothing,South,16,4
1892,2024-03-10,2514.4,completed,Books,East,16,2
1893,2024-03-10,2379.39,pending,Electronics,Central,47,5
1894,2024-03-10,4463.45,pending,Clothing,Central,48,5
1895,2024-03-10,3690.3,pending,Sports,West,41,1
1896,2024-03-10,2093.3,completed,Electronics,Central,14,1
1897,2024-03-10,917.68,completed,Clothing,East,30,3
1898,2024-03-10,373.05,completed,Home,South,41,1
1899,2024-03-10,1246.95,completed,Food,East,39,5
1900,2024-03-10,4880.44,pending,Sports,North,17,5
1901,2024-03-10,586.7,pending,Clothing,East,2,1
1902,2024-03-10,4987.74,completed,Home,North,6,3
1903,2024-03-10,3176.22,pending,Clothing,East,36,2
1904,2024-03-10,2461.44,completed,Food,Central,14,2
1905,2024-03-10,4244.2,pending,Home,North,48,2
1906,2024-03-10,1519.33,pending,Sports,East,13,4
1907,2024-03-10,284.16,pending,Food,West,42,3
1908,2024-03-10,893.58,completed,Books,South,46,5
1909,2024-03-10,4002.39,completed,Food,West,14,3
1910,2024-03-10,2905.75,completed,Food,East,7,5
1911,2024-03-10,2350.62,completed,Food,Central,42,1
1912,2024-03-10,3793.36,completed,Food,West,14,2
1913,2024-03-10,2407.02,completed,Electronics,East,6,2
1914,2024-03-10,2364.84,completed,Books,South,26,3
1915,2024-03-10,4583.25,completed,Electronics,West,25,3
1916,2024-03-10,2862.57,completed,Electronics,West,10,3
1917,2024-03-10,3249.63,pending,Home,Central,4,3
1918,2024-03-10,3182.74,completed,Electronics,East,20,4
1919,2024-03-11,1383.17,failed,Electronics,West,15,1
1920,2024-03-11,4992.01,pending,Books,South,8,1
1921,2024-03-11,214.19,pending,Sports,West,47,5
1922,2024-03-11,1597.64,completed,Sports,East,29,5
1923,2024-03-11,1727.38,completed,Home,North,15,4
1924,2024-03-11,4896.37,pending,Electronics,West,17,5
1925,2024-03-11,3001.65,completed,Home,Central,19,3
1926,2024-03-11,1879.97,completed,Food,East,29,4
1927,2024-03-11,1605.31,completed,Food,Central,15,4
1928,2024-03-11,450.44,pending,Sports,West,9,1
1929,2024-03-11,173.01,refunded,Clothing,East,32,3
1930,2024-03-11,793.6,failed,Food,South,41,5
1931,2024-03-11,2306.51,failed,Books,Central,17,3
1932,2024-03-11,1450.28,completed,Electronics,South,30,4
1933,2024-03-11,4923.64,completed,Food,East,24,3
1934,2024-03-11,1397.24,completed,Books,East,6,2
1935,2024-03-11,4174.08,completed,Food,East,39,2
1936,2024-03-11,4266.0,completed,Home,South,23,4
1937,2024-03-11,1086.3,completed,Food,West,23,4
1938,2024-03-11,1141.81,pending,Home,Central,46,3
1939,2024-03-11,3565.43,completed,Books,West,17,3
1940,2024-03-11,4810.98,failed,Home,West,20,4
1941,2024-03-11,2658.79,completed,Sports,East,16,5
1942,2024-03-11,1886.83,completed,Home,East,40,3
1943,2024-03-11,163.01,completed,Books,West,23,3
1944,2024-03-11,3950.69,completed,Sports,Central,16,2
1945,2024-03-11,1285.19,completed,Books,North,11,4
1946,2024-03-11,1003.04,pending,Clothing,Central,6,3
1947,2024-03-12,1072.32,completed,Clothing,West,27,5
1948,2024-03-12,3362.48,completed,Home,East,42,3
1949,2024-03-12,2065.31,pending,Food,South,42,1
1950,2024-03-12,4045.93,completed,Sports,West,2,3
1951,2024-03-12,465.64,completed,Books,West,28,2
1952,2024-03-12,3436.34,completed,Sports,South,47,3
1953,2024-03-12,4342.99,completed,Home,East,11,5
1954,2024-03-12,4262.13,pending,Home,East,44,1
1955,2024-03-12,851.32,completed,Sports,South,39,4
1956,2024-03-12,2994.77,completed,Electronics,East,40,5
1957,2024-03-12,4774.36,completed,Home,Central,19,5
1958,2024-03-12,3996.15,completed,Books,South,7,2
1959,2024-03-12,4309.37,completed,Home,North,1,5
1960,2024-03-12,4642.53,completed,Sports,Central,40,4
1961,2024-03-12,571.26,completed,Electronics,Central,48,4
1962,2024-03-12,928.56,pending,Clothing,North,46,3
1963,2024-03-12,3979.26,completed,Clothing,Central,8,2
1964,2024-03-12,3969.42,completed,Clothing,Central,3,5
1965,2024-03-12,516.97,completed,Electronics,Central,22,1
1966,2024-03-12,4292.88,pending,Electronics,North,43,5
1967,2024-03-12,1551.77,failed,Books,Central,35,4
1968,2024-03-12,4621.5,completed,Books,Central,44,4
1969,2024-03-12,319.29,completed,Food,South,6,4
1970,2024-03-12,3036.57,failed,Books,Central,5,3
1971,2024-03-12,4921.56,failed,Books,West,7,3
1972,2024-03-12,2947.53,completed,Food,South,31,3
1973,2024-03-12,583.1,completed,Books,North,45,1
1974,2024-03-13,458.05,completed,Home,Central,41,2
1975,2024-03-13,2866.9,completed,Food,North,15,2
1976,2024-03-13,3637.87,pending,Sports,South,1,2
1977,2024-03-13,4003.15,completed,Clothing,East,31,1
1978,2024-03-13,2915.41,pending,Books,East,15,1
1979,2024-03-13,1530.38,completed,Food,South,43,4
1980,2024-03-13,515.46,completed,Sports,East,49,2
1981,2024-03-13,3292.1,completed,Home,Central,13,1
1982,2024-03-13,2782.51,failed,Food,Central,11,4
1983,2024-03-13,1298.66,completed,Electronics,South,46,2
1984,2024-03-13,4752.92,refunded,Food,South,9,3
1985,2024-03-13,2836.91,completed,Food,East,9,5
1986,2024-03-13,3912.95,completed,Home,North,49,3
1987,2024-03-13,3038.01,completed,Food,West,36,5
1988,2024-03-13,783.2,completed,Home,Central,12,5
1989,2024-03-13,4655.07,completed,Home,Central,12,3
1990,2024-03-13,2883.21,completed,Books,South,33,4
1991,2024-03-13,3245.94,refunded,Sports,South,35,3
1992,2024-03-13,2588.85,completed,Food,Central,38,3
1993,2024-03-13,3857.58,completed,Clothing,South,19,5
1994,2024-03-13,4719.06,completed,Sports,Central,1,1
1995,2024-03-13,1656.39,completed,Books,West,4,5
1996,2024-03-13,4255.04,completed,Sports,Central,27,5
1997,2024-03-13,596.98,pending,Books,North,2,2
1998,2024-03-13,2135.67,completed,Food,South,3,2
1999,2024-03-13,4484.0,completed,Sports,West,18,2
2000,2024-03-13,2919.74,pending,Food,North,44,4
2001,2024-03-14,203.25,failed,Food,East,31,4
2002,2024-03-14,1841.46,refunded,Sports,Central,10,1
2003,2024-03-14,3599.45,completed,Sports,East,45,5
2004,2024-03-14,1630.45,completed,Home,Central,40,4
2005,2024-03-14,1212.68,completed,Home,Central,42,1
2006,2024-03-14,4009.99,refunded,Electronics,South,1,4
2007,2024-03-14,1241.07,refunded,Home,Central,15,2
2008,2024-03-14,1026.8,completed,Sports,West,20,4
2009,2024-03-14,3473.92,pending,Sports,South,13,1
2010,2024-03-14,3465.38,completed,Food,North,44,2
2011,2024-03-14,17.74,failed,Home,North,31,2
2012,2024-03-14,2814.73,completed,Food,East,46,5
2013,2024-03-14,325.95,pending,Food,East,9,5
2014,2024-03-14,4549.59,completed,Clothing,West,42,2
2015,2024-03-14,3694.14,completed,Books,North,38,2
2016,2024-03-14,3676.08,completed,Food,South,44,2
2017,2024-03-14,3703.7,completed,Home,Central,5,5
2018,2024-03-14,935.2,failed,Sports,North,19,1
2019,2024-03-14,539.31,completed,Electronics,Central,30,5
2020,2024-03-14,2249.23,completed,Books,South,35,3
2021,2024-03-14,3500.12,completed,Sports,West,31,3
2022,2024-03-14,4964.68,pending,Food,Central,13,4
2023,2024-03-14,1399.78,completed,Electronics,Central,6,3
2024,2024-03-14,4543.61,completed,Sports,North,45,1
2025,2024-03-14,393.58,completed,Home,North,14,5
2026,2024-03-14,1511.42,pending,Food,South,3,3
2027,2024-03-14,2059.7,pending,Food,East,10,4
2028,2024-03-14,1775.22,refunded,Food,North,32,5
2029,2024-03-15,4168.43,completed,Books,East,38,1
2030,2024-03-15,2188.94,completed,Home,East,17,4
2031,2024-03-15,3844.92,completed,Sports,Central,32,4
2032,2024-03-15,4419.66,completed,Books,Central,17,2
2033,2024-03-15,2535.8,completed,Electronics,South,3,1
2034,2024-03-15,1926.77,completed,Sports,Central,35,3
2035,2024-03-15,21.6,completed,Home,South,1,2
2036,2024-03-15,3648.58,refunded,Books,West,9,1
2037,2024-03-15,4812.01,failed,Clothing,South,32,1
2038,2024-03-15,1198.97,completed,Books,North,19,1
2039,2024-03-15,4681.61,completed,Clothing,Central,41,5
2040,2024-03-15,4905.37,completed,Books,North,3,4
2041,2024-03-15,3316.66,refunded,Sports,North,27,1
2042,2024-03-15,3187.1,completed,Clothing,South,48,1
2043,2024-03-15,4201.45,failed,Electronics,West,14,4
2044,2024-03-15,4868.98,completed,Home,West,30,4
2045,2024-03-15,3123.34,completed,Sports,North,45,2
2046,2024-03-15,122.44,failed,Clothing,East,8,5
2047,2024-03-15,3803.05,completed,Sports,Central,24,2
2048,2024-03-15,1502.2,completed,Sports,West,46,1
2049,2024-03-15,2551.06,refunded,Electronics,South,39,3
2050,2024-03-15,3122.96,failed,Books,Central,21,2
2051,2024-03-15,1853.96,completed,Electronics,Central,33,1
2052,2024-03-15,602.1,completed,Food,North,37,1
2053,2024-03-15,2715.21,completed,Books,South,31,5
2054,2024-03-15,2390.57,completed,Clothing,South,12,4
2055,2024-03-15,4883.97,completed,Sports,Central,31,2
2056,2024-03-16,401.79,pending,Sports,East,32,2
2057,2024-03-16,4343.97,completed,Sports,South,36,1
2058,2024-03-16,2476.52,completed,Electronics,Central,46,3
2059,2024-03-16,1059.08,completed,Books,North,39,4
2060,2024-03-16,1480.28,completed,Home,West,12,4
2061,2024-03-16,52.96,completed,Home,West,23,4
2062,2024-03-16,2712.54,refunded,Sports,Central,2,2
2063,2024-03-16,4617.98,completed,Sports,North,14,3
2064,2024-03-16,3762.12,completed,Sports,South,38,1
2065,2024-03-16,1460.67,refunded,Clothing,Central,21,1
2066,2024-03-16,1775.29,refunded,Electronics,South,29,1
2067,2024-03-16,1491.38,pending,Sports,North,37,1
2068,2024-03-16,638.78,completed,Home,North,34,3
2069,2024-03-16,801.05,completed,Food,South,22,1
2070,2024-03-16,3585.37,completed,Electronics,South,26,1
2071,2024-03-16,2916.81,completed,Food,Central,31,4
2072,2024-03-16,1449.31,completed,Food,South,25,4
2073,2024-03-16,1321.0,completed,Clothing,East,34,3
2074,2024-03-16,3622.49,pending,Food,East,39,1
2075,2024-03-16,485.33,failed,Home,North,15,5
2076,2024-03-16,1091.85,completed,Home,West,22,2
2077,2024-03-16,1771.14,completed,Food,East,42,3
2078,2024-03-16,4377.27,completed,Sports,North,27,5
2079,2024-03-16,4091.7,completed,Clothing,South,32,1
2080,2024-03-16,422.36,failed,Clothing,Central,17,5
2081,2024-03-16,2784.19,completed,Sports,Central,27,2
2082,2024-03-16,4184.02,completed,Sports,North,37,2
2083,2024-03-17,2727.85,completed,Sports,North,14,5
2084,2024-03-17,2318.44,pending,Clothing,Central,27,3
2085,2024-03-17,4462.44,completed,Electronics,Central,48,3
2086,2024-03-17,3673.95,completed,Food,South,38,4
2087,2024-03-17,2549.69,pending,Sports,Central,1,4
2088,2024-03-17,885.78,pending,Electronics,South,3,3
2089,2024-03-17,898.41,completed,Home,North,9,5
2090,2024-03-17,1191.47,completed,Electronics,West,15,5
2091,2024-03-17,2935.72,completed,Food,Central,24,4
2092,2024-03-17,2740.19,completed,Home,South,38,3
2093,2024-03-17,3169.37,completed,Sports,West,10,3
2094,2024-03-17,994.61,completed,Sports,East,12,4
2095,2024-03-17,2598.34,completed,Clothing,Central,24,4
2096,2024-03-17,3055.19,completed,Electronics,Central,9,4
2097,2024-03-17,4289.57,pending,Electronics,East,29,4
2098,2024-03-17,1384.96,completed,Food,West,46,2
2099,2024-03-17,1397.85,failed,Sports,North,34,5
2100,2024-03-17,4964.01,pending,Home,Central,36,5
2101,2024-03-17,321.05,completed,Sports,North,19,5
2102,2024-03-17,2446.14,pending,Clothing,South,23,1
2103,2024-03-17,4643.27,completed,Electronics,North,26,5
2104,2024-03-17,2752.14,completed,Sports,West,31,4
2105,2024-03-17,2905.13,completed,Home,North,30,4
2106,2024-03-17,1348.73,completed,Electronics,East,43,1
2107,2024-03-17,3675.09,pending,Home,West,31,4
2108,2024-03-17,4809.39,completed,Clothing,South,14,2
2109,2024-03-17,2333.85,completed,Food,East,4,4
2110,2024-03-17,4329.72,completed,Books,Central,11,4
2111,2024-03-18,183.23,failed,Books,South,14,1
2112,2024-03-18,4208.91,completed,Food,East,29,4
2113,2024-03-18,4789.27,completed,Books,Central,17,5
2114,2024-03-18,4252.12,completed,Sports,North,13,4
2115,2024-03-18,446.92,failed,Food,South,43,5
2116,2024-03-18,3185.08,completed,Sports,Central,14,2
2117,2024-03-18,381.69,completed,Food,North,9,4
2118,2024-03-18,348.05,refunded,Electronics,South,43,5
2119,2024-03-18,395.85,completed,Electronics,Central,4,2
2120,2024-03-18,723.12,completed,Food,Central,5,2
2121,2024-03-18,2684.72,completed,Clothing,West,18,4
2122,2024-03-18,3735.67,completed,Home,East,26,1
2123,2024-03-18,822.98,completed,Clothing,West,34,5
2124,2024-03-18,43.09,completed,Books,East,19,2
2125,2024-03-18,2138.04,completed,Books,South,32,1
2126,2024-03-18,2132.83,failed,Clothing,Central,31,1
2127,2024-03-18,2196.32,completed,Clothing,East,34,5
2128,2024-03-18,2790.84,completed,Books,Central,9,5
2129,2024-03-18,4858.74,failed,Clothing,East,46,2
2130,2024-03-18,1420.96,failed,Clothing,North,29,5
2131,2024-03-18,2855.15,completed,Clothing,West,20,3
2132,2024-03-18,4217.26,completed,Home,South,37,4
2133,2024-03-18,2180.48,pending,Sports,Central,24,3
2134,2024-03-18,84.28,completed,Sports,East,20,4
2135,2024-03-18,1765.48,completed,Electronics,South,15,5
2136,2024-03-18,3520.59,completed,Food,West,11,1
2137,2024-03-18,942.06,failed,Sports,Central,14,1
2138,2024-03-19,3335.81,pending,Food,East,31,2
2139,2024-03-19,269.67,failed,Clothing,South,7,1
2140,2024-03-19,3359.12,refunded,Sports,East,47,2
2141,2024-03-19,2505.15,pending,Clothing,South,34,5
2142,2024-03-19,3516.01,completed,Books,West,49,1
2143,2024-03-19,148.72,completed,Books,West,11,4
2144,2024-03-19,4760.81,failed,Books,North,6,5
2145,2024-03-19,2905.21,completed,Electronics,West,10,5
2146,2024-03-19,3346.43,completed,Clothing,West,1,5
2147,2024-03-19,4078.78,pending,Clothing,West,14,3
2148,2024-03-19,256.04,completed,Books,East,29,4
2149,2024-03-19,808.14,completed,Home,East,7,3
2150,2024-03-19,796.96,completed,Home,Central,15,1
2151,2024-03-19,795.46,pending,Clothing,North,10,5
2152,2024-03-19,445.38,completed,Food,West,39,5
2153,2024-03-19,4600.89,failed,Clothing,Central,46,4
2154,2024-03-19,1748.69,completed,Sports,South,42,4
2155,2024-03-19,577.23,pending,Clothing,North,33,4
2156,2024-03-19,3564.38,completed,Electronics,Central,17,1
2157,2024-03-19,1839.59,completed,Clothing,South,46,2
2158,2024-03-19,1035.65,refunded,Sports,North,48,4
2159,2024-03-19,4644.26,completed,Food,West,32,2
2160,2024-03-19,4239.2,pending,Sports,East,16,1
2161,2024-03-19,2963.28,completed,Food,East,37,3
2162,2024-03-19,2492.69,completed,Electronics,West,7,2
2163,2024-03-19,520.79,failed,Home,Central,9,3
2164,2024-03-19,2410.46,completed,Home,West,18,1
2165,2024-03-19,2070.16,completed,Home,South,25,4
2166,2024-03-20,2523.47,pending,Home,Central,39,4
2167,2024-03-20,2030.79,completed,Books,North,35,2
2168,2024-03-20,2664.06,completed,Sports,South,45,3
2169,2024-03-20,2855.32,completed,Sports,North,22,1
2170,2024-03-20,431.81,failed,Sports,Central,40,3
2171,2024-03-20,1056.06,failed,Sports,South,30,5
2172,2024-03-20,2291.98,completed,Food,South,44,5
2173,2024-03-20,4516.81,completed,Food,North,5,1
2174,2024-03-20,4697.46,pending,Electronics,West,17,4
2175,2024-03-20,2841.4,pending,Home,Central,37,4
2176,2024-03-20,2868.66,completed,Books,East,43,3
2177,2024-03-20,2666.43,completed,Electronics,Central,5,5
2178,2024-03-20,1462.23,pending,Home,North,41,1
2179,2024-03-20,2285.41,completed,Home,East,25,1
2180,2024-03-20,2853.8,completed,Books,West,35,5
2181,2024-03-20,4332.35,completed,Books,South,13,3
2182,2024-03-20,1729.92,pending,Home,East,44,5
2183,2024-03-20,1051.5,completed,Electronics,Central,30,1
2184,2024-03-20,751.47,failed,Home,South,16,3
2185,2024-03-20,1591.14,completed,Home,East,19,5
2186,2024-03-20,2532.53,completed,Clothing,West,22,5
2187,2024-03-20,4923.91,completed,Clothing,South,28,5
2188,2024-03-20,986.01,completed,Sports,West,12,2
2189,2024-03-20,253.83,failed,Sports,East,1,3
2190,2024-03-20,1362.36,completed,Sports,North,28,1
2191,2024-03-20,3054.17,completed,Electronics,West,20,1
2192,2024-03-20,4772.08,completed,Home,West,3,2
2193,2024-03-21,3383.11,pending,Home,West,41,4
2194,2024-03-21,3934.68,completed,Food,Central,2,4
2195,2024-03-21,3094.36,completed,Electronics,East,42,1
2196,2024-03-21,4817.35,completed,Electronics,Central,5,1
2197,2024-03-21,2941.6,completed,Electronics,South,46,5
2198,2024-03-21,3393.27,refunded,Electronics,North,12,5
2199,2024-03-21,4918.5,completed,Electronics,East,34,1
2200,2024-03-21,2793.31,failed,Books,Central,8,5
2201,2024-03-21,1191.98,completed,Food,West,9,5
2202,2024-03-21,4748.02,completed,Sports,South,43,1
2203,2024-03-21,2760.21,pending,Sports,West,47,4
2204,2024-03-21,4040.97,completed,Books,West,44,2
2205,2024-03-21,2018.84,failed,Books,North,28,2
2206,2024-03-21,4803.61,completed,Home,East,28,4
2207,2024-03-21,3942.22,completed,Food,North,33,2
2208,2024-03-21,3173.6,completed,Sports,Central,16,5
2209,2024-03-21,3830.32,completed,Electronics,West,29,1
2210,2024-03-21,4097.9,completed,Home,South,13,5
2211,2024-03-21,4273.99,completed,Food,West,48,3
2212,2024-03-21,2781.49,completed,Electronics,Central,23,1
2213,2024-03-21,3517.15,completed,Electronics,North,42,1
2214,2024-03-21,4844.43,completed,Electronics,East,46,2
2215,2024-03-21,2866.23,refunded,Electronics,Central,15,4
2216,2024-03-21,53.04,completed,Home,East,33,2
2217,2024-03-21,67.77,completed,Clothing,North,19,3
2218,2024-03-21,3853.1,failed,Food,East,44,2
2219,2024-03-21,239.75,completed,Food,East,5,2
2220,2024-03-22,3416.59,failed,Electronics,South,32,3
2221,2024-03-22,4455.9,completed,Electronics,North,19,4
2222,2024-03-22,2808.34,pending,Clothing,Central,11,3
2223,2024-03-22,1172.35,completed,Home,West,42,1
2224,2024-03-22,4643.94,failed,Electronics,North,10,4
2225,2024-03-22,2534.1,completed,Home,Central,1,4
2226,2024-03-22,902.23,failed,Sports,East,34,1
2227,2024-03-22,2068.82,failed,Electronics,North,43,4
2228,2024-03-22,3837.44,completed,Home,East,28,1
2229,2024-03-22,2881.4,completed,Books,West,43,4
2230,2024-03-22,2810.37,completed,Sports,East,17,4
2231,2024-03-22,216.68,completed,Food,North,28,1
2232,2024-03-22,2105.02,failed,Electronics,East,14,5
2233,2024-03-22,3438.61,completed,Books,West,18,2
2234,2024-03-22,860.26,pending,Sports,South,44,3
2235,2024-03-22,4908.43,failed,Food,North,49,2
2236,2024-03-22,144.24,completed,Electronics,East,30,5
2237,2024-03-22,1320.59,completed,Clothing,Central,14,2
2238,2024-03-22,185.81,completed,Clothing,Central,49,1
2239,2024-03-22,1286.76,failed,Electronics,East,45,4
2240,2024-03-22,1560.16,pending,Electronics,West,25,2
2241,2024-03-22,2405.86,completed,Clothing,West,33,3
2242,2024-03-22,4318.83,failed,Home,West,26,5
2243,2024-03-22,1508.38,failed,Food,South,7,1
2244,2024-03-22,1018.37,completed,Clothing,South,33,5
2245,2024-03-22,1027.94,completed,Sports,North,17,2
2246,2024-03-22,433.64,completed,Home,West,37,3
2247,2024-03-22,751.09,failed,Clothing,North,25,3
2248,2024-03-23,1491.72,completed,Electronics,Central,47,5
2249,2024-03-23,1160.56,completed,Clothing,East,6,3
2250,2024-03-23,398.84,completed,Food,South,1,5
2251,2024-03-23,4795.17,completed,Books,Central,24,1
2252,2024-03-23,396.2,refunded,Home,North,11,3
2253,2024-03-23,3690.18,completed,Sports,East,15,3
2254,2024-03-23,1336.95,refunded,Clothing,North,19,2
2255,2024-03-23,2769.11,pending,Clothing,South,36,5
2256,2024-03-23,17.08,pending,Books,East,30,2
2257,2024-03-23,46.19,completed,Books,North,24,4
2258,2024-03-23,1691.47,completed,Clothing,South,1,3
2259,2024-03-23,3522.81,pending,Home,North,45,3
2260,2024-03-23,4862.56,completed,Electronics,South,43,1
2261,2024-03-23,2265.56,completed,Clothing,North,13,3
2262,2024-03-23,3403.51,completed,Home,Central,33,2
2263,2024-03-23,2838.8,pending,Food,North,21,5
2264,2024-03-23,4697.64,completed,Electronics,North,33,3
2265,2024-03-23,2811.44,completed,Food,East,16,2
2266,2024-03-23,1379.7,pending,Books,South,37,2
2267,2024-03-23,3529.0,pending,Food,South,28,2
2268,2024-03-23,4300.82,completed,Books,West,17,2
2269,2024-03-23,4243.55,completed,Food,South,4,3
2270,2024-03-23,4010.94,completed,Electronics,North,36,5
2271,2024-03-23,469.78,completed,Home,North,44,2
2272,2024-03-23,2330.71,completed,Home,North,12,4
2273,2024-03-23,2150.1,pending,Home,Central,6,5
2274,2024-03-23,4922.55,completed,Electronics,East,12,4
2275,2024-03-24,745.56,completed,Home,East,16,2
2276,2024-03-24,2300.76,completed,Food,South,43,5
2277,2024-03-24,3656.7,completed,Clothing,East,49,3
2278,2024-03-24,331.74,completed,Clothing,South,10,3
2279,2024-03-24,4467.33,completed,Books,East,49,4
2280,2024-03-24,3536.07,failed,Electronics,West,42,3
2281,2024-03-24,691.45,completed,Food,North,40,5
2282,2024-03-24,3429.43,completed,Food,West,25,2
2283,2024-03-24,3186.68,completed,Sports,West,5,3
2284,2024-03-24,614.12,pending,Sports,Central,4,5
2285,2024-03-24,4823.46,completed,Electronics,East,49,1
2286,2024-03-24,2541.3,completed,Home,South,8,4
2287,2024-03-24,2681.57,completed,Food,North,23,1
2288,2024-03-24,3422.43,completed,Electronics,North,15,4
2289,2024-03-24,1013.2,completed,Food,West,42,4
2290,2024-03-24,2973.41,failed,Home,North,31,2
2291,2024-03-24,1636.59,completed,Food,East,5,2
2292,2024-03-24,4400.84,completed,Sports,East,27,1
2293,2024-03-24,4480.72,completed,Food,North,4,5
2294,2024-03-24,3785.05,pending,Food,South,49,4
2295,2024-03-24,856.68,completed,Food,South,28,5
2296,2024-03-24,2361.53,pending,Books,East,49,3
2297,2024-03-24,4813.39,completed,Home,West,31,2
2298,2024-03-24,1814.79,completed,Food,West,15,4
2299,2024-03-24,1629.6,completed,Clothing,North,16,5
2300,2024-03-24,1100.53,completed,Clothing,Central,19,1
2301,2024-03-24,369.3,completed,Food,East,19,3
2302,2024-03-24,388.65,completed,Home,East,1,5
2303,2024-03-25,882.43,completed,Books,Central,31,1
2304,2024-03-25,2063.83,failed,Electronics,East,27,4
2305,2024-03-25,2812.48,completed,Home,Central,33,3
2306,2024-03-25,2654.39,completed,Food,North,8,4
2307,2024-03-25,2138.02,pending,Electronics,North,33,4
2308,2024-03-25,4348.05,pending,Home,Central,20,4
2309,2024-03-25,4139.61,completed,Books,Central,7,3
2310,2024-03-25,1966.65,refunded,Food,North,15,2
2311,2024-03-25,2550.53,failed,Food,East,1,4
2312,2024-03-25,4429.21,completed,Clothing,North,30,1
2313,2024-03-25,944.9,completed,Home,South,25,4
2314,2024-03-25,1770.96,completed,Food,South,12,3
2315,2024-03-25,3001.54,completed,Books,West,5,4
2316,2024-03-25,2238.14,pending,Home,West,22,3
2317,2024-03-25,2793.7,completed,Clothing,West,28,1
2318,2024-03-25,211.46,failed,Books,West,24,3
2319,2024-03-25,2454.61,completed,Food,South,12,4
2320,2024-03-25,4788.13,completed,Electronics,North,23,3
2321,2024-03-25,4704.88,pending,Home,West,4,5
2322,2024-03-25,3478.63,completed,Sports,North,23,4
2323,2024-03-25,4671.54,failed,Home,South,25,1
2324,2024-03-25,3787.87,completed,Electronics,Central,18,3
2325,2024-03-25,950.37,completed,Books,West,12,4
2326,2024-03-25,3436.81,completed,Clothing,West,17,4
2327,2024-03-25,4950.78,pending,Clothing,South,37,2
2328,2024-03-25,3278.2,completed,Books,East,15,5
2329,2024-03-25,4030.35,completed,Clothing,West,14,5
2330,2024-03-26,3476.8,completed,Electronics,South,30,1
2331,2024-03-26,195.89,completed,Home,Central,47,5
2332,2024-03-26,102.28,pending,Electronics,South,23,3
2333,2024-03-26,3732.35,pending,Food,West,36,5
2334,2024-03-26,1537.09,completed,Books,North,28,3
2335,2024-03-26,2408.88,pending,Home,South,13,2
2336,2024-03-26,1652.77,completed,Home,Central,41,3
2337,2024-03-26,999.44,completed,Electronics,West,21,3
2338,2024-03-26,1532.38,completed,Electronics,West,18,1
2339,2024-03-26,2194.01,completed,Home,South,29,5
2340,2024-03-26,1469.34,completed,Home,North,4,1
2341,2024-03-26,4828.97,failed,Clothing,East,31,2
2342,2024-03-26,4722.15,completed,Books,West,36,2
2343,2024-03-26,554.02,completed,Food,West,37,1
2344,2024-03-26,1190.08,pending,Sports,North,18,3
2345,2024-03-26,615.57,completed,Home,West,37,1
2346,2024-03-26,2969.49,completed,Books,South,21,2
2347,2024-03-26,2729.68,completed,Sports,East,15,3
2348,2024-03-26,648.81,completed,Food,Central,3,2
2349,2024-03-26,3250.73,completed,Books,East,29,2
2350,2024-03-26,1770.21,completed,Electronics,West,2,1
2351,2024-03-26,2352.96,refunded,Clothing,Central,49,2
2352,2024-03-26,3630.07,completed,Books,South,11,3
2353,2024-03-26,148.77,completed,Electronics,Central,10,5
2354,2024-03-26,4433.28,pending,Home,South,16,1
2355,2024-03-26,574.45,completed,Electronics,East,16,4
2356,2024-03-26,2712.5,completed,Clothing,Central,35,5
2357,2024-03-27,4715.05,completed,Food,East,29,3
2358,2024-03-27,4768.37,refunded,Food,East,5,3
2359,2024-03-27,3750.27,completed,Books,Central,23,3
2360,2024-03-27,3190.89,completed,Food,North,19,2
2361,2024-03-27,2536.09,pending,Food,South,26,5
2362,2024-03-27,803.42,completed,Electronics,South,30,2
2363,2024-03-27,2453.66,completed,Clothing,South,48,3
2364,2024-03-27,1676.2,completed,Electronics,Central,42,2
2365,2024-03-27,4541.33,pending,Sports,North,24,2
2366,2024-03-27,78.86,completed,Home,South,18,3
2367,2024-03-27,3021.22,completed,Food,North,31,5
2368,2024-03-27,4192.02,pending,Sports,East,11,5
2369,2024-03-27,237.6,completed,Home,North,13,1
2370,2024-03-27,2888.45,failed,Home,South,49,3
2371,2024-03-27,2715.52,completed,Electronics,South,24,5
2372,2024-03-27,289.06,completed,Home,Central,37,4
2373,2024-03-27,3525.29,completed,Books,West,34,4
2374,2024-03-27,2084.06,completed,Home,West,18,5
2375,2024-03-27,2223.74,completed,Sports,Central,10,2
2376,2024-03-27,276.31,completed,Clothing,East,28,4
2377,2024-03-27,1970.75,pending,Home,South,46,4
2378,2024-03-27,514.9,completed,Books,North,41,1
2379,2024-03-27,3592.22,completed,Books,Central,40,4
2380,2024-03-27,3910.2,completed,Food,West,17,3
2381,2024-03-27,828.36,completed,Sports,East,36,3
2382,2024-03-27,578.44,completed,Books,East,14,1
2383,2024-03-27,4847.91,completed,Books,Central,12,4
2384,2024-03-27,2254.02,pending,Sports,East,2,2
2385,2024-03-28,3692.21,completed,Books,East,16,4
2386,2024-03-28,1148.9,completed,Home,South,14,4
2387,2024-03-28,818.08,completed,Books,Central,3,5
2388,2024-03-28,1551.18,refunded,Electronics,North,42,1
2389,2024-03-28,3735.97,completed,Clothing,West,14,1
2390,2024-03-28,2648.94,completed,Sports,North,44,3
2391,2024-03-28,4176.85,completed,Home,North,30,2
2392,2024-03-28,61.88,completed,Sports,East,15,4
2393,2024-03-28,2753.22,pending,Food,East,30,1
2394,2024-03-28,2140.82,refunded,Sports,North,48,3
2395,2024-03-28,821.06,completed,Clothing,South,37,3
2396,2024-03-28,1793.82,pending,Clothing,West,49,4
2397,2024-03-28,2457.89,pending,Sports,West,35,2
2398,2024-03-28,1933.12,completed,Electronics,North,16,5
2399,2024-03-28,4543.75,completed,Sports,South,2,2
2400,2024-03-28,1857.71,failed,Food,Central,2,2
2401,2024-03-28,4374.73,completed,Books,Central,3,2
2402,2024-03-28,2924.25,completed,Food,South,36,5
2403,2024-03-28,4088.22,completed,Sports,South,42,3
2404,2024-03-28,2960.02,pending,Sports,North,4,2
2405,2024-03-28,3897.75,completed,Food,South,14,3
2406,2024-03-28,1091.82,pending,Home,West,3,5
2407,2024-03-28,480.86,pending,Food,West,45,2
2408,2024-03-28,3075.03,completed,Home,West,32,5
2409,2024-03-28,1300.1,completed,Food,North,30,4
2410,2024-03-28,2337.64,pending,Clothing,North,44,4
2411,2024-03-28,1214.36,failed,Home,East,44,2
2412,2024-03-29,3207.76,completed,Food,South,3,3
2413,2024-03-29,3629.43,pending,Books,North,26,4
2414,2024-03-29,2524.6,pending,Sports,South,36,2
2415,2024-03-29,1831.67,completed,Food,West,31,3
2416,2024-03-29,3057.84,completed,Food,West,37,2
2417,2024-03-29,4224.54,failed,Home,Central,10,4
2418,2024-03-29,1511.05,completed,Electronics,South,12,4
2419,2024-03-29,677.81,completed,Electronics,West,49,3
2420,2024-03-29,2873.32,failed,Food,North,9,2
2421,2024-03-29,2194.43,completed,Home,South,19,5
2422,2024-03-29,2719.24,completed,Sports,Central,48,5
2423,2024-03-29,2286.74,completed,Electronics,East,33,3
2424,2024-03-29,3039.03,completed,Sports,South,10,1
2425,2024-03-29,4762.6,completed,Electronics,North,39,1
2426,2024-03-29,1088.78,failed,Sports,North,16,5
2427,2024-03-29,1220.64,completed,Electronics,North,41,4
2428,2024-03-29,4990.34,failed,Clothing,West,12,4
2429,2024-03-29,4896.55,completed,Books,South,40,5
2430,2024-03-29,2312.46,failed,Books,South,14,3
2431,2024-03-29,2415.39,failed,Food,Central,3,2
2432,2024-03-29,2831.47,completed,Electronics,South,24,5
2433,2024-03-29,2786.49,completed,Home,West,8,4
2434,2024-03-29,3632.32,completed,Electronics,East,14,1
2435,2024-03-29,2630.45,refunded,Home,West,40,1
2436,2024-03-29,3677.82,completed,Home,North,11,3
2437,2024-03-29,3842.83,completed,Food,North,21,1
2438,2024-03-29,1726.98,completed,Clothing,East,43,1
2439,2024-03-29,3465.54,completed,Food,South,17,1
2440,2024-03-30,2716.51,completed,Sports,West,20,2
2441,2024-03-30,4782.08,completed,Sports,North,14,1
2442,2024-03-30,2712.78,failed,Sports,West,20,4
2443,2024-03-30,3905.9,completed,Electronics,North,31,1
2444,2024-03-30,575.34,failed,Clothing,Central,16,2
2445,2024-03-30,3224.79,completed,Books,North,32,4
2446,2024-03-30,571.53,failed,Electronics,North,2,2
2447,2024-03-30,3354.9,pending,Books,Central,20,1
2448,2024-03-30,1639.63,pending,Food,East,21,3
2449,2024-03-30,3177.69,completed,Food,East,10,4
2450,2024-03-30,2176.68,completed,Books,West,30,4
2451,2024-03-30,4097.89,failed,Food,South,41,5
2452,2024-03-30,622.32,completed,Food,East,9,4
2453,2024-03-30,1224.39,completed,Food,East,19,1
2454,2024-03-30,2127.44,pending,Clothing,South,49,5
2455,2024-03-30,1757.18,pending,Books,East,22,1
2456,2024-03-30,465.35,failed,Electronics,North,49,4
2457,2024-03-30,2160.97,pending,Electronics,Central,28,4
2458,2024-03-30,2874.86,pending,Books,North,38,5
2459,2024-03-30,3671.01,completed,Food,South,20,4
2460,2024-03-30,1000.89,completed,Food,North,31,5
2461,2024-03-30,1423.64,failed,Food,East,15,4
2462,2024-03-30,2250.09,failed,Home,Central,9,1
2463,2024-03-30,4197.59,failed,Food,East,33,5
2464,2024-03-30,1885.8,pending,Electronics,East,26,2
2465,2024-03-30,3631.04,completed,Food,West,17,4
2466,2024-03-30,4419.86,completed,Books,South,24,1
2467,2024-03-31,929.53,completed,Clothing,Central,44,3
2468,2024-03-31,3217.01,completed,Books,West,10,4
2469,2024-03-31,889.07,completed,Home,Central,46,5
2470,2024-03-31,3999.57,completed,Books,East,38,2
2471,2024-03-31,1813.33,completed,Electronics,West,40,5
2472,2024-03-31,3104.85,completed,Electronics,West,11,4
2473,2024-03-31,4632.36,completed,Sports,North,39,5
2474,2024-03-31,1253.68,completed,Clothing,South,6,4
2475,2024-03-31,3180.62,failed,Books,West,40,3
2476,2024-03-31,2723.26,completed,Electronics,West,44,5
2477,2024-03-31,3309.29,completed,Clothing,North,44,1
2478,2024-03-31,518.29,completed,Clothing,Central,43,3
2479,2024-03-31,520.08,completed,Books,Central,30,5
2480,2024-03-31,4228.86,completed,Food,West,34,5
2481,2024-03-31,1441.31,completed,Books,Central,34,1
2482,2024-03-31,3406.57,completed,Sports,South,8,5
2483,2024-03-31,3468.7,completed,Clothing,South,22,1
2484,2024-03-31,941.85,pending,Food,Central,2,4
2485,2024-03-31,2018.25,completed,Books,South,13,2
2486,2024-03-31,590.92,pending,Clothing,North,7,1
2487,2024-03-31,551.9,completed,Electronics,Central,42,5
2488,2024-03-31,4429.62,pending,Food,South,34,2
2489,2024-03-31,3249.83,completed,Books,Central,18,5
2490,2024-03-31,1641.02,completed,Books,South,6,3
2491,2024-03-31,2799.41,completed,Home,Central,47,2
2492,2024-03-31,3100.24,failed,Sports,Central,23,3
2493,2024-03-31,105.2,completed,Sports,East,49,1
2494,2024-04-01,1726.97,completed,Food,South,14,4
2495,2024-04-01,2864.95,pending,Home,West,28,2
2496,2024-04-01,1771.46,completed,Clothing,West,3,2
2497,2024-04-01,1471.27,completed,Electronics,Central,30,3
2498,2024-04-01,2343.42,completed,Books,West,36,4
2499,2024-04-01,3664.79,completed,Books,South,39,4
2500,2024-04-01,3695.95,completed,Books,North,45,4
2501,2024-04-01,2968.53,completed,Books,North,9,1
2502,2024-04-01,3845.68,completed,Clothing,South,18,4
2503,2024-04-01,721.37,completed,Clothing,South,26,3
2504,2024-04-01,800.0,refunded,Electronics,South,32,4
2505,2024-04-01,3805.15,completed,Books,Central,8,3
2506,2024-04-01,1374.03,completed,Home,East,4,4
2507,2024-04-01,1006.35,completed,Books,East,24,5
2508,2024-04-01,584.15,completed,Home,North,9,5
2509,2024-04-01,2195.86,completed,Food,East,24,5
2510,2024-04-01,2721.34,completed,Sports,North,1,1
2511,2024-04-01,1422.64,refunded,Food,East,24,1
2512,2024-04-01,1794.12,failed,Sports,North,44,3
2513,2024-04-01,4833.15,completed,Electronics,Central,25,5
2514,2024-04-01,1295.92,completed,Home,South,5,1
2515,2024-04-01,2062.86,completed,Sports,East,8,1
2516,2024-04-01,1835.21,pending,Clothing,North,35,5
2517,2024-04-01,2851.06,completed,Home,East,2,1
2518,2024-04-01,4128.37,pending,Clothing,North,4,2
2519,2024-04-01,4560.44,pending,Home,Central,3,2
2520,2024-04-01,2033.37,pending,Books,East,39,1
2521,2024-04-01,2094.47,completed,Food,South,9,3
2522,2024-04-02,2874.72,completed,Home,South,49,4
2523,2024-04-02,4429.03,completed,Clothing,Central,48,5
2524,2024-04-02,409.49,completed,Books,North,35,2
2525,2024-04-02,4863.39,completed,Food,East,37,5
2526,2024-04-02,3842.94,completed,Home,West,6,1
2527,2024-04-02,2294.0,completed,Electronics,West,22,1
2528,2024-04-02,3063.98,completed,Home,North,23,3
2529,2024-04-02,4815.27,completed,Sports,Central,11,3
2530,2024-04-02,1010.28,completed,Home,Central,17,1
2531,2024-04-02,4709.54,completed,Food,East,14,2
2532,2024-04-02,942.03,pending,Books,South,25,1
2533,2024-04-02,4812.96,completed,Sports,Central,3,5
2534,2024-04-02,81.18,pending,Sports,Central,4,2
2535,2024-04-02,3546.55,completed,Books,South,37,3
2536,2024-04-02,162.48,pending,Sports,East,46,2
2537,2024-04-02,2314.84,completed,Food,Central,28,4
2538,2024-04-02,44.21,completed,Food,West,12,5
2539,2024-04-02,222.9,completed,Clothing,East,19,4
2540,2024-04-02,3957.33,completed,Electronics,South,35,1
2541,2024-04-02,4600.93,completed,Books,South,42,4
2542,2024-04-02,3565.07,completed,Electronics,North,24,1
2543,2024-04-02,4204.91,completed,Clothing,East,32,5
2544,2024-04-02,786.14,completed,Electronics,Central,43,4
2545,2024-04-02,2996.7,completed,Books,Central,24,3
2546,2024-04-02,2493.31,completed,Books,South,36,4
2547,2024-04-02,4284.45,completed,Food,West,1,4
2548,2024-04-02,2783.67,refunded,Food,East,49,1
2549,2024-04-03,4580.43,completed,Home,South,27,1
2550,2024-04-03,4547.17,completed,Electronics,West,42,4
2551,2024-04-03,1723.87,completed,Sports,South,23,3
2552,2024-04-03,3731.11,completed,Sports,North,14,5
2553,2024-04-03,4424.78,completed,Electronics,West,32,5
2554,2024-04-03,1834.38,completed,Books,North,1,1
2555,2024-04-03,3875.03,completed,Home,North,9,2
2556,2024-04-03,12.67,completed,Food,South,22,4
2557,2024-04-03,2140.31,completed,Sports,East,9,2
2558,2024-04-03,3189.12,completed,Home,East,17,5
2559,2024-04-03,1829.32,completed,Electronics,East,23,2
2560,2024-04-03,4418.94,completed,Food,Central,4,5
2561,2024-04-03,3264.84,pending,Home,South,47,2
2562,2024-04-03,2685.89,failed,Books,South,31,2
2563,2024-04-03,4329.04,completed,Food,West,3,1
2564,2024-04-03,3751.4,completed,Home,West,49,4
2565,2024-04-03,1224.99,pending,Home,West,21,1
2566,2024-04-03,4011.49,completed,Home,South,18,2
2567,2024-04-03,2572.7,completed,Sports,North,39,5
2568,2024-04-03,1034.54,completed,Books,East,8,5
2569,2024-04-03,4883.25,completed,Books,North,47,2
2570,2024-04-03,2006.47,completed,Books,South,24,3
2571,2024-04-03,188.26,completed,Sports,East,38,1
2572,2024-04-03,4606.46,completed,Clothing,Central,31,4
2573,2024-04-03,643.71,completed,Food,Central,47,2
2574,2024-04-03,2284.77,completed,Electronics,East,47,2
2575,2024-04-03,2594.65,completed,Electronics,East,43,3
2576,2024-04-03,3804.43,completed,Home,East,5,4
2577,2024-04-04,400.42,completed,Home,South,49,5
2578,2024-04-04,3745.68,completed,Food,Central,4,1
2579,2024-04-04,3510.14,pending,Sports,North,11,5
2580,2024-04-04,1533.43,completed,Home,Central,41,4
2581,2024-04-04,3968.48,completed,Electronics,South,36,2
2582,2024-04-04,917.32,completed,Books,West,43,4
2583,2024-04-04,4832.57,completed,Food,East,49,2
2584,2024-04-04,4668.61,completed,Clothing,South,33,1
2585,2024-04-04,3306.71,completed,Food,South,20,1
2586,2024-04-04,1717.05,pending,Electronics,Central,40,3
2587,2024-04-04,2120.7,pending,Books,Central,7,5
2588,2024-04-04,3815.92,completed,Food,Central,2,5
2589,2024-04-04,1046.62,pending,Clothing,West,46,2
2590,2024-04-04,1565.77,completed,Home,South,46,4
2591,2024-04-04,2214.82,pending,Home,North,13,2
2592,2024-04-04,3915.86,completed,Sports,East,33,5
2593,2024-04-04,731.33,completed,Sports,West,4,4
2594,2024-04-04,587.77,completed,Food,South,46,5
2595,2024-04-04,4518.69,completed,Sports,West,24,2
2596,2024-04-04,4831.13,completed,Electronics,South,24,5
2597,2024-04-04,2682.79,completed,Food,West,20,3
2598,2024-04-04,3558.54,refunded,Food,West,41,4
2599,2024-04-04,975.86,completed,Home,North,43,3
2600,2024-04-04,4333.19,completed,Clothing,East,45,2
2601,2024-04-04,4337.84,completed,Books,Central,43,2
2602,2024-04-04,775.63,completed,Food,South,8,1
2603,2024-04-04,3707.49,completed,Electronics,West,46,5
2604,2024-04-05,1048.92,failed,Electronics,East,1,4
2605,2024-04-05,2257.03,failed,Clothing,Central,42,5
2606,2024-04-05,1660.43,refunded,Electronics,South,17,1
2607,2024-04-05,4355.45,pending,Home,North,35,5
2608,2024-04-05,2330.3,pending,Home,West,14,1
2609,2024-04-05,4110.71,completed,Home,North,26,3
2610,2024-04-05,3041.43,completed,Sports,West,2,4
2611,2024-04-05,2438.41,completed,Sports,South,24,3
2612,2024-04-05,3361.73,failed,Home,East,48,3
2613,2024-04-05,26.02,completed,Food,South,48,4
2614,2024-04-05,2712.17,completed,Clothing,East,36,4
2615,2024-04-05,960.92,completed,Clothing,East,15,4
2616,2024-04-05,3920.73,completed,Books,West,10,4
2617,2024-04-05,4332.64,refunded,Clothing,North,10,3
2618,2024-04-05,3739.33,completed,Food,South,49,5
2619,2024-04-05,4695.26,pending,Clothing,North,6,4
2620,2024-04-05,727.32,pending,Clothing,Central,11,3
2621,2024-04-05,1097.28,pending,Sports,Central,16,2
2622,2024-04-05,3564.76,completed,Books,Central,41,2
2623,2024-04-05,693.65,completed,Food,Central,8,5
2624,2024-04-05,2556.36,pending,Home,East,15,4
2625,2024-04-05,3421.7,failed,Sports,North,45,2
2626,2024-04-05,1056.18,completed,Food,East,23,3
2627,2024-04-05,2013.95,completed,Clothing,East,4,5
2628,2024-04-05,4055.61,failed,Clothing,East,21,1
2629,2024-04-05,1820.0,completed,Electronics,North,4,4
2630,2024-04-05,3457.06,completed,Electronics,East,23,2
2631,2024-04-06,4764.08,refunded,Clothing,East,24,4
2632,2024-04-06,3819.94,pending,Electronics,North,27,3
2633,2024-04-06,3973.7,completed,Sports,South,13,2
2634,2024-04-06,1579.83,failed,Food,East,2,4
2635,2024-04-06,848.4,completed,Books,Central,18,2
2636,2024-04-06,3710.71,pending,Books,South,47,3
2637,2024-04-06,2233.03,completed,Food,West,13,1
2638,2024-04-06,3470.89,completed,Sports,East,28,1
2639,2024-04-06,1535.18,completed,Electronics,South,45,4
2640,2024-04-06,1050.69,completed,Food,South,24,4
2641,2024-04-06,2514.67,completed,Books,East,9,5
2642,2024-04-06,586.43,pending,Books,Central,10,3
2643,2024-04-06,2829.18,completed,Books,Central,14,4
2644,2024-04-06,1229.71,failed,Electronics,North,14,2
2645,2024-04-06,756.62,completed,Clothing,East,37,1
2646,2024-04-06,2405.72,completed,Electronics,Central,48,2
2647,2024-04-06,2953.07,completed,Electronics,North,48,5
2648,2024-04-06,3973.15,completed,Sports,East,4,4
2649,2024-04-06,1431.07,failed,Food,South,44,4
2650,2024-04-06,2877.78,completed,Clothing,West,38,3
2651,2024-04-06,2910.36,completed,Electronics,Central,6,5
2652,2024-04-06,840.8,completed,Sports,Central,48,2
2653,2024-04-06,109.33,pending,Books,West,15,4
2654,2024-04-06,3036.05,completed,Sports,South,29,5
2655,2024-04-06,2696.1,completed,Sports,North,1,1
2656,2024-04-06,4735.5,completed,Home,North,31,5
2657,2024-04-06,2995.53,completed,Clothing,West,17,4
2658,2024-04-06,1008.8,refunded,Clothing,Central,28,1
2659,2024-04-07,3721.2,completed,Clothing,East,32,2
2660,2024-04-07,118.58,completed,Sports,South,23,4
2661,2024-04-07,3524.13,completed,Sports,Central,31,2
2662,2024-04-07,4064.96,completed,Clothing,South,20,3
2663,2024-04-07,859.57,completed,Sports,North,20,5
2664,2024-04-07,1380.4,completed,Clothing,East,17,1
2665,2024-04-07,490.58,completed,Food,East,47,2
2666,2024-04-07,993.2,completed,Books,North,1,3
2667,2024-04-07,1268.27,completed,Home,Central,8,5
2668,2024-04-07,1406.57,completed,Electronics,South,6,1
2669,2024-04-07,2290.44,pending,Clothing,South,33,2
2670,2024-04-07,4725.51,completed,Sports,East,39,5
2671,2024-04-07,376.13,failed,Food,North,20,2
2672,2024-04-07,1711.13,completed,Sports,Central,39,4
2673,2024-04-07,1101.03,completed,Clothing,South,9,5
2674,2024-04-07,3770.75,completed,Home,North,11,5
2675,2024-04-07,4674.21,completed,Food,East,39,3
2676,2024-04-07,2173.26,completed,Electronics,Central,33,3
2677,2024-04-07,4505.14,completed,Home,South,15,3
2678,2024-04-07,4287.93,pending,Electronics,East,40,5
2679,2024-04-07,1793.49,completed,Food,West,46,3
2680,2024-04-07,520.43,completed,Books,Central,15,2
2681,2024-04-07,4848.17,pending,Books,North,12,4
2682,2024-04-07,4050.04,completed,Sports,Central,42,4
2683,2024-04-07,3596.72,completed,Home,Central,3,1
2684,2024-04-07,2215.69,pending,Sports,East,10,1
2685,2024-04-07,1062.25,completed,Electronics,East,31,2
2686,2024-04-08,1688.01,completed,Electronics,Central,26,5
2687,2024-04-08,2303.26,completed,Sports,South,3,2
2688,2024-04-08,3144.14,completed,Sports,North,9,1
2689,2024-04-08,574.24,completed,Food,North,44,5
2690,2024-04-08,3580.17,refunded,Books,Central,4,3
2691,2024-04-08,3639.83,completed,Home,South,17,4
2692,2024-04-08,4946.58,pending,Clothing,Central,1,3
2693,2024-04-08,3895.63,completed,Home,East,13,3
2694,2024-04-08,4949.3,pending,Clothing,East,12,1
2695,2024-04-08,328.35,completed,Food,North,39,5
2696,2024-04-08,4644.11,completed,Home,West,25,3
2697,2024-04-08,3990.92,completed,Clothing,Central,29,4
2698,2024-04-08,2836.41,failed,Sports,West,39,3
2699,2024-04-08,1772.29,completed,Electronics,West,2,4
2700,2024-04-08,731.28,completed,Clothing,Central,7,1
2701,2024-04-08,352.72,completed,Clothing,South,13,3
2702,2024-04-08,1806.13,completed,Electronics,East,37,4
2703,2024-04-08,2056.24,pending,Electronics,North,14,5
2704,2024-04-08,3790.3,failed,Sports,East,6,2
2705,2024-04-08,1284.62,completed,Sports,West,47,5
2706,2024-04-08,1403.15,failed,Clothing,South,16,1
2707,2024-04-08,930.63,completed,Sports,Central,7,2
2708,2024-04-08,4756.71,completed,Electronics,North,29,1
2709,2024-04-08,755.48,completed,Clothing,West,38,5
2710,2024-04-08,2630.04,completed,Books,South,17,4
2711,2024-04-08,1800.85,completed,Sports,South,25,3
2712,2024-04-08,2843.75,completed,Books,West,18,3
2713,2024-04-08,55.77,pending,Food,East,48,3
2714,2024-04-09,4305.32,refunded,Clothing,North,46,5
2715,2024-04-09,2021.81,completed,Books,West,23,4
2716,2024-04-09,1311.9,completed,Home,West,22,5
2717,2024-04-09,1571.22,completed,Home,East,19,5
2718,2024-04-09,4839.29,completed,Sports,Central,26,1
2719,2024-04-09,1849.91,completed,Electronics,North,37,1
2720,2024-04-09,2356.9,completed,Clothing,South,36,1
2721,2024-04-09,4320.99,refunded,Food,Central,24,4
2722,2024-04-09,4977.25,completed,Home,South,13,3
2723,2024-04-09,4865.72,completed,Sports,South,22,2
2724,2024-04-09,681.46,completed,Food,Central,49,1
2725,2024-04-09,2793.82,completed,Books,South,11,4
2726,2024-04-09,2997.82,completed,Clothing,Central,2,3
2727,2024-04-09,3916.78,failed,Sports,West,10,1
2728,2024-04-09,2428.67,completed,Electronics,West,1,1
2729,2024-04-09,2362.07,completed,Electronics,East,41,2
2730,2024-04-09,1803.34,completed,Books,South,12,3
2731,2024-04-09,3656.17,completed,Books,East,46,2
2732,2024-04-09,3273.73,pending,Books,East,37,1
2733,2024-04-09,4920.97,completed,Clothing,Central,20,1
2734,2024-04-09,2938.2,completed,Food,Central,34,5
2735,2024-04-09,4595.43,failed,Books,North,24,2
2736,2024-04-09,4837.19,completed,Food,West,10,1
2737,2024-04-09,195.81,pending,Sports,North,4,1
2738,2024-04-09,198.44,completed,Books,South,25,1
2739,2024-04-09,4909.34,failed,Clothing,North,8,5
2740,2024-04-09,3001.31,failed,Electronics,North,16,1
2741,2024-04-10,1423.15,completed,Electronics,South,33,1
2742,2024-04-10,2213.05,completed,Food,South,20,2
2743,2024-04-10,2223.39,failed,Home,North,41,1
2744,2024-04-10,529.2,pending,Home,West,27,1
2745,2024-04-10,4554.41,completed,Sports,East,45,3
2746,2024-04-10,1613.09,completed,Home,North,32,3
2747,2024-04-10,2749.41,completed,Clothing,West,35,4
2748,2024-04-10,4348.98,pending,Books,South,20,3
2749,2024-04-10,4448.35,failed,Books,North,22,3
2750,2024-04-10,942.9,completed,Home,West,40,4
2751,2024-04-10,855.19,failed,Electronics,Central,15,3
2752,2024-04-10,698.9,completed,Home,West,4,4
2753,2024-04-10,1177.4,completed,Food,West,23,1
2754,2024-04-10,1605.05,completed,Sports,North,36,5
2755,2024-04-10,3641.23,completed,Food,West,27,4
2756,2024-04-10,767.92,completed,Electronics,West,29,5
2757,2024-04-10,1092.89,completed,Home,North,4,5
2758,2024-04-10,1894.54,completed,Electronics,North,35,2
2759,2024-04-10,126.5,completed,Electronics,East,33,3
2760,2024-04-10,1267.41,completed,Sports,Central,43,2
2761,2024-04-10,2327.38,completed,Home,North,37,1
2762,2024-04-10,2787.65,completed,Books,North,32,5
2763,2024-04-10,3175.43,completed,Clothing,South,44,4
2764,2024-04-10,1968.13,completed,Books,North,15,2
2765,2024-04-10,2817.15,pending,Books,Central,10,2
2766,2024-04-10,4298.97,completed,Books,East,13,5
2767,2024-04-10,3630.36,pending,Electronics,North,12,1
2768,2024-04-11,2877.83,failed,Electronics,North,16,5
2769,2024-04-11,3885.23,completed,Books,West,41,1
2770,2024-04-11,1473.25,completed,Electronics,West,6,3
2771,2024-04-11,4784.73,completed,Home,East,26,4
2772,2024-04-11,3451.5,completed,Clothing,West,42,5
2773,2024-04-11,3361.94,completed,Home,East,30,3
2774,2024-04-11,3928.85,completed,Books,North,8,3
2775,2024-04-11,29.6,pending,Food,North,49,1
2776,2024-04-11,715.38,completed,Books,East,7,3
2777,2024-04-11,2870.17,completed,Electronics,North,24,4
2778,2024-04-11,3042.95,pending,Electronics,South,6,4
2779,2024-04-11,4486.16,completed,Food,Central,12,1
2780,2024-04-11,2666.04,completed,Food,West,23,5
2781,2024-04-11,1348.68,completed,Food,North,18,1
2782,2024-04-11,2451.12,pending,Electronics,North,45,1
2783,2024-04-11,1584.43,completed,Clothing,West,21,5
2784,2024-04-11,3405.01,completed,Food,Central,4,1
2785,2024-04-11,3063.99,pending,Sports,East,5,1
2786,2024-04-11,955.42,completed,Food,West,49,4
2787,2024-04-11,1862.45,completed,Food,East,30,5
2788,2024-04-11,3387.01,refunded,Food,Central,44,2
2789,2024-04-11,4721.77,completed,Clothing,Central,15,3
2790,2024-04-11,1984.69,completed,Sports,North,25,4
2791,2024-04-11,3613.4,failed,Sports,Central,17,2
2792,2024-04-11,2115.14,failed,Electronics,North,34,2
2793,2024-04-11,1909.58,completed,Clothing,North,19,4
2794,2024-04-11,3169.09,pending,Clothing,South,7,5
2795,2024-04-11,4802.37,completed,Home,North,30,5
2796,2024-04-12,1616.17,pending,Food,Central,36,3
2797,2024-04-12,2224.66,pending,Food,East,41,2
2798,2024-04-12,279.21,completed,Sports,West,42,3
2799,2024-04-12,3151.35,completed,Food,West,7,4
2800,2024-04-12,1883.25,completed,Home,North,2,5
2801,2024-04-12,607.21,completed,Clothing,East,41,2
2802,2024-04-12,3102.73,completed,Food,Central,32,1
2803,2024-04-12,3403.3,completed,Electronics,South,13,4
2804,2024-04-12,626.74,completed,Home,East,5,4
2805,2024-04-12,3001.4,completed,Sports,East,14,3
2806,2024-04-12,4221.64,completed,Books,North,7,2
2807,2024-04-12,2712.03,completed,Books,South,11,2
2808,2024-04-12,3984.92,completed,Home,South,10,2
2809,2024-04-12,2467.01,completed,Books,Central,41,4
2810,2024-04-12,1169.19,completed,Food,West,7,3
2811,2024-04-12,780.52,completed,Sports,North,45,5
2812,2024-04-12,1159.35,completed,Clothing,East,41,5
2813,2024-04-12,3210.93,completed,Sports,Central,47,1
2814,2024-04-12,1466.26,completed,Sports,North,2,3
2815,2024-04-12,2738.71,pending,Clothing,South,36,1
2816,2024-04-12,4020.48,completed,Books,North,3,1
2817,2024-04-12,502.6,pending,Food,East,33,1
2818,2024-04-12,595.13,pending,Books,South,36,3
2819,2024-04-12,3685.16,failed,Electronics,South,26,4
2820,2024-04-12,160.31,failed,Sports,West,10,2
2821,2024-04-12,1042.66,completed,Home,South,17,1
2822,2024-04-12,2165.82,completed,Books,South,46,4
2823,2024-04-13,4837.39,completed,Books,South,20,3
2824,2024-04-13,2624.7,pending,Clothing,South,17,3
2825,2024-04-13,721.14,completed,Sports,West,36,1
2826,2024-04-13,2921.92,completed,Electronics,West,45,2
2827,2024-04-13,1888.25,completed,Books,South,10,2
2828,2024-04-13,300.31,completed,Electronics,Central,20,5
2829,2024-04-13,2524.5,completed,Sports,West,24,1
2830,2024-04-13,3182.54,completed,Sports,North,2,4
2831,2024-04-13,4802.6,pending,Books,North,26,5
2832,2024-04-13,3630.24,pending,Books,Central,49,4
2833,2024-04-13,3905.05,completed,Electronics,West,9,5
2834,2024-04-13,4560.5,failed,Food,East,46,2
2835,2024-04-13,1624.22,completed,Food,East,20,4
2836,2024-04-13,2831.77,completed,Electronics,East,19,3
2837,2024-04-13,4856.86,failed,Food,North,5,3
2838,2024-04-13,2768.91,failed,Clothing,South,9,2
2839,2024-04-13,661.83,completed,Books,West,25,1
2840,2024-04-13,4791.33,completed,Books,Central,27,3
2841,2024-04-13,1770.7,completed,Food,South,18,1
2842,2024-04-13,1268.16,completed,Electronics,South,40,1
2843,2024-04-13,3156.19,completed,Clothing,West,6,2
2844,2024-04-13,1768.99,pending,Books,Central,17,5
2845,2024-04-13,2062.45,completed,Clothing,South,13,4
2846,2024-04-13,1086.25,completed,Food,West,25,1
2847,2024-04-13,198.82,completed,Sports,East,37,3
2848,2024-04-13,373.77,failed,Sports,Central,18,2
2849,2024-04-13,1392.21,pending,Clothing,East,4,5
2850,2024-04-13,2119.99,completed,Sports,South,23,1
2851,2024-04-14,4134.55,completed,Sports,North,6,3
2852,2024-04-14,1079.58,failed,Home,East,43,2
2853,2024-04-14,3275.21,completed,Food,West,21,1
2854,2024-04-14,4630.75,completed,Home,Central,3,1
2855,2024-04-14,2037.99,completed,Books,South,6,2
2856,2024-04-14,4894.51,pending,Food,Central,2,5
2857,2024-04-14,3191.01,completed,Food,Central,33,4
2858,2024-04-14,4785.59,completed,Sports,South,33,2
2859,2024-04-14,1481.83,completed,Sports,West,26,3
2860,2024-04-14,3278.52,completed,Books,East,35,3
2861,2024-04-14,802.59,completed,Food,East,25,5
2862,2024-04-14,4567.99,completed,Books,North,16,3
2863,2024-04-14,1695.2,completed,Books,Central,8,2
2864,2024-04-14,801.53,completed,Books,West,26,1
2865,2024-04-14,2651.34,failed,Sports,West,47,2
2866,2024-04-14,845.04,completed,Sports,West,17,5
2867,2024-04-14,1407.5,completed,Home,North,47,2
2868,2024-04-14,1914.11,completed,Home,West,2,5
2869,2024-04-14,743.02,completed,Electronics,North,14,5
2870,2024-04-14,211.33,completed,Clothing,North,46,2
2871,2024-04-14,1880.79,completed,Electronics,North,7,3
2872,2024-04-14,1044.28,completed,Electronics,North,12,5
2873,2024-04-14,3360.2,completed,Electronics,Central,43,1
2874,2024-04-14,11.11,completed,Clothing,West,30,5
2875,2024-04-14,3242.25,failed,Clothing,East,47,5
2876,2024-04-14,2721.43,completed,Sports,North,11,3
2877,2024-04-14,2621.3,pending,Books,West,28,5
2878,2024-04-15,2543.33,completed,Books,East,2,1
2879,2024-04-15,2715.83,completed,Clothing,West,23,3
2880,2024-04-15,2537.86,failed,Books,East,42,1
2881,2024-04-15,2237.36,pending,Home,North,4,2
2882,2024-04-15,1705.66,completed,Sports,East,13,3
2883,2024-04-15,1821.89,completed,Electronics,North,31,3
2884,2024-04-15,494.16,refunded,Clothing,West,45,3
2885,2024-04-15,1977.33,pending,Electronics,West,22,1
2886,2024-04-15,2456.95,completed,Sports,Central,17,5
2887,2024-04-15,3818.91,completed,Home,South,29,5
2888,2024-04-15,2196.63,pending,Electronics,East,3,4
2889,2024-04-15,3852.0,completed,Home,South,41,4
2890,2024-04-15,3898.69,completed,Books,West,44,2
2891,2024-04-15,1640.62,completed,Books,Central,46,5
2892,2024-04-15,2485.4,completed,Electronics,Central,26,4
2893,2024-04-15,1636.24,completed,Electronics,Central,45,4
2894,2024-04-15,371.52,completed,Clothing,East,32,4
2895,2024-04-15,4275.21,pending,Books,West,2,5
2896,2024-04-15,4104.38,completed,Books,West,40,2
2897,2024-04-15,433.16,completed,Electronics,Central,3,1
2898,2024-04-15,3276.34,completed,Home,East,24,3
2899,2024-04-15,4227.47,completed,Clothing,North,46,2
2900,2024-04-15,209.54,completed,Food,North,14,4
2901,2024-04-15,1959.21,completed,Food,South,42,5
2902,2024-04-15,1228.06,pending,Books,North,41,2
2903,2024-04-15,2380.81,completed,Home,South,11,2
2904,2024-04-15,777.93,completed,Home,East,30,2
2905,2024-04-16,179.39,failed,Home,East,30,5
2906,2024-04-16,114.78,completed,Clothing,South,34,3
2907,2024-04-16,4744.03,completed,Books,Central,1,1
2908,2024-04-16,344.68,completed,Home,North,14,5
2909,2024-04-16,1098.3,refunded,Books,South,24,2
2910,2024-04-16,3133.95,failed,Sports,Central,43,4
2911,2024-04-16,3196.29,completed,Food,Central,2,4
2912,2024-04-16,488.31,completed,Clothing,South,25,2
2913,2024-04-16,2731.99,completed,Electronics,West,9,4
2914,2024-04-16,2298.34,completed,Food,South,34,1
2915,2024-04-16,1126.35,completed,Sports,Central,27,1
2916,2024-04-16,4028.67,completed,Sports,East,27,5
2917,2024-04-16,4828.45,completed,Home,South,37,2
2918,2024-04-16,1479.32,completed,Food,North,4,2
2919,2024-04-16,1037.71,completed,Home,West,1,3
2920,2024-04-16,1826.98,completed,Sports,North,22,3
2921,2024-04-16,4415.99,completed,Sports,Central,13,2
2922,2024-04-16,3831.75,pending,Clothing,West,39,1
2923,2024-04-16,3758.69,pending,Clothing,West,10,2
2924,2024-04-16,4515.42,completed,Clothing,South,43,2
2925,2024-04-16,1169.42,completed,Clothing,North,18,5
2926,2024-04-16,4319.17,completed,Sports,East,45,2
2927,2024-04-16,4587.43,pending,Books,South,3,2
2928,2024-04-16,3484.52,failed,Food,East,18,5
2929,2024-04-16,2039.95,failed,Clothing,South,40,2
2930,2024-04-16,4540.33,refunded,Sports,West,12,2
2931,2024-04-16,188.39,pending,Food,Central,45,1
2932,2024-04-16,1426.45,completed,Home,West,6,1
2933,2024-04-17,488.42,completed,Clothing,South,12,3
2934,2024-04-17,1924.33,pending,Home,North,49,4
2935,2024-04-17,3707.92,failed,Books,East,11,1
2936,2024-04-17,2014.08,completed,Food,West,31,2
2937,2024-04-17,2797.08,completed,Sports,Central,43,1
2938,2024-04-17,2072.15,completed,Books,Central,23,4
2939,2024-04-17,174.87,completed,Electronics,South,21,5
2940,2024-04-17,327.57,completed,Clothing,West,36,1
2941,2024-04-17,234.15,failed,Electronics,North,14,1
2942,2024-04-17,4050.36,completed,Books,South,9,2
2943,2024-04-17,425.84,failed,Books,Central,11,4
2944,2024-04-17,1668.09,completed,Home,North,30,1
2945,2024-04-17,2786.61,completed,Sports,North,47,3
2946,2024-04-17,2681.95,completed,Electronics,Central,33,1
2947,2024-04-17,3080.43,completed,Food,South,43,4
2948,2024-04-17,2633.12,completed,Electronics,South,12,2
2949,2024-04-17,2471.22,refunded,Books,North,30,3
2950,2024-04-17,3354.38,completed,Food,West,18,1
2951,2024-04-17,1466.67,pending,Books,East,25,2
2952,2024-04-17,2286.73,failed,Books,Central,1,3
2953,2024-04-17,2165.25,completed,Home,East,23,1
2954,2024-04-17,1779.83,pending,Electronics,North,43,5
2955,2024-04-17,4984.1,refunded,Sports,West,5,1
2956,2024-04-17,4515.83,pending,Food,North,19,5
2957,2024-04-17,3379.55,completed,Sports,South,6,4
2958,2024-04-17,3701.14,completed,Electronics,North,18,3
2959,2024-04-17,4364.05,pending,Home,West,42,5
2960,2024-04-18,1799.82,pending,Home,Central,19,3
2961,2024-04-18,2653.36,pending,Home,North,37,1
2962,2024-04-18,1775.38,refunded,Books,West,49,5
2963,2024-04-18,4460.92,failed,Sports,West,27,2
2964,2024-04-18,3042.57,completed,Books,Central,26,4
2965,2024-04-18,2810.82,refunded,Books,North,41,2
2966,2024-04-18,2262.64,pending,Electronics,West,26,4
2967,2024-04-18,2866.68,failed,Clothing,West,46,5
2968,2024-04-18,1457.15,completed,Electronics,West,26,3
2969,2024-04-18,2578.1,failed,Clothing,Central,12,3
2970,2024-04-18,1038.24,refunded,Food,West,7,2
2971,2024-04-18,1215.58,pending,Home,Central,4,4
2972,2024-04-18,912.1,pending,Electronics,North,26,2
2973,2024-04-18,988.0,completed,Clothing,West,25,5
2974,2024-04-18,2391.34,completed,Electronics,North,9,5
2975,2024-04-18,302.92,pending,Clothing,South,27,5
2976,2024-04-18,1664.9,pending,Clothing,North,25,3
2977,2024-04-18,2401.07,completed,Books,Central,22,2
2978,2024-04-18,756.08,completed,Home,North,33,2
2979,2024-04-18,1783.85,completed,Home,East,22,1
2980,2024-04-18,2733.16,completed,Home,North,35,1
2981,2024-04-18,4529.28,completed,Electronics,Central,2,2
2982,2024-04-18,1619.75,pending,Books,Central,14,2
2983,2024-04-18,35.33,completed,Food,East,40,4
2984,2024-04-18,3375.21,completed,Food,East,2,2
2985,2024-04-18,4794.97,completed,Food,North,32,3
2986,2024-04-18,4942.55,completed,Food,North,22,3
2987,2024-04-18,2320.2,completed,Books,North,36,4
2988,2024-04-19,888.21,completed,Home,Central,7,3
2989,2024-04-19,3372.13,completed,Food,North,29,4
2990,2024-04-19,4038.8,failed,Clothing,East,9,4
2991,2024-04-19,2786.26,completed,Clothing,West,7,2
2992,2024-04-19,1763.99,pending,Clothing,Central,47,5
2993,2024-04-19,1675.78,completed,Sports,East,13,2
2994,2024-04-19,2213.02,completed,Books,North,36,3
2995,2024-04-19,1028.11,completed,Clothing,South,9,4
2996,2024-04-19,2130.26,completed,Sports,North,3,5
2997,2024-04-19,4118.07,failed,Electronics,North,25,1
2998,2024-04-19,2780.68,failed,Electronics,Central,18,5
2999,2024-04-19,1283.36,failed,Clothing,South,12,1
3000,2024-04-19,3502.54,pending,Clothing,South,4,1
3001,2024-04-19,1754.68,completed,Home,East,18,1
3002,2024-04-19,943.88,pending,Electronics,East,37,1
3003,2024-04-19,259.65,completed,Sports,Central,44,4
3004,2024-04-19,4334.96,completed,Electronics,South,45,5
3005,2024-04-19,2815.15,completed,Sports,Central,14,3
3006,2024-04-19,158.62,completed,Sports,Central,48,1
3007,2024-04-19,2478.16,completed,Clothing,East,20,1
3008,2024-04-19,1432.58,completed,Books,North,8,1
3009,2024-04-19,1313.2,completed,Food,East,36,3
3010,2024-04-19,4620.68,completed,Sports,South,36,1
3011,2024-04-19,4784.43,failed,Sports,North,3,4
3012,2024-04-19,3697.07,completed,Clothing,East,5,3
3013,2024-04-19,1248.55,completed,Food,West,4,4
3014,2024-04-19,504.36,pending,Home,Central,45,3
3015,2024-04-20,282.24,pending,Clothing,East,2,3
3016,2024-04-20,251.24,completed,Home,North,7,1
3017,2024-04-20,4863.75,pending,Books,North,38,3
3018,2024-04-20,880.56,completed,Food,North,1,4
3019,2024-04-20,3658.17,completed,Sports,East,10,2
3020,2024-04-20,1575.26,completed,Electronics,West,10,1
3021,2024-04-20,3825.97,completed,Food,West,13,4
3022,2024-04-20,4083.92,completed,Clothing,South,7,5
3023,2024-04-20,1323.03,completed,Electronics,East,40,1
3024,2024-04-20,1696.87,completed,Books,South,7,2
3025,2024-04-20,2481.07,completed,Food,North,16,3
3026,2024-04-20,268.68,failed,Sports,Central,38,2
3027,2024-04-20,130.48,completed,Sports,South,11,5
3028,2024-04-20,4079.16,completed,Electronics,South,32,4
3029,2024-04-20,2285.39,completed,Books,West,16,1
3030,2024-04-20,2496.65,completed,Home,West,2,3
3031,2024-04-20,3041.26,completed,Electronics,West,33,5
3032,2024-04-20,1651.27,pending,Clothing,South,20,4
3033,2024-04-20,3814.27,completed,Food,South,39,3
3034,2024-04-20,123.33,completed,Home,West,25,1
3035,2024-04-20,645.81,failed,Books,South,13,2
3036,2024-04-20,4640.02,pending,Books,West,20,2
3037,2024-04-20,4382.94,refunded,Sports,South,43,1
3038,2024-04-20,392.37,pending,Books,West,9,2
3039,2024-04-20,2775.54,failed,Books,Central,36,4
3040,2024-04-20,3668.61,failed,Clothing,West,38,5
3041,2024-04-20,1293.32,completed,Food,West,9,5
3042,2024-04-21,89.62,refunded,Books,East,19,4
3043,2024-04-21,3301.96,completed,Books,Central,28,5
3044,2024-04-21,3876.0,refunded,Food,South,3,5
3045,2024-04-21,3663.96,pending,Books,West,14,3
3046,2024-04-21,855.8,pending,Books,East,45,3
3047,2024-04-21,2838.37,completed,Home,North,38,2
3048,2024-04-21,1145.97,completed,Home,North,22,4
3049,2024-04-21,3076.28,completed,Clothing,West,5,3
3050,2024-04-21,2415.86,completed,Clothing,Central,20,2
3051,2024-04-21,2854.56,failed,Books,North,23,3
3052,2024-04-21,1580.15,completed,Sports,Central,31,1
3053,2024-04-21,2639.65,refunded,Electronics,North,4,5
3054,2024-04-21,2581.74,completed,Books,North,12,3
3055,2024-04-21,866.69,completed,Food,Central,7,1
3056,2024-04-21,105.08,completed,Home,East,22,4
3057,2024-04-21,3299.29,completed,Books,South,37,1
3058,2024-04-21,1226.54,completed,Clothing,South,26,4
3059,2024-04-21,2659.13,completed,Home,Central,18,5
3060,2024-04-21,99.39,completed,Home,South,17,5
3061,2024-04-21,1343.88,completed,Food,South,1,1
3062,2024-04-21,211.94,refunded,Clothing,South,38,2
3063,2024-04-21,1479.38,completed,Electronics,West,3,3
3064,2024-04-21,3652.58,completed,Sports,South,3,1
3065,2024-04-21,3139.48,completed,Electronics,Central,27,1
3066,2024-04-21,830.8,completed,Sports,Central,23,1
3067,2024-04-21,615.14,completed,Electronics,West,1,1
3068,2024-04-21,599.03,completed,Food,West,18,1
3069,2024-04-21,4249.08,completed,Home,South,18,2
3070,2024-04-22,1430.68,pending,Food,Central,49,3
3071,2024-04-22,4976.47,pending,Food,Central,23,2
3072,2024-04-22,2778.38,completed,Home,South,42,2
3073,2024-04-22,4994.1,completed,Food,Central,4,1
3074,2024-04-22,1211.31,refunded,Sports,West,42,3
3075,2024-04-22,4744.86,failed,Home,North,32,1
3076,2024-04-22,4614.45,completed,Sports,North,21,2
3077,2024-04-22,862.12,completed,Clothing,South,22,2
3078,2024-04-22,4930.86,completed,Sports,South,8,3
3079,2024-04-22,1756.72,completed,Food,East,12,2
3080,2024-04-22,746.21,completed,Clothing,East,41,3
3081,2024-04-22,1829.82,completed,Electronics,East,29,2
3082,2024-04-22,417.24,completed,Clothing,East,29,4
3083,2024-04-22,2990.92,pending,Food,Central,21,2
3084,2024-04-22,3002.37,completed,Clothing,East,28,3
3085,2024-04-22,1666.9,completed,Clothing,Central,33,4
3086,2024-04-22,1577.29,refunded,Books,Central,48,5
3087,2024-04-22,189.32,completed,Sports,Central,5,1
3088,2024-04-22,3332.59,completed,Food,East,12,3
3089,2024-04-22,1260.29,completed,Books,East,9,3
3090,2024-04-22,2371.7,completed,Clothing,Central,39,2
3091,2024-04-22,2536.23,failed,Electronics,South,31,2
3092,2024-04-22,3940.28,pending,Electronics,North,1,5
3093,2024-04-22,3169.62,completed,Sports,West,24,1
3094,2024-04-22,4853.63,completed,Clothing,Central,4,2
3095,2024-04-22,3163.97,pending,Food,Central,43,1
3096,2024-04-22,1792.54,pending,Clothing,North,44,3
3097,2024-04-23,4350.28,completed,Sports,West,31,2
3098,2024-04-23,2584.29,completed,Books,East,27,2
3099,2024-04-23,946.42,completed,Electronics,North,37,1
3100,2024-04-23,2829.79,completed,Books,West,24,4
3101,2024-04-23,622.65,failed,Sports,East,26,2
3102,2024-04-23,1732.98,pending,Sports,Central,35,3
3103,2024-04-23,162.24,completed,Books,Central,7,3
3104,2024-04-23,400.61,completed,Sports,South,49,2
3105,2024-04-23,1100.36,failed,Electronics,North,31,4
3106,2024-04-23,3113.65,refunded,Sports,South,27,4
3107,2024-04-23,2471.3,completed,Sports,Central,26,2
3108,2024-04-23,2170.57,completed,Electronics,Central,13,1
3109,2024-04-23,2860.43,pending,Home,North,29,2
3110,2024-04-23,985.39,completed,Books,South,24,2
3111,2024-04-23,3414.59,pending,Home,East,29,2
3112,2024-04-23,2725.5,completed,Home,West,9,2
3113,2024-04-23,705.88,completed,Electronics,North,46,1
3114,2024-04-23,2774.94,failed,Home,North,18,4
3115,2024-04-23,572.64,completed,Sports,East,45,4
3116,2024-04-23,3374.68,failed,Electronics,North,15,4
3117,2024-04-23,1137.28,pending,Electronics,North,29,1
3118,2024-04-23,253.91,completed,Food,West,31,4
3119,2024-04-23,945.84,pending,Clothing,Central,12,3
3120,2024-04-23,2419.89,failed,Clothing,North,30,1
3121,2024-04-23,3560.92,failed,Sports,Central,20,1
3122,2024-04-23,1859.98,failed,Clothing,South,39,4
3123,2024-04-23,1833.75,completed,Home,North,39,5
3124,2024-04-24,2202.41,completed,Sports,North,35,2
3125,2024-04-24,4333.54,completed,Home,South,10,3
3126,2024-04-24,4004.96,refunded,Food,West,43,5
3127,2024-04-24,4634.28,failed,Books,South,29,2
3128,2024-04-24,3930.13,pending,Sports,South,2,3
3129,2024-04-24,2231.86,pending,Clothing,East,7,4
3130,2024-04-24,2863.94,completed,Sports,South,23,5
3131,2024-04-24,2763.05,completed,Home,South,13,5
3132,2024-04-24,4942.66,completed,Food,Central,5,3
3133,2024-04-24,3690.03,completed,Books,East,18,2
3134,2024-04-24,2672.13,completed,Electronics,North,10,2
3135,2024-04-24,3231.75,completed,Home,Central,4,4
3136,2024-04-24,4791.12,completed,Electronics,South,31,5
3137,2024-04-24,962.49,completed,Food,South,27,5
3138,2024-04-24,4714.54,failed,Food,West,41,3
3139,2024-04-24,1770.31,completed,Food,South,3,4
3140,2024-04-24,1748.76,completed,Food,North,15,1
3141,2024-04-24,1131.03,completed,Food,South,10,4
3142,2024-04-24,1777.4,completed,Electronics,West,2,2
3143,2024-04-24,2535.08,completed,Home,West,32,5
3144,2024-04-24,862.56,completed,Food,Central,15,5
3145,2024-04-24,851.83,completed,Food,East,43,4
3146,2024-04-24,1447.02,completed,Sports,Central,10,1
3147,2024-04-24,48.86,completed,Electronics,South,3,5
3148,2024-04-24,3235.18,failed,Clothing,Central,23,1
3149,2024-04-24,1014.28,completed,Home,South,15,2
3150,2024-04-24,4366.81,completed,Electronics,West,2,1
3151,2024-04-24,1898.5,completed,Sports,West,38,4
3152,2024-04-25,2279.54,pending,Home,North,11,4
3153,2024-04-25,4640.78,completed,Electronics,North,1,1
3154,2024-04-25,136.3,completed,Clothing,North,18,5
3155,2024-04-25,3539.89,pending,Food,Central,30,4
3156,2024-04-25,2534.03,failed,Food,East,34,1
3157,2024-04-25,3186.41,completed,Electronics,East,10,3
3158,2024-04-25,4850.58,completed,Electronics,West,3,5
3159,2024-04-25,656.18,failed,Home,East,19,5
3160,2024-04-25,3379.33,completed,Books,North,4,1
3161,2024-04-25,3525.03,completed,Sports,East,44,2
3162,2024-04-25,2271.57,completed,Sports,Central,4,2
3163,2024-04-25,905.8,pending,Food,North,14,3
3164,2024-04-25,868.57,completed,Clothing,East,15,4
3165,2024-04-25,2107.2,completed,Home,Central,23,5
3166,2024-04-25,3379.12,completed,Food,South,1,5
3167,2024-04-25,2754.2,completed,Clothing,South,35,1
3168,2024-04-25,523.67,completed,Home,West,49,5
3169,2024-04-25,275.45,pending,Electronics,North,9,4
3170,2024-04-25,1860.06,completed,Books,North,15,2
3171,2024-04-25,569.41,completed,Food,East,28,1
3172,2024-04-25,709.04,completed,Sports,North,15,5
3173,2024-04-25,3400.66,completed,Food,South,42,3
3174,2024-04-25,2382.45,completed,Food,South,28,5
3175,2024-04-25,3244.02,completed,Clothing,West,41,4
3176,2024-04-25,1743.29,completed,Clothing,West,25,3
3177,2024-04-25,480.57,completed,Home,North,31,2
3178,2024-04-25,332.18,completed,Electronics,West,35,4
3179,2024-04-26,93.67,pending,Electronics,South,7,4
3180,2024-04-26,4316.67,completed,Clothing,South,23,4
3181,2024-04-26,4822.94,completed,Sports,East,30,4
3182,2024-04-26,758.04,pending,Food,North,7,5
3183,2024-04-26,4731.24,failed,Books,West,22,2
3184,2024-04-26,1325.08,completed,Clothing,East,27,2
3185,2024-04-26,3228.19,completed,Home,North,15,2
3186,2024-04-26,1904.6,completed,Clothing,East,45,5
3187,2024-04-26,3097.26,completed,Sports,Central,40,5
3188,2024-04-26,4216.45,pending,Books,East,1,4
3189,2024-04-26,4304.99,pending,Sports,East,20,4
3190,2024-04-26,4346.25,completed,Sports,East,4,1
3191,2024-04-26,1330.51,pending,Books,North,39,5
3192,2024-04-26,3886.56,completed,Home,South,48,3
3193,2024-04-26,1752.7,completed,Food,South,10,5
3194,2024-04-26,909.89,completed,Electronics,Central,34,5
3195,2024-04-26,1549.16,pending,Sports,North,45,3
3196,2024-04-26,1746.89,pending,Food,Central,33,5
3197,2024-04-26,2821.73,completed,Food,East,18,4
3198,2024-04-26,3090.05,completed,Food,East,1,1
3199,2024-04-26,2000.03,completed,Clothing,South,46,4
3200,2024-04-26,4138.12,completed,Clothing,South,17,5
3201,2024-04-26,276.1,completed,Home,North,49,4
3202,2024-04-26,4337.38,pending,Electronics,South,27,5
3203,2024-04-26,3652.88,completed,Home,North,30,5
3204,2024-04-26,1826.44,refunded,Clothing,East,9,4
3205,2024-04-26,3083.19,completed,Clothing,West,49,2
3206,2024-04-26,2158.91,failed,Clothing,West,6,2
3207,2024-04-27,550.52,completed,Sports,North,30,5
3208,2024-04-27,4819.45,failed,Books,East,36,5
3209,2024-04-27,1772.35,completed,Books,West,19,3
3210,2024-04-27,4212.05,completed,Electronics,Central,9,2
3211,2024-04-27,3895.84,pending,Electronics,Central,30,1
3212,2024-04-27,3800.15,failed,Books,South,44,1
3213,2024-04-27,186.54,completed,Sports,North,41,2
3214,2024-04-27,4170.08,failed,Home,North,26,1
3215,2024-04-27,2395.01,completed,Food,West,37,5
3216,2024-04-27,4372.75,failed,Sports,West,6,3
3217,2024-04-27,1962.38,completed,Electronics,Central,38,3
3218,2024-04-27,3247.25,failed,Books,South,28,4
3219,2024-04-27,1509.6,completed,Food,Central,23,4
3220,2024-04-27,3616.7,pending,Books,East,18,2
3221,2024-04-27,4959.38,completed,Home,East,15,1
3222,2024-04-27,1609.97,completed,Food,Central,41,1
3223,2024-04-27,1668.34,completed,Electronics,North,7,2
3224,2024-04-27,3728.25,completed,Clothing,South,43,1
3225,2024-04-27,2416.6,completed,Electronics,East,33,4
3226,2024-04-27,1406.47,pending,Books,East,9,4
3227,2024-04-27,4850.67,pending,Books,West,8,4
3228,2024-04-27,341.37,completed,Food,Central,19,2
3229,2024-04-27,4372.93,completed,Sports,South,44,3
3230,2024-04-27,268.18,refunded,Sports,South,6,4
3231,2024-04-27,3227.4,completed,Home,West,18,3
3232,2024-04-27,1776.7,pending,Clothing,West,27,2
3233,2024-04-27,3398.89,completed,Clothing,West,19,2
3234,2024-04-28,3314.58,pending,Clothing,East,37,1
3235,2024-04-28,1448.67,completed,Sports,West,23,1
3236,2024-04-28,1763.21,completed,Sports,South,47,1
3237,2024-04-28,3727.62,completed,Electronics,South,22,1
3238,2024-04-28,67.26,failed,Books,South,42,1
3239,2024-04-28,1871.02,completed,Clothing,Central,33,5
3240,2024-04-28,982.58,failed,Sports,South,20,3
3241,2024-04-28,2489.93,pending,Food,North,14,1
3242,2024-04-28,1064.51,pending,Sports,West,37,1
3243,2024-04-28,3478.09,failed,Books,North,19,4
3244,2024-04-28,3953.52,completed,Books,West,41,5
3245,2024-04-28,1500.93,pending,Food,North,24,1
3246,2024-04-28,2806.94,pending,Food,North,29,2
3247,2024-04-28,2418.39,pending,Books,East,32,4
3248,2024-04-28,1187.74,completed,Home,East,22,5
3249,2024-04-28,3739.83,completed,Clothing,South,28,5
3250,2024-04-28,1456.37,refunded,Home,West,34,1
3251,2024-04-28,2974.27,completed,Food,East,47,5
3252,2024-04-28,4306.97,completed,Sports,West,10,1
3253,2024-04-28,3286.15,completed,Electronics,East,14,3
3254,2024-04-28,1942.55,completed,Books,East,15,3
3255,2024-04-28,2666.0,completed,Clothing,North,19,1
3256,2024-04-28,4433.76,completed,Electronics,North,2,5
3257,2024-04-28,3174.53,completed,Home,North,29,1
3258,2024-04-28,2750.08,failed,Electronics,East,48,4
3259,2024-04-28,2051.75,completed,Home,East,29,4
3260,2024-04-28,3777.7,completed,Sports,South,17,2
3261,2024-04-29,868.9,completed,Electronics,Central,2,4
3262,2024-04-29,3579.86,completed,Clothing,South,13,2
3263,2024-04-29,2802.72,completed,Food,North,23,3
3264,2024-04-29,459.6,failed,Books,East,38,3
3265,2024-04-29,4182.74,failed,Clothing,South,21,3
3266,2024-04-29,2885.63,completed,Books,North,1,2
3267,2024-04-29,3064.58,completed,Books,Central,26,1
3268,2024-04-29,2894.45,completed,Sports,South,8,1
3269,2024-04-29,4571.66,completed,Clothing,West,23,3
3270,2024-04-29,2737.31,failed,Books,West,6,3
3271,2024-04-29,3828.5,failed,Sports,East,42,2
3272,2024-04-29,2690.51,completed,Sports,West,31,3
3273,2024-04-29,4002.33,failed,Home,Central,40,5
3274,2024-04-29,3931.24,completed,Food,Central,27,2
3275,2024-04-29,4958.62,failed,Home,East,24,2
3276,2024-04-29,2983.25,completed,Electronics,Central,49,2
3277,2024-04-29,1807.61,completed,Clothing,West,37,4
3278,2024-04-29,4528.22,completed,Home,North,3,1
3279,2024-04-29,3264.32,completed,Sports,East,29,5
3280,2024-04-29,3071.23,completed,Electronics,South,45,3
3281,2024-04-29,3717.82,completed,Electronics,South,40,1
3282,2024-04-29,2528.82,completed,Books,East,18,5
3283,2024-04-29,3563.77,completed,Sports,East,49,2
3284,2024-04-29,4917.7,completed,Electronics,Central,22,2
3285,2024-04-29,3585.51,failed,Food,Central,9,1
3286,2024-04-29,3810.41,completed,Books,North,16,5
3287,2024-04-29,3504.26,completed,Sports,East,20,5
3288,2024-04-29,3195.2,completed,Clothing,West,43,1
3289,2024-04-30,3196.86,completed,Sports,Central,38,5
3290,2024-04-30,4932.0,completed,Books,Central,29,5
3291,2024-04-30,3298.01,completed,Home,North,6,5
3292,2024-04-30,242.75,completed,Food,East,11,5
3293,2024-04-30,1068.76,completed,Electronics,East,44,3
3294,2024-04-30,1385.21,completed,Home,North,8,3
3295,2024-04-30,3400.67,pending,Sports,Central,24,1
3296,2024-04-30,822.45,completed,Clothing,East,43,4
3297,2024-04-30,4467.13,completed,Sports,Central,4,2
3298,2024-04-30,852.26,completed,Clothing,South,33,4
3299,2024-04-30,4191.16,completed,Books,North,35,3
3300,2024-04-30,4583.03,completed,Food,South,24,1
3301,2024-04-30,4960.66,failed,Books,South,40,3
3302,2024-04-30,90.39,completed,Electronics,South,28,2
3303,2024-04-30,2411.82,completed,Electronics,North,29,1
3304,2024-04-30,3955.87,failed,Home,North,43,2
3305,2024-04-30,4606.26,completed,Food,South,38,4
3306,2024-04-30,2580.89,pending,Electronics,South,13,2
3307,2024-04-30,1212.74,completed,Books,East,42,4
3308,2024-04-30,1749.01,completed,Clothing,East,15,2
3309,2024-04-30,2027.78,completed,Food,West,37,2
3310,2024-04-30,3965.75,completed,Electronics,South,14,4
3311,2024-04-30,4670.92,pending,Sports,South,47,2
3312,2024-04-30,2301.3,completed,Electronics,Central,22,2
3313,2024-04-30,4792.33,failed,Books,Central,44,3
3314,2024-04-30,3464.94,failed,Food,Central,48,2
3315,2024-04-30,2316.79,completed,Sports,East,6,4
3316,2024-05-01,545.08,completed,Clothing,North,49,4
3317,2024-05-01,2532.09,pending,Sports,East,44,1
3318,2024-05-01,1965.87,completed,Home,Central,26,5
3319,2024-05-01,652.52,completed,Clothing,West,36,4
3320,2024-05-01,4418.93,failed,Home,Central,41,1
3321,2024-05-01,608.03,completed,Food,East,35,1
3322,2024-05-01,4681.27,completed,Clothing,South,26,3
3323,2024-05-01,133.63,completed,Books,North,49,5
3324,2024-05-01,955.0,completed,Clothing,South,6,2
3325,2024-05-01,3570.86,completed,Food,East,20,3
3326,2024-05-01,4771.51,completed,Clothing,East,7,3
3327,2024-05-01,310.06,pending,Sports,North,17,2
3328,2024-05-01,1265.94,completed,Books,South,21,3
3329,2024-05-01,2989.62,completed,Electronics,South,28,1
3330,2024-05-01,4714.52,pending,Food,Central,20,3
3331,2024-05-01,2135.82,completed,Home,Central,31,2
3332,2024-05-01,2907.49,completed,Food,West,5,4
3333,2024-05-01,1782.42,completed,Electronics,Central,44,2
3334,2024-05-01,638.48,completed,Clothing,North,12,3
3335,2024-05-01,119.84,completed,Books,West,24,3
3336,2024-05-01,3365.21,pending,Home,East,25,3
3337,2024-05-01,4388.63,completed,Clothing,Central,37,3
3338,2024-05-01,829.84,completed,Food,North,14,2
3339,2024-05-01,2914.1,completed,Books,West,27,2
3340,2024-05-01,3708.76,pending,Electronics,East,3,1
3341,2024-05-01,1500.88,failed,Sports,South,16,5
3342,2024-05-01,1923.84,completed,Sports,West,15,2
3343,2024-05-01,4621.62,completed,Electronics,East,18,1
3344,2024-05-02,1686.42,completed,Clothing,East,3,2
3345,2024-05-02,1351.01,completed,Food,South,33,4
3346,2024-05-02,450.48,completed,Sports,North,25,3
3347,2024-05-02,3031.15,completed,Sports,East,21,4
3348,2024-05-02,2345.36,completed,Sports,East,32,4
3349,2024-05-02,4796.62,pending,Clothing,East,38,1
3350,2024-05-02,2967.48,completed,Electronics,South,5,3
3351,2024-05-02,1191.41,completed,Sports,North,20,1
3352,2024-05-02,299.86,completed,Clothing,South,36,3
3353,2024-05-02,4498.88,completed,Home,Central,10,1
3354,2024-05-02,3734.95,pending,Books,South,40,3
3355,2024-05-02,2993.18,completed,Home,North,24,3
3356,2024-05-02,2263.56,refunded,Sports,North,14,2
3357,2024-05-02,216.26,completed,Electronics,North,2,5
3358,2024-05-02,2891.1,completed,Food,Central,17,5
3359,2024-05-02,635.15,completed,Food,North,37,2
3360,2024-05-02,3791.62,completed,Books,West,46,3
3361,2024-05-02,4462.05,completed,Food,North,29,1
3362,2024-05-02,4624.29,completed,Electronics,North,42,3
3363,2024-05-02,294.67,pending,Sports,South,2,3
3364,2024-05-02,2164.15,failed,Electronics,West,31,3
3365,2024-05-02,3021.15,completed,Books,North,48,1
3366,2024-05-02,2261.6,pending,Clothing,South,8,2
3367,2024-05-02,3305.26,completed,Books,South,24,2
3368,2024-05-02,2547.33,completed,Food,East,18,1
3369,2024-05-02,550.2,completed,Electronics,East,35,4
3370,2024-05-02,776.33,completed,Books,Central,3,3
3371,2024-05-03,3209.56,completed,Books,East,18,2
3372,2024-05-03,4005.37,completed,Electronics,East,19,5
3373,2024-05-03,90.09,completed,Books,West,23,3
3374,2024-05-03,1715.08,failed,Home,North,3,5
3375,2024-05-03,1119.0,failed,Electronics,North,39,5
3376,2024-05-03,4728.94,completed,Electronics,Central,42,5
3377,2024-05-03,1658.92,completed,Sports,North,31,3
3378,2024-05-03,2253.58,completed,Home,West,22,2
3379,2024-05-03,3660.65,failed,Home,North,15,4
3380,2024-05-03,594.19,failed,Home,Central,39,2
3381,2024-05-03,1434.96,completed,Clothing,North,43,5
3382,2024-05-03,4497.9,completed,Food,South,8,5
3383,2024-05-03,3229.97,completed,Home,Central,28,5
3384,2024-05-03,2467.02,completed,Sports,East,24,4
3385,2024-05-03,3216.86,failed,Sports,Central,25,1
3386,2024-05-03,3183.92,failed,Books,East,31,4
3387,2024-05-03,1236.78,pending,Sports,East,7,1
3388,2024-05-03,4745.78,completed,Electronics,North,43,2
3389,2024-05-03,1704.54,completed,Food,North,45,1
3390,2024-05-03,2080.8,failed,Electronics,East,5,2
3391,2024-05-03,566.42,completed,Home,North,3,3
3392,2024-05-03,2627.11,completed,Food,West,10,3
3393,2024-05-03,3027.89,pending,Books,Central,27,2
3394,2024-05-03,2520.37,completed,Food,South,33,2
3395,2024-05-03,3792.76,completed,Electronics,East,25,4
3396,2024-05-03,1690.76,failed,Sports,East,27,2
3397,2024-05-03,2984.68,pending,Electronics,West,30,1
3398,2024-05-04,1087.85,completed,Clothing,West,34,5
3399,2024-05-04,4708.09,failed,Books,East,46,2
3400,2024-05-04,3722.79,completed,Electronics,Central,16,2
3401,2024-05-04,1246.66,completed,Sports,North,24,1
3402,2024-05-04,464.29,completed,Sports,North,30,5
3403,2024-05-04,844.56,pending,Clothing,East,25,4
3404,2024-05-04,756.84,completed,Books,Central,5,5
3405,2024-05-04,3539.34,completed,Sports,Central,21,3
3406,2024-05-04,56.14,completed,Books,East,19,3
3407,2024-05-04,1318.15,completed,Electronics,South,47,2
3408,2024-05-04,2015.85,completed,Food,South,32,5
3409,2024-05-04,150.99,completed,Food,North,34,4
3410,2024-05-04,1266.62,completed,Food,West,6,2
3411,2024-05-04,3910.21,completed,Home,East,48,1
3412,2024-05-04,4262.42,completed,Electronics,East,17,3
3413,2024-05-04,2332.51,completed,Sports,West,38,1
3414,2024-05-04,3571.08,completed,Sports,Central,2,1
3415,2024-05-04,4223.36,completed,Food,Central,1,2
3416,2024-05-04,416.07,pending,Electronics,Central,27,4
3417,2024-05-04,4050.13,completed,Home,South,34,1
3418,2024-05-04,4192.3,completed,Sports,Central,38,2
3419,2024-05-04,3580.77,completed,Home,South,37,2
3420,2024-05-04,2050.67,completed,Food,South,26,3
3421,2024-05-04,2582.65,completed,Clothing,East,18,1
3422,2024-05-04,780.26,completed,Electronics,North,31,5
3423,2024-05-04,3756.52,completed,Clothing,Central,32,4
3424,2024-05-04,3596.32,pending,Home,Central,21,4
3425,2024-05-04,3118.23,completed,Electronics,South,32,5
3426,2024-05-05,4162.41,completed,Home,Central,10,1
3427,2024-05-05,422.63,pending,Books,South,13,2
3428,2024-05-05,2638.92,completed,Electronics,West,38,4
3429,2024-05-05,1593.5,pending,Home,South,36,3
3430,2024-05-05,2980.13,completed,Electronics,North,18,4
3431,2024-05-05,62.88,completed,Clothing,East,22,5
3432,2024-05-05,1434.65,pending,Clothing,South,14,4
3433,2024-05-05,442.54,completed,Clothing,East,10,1
3434,2024-05-05,2191.4,completed,Food,North,24,1
3435,2024-05-05,4616.17,completed,Electronics,North,1,1
3436,2024-05-05,238.05,pending,Books,East,21,3
3437,2024-05-05,4600.95,pending,Books,Central,11,3
3438,2024-05-05,3497.05,pending,Sports,North,8,1
3439,2024-05-05,4415.34,failed,Electronics,West,26,1
3440,2024-05-05,3964.54,failed,Home,Central,31,4
3441,2024-05-05,2139.88,completed,Electronics,Central,8,1
3442,2024-05-05,2239.05,completed,Books,South,15,1
3443,2024-05-05,92.07,completed,Sports,East,27,2
3444,2024-05-05,2517.21,completed,Books,South,4,1
3445,2024-05-05,2521.18,completed,Home,North,22,5
3446,2024-05-05,3796.52,completed,Home,West,49,1
3447,2024-05-05,2851.66,completed,Food,South,16,5
3448,2024-05-05,1429.43,pending,Food,Central,44,3
3449,2024-05-05,1142.34,completed,Sports,South,40,5
3450,2024-05-05,3867.65,failed,Home,North,44,3
3451,2024-05-05,2536.95,failed,Home,Central,38,2
3452,2024-05-05,510.92,completed,Food,West,21,4
3453,2024-05-06,3996.62,refunded,Electronics,East,5,1
3454,2024-05-06,1985.04,completed,Sports,South,25,2
3455,2024-05-06,1398.07,completed,Home,South,30,2
3456,2024-05-06,577.88,completed,Sports,North,14,4
3457,2024-05-06,977.04,completed,Home,Central,20,1
3458,2024-05-06,270.65,pending,Home,North,36,2
3459,2024-05-06,3608.39,completed,Books,East,22,5
3460,2024-05-06,3086.93,failed,Clothing,Central,15,3
3461,2024-05-06,4816.18,completed,Clothing,North,38,5
3462,2024-05-06,839.65,refunded,Books,Central,18,5
3463,2024-05-06,1540.65,completed,Books,West,45,3
3464,2024-05-06,3200.44,completed,Electronics,West,42,2
3465,2024-05-06,2782.06,completed,Home,North,38,5
3466,2024-05-06,2727.6,failed,Home,Central,7,4
3467,2024-05-06,473.87,completed,Home,Central,49,3
3468,2024-05-06,113.47,completed,Clothing,East,5,1
3469,2024-05-06,3612.17,completed,Sports,West,30,2
3470,2024-05-06,3540.9,completed,Home,North,19,4
3471,2024-05-06,152.45,completed,Food,West,26,2
3472,2024-05-06,4156.88,completed,Books,Central,27,1
3473,2024-05-06,3835.97,completed,Sports,South,30,1
3474,2024-05-06,1093.57,completed,Sports,Central,24,5
3475,2024-05-06,2835.54,pending,Clothing,Central,45,2
3476,2024-05-06,1321.61,completed,Clothing,East,13,1
3477,2024-05-06,4172.17,completed,Electronics,Central,22,1
3478,2024-05-06,879.85,completed,Books,South,10,2
3479,2024-05-06,4153.3,completed,Clothing,East,3,4
3480,2024-05-06,3294.62,completed,Sports,South,18,4
3481,2024-05-07,935.61,completed,Sports,South,21,2
3482,2024-05-07,4328.96,completed,Sports,South,7,1
3483,2024-05-07,4148.48,completed,Sports,Central,44,4
3484,2024-05-07,3181.03,completed,Books,Central,27,5
3485,2024-05-07,2500.05,completed,Home,Central,17,4
3486,2024-05-07,3148.76,completed,Books,North,37,3
3487,2024-05-07,3353.07,failed,Clothing,East,19,3
3488,2024-05-07,522.69,completed,Electronics,Central,3,3
3489,2024-05-07,2010.86,completed,Home,East,30,2
3490,2024-05-07,4679.93,completed,Electronics,Central,42,3
3491,2024-05-07,3867.42,completed,Home,Central,45,5
3492,2024-05-07,394.04,failed,Home,West,14,5
3493,2024-05-07,4288.99,refunded,Food,East,29,2
3494,2024-05-07,322.73,completed,Books,Central,39,2
3495,2024-05-07,3425.42,completed,Electronics,East,20,3
3496,2024-05-07,1691.21,completed,Sports,East,9,3
3497,2024-05-07,1364.03,pending,Electronics,Central,27,1
3498,2024-05-07,2408.14,refunded,Sports,West,4,1
3499,2024-05-07,404.71,completed,Sports,North,29,5
3500,2024-05-07,4834.52,completed,Home,North,12,5
3501,2024-05-07,4781.79,pending,Books,East,10,5
3502,2024-05-07,860.03,completed,Home,South,43,5
3503,2024-05-07,4798.43,completed,Food,Central,13,2
3504,2024-05-07,4787.18,completed,Clothing,West,27,2
3505,2024-05-07,619.4,completed,Food,Central,17,3
3506,2024-05-07,77.71,completed,Books,East,40,4
3507,2024-05-07,2350.68,completed,Clothing,North,8,1
3508,2024-05-08,1695.36,completed,Food,Central,28,4
3509,2024-05-08,2415.09,completed,Home,West,23,4
3510,2024-05-08,2579.5,failed,Sports,South,46,2
3511,2024-05-08,3771.13,completed,Books,South,5,1
3512,2024-05-08,3162.12,completed,Home,North,13,5
3513,2024-05-08,2558.44,refunded,Home,South,32,5
3514,2024-05-08,2515.1,refunded,Home,West,4,3
3515,2024-05-08,4698.22,completed,Electronics,West,29,2
3516,2024-05-08,1488.84,completed,Electronics,North,16,5
3517,2024-05-08,959.71,completed,Sports,Central,47,1
3518,2024-05-08,1576.49,completed,Sports,South,22,3
3519,2024-05-08,3939.7,failed,Clothing,East,44,5
3520,2024-05-08,1496.89,pending,Clothing,West,17,4
3521,2024-05-08,3258.96,failed,Home,North,9,1
3522,2024-05-08,1902.62,completed,Books,South,27,2
3523,2024-05-08,1998.07,refunded,Electronics,South,47,2
3524,2024-05-08,3719.05,completed,Clothing,East,28,4
3525,2024-05-08,941.57,failed,Clothing,Central,14,5
3526,2024-05-08,3089.99,pending,Electronics,South,16,5
3527,2024-05-08,2855.69,pending,Clothing,North,12,1
3528,2024-05-08,4033.17,completed,Electronics,West,45,4
3529,2024-05-08,4568.18,completed,Food,North,6,2
3530,2024-05-08,723.51,completed,Food,Central,19,2
3531,2024-05-08,1293.49,completed,Clothing,North,18,5
3532,2024-05-08,719.51,pending,Clothing,North,26,4
3533,2024-05-08,4992.23,completed,Sports,South,48,1
3534,2024-05-08,3046.09,refunded,Home,West,26,4
3535,2024-05-09,4692.7,completed,Food,South,19,4
3536,2024-05-09,4817.86,pending,Clothing,Central,43,5
3537,2024-05-09,4522.27,failed,Clothing,Central,6,5
3538,2024-05-09,1339.5,completed,Home,North,36,4
3539,2024-05-09,2537.98,completed,Electronics,West,4,1
3540,2024-05-09,1175.28,completed,Books,South,14,2
3541,2024-05-09,2157.87,completed,Sports,East,29,3
3542,2024-05-09,2135.67,refunded,Food,West,35,3
3543,2024-05-09,4570.97,completed,Sports,North,2,4
3544,2024-05-09,3477.68,completed,Clothing,West,10,2
3545,2024-05-09,3710.77,pending,Electronics,East,5,1
3546,2024-05-09,3702.47,pending,Electronics,Central,49,3
3547,2024-05-09,2737.81,pending,Home,North,1,2
3548,2024-05-09,1732.89,refunded,Food,Central,39,2
3549,2024-05-09,4195.36,completed,Clothing,North,1,3
3550,2024-05-09,1742.31,failed,Food,Central,5,2
3551,2024-05-09,2609.48,refunded,Food,South,49,5
3552,2024-05-09,766.87,completed,Clothing,South,42,4
3553,2024-05-09,2965.76,completed,Home,Central,4,5
3554,2024-05-09,2355.86,completed,Sports,Central,29,3
3555,2024-05-09,4393.97,pending,Electronics,Central,46,5
3556,2024-05-09,1521.15,completed,Books,North,10,4
3557,2024-05-09,1527.48,failed,Books,South,5,2
3558,2024-05-09,629.95,completed,Clothing,East,3,4
3559,2024-05-09,2415.43,completed,Clothing,South,18,5
3560,2024-05-09,3834.15,pending,Home,South,19,2
3561,2024-05-09,3239.45,completed,Clothing,Central,32,1
3562,2024-05-09,453.33,failed,Sports,North,30,2
3563,2024-05-10,1508.35,failed,Electronics,West,29,5
3564,2024-05-10,1632.02,completed,Books,Central,44,1
3565,2024-05-10,3007.66,completed,Home,North,12,2
3566,2024-05-10,3944.25,pending,Sports,South,47,1
3567,2024-05-10,4967.09,completed,Books,Central,46,3
3568,2024-05-10,1282.35,completed,Sports,West,17,2
3569,2024-05-10,975.42,completed,Books,Central,7,2
3570,2024-05-10,2120.27,completed,Food,North,3,2
3571,2024-05-10,3383.93,completed,Food,South,4,1
3572,2024-05-10,3594.19,completed,Home,Central,47,4
3573,2024-05-10,4151.52,pending,Electronics,North,3,2
3574,2024-05-10,1567.7,failed,Books,Central,34,2
3575,2024-05-10,4206.54,pending,Electronics,West,48,3
3576,2024-05-10,3353.51,completed,Electronics,Central,16,5
3577,2024-05-10,105.9,pending,Home,North,11,1
3578,2024-05-10,4864.34,completed,Food,West,45,2
3579,2024-05-10,1272.35,completed,Home,Central,1,4
3580,2024-05-10,387.02,completed,Sports,North,46,3
3581,2024-05-10,2221.54,completed,Books,Central,43,4
3582,2024-05-10,2677.88,completed,Food,East,20,2
3583,2024-05-10,2343.65,completed,Sports,North,1,2
3584,2024-05-10,3841.91,completed,Home,South,1,3
3585,2024-05-10,593.15,completed,Home,West,41,2
3586,2024-05-10,4062.01,completed,Sports,North,9,1
3587,2024-05-10,2430.13,pending,Electronics,North,4,5
3588,2024-05-10,395.47,completed,Books,South,45,1
3589,2024-05-10,4876.15,completed,Food,West,6,3
3590,2024-05-11,4471.64,failed,Food,Central,2,2
3591,2024-05-11,1596.95,completed,Home,Central,12,4
3592,2024-05-11,2529.91,completed,Electronics,West,42,4
3593,2024-05-11,1225.51,completed,Home,South,49,5
3594,2024-05-11,2541.69,completed,Home,East,16,5
3595,2024-05-11,1251.55,completed,Books,Central,37,1
3596,2024-05-11,1857.51,failed,Clothing,South,10,4
3597,2024-05-11,1373.3,pending,Food,South,21,5
3598,2024-05-11,2246.08,pending,Clothing,East,45,4
3599,2024-05-11,347.89,completed,Books,West,48,5
3600,2024-05-11,2678.36,completed,Food,Central,35,3
3601,2024-05-11,1106.91,completed,Food,East,40,1
3602,2024-05-11,852.73,refunded,Food,North,2,3
3603,2024-05-11,1754.16,completed,Home,Central,12,2
3604,2024-05-11,3641.49,completed,Home,South,42,5
3605,2024-05-11,1786.03,completed,Books,Central,40,5
3606,2024-05-11,3772.59,pending,Electronics,Central,43,1
3607,2024-05-11,4894.26,completed,Home,West,23,2
3608,2024-05-11,4720.06,failed,Home,East,4,1
3609,2024-05-11,1112.63,pending,Food,East,28,5
3610,2024-05-11,4653.49,completed,Electronics,West,14,5
3611,2024-05-11,4318.9,completed,Books,West,20,1
3612,2024-05-11,151.03,completed,Food,East,49,5
3613,2024-05-11,4857.18,completed,Home,South,46,1
3614,2024-05-11,4788.66,completed,Home,North,24,2
3615,2024-05-11,3712.28,completed,Food,East,39,2
3616,2024-05-11,3021.27,completed,Sports,North,13,3
3617,2024-05-11,4950.57,completed,Home,West,27,4
3618,2024-05-12,984.86,completed,Home,West,4,2
3619,2024-05-12,3876.33,completed,Books,North,29,5
3620,2024-05-12,4522.34,refunded,Books,East,1,3
3621,2024-05-12,2504.34,refunded,Electronics,East,30,2
3622,2024-05-12,1497.61,completed,Sports,North,14,3
3623,2024-05-12,2229.69,completed,Books,Central,7,1
3624,2024-05-12,4860.26,completed,Home,Central,29,5
3625,2024-05-12,3715.19,refunded,Books,North,15,3
3626,2024-05-12,2739.25,completed,Food,West,27,1
3627,2024-05-12,560.14,completed,Electronics,South,49,4
3628,2024-05-12,3461.55,completed,Food,Central,13,4
3629,2024-05-12,1330.03,failed,Clothing,South,47,4
3630,2024-05-12,4944.15,completed,Books,East,4,1
3631,2024-05-12,2589.98,completed,Sports,South,25,1
3632,2024-05-12,3075.61,completed,Home,West,11,5
3633,2024-05-12,4996.63,completed,Food,South,31,3
3634,2024-05-12,3766.25,completed,Clothing,West,28,3
3635,2024-05-12,2437.17,completed,Home,East,45,1
3636,2024-05-12,2759.68,completed,Sports,North,1,3
3637,2024-05-12,4524.9,completed,Books,East,27,4
3638,2024-05-12,4684.38,completed,Sports,South,7,4
3639,2024-05-12,2425.73,completed,Books,West,25,5
3640,2024-05-12,1744.34,completed,Books,North,38,5
3641,2024-05-12,3910.16,completed,Home,North,17,5
3642,2024-05-12,804.72,completed,Clothing,East,2,1
3643,2024-05-12,1993.88,completed,Books,South,43,2
3644,2024-05-12,117.0,completed,Sports,East,28,3
3645,2024-05-13,4194.03,completed,Books,East,2,3
3646,2024-05-13,253.04,completed,Home,South,41,3
3647,2024-05-13,2735.45,refunded,Books,Central,38,3
3648,2024-05-13,4971.14,completed,Food,East,32,5
3649,2024-05-13,1639.64,completed,Books,East,39,1
3650,2024-05-13,4018.05,completed,Clothing,South,34,3
3651,2024-05-13,683.19,completed,Home,East,48,4
3652,2024-05-13,655.72,completed,Home,Central,7,3
3653,2024-05-13,1139.6,completed,Food,North,41,2
3654,2024-05-13,4013.03,completed,Electronics,Central,3,3
3655,2024-05-13,3136.31,pending,Clothing,North,12,3
3656,2024-05-13,4159.18,completed,Home,Central,27,1
3657,2024-05-13,1435.37,completed,Sports,East,20,2
3658,2024-05-13,882.03,completed,Food,Central,39,5
3659,2024-05-13,2741.02,refunded,Books,North,45,3
3660,2024-05-13,183.76,completed,Sports,West,39,3
3661,2024-05-13,2441.87,failed,Sports,North,35,4
3662,2024-05-13,4794.06,completed,Food,South,4,3
3663,2024-05-13,3246.92,completed,Sports,North,6,3
3664,2024-05-13,2535.35,completed,Clothing,Central,1,5
3665,2024-05-13,988.94,completed,Sports,South,16,3
3666,2024-05-13,2302.65,completed,Electronics,West,6,1
3667,2024-05-13,2755.52,pending,Food,East,41,1
3668,2024-05-13,2513.32,completed,Books,East,48,3
3669,2024-05-13,2732.99,completed,Books,East,3,3
3670,2024-05-13,4833.06,failed,Sports,West,8,2
3671,2024-05-13,975.1,completed,Home,West,35,5
3672,2024-05-14,1997.06,completed,Electronics,West,5,5
3673,2024-05-14,751.04,pending,Home,East,49,2
3674,2024-05-14,2064.23,completed,Sports,East,27,2
3675,2024-05-14,488.65,failed,Electronics,South,44,3
3676,2024-05-14,1779.53,completed,Clothing,West,47,4
3677,2024-05-14,1941.39,completed,Electronics,West,47,1
3678,2024-05-14,3638.95,pending,Food,West,17,2
3679,2024-05-14,4570.64,completed,Electronics,East,34,1
3680,2024-05-14,2536.12,completed,Electronics,West,17,5
3681,2024-05-14,3883.18,completed,Home,West,44,5
3682,2024-05-14,2036.33,completed,Sports,West,47,4
3683,2024-05-14,1420.42,refunded,Books,East,24,3
3684,2024-05-14,758.69,completed,Electronics,West,33,1
3685,2024-05-14,1976.95,completed,Clothing,South,37,2
3686,2024-05-14,3792.57,completed,Clothing,North,3,3
3687,2024-05-14,3006.42,completed,Home,Central,10,3
3688,2024-05-14,1098.97,pending,Electronics,West,27,1
3689,2024-05-14,3741.35,failed,Electronics,South,37,4
3690,2024-05-14,452.39,completed,Home,Central,6,3
3691,2024-05-14,788.42,completed,Sports,North,8,4
3692,2024-05-14,915.6,completed,Sports,South,41,2
3693,2024-05-14,3420.67,completed,Clothing,Central,38,3
3694,2024-05-14,1426.95,refunded,Sports,East,34,5
3695,2024-05-14,4411.6,completed,Clothing,Central,43,4
3696,2024-05-14,468.77,pending,Home,East,27,5
3697,2024-05-14,4683.99,failed,Food,South,40,4
3698,2024-05-14,34.98,completed,Food,East,41,1
3699,2024-05-14,4587.51,failed,Food,North,14,3
3700,2024-05-15,661.67,completed,Books,West,11,4
3701,2024-05-15,126.75,pending,Sports,South,8,2
3702,2024-05-15,1350.73,completed,Clothing,South,30,1
3703,2024-05-15,1689.19,pending,Books,West,6,4
3704,2024-05-15,3679.38,completed,Food,Central,13,4
3705,2024-05-15,4492.23,completed,Food,North,30,4
3706,2024-05-15,1934.99,completed,Sports,East,9,3
3707,2024-05-15,1264.21,failed,Sports,South,41,1
3708,2024-05-15,1408.39,completed,Clothing,West,4,3
3709,2024-05-15,4380.23,refunded,Home,Central,17,3
3710,2024-05-15,279.5,pending,Electronics,South,49,5
3711,2024-05-15,2177.78,completed,Clothing,South,19,1
3712,2024-05-15,1110.99,completed,Clothing,Central,6,3
3713,2024-05-15,1790.9,completed,Books,Central,11,3
3714,2024-05-15,1312.51,completed,Electronics,East,39,2
3715,2024-05-15,3906.81,pending,Clothing,East,34,4
3716,2024-05-15,1268.82,failed,Sports,East,35,3
3717,2024-05-15,4504.35,completed,Clothing,East,24,2
3718,2024-05-15,3535.4,completed,Home,North,35,3
3719,2024-05-15,1470.49,pending,Clothing,Central,30,5
3720,2024-05-15,336.46,completed,Clothing,Central,20,2
3721,2024-05-15,868.93,completed,Clothing,Central,48,4
3722,2024-05-15,2608.5,completed,Clothing,Central,21,1
3723,2024-05-15,4131.3,completed,Food,Central,35,4
3724,2024-05-15,1925.11,completed,Books,West,18,4
3725,2024-05-15,2008.33,completed,Clothing,West,12,4
3726,2024-05-15,4575.59,completed,Sports,West,5,2
3727,2024-05-16,2139.68,failed,Electronics,North,45,5
3728,2024-05-16,859.2,failed,Sports,East,2,4
3729,2024-05-16,921.45,failed,Electronics,South,49,5
3730,2024-05-16,4252.02,completed,Books,East,21,2
3731,2024-05-16,2404.7,completed,Clothing,Central,25,3
3732,2024-05-16,3920.36,completed,Food,West,24,2
3733,2024-05-16,2866.61,completed,Home,North,3,5
3734,2024-05-16,1057.55,completed,Books,North,8,1
3735,2024-05-16,1251.61,completed,Home,North,47,3
3736,2024-05-16,693.27,completed,Books,East,27,5
3737,2024-05-16,513.7,completed,Electronics,East,21,2
3738,2024-05-16,3060.15,completed,Clothing,Central,7,4
3739,2024-05-16,3954.43,refunded,Food,North,29,1
3740,2024-05-16,3429.09,completed,Electronics,East,16,1
3741,2024-05-16,4518.42,completed,Clothing,North,26,3
3742,2024-05-16,4533.51,pending,Books,Central,13,1
3743,2024-05-16,4730.3,completed,Electronics,East,32,1
3744,2024-05-16,3849.44,pending,Clothing,West,27,1
3745,2024-05-16,2395.35,failed,Food,South,47,2
3746,2024-05-16,1745.72,completed,Electronics,South,35,3
3747,2024-05-16,403.26,completed,Food,West,15,1
3748,2024-05-16,4680.39,completed,Electronics,East,13,3
3749,2024-05-16,1434.4,completed,Books,South,23,3
3750,2024-05-16,778.38,completed,Electronics,East,9,4
3751,2024-05-16,433.49,completed,Electronics,Central,1,3
3752,2024-05-16,1230.68,completed,Electronics,South,1,4
3753,2024-05-16,4272.53,completed,Books,Central,2,1
3754,2024-05-16,4745.97,completed,Sports,West,9,5
3755,2024-05-17,1258.31,failed,Clothing,East,39,1
3756,2024-05-17,4197.0,failed,Home,West,40,2
3757,2024-05-17,2944.61,completed,Electronics,South,37,1
3758,2024-05-17,1454.51,completed,Electronics,West,42,5
3759,2024-05-17,1476.48,completed,Books,North,48,4
3760,2024-05-17,2001.4,pending,Sports,East,42,4
3761,2024-05-17,723.56,completed,Food,North,6,2
3762,2024-05-17,3252.51,completed,Books,Central,26,2
3763,2024-05-17,178.58,completed,Home,West,10,2
3764,2024-05-17,4453.56,refunded,Sports,South,32,5
3765,2024-05-17,3788.78,completed,Sports,East,22,3
3766,2024-05-17,1724.84,pending,Clothing,West,19,5
3767,2024-05-17,2479.47,completed,Food,North,7,4
3768,2024-05-17,2080.17,pending,Electronics,West,35,1
3769,2024-05-17,4760.02,completed,Books,North,47,4
3770,2024-05-17,2458.97,pending,Sports,South,49,4
3771,2024-05-17,4736.38,pending,Books,North,49,1
3772,2024-05-17,3906.09,completed,Sports,West,15,3
3773,2024-05-17,3881.71,completed,Electronics,East,28,2
3774,2024-05-17,3548.47,completed,Home,North,7,5
3775,2024-05-17,3385.47,failed,Home,West,36,5
3776,2024-05-17,1989.15,completed,Clothing,South,27,2
3777,2024-05-17,517.69,completed,Sports,Central,14,1
3778,2024-05-17,2522.87,completed,Books,East,8,2
3779,2024-05-17,3917.64,completed,Clothing,West,29,5
3780,2024-05-17,624.57,completed,Food,East,48,1
3781,2024-05-17,2370.94,failed,Clothing,Central,45,2
3782,2024-05-18,1277.45,refunded,Home,West,37,2
3783,2024-05-18,2268.22,completed,Electronics,East,41,4
3784,2024-05-18,1024.05,pending,Books,West,26,4
3785,2024-05-18,3389.92,completed,Sports,West,25,1
3786,2024-05-18,3231.2,completed,Clothing,West,34,2
3787,2024-05-18,2152.96,pending,Sports,South,30,4
3788,2024-05-18,1265.45,completed,Clothing,South,17,5
3789,2024-05-18,1401.64,completed,Food,North,2,4
3790,2024-05-18,994.97,completed,Books,South,36,5
3791,2024-05-18,4832.8,completed,Sports,East,26,5
3792,2024-05-18,1157.68,failed,Books,East,17,4
3793,2024-05-18,2134.8,refunded,Sports,South,40,1
3794,2024-05-18,2514.35,completed,Sports,Central,40,3
3795,2024-05-18,3358.04,refunded,Sports,West,23,5
3796,2024-05-18,3758.81,completed,Home,North,5,3
3797,2024-05-18,1933.07,completed,Home,South,22,3
3798,2024-05-18,2590.74,completed,Food,East,31,3
3799,2024-05-18,4502.09,failed,Electronics,South,48,1
3800,2024-05-18,583.38,completed,Food,North,30,4
3801,2024-05-18,2215.05,completed,Home,South,35,5
3802,2024-05-18,954.91,completed,Books,North,2,2
3803,2024-05-18,240.08,completed,Books,West,29,5
3804,2024-05-18,783.28,completed,Sports,West,13,5
3805,2024-05-18,1252.49,completed,Electronics,North,21,2
3806,2024-05-18,2822.59,completed,Clothing,East,26,4
3807,2024-05-18,3836.35,failed,Sports,South,26,5
3808,2024-05-18,4704.3,completed,Books,West,8,4
3809,2024-05-19,4791.16,completed,Home,West,42,2
3810,2024-05-19,4395.19,completed,Clothing,North,16,5
3811,2024-05-19,2580.02,pending,Books,South,39,3
3812,2024-05-19,2125.38,completed,Food,North,15,5
3813,2024-05-19,2256.22,completed,Books,West,44,4
3814,2024-05-19,4826.71,refunded,Books,South,6,4
3815,2024-05-19,2951.07,completed,Books,North,40,3
3816,2024-05-19,3728.87,completed,Food,West,16,2
3817,2024-05-19,334.18,failed,Sports,South,48,4
3818,2024-05-19,4869.52,pending,Books,North,9,4
3819,2024-05-19,2607.91,completed,Clothing,East,23,2
3820,2024-05-19,3017.29,completed,Clothing,South,40,3
3821,2024-05-19,4041.22,completed,Books,East,45,5
3822,2024-05-19,431.61,completed,Home,North,16,1
3823,2024-05-19,72.98,completed,Clothing,North,38,3
3824,2024-05-19,4777.29,completed,Books,East,43,3
3825,2024-05-19,1074.48,completed,Electronics,East,36,3
3826,2024-05-19,537.84,failed,Clothing,Central,35,2
3827,2024-05-19,4679.19,completed,Sports,West,8,1
3828,2024-05-19,1882.84,completed,Sports,East,49,1
3829,2024-05-19,4273.27,completed,Books,West,14,3
3830,2024-05-19,4656.91,completed,Food,West,46,4
3831,2024-05-19,990.39,pending,Electronics,West,9,3
3832,2024-05-19,355.4,completed,Clothing,South,39,1
3833,2024-05-19,205.93,completed,Clothing,West,19,2
3834,2024-05-19,1388.99,pending,Sports,Central,38,3
3835,2024-05-19,899.56,completed,Clothing,South,46,4
3836,2024-05-19,4508.66,completed,Books,South,32,1
3837,2024-05-20,4644.45,pending,Food,South,3,4
3838,2024-05-20,2215.47,completed,Electronics,North,6,2
3839,2024-05-20,1770.2,pending,Home,South,29,1
3840,2024-05-20,2045.59,pending,Books,Central,48,1
3841,2024-05-20,4170.42,pending,Sports,East,7,4
3842,2024-05-20,732.34,refunded,Electronics,Central,7,3
3843,2024-05-20,762.57,completed,Sports,East,32,3
3844,2024-05-20,1407.33,completed,Sports,East,33,4
3845,2024-05-20,2918.34,completed,Food,East,24,2
3846,2024-05-20,3564.45,failed,Books,North,8,2
3847,2024-05-20,4952.58,completed,Clothing,West,43,3
3848,2024-05-20,213.78,completed,Clothing,South,6,3
3849,2024-05-20,1790.81,completed,Sports,North,8,4
3850,2024-05-20,1546.45,pending,Home,East,35,2
3851,2024-05-20,220.43,completed,Food,Central,7,1
3852,2024-05-20,3961.47,pending,Clothing,North,26,4
3853,2024-05-20,2135.26,pending,Food,North,49,4
3854,2024-05-20,3074.65,completed,Clothing,East,33,4
3855,2024-05-20,2266.75,completed,Food,Central,24,3
3856,2024-05-20,1836.94,completed,Clothing,East,40,3
3857,2024-05-20,696.51,completed,Home,North,19,2
3858,2024-05-20,4455.9,refunded,Books,North,5,1
3859,2024-05-20,605.85,completed,Clothing,West,33,3
3860,2024-05-20,2896.74,completed,Food,North,43,1
3861,2024-05-20,4880.96,refunded,Electronics,West,27,5
3862,2024-05-20,1440.02,pending,Food,East,4,2
3863,2024-05-20,2391.98,completed,Sports,Central,10,2
3864,2024-05-21,3730.77,completed,Sports,Central,45,4
3865,2024-05-21,1291.09,completed,Electronics,South,14,2
3866,2024-05-21,1133.39,completed,Home,East,33,2
3867,2024-05-21,562.39,failed,Books,North,7,1
3868,2024-05-21,123.16,completed,Food,West,24,4
3869,2024-05-21,1420.58,completed,Food,North,38,2
3870,2024-05-21,3399.05,completed,Books,North,23,5
3871,2024-05-21,384.95,pending,Books,West,48,3
3872,2024-05-21,3841.35,completed,Sports,South,2,5
3873,2024-05-21,2142.3,pending,Electronics,South,36,2
3874,2024-05-21,2774.34,failed,Sports,Central,19,2
3875,2024-05-21,1567.8,pending,Clothing,East,44,3
3876,2024-05-21,3299.64,completed,Sports,West,6,2
3877,2024-05-21,3782.73,pending,Food,South,3,2
3878,2024-05-21,434.73,completed,Sports,Central,31,5
3879,2024-05-21,4439.66,completed,Electronics,Central,22,4
3880,2024-05-21,2945.32,pending,Home,West,35,3
3881,2024-05-21,3251.02,failed,Clothing,East,47,4
3882,2024-05-21,2638.26,completed,Home,South,47,3
3883,2024-05-21,475.79,completed,Books,South,42,3
3884,2024-05-21,2234.37,completed,Books,West,38,3
3885,2024-05-21,891.47,failed,Books,South,20,1
3886,2024-05-21,2559.26,completed,Food,East,48,1
3887,2024-05-21,4507.66,completed,Books,East,5,1
3888,2024-05-21,2361.34,completed,Home,South,12,1
3889,2024-05-21,1053.58,completed,Food,Central,1,5
3890,2024-05-21,2531.27,completed,Food,West,34,3
3891,2024-05-21,1695.24,completed,Home,North,22,5
3892,2024-05-22,4644.35,refunded,Clothing,East,13,2
3893,2024-05-22,2136.44,completed,Sports,East,47,4
3894,2024-05-22,3986.77,completed,Electronics,South,9,3
3895,2024-05-22,2414.16,completed,Electronics,East,9,2
3896,2024-05-22,1188.07,completed,Home,South,25,5
3897,2024-05-22,3319.63,failed,Food,North,13,3
3898,2024-05-22,104.17,failed,Home,South,25,5
3899,2024-05-22,4084.15,completed,Electronics,South,26,3
3900,2024-05-22,4461.25,completed,Clothing,South,47,2
3901,2024-05-22,2742.75,completed,Clothing,South,10,5
3902,2024-05-22,1245.31,failed,Food,South,31,5
3903,2024-05-22,879.87,pending,Books,Central,21,5
3904,2024-05-22,3610.18,failed,Clothing,Central,20,1
3905,2024-05-22,1079.94,completed,Sports,East,11,2
3906,2024-05-22,2559.97,completed,Home,West,32,4
3907,2024-05-22,4316.02,completed,Sports,South,24,3
3908,2024-05-22,3822.7,completed,Electronics,South,5,2
3909,2024-05-22,83.29,pending,Home,West,48,2
3910,2024-05-22,3520.56,completed,Electronics,Central,45,2
3911,2024-05-22,69.6,completed,Books,Central,42,3
3912,2024-05-22,1627.23,completed,Sports,Central,15,3
3913,2024-05-22,1877.91,completed,Books,West,38,3
3914,2024-05-22,2365.08,completed,Clothing,Central,11,1
3915,2024-05-22,3277.54,completed,Sports,East,32,5
3916,2024-05-22,4955.31,completed,Electronics,South,23,5
3917,2024-05-22,893.44,completed,Home,East,13,1
3918,2024-05-22,3359.42,completed,Books,South,27,2
3919,2024-05-23,915.85,completed,Electronics,South,28,5
3920,2024-05-23,1668.73,completed,Food,Central,32,5
3921,2024-05-23,4072.5,completed,Electronics,South,48,3
3922,2024-05-23,367.67,pending,Food,North,34,4
3923,2024-05-23,109.31,completed,Clothing,North,23,2
3924,2024-05-23,1808.14,completed,Electronics,West,17,3
3925,2024-05-23,2204.1,completed,Food,South,26,5
3926,2024-05-23,2064.97,completed,Electronics,East,31,1
3927,2024-05-23,2937.5,completed,Clothing,East,4,2
3928,2024-05-23,3676.75,completed,Home,Central,12,4
3929,2024-05-23,3217.39,completed,Food,East,44,3
3930,2024-05-23,3693.98,completed,Home,West,38,3
3931,2024-05-23,2604.64,completed,Electronics,Central,27,5
3932,2024-05-23,2214.64,completed,Food,West,25,2
3933,2024-05-23,663.24,completed,Books,Central,5,5
3934,2024-05-23,4928.36,completed,Sports,Central,9,1
3935,2024-05-23,3286.99,completed,Books,North,21,5
3936,2024-05-23,1158.7,completed,Home,Central,11,5
3937,2024-05-23,3439.94,refunded,Books,South,35,4
3938,2024-05-23,2692.85,completed,Sports,Central,42,3
3939,2024-05-23,2025.6,completed,Books,South,47,1
3940,2024-05-23,3079.32,completed,Home,North,48,3
3941,2024-05-23,1121.39,completed,Electronics,Central,19,1
3942,2024-05-23,4858.54,completed,Home,East,42,2
3943,2024-05-23,2194.61,completed,Clothing,East,4,3
3944,2024-05-23,2862.81,completed,Clothing,West,29,2
3945,2024-05-23,523.32,completed,Sports,Central,13,2
3946,2024-05-24,4398.85,completed,Electronics,East,2,2
3947,2024-05-24,3405.22,completed,Books,Central,12,1
3948,2024-05-24,505.99,completed,Food,West,2,1
3949,2024-05-24,2144.03,completed,Clothing,East,41,1
3950,2024-05-24,1311.11,completed,Sports,East,25,4
3951,2024-05-24,2425.33,completed,Books,Central,10,5
3952,2024-05-24,2087.74,completed,Food,North,24,4
3953,2024-05-24,3885.82,completed,Sports,Central,32,2
3954,2024-05-24,2843.2,completed,Books,East,45,3
3955,2024-05-24,2211.76,completed,Food,South,43,2
3956,2024-05-24,878.83,completed,Food,North,17,5
3957,2024-05-24,4727.64,completed,Sports,East,27,4
3958,2024-05-24,1523.27,refunded,Food,Central,17,3
3959,2024-05-24,319.83,completed,Food,East,1,2
3960,2024-05-24,1489.93,failed,Food,North,19,2
3961,2024-05-24,925.93,completed,Food,East,46,5
3962,2024-05-24,1841.85,failed,Home,Central,27,2
3963,2024-05-24,4087.97,pending,Sports,South,38,3
3964,2024-05-24,1897.27,completed,Sports,South,22,3
3965,2024-05-24,2298.18,completed,Sports,Central,4,3
3966,2024-05-24,3978.1,completed,Home,West,40,5
3967,2024-05-24,2548.08,completed,Food,South,16,5
3968,2024-05-24,3627.37,refunded,Clothing,Central,20,5
3969,2024-05-24,2418.08,completed,Sports,East,9,2
3970,2024-05-24,1730.54,completed,Food,Central,47,1
3971,2024-05-24,2520.65,completed,Clothing,Central,40,3
3972,2024-05-24,4892.67,pending,Sports,East,13,3
3973,2024-05-24,548.07,completed,Electronics,North,36,2
3974,2024-05-25,4430.61,completed,Books,North,27,1
3975,2024-05-25,3132.21,pending,Clothing,East,24,1
3976,2024-05-25,4840.69,completed,Food,East,22,2
3977,2024-05-25,1256.33,failed,Clothing,Central,28,3
3978,2024-05-25,1913.85,pending,Electronics,East,7,4
3979,2024-05-25,556.95,pending,Books,Central,9,3
3980,2024-05-25,271.69,failed,Books,North,49,1
3981,2024-05-25,2328.09,completed,Sports,West,9,4
3982,2024-05-25,457.12,completed,Home,South,35,4
3983,2024-05-25,3016.87,failed,Electronics,Central,3,5
3984,2024-05-25,2823.56,completed,Sports,Central,23,5
3985,2024-05-25,4727.17,completed,Books,West,41,2
3986,2024-05-25,4558.11,completed,Food,East,9,1
3987,2024-05-25,1481.84,completed,Food,North,20,2
3988,2024-05-25,4621.97,pending,Books,South,43,2
3989,2024-05-25,282.22,completed,Books,East,34,3
3990,2024-05-25,3667.2,completed,Electronics,West,18,2
3991,2024-05-25,2906.38,completed,Food,West,48,2
3992,2024-05-25,1781.57,completed,Sports,West,16,2
3993,2024-05-25,4109.47,completed,Home,South,38,3
3994,2024-05-25,1773.54,refunded,Books,South,1,4
3995,2024-05-25,2656.59,completed,Home,West,35,4
3996,2024-05-25,3429.74,completed,Clothing,West,44,4
3997,2024-05-25,1346.16,completed,Electronics,Central,47,3
3998,2024-05-25,591.07,completed,Home,South,23,3
3999,2024-05-25,3477.56,completed,Clothing,West,18,1
4000,2024-05-25,936.69,completed,Clothing,West,33,2
4001,2024-05-26,1069.04,completed,Electronics,South,34,4
4002,2024-05-26,1007.97,completed,Food,East,20,2
4003,2024-05-26,3739.45,failed,Clothing,Central,37,2
4004,2024-05-26,1579.84,completed,Food,North,48,4
4005,2024-05-26,3705.54,completed,Electronics,South,40,1
4006,2024-05-26,2841.68,completed,Home,South,9,5
4007,2024-05-26,2540.46,completed,Food,West,4,1
4008,2024-05-26,4521.51,completed,Food,West,43,2
4009,2024-05-26,2894.17,failed,Home,West,45,4
4010,2024-05-26,1190.81,completed,Books,South,31,5
4011,2024-05-26,4918.15,completed,Home,Central,35,4
4012,2024-05-26,1558.1,pending,Clothing,South,40,1
4013,2024-05-26,2374.54,pending,Clothing,East,48,2
4014,2024-05-26,1889.32,completed,Electronics,Central,22,1
4015,2024-05-26,3698.57,completed,Electronics,West,15,3
4016,2024-05-26,2327.06,pending,Food,Central,7,4
4017,2024-05-26,1756.81,completed,Sports,West,39,5
4018,2024-05-26,3240.09,completed,Sports,North,26,2
4019,2024-05-26,2466.47,completed,Home,South,38,5
4020,2024-05-26,97.56,refunded,Food,North,37,2
4021,2024-05-26,3228.14,failed,Books,East,43,4
4022,2024-05-26,803.86,completed,Books,North,21,3
4023,2024-05-26,4803.13,completed,Home,South,24,3
4024,2024-05-26,3724.15,completed,Sports,North,40,5
4025,2024-05-26,1874.26,completed,Food,East,47,5
4026,2024-05-26,310.39,completed,Books,North,42,4
4027,2024-05-26,1645.13,pending,Home,South,5,3
4028,2024-05-27,3260.6,completed,Clothing,North,40,4
4029,2024-05-27,4494.25,completed,Electronics,Central,3,1
4030,2024-05-27,3740.85,completed,Home,South,23,4
4031,2024-05-27,3853.09,completed,Home,North,20,5
4032,2024-05-27,660.4,pending,Clothing,South,19,3
4033,2024-05-27,1154.51,completed,Books,South,40,3
4034,2024-05-27,3954.31,pending,Clothing,East,24,2
4035,2024-05-27,1888.07,refunded,Home,South,33,2
4036,2024-05-27,4293.38,completed,Sports,South,18,3
4037,2024-05-27,211.6,completed,Electronics,North,36,1
4038,2024-05-27,3088.85,completed,Electronics,South,10,5
4039,2024-05-27,2549.49,completed,Home,Central,36,1
4040,2024-05-27,4026.12,completed,Food,North,16,3
4041,2024-05-27,855.96,completed,Clothing,East,25,3
4042,2024-05-27,998.43,completed,Food,Central,25,1
4043,2024-05-27,2468.52,refunded,Clothing,East,43,1
4044,2024-05-27,3025.15,pending,Clothing,North,29,4
4045,2024-05-27,820.74,failed,Sports,North,42,1
4046,2024-05-27,4532.49,completed,Food,South,49,3
4047,2024-05-27,4217.01,completed,Clothing,North,7,2
4048,2024-05-27,636.9,completed,Books,South,34,4
4049,2024-05-27,4249.2,completed,Home,Central,4,3
4050,2024-05-27,4573.29,pending,Food,Central,18,5
4051,2024-05-27,1230.06,refunded,Sports,West,40,5
4052,2024-05-27,4324.39,completed,Home,East,7,4
4053,2024-05-27,2819.77,completed,Books,North,6,2
4054,2024-05-27,4013.96,completed,Home,South,42,1
4055,2024-05-27,3016.64,completed,Books,Central,22,1
4056,2024-05-28,1497.34,completed,Electronics,South,16,2
4057,2024-05-28,3464.35,completed,Sports,East,25,2
4058,2024-05-28,3501.27,completed,Home,East,47,5
4059,2024-05-28,3608.61,refunded,Food,West,5,5
4060,2024-05-28,3802.91,pending,Books,North,10,1
4061,2024-05-28,3235.22,completed,Clothing,East,16,5
4062,2024-05-28,2176.03,completed,Food,Central,26,1
4063,2024-05-28,1669.14,pending,Food,North,2,1
4064,2024-05-28,4548.92,completed,Sports,South,35,1
4065,2024-05-28,4072.06,completed,Books,North,40,2
4066,2024-05-28,4177.65,completed,Sports,South,9,4
4067,2024-05-28,465.5,completed,Food,South,1,3
4068,2024-05-28,2038.34,completed,Sports,West,6,3
4069,2024-05-28,1777.81,completed,Clothing,South,20,2
4070,2024-05-28,4380.37,completed,Electronics,South,16,1
4071,2024-05-28,1663.43,completed,Clothing,West,40,1
4072,2024-05-28,4702.46,failed,Electronics,West,49,4
4073,2024-05-28,4050.43,pending,Clothing,South,48,3
4074,2024-05-28,4344.61,completed,Sports,West,21,4
4075,2024-05-28,541.08,pending,Food,North,20,1
4076,2024-05-28,4879.64,failed,Books,West,17,4
4077,2024-05-28,1855.49,completed,Electronics,East,36,4
4078,2024-05-28,410.47,completed,Home,East,19,2
4079,2024-05-28,3121.41,failed,Books,West,38,3
4080,2024-05-28,4324.3,completed,Sports,South,49,2
4081,2024-05-28,3642.81,pending,Sports,South,12,3
4082,2024-05-28,3529.38,completed,Food,East,5,2
4083,2024-05-29,4706.44,completed,Food,South,45,1
4084,2024-05-29,4836.58,completed,Food,West,1,2
4085,2024-05-29,4121.22,completed,Food,North,39,5
4086,2024-05-29,3922.38,pending,Food,South,27,1
4087,2024-05-29,1758.88,completed,Clothing,South,10,4
4088,2024-05-29,2318.79,failed,Clothing,North,34,3
4089,2024-05-29,2654.29,completed,Electronics,West,42,2
4090,2024-05-29,2400.53,completed,Clothing,West,6,2
4091,2024-05-29,4037.05,completed,Electronics,Central,21,4
4092,2024-05-29,4966.11,pending,Sports,North,5,3
4093,2024-05-29,1036.45,completed,Food,South,4,3
4094,2024-05-29,3945.8,completed,Clothing,South,30,1
4095,2024-05-29,3059.15,completed,Home,West,18,4
4096,2024-05-29,3635.9,completed,Clothing,South,44,2
4097,2024-05-29,2507.95,completed,Clothing,Central,17,3
4098,2024-05-29,3483.51,completed,Electronics,East,17,1
4099,2024-05-29,3130.51,completed,Food,North,3,1
4100,2024-05-29,3282.13,completed,Clothing,West,21,2
4101,2024-05-29,4755.31,pending,Home,South,20,4
4102,2024-05-29,238.51,completed,Electronics,East,4,2
4103,2024-05-29,1487.15,completed,Food,West,48,5
4104,2024-05-29,3225.64,pending,Electronics,North,43,3
4105,2024-05-29,1917.41,failed,Food,South,23,4
4106,2024-05-29,2255.14,completed,Books,North,6,1
4107,2024-05-29,2139.71,pending,Electronics,West,30,3
4108,2024-05-29,3893.24,completed,Home,South,18,5
4109,2024-05-29,294.26,completed,Home,Central,8,2
4110,2024-05-29,2255.1,completed,Home,South,9,4
4111,2024-05-30,3338.01,pending,Home,West,11,1
4112,2024-05-30,2052.72,pending,Clothing,West,19,5
4113,2024-05-30,334.2,completed,Food,East,29,1
4114,2024-05-30,4749.45,refunded,Food,South,46,3
4115,2024-05-30,1901.25,failed,Electronics,West,21,1
4116,2024-05-30,4702.19,completed,Clothing,South,34,4
4117,2024-05-30,4607.8,completed,Books,South,33,3
4118,2024-05-30,691.59,completed,Food,South,12,2
4119,2024-05-30,3193.7,completed,Electronics,South,16,2
4120,2024-05-30,1441.38,completed,Books,West,45,2
4121,2024-05-30,1037.79,completed,Home,East,49,1
4122,2024-05-30,2811.96,completed,Home,East,28,4
4123,2024-05-30,2686.62,pending,Food,East,5,2
4124,2024-05-30,4424.84,completed,Clothing,North,29,3
4125,2024-05-30,3388.54,completed,Sports,Central,16,1
4126,2024-05-30,3669.58,completed,Home,North,18,4
4127,2024-05-30,3956.65,completed,Books,Central,36,3
4128,2024-05-30,347.38,completed,Books,South,10,3
4129,2024-05-30,1819.56,completed,Food,Central,41,3
4130,2024-05-30,3060.57,completed,Home,East,40,5
4131,2024-05-30,3881.91,completed,Food,West,25,3
4132,2024-05-30,4030.98,completed,Clothing,South,44,3
4133,2024-05-30,4358.48,pending,Electronics,East,36,2
4134,2024-05-30,3377.89,completed,Clothing,East,10,5
4135,2024-05-30,713.87,completed,Electronics,East,4,4
4136,2024-05-30,1394.8,completed,Electronics,West,2,1
4137,2024-05-30,3038.38,completed,Books,North,4,2
4138,2024-05-31,3160.23,completed,Food,West,27,1
4139,2024-05-31,38.56,completed,Food,North,12,1
4140,2024-05-31,2484.69,completed,Food,South,46,4
4141,2024-05-31,4891.56,completed,Books,Central,5,5
4142,2024-05-31,304.94,completed,Home,East,17,3
4143,2024-05-31,1849.21,completed,Clothing,Central,34,3
4144,2024-05-31,2939.66,completed,Sports,Central,31,1
4145,2024-05-31,4685.7,failed,Electronics,Central,34,2
4146,2024-05-31,382.58,completed,Home,West,8,1
4147,2024-05-31,4182.9,completed,Food,South,43,5
4148,2024-05-31,1548.71,completed,Sports,West,40,3
4149,2024-05-31,1501.04,completed,Books,Central,32,1
4150,2024-05-31,1367.3,completed,Food,East,29,4
4151,2024-05-31,4431.27,completed,Clothing,West,21,4
4152,2024-05-31,836.87,completed,Books,North,28,1
4153,2024-05-31,372.96,completed,Electronics,South,1,1
4154,2024-05-31,3982.53,completed,Sports,North,24,2
4155,2024-05-31,4365.0,refunded,Electronics,West,8,5
4156,2024-05-31,1292.65,failed,Sports,South,34,2
4157,2024-05-31,4866.22,completed,Sports,North,26,1
4158,2024-05-31,4663.89,completed,Sports,Central,13,3
4159,2024-05-31,615.35,completed,Home,North,20,1
4160,2024-05-31,786.55,completed,Electronics,East,43,5
4161,2024-05-31,1903.76,failed,Clothing,North,25,2
4162,2024-05-31,3364.57,completed,Food,West,33,2
4163,2024-05-31,46.8,completed,Home,East,11,3
4164,2024-05-31,3064.73,completed,Electronics,North,27,3
4165,2024-06-01,4281.03,completed,Clothing,East,15,2
4166,2024-06-01,2395.71,completed,Clothing,East,47,5
4167,2024-06-01,410.32,completed,Food,Central,36,5
4168,2024-06-01,958.03,completed,Sports,Central,30,4
4169,2024-06-01,3081.76,completed,Clothing,West,49,4
4170,2024-06-01,3087.82,completed,Food,Central,47,4
4171,2024-06-01,736.24,pending,Food,East,48,2
4172,2024-06-01,3127.77,completed,Electronics,North,9,1
4173,2024-06-01,1544.5,completed,Food,South,33,4
4174,2024-06-01,523.47,completed,Home,South,7,3
4175,2024-06-01,2781.57,completed,Clothing,South,9,1
4176,2024-06-01,3424.25,completed,Clothing,South,10,5
4177,2024-06-01,1319.76,completed,Clothing,East,11,1
4178,2024-06-01,3882.24,failed,Clothing,East,42,2
4179,2024-06-01,330.22,completed,Food,West,38,4
4180,2024-06-01,1354.45,completed,Electronics,West,30,2
4181,2024-06-01,2230.38,completed,Home,East,29,3
4182,2024-06-01,2419.5,pending,Home,North,49,1
4183,2024-06-01,3094.18,completed,Electronics,Central,3,3
4184,2024-06-01,1572.64,completed,Clothing,Central,9,3
4185,2024-06-01,819.43,completed,Food,East,34,4
4186,2024-06-01,4839.55,completed,Clothing,Central,28,3
4187,2024-06-01,586.97,completed,Sports,South,23,2
4188,2024-06-01,38.5,completed,Sports,North,6,5
4189,2024-06-01,2719.84,completed,Clothing,East,20,5
4190,2024-06-01,773.36,pending,Books,South,43,3
4191,2024-06-01,3308.58,pending,Clothing,East,17,4
4192,2024-06-01,3290.83,completed,Home,East,42,3
4193,2024-06-02,2520.03,completed,Clothing,North,44,5
4194,2024-06-02,1691.19,completed,Sports,East,39,4
4195,2024-06-02,3448.96,failed,Books,North,27,5
4196,2024-06-02,2964.98,pending,Clothing,West,12,4
4197,2024-06-02,1400.31,completed,Electronics,East,48,1
4198,2024-06-02,580.2,completed,Clothing,East,22,5
4199,2024-06-02,670.18,completed,Home,South,20,1
4200,2024-06-02,2861.12,failed,Food,West,43,1
4201,2024-06-02,2274.83,pending,Books,East,44,5
4202,2024-06-02,3385.77,completed,Books,Central,32,2
4203,2024-06-02,235.26,completed,Food,North,24,2
4204,2024-06-02,4857.46,completed,Food,South,5,4
4205,2024-06-02,2790.74,failed,Clothing,East,13,5
4206,2024-06-02,1068.43,completed,Books,East,40,3
4207,2024-06-02,1025.03,failed,Food,Central,8,3
4208,2024-06-02,4378.45,completed,Home,Central,19,2
4209,2024-06-02,426.73,completed,Food,South,36,3
4210,2024-06-02,545.91,failed,Food,West,6,1
4211,2024-06-02,3908.09,completed,Books,East,5,1
4212,2024-06-02,4737.54,completed,Food,South,23,2
4213,2024-06-02,2209.76,completed,Food,Central,23,5
4214,2024-06-02,493.09,failed,Sports,North,3,5
4215,2024-06-02,3449.73,completed,Food,South,45,1
4216,2024-06-02,1367.32,completed,Home,West,4,3
4217,2024-06-02,4746.56,completed,Electronics,East,31,5
4218,2024-06-02,4507.6,failed,Clothing,East,19,4
4219,2024-06-02,4398.58,failed,Clothing,North,47,1
4220,2024-06-03,24.21,refunded,Home,North,41,2
4221,2024-06-03,4698.85,pending,Books,Central,6,4
4222,2024-06-03,3426.08,completed,Home,North,4,3
4223,2024-06-03,252.15,completed,Clothing,East,29,4
4224,2024-06-03,3594.63,completed,Clothing,Central,21,1
4225,2024-06-03,4600.54,failed,Sports,Central,46,4
4226,2024-06-03,1729.65,completed,Clothing,North,29,3
4227,2024-06-03,3399.34,completed,Clothing,North,34,5
4228,2024-06-03,1668.88,pending,Sports,Central,43,1
4229,2024-06-03,3280.82,completed,Home,South,13,3
4230,2024-06-03,2639.3,pending,Sports,West,29,5
4231,2024-06-03,654.81,completed,Electronics,North,38,4
4232,2024-06-03,47.3,completed,Sports,East,26,1
4233,2024-06-03,3822.82,completed,Clothing,East,39,3
4234,2024-06-03,1116.41,completed,Electronics,West,23,5
4235,2024-06-03,2052.05,completed,Home,South,5,5
4236,2024-06-03,4469.92,completed,Sports,West,27,1
4237,2024-06-03,4233.81,failed,Home,North,24,4
4238,2024-06-03,3191.09,completed,Home,East,29,5
4239,2024-06-03,1391.38,completed,Sports,East,8,3
4240,2024-06-03,631.69,failed,Food,North,48,5
4241,2024-06-03,902.74,completed,Clothing,West,33,3
4242,2024-06-03,4745.4,completed,Electronics,North,23,4
4243,2024-06-03,3157.17,completed,Books,North,17,4
4244,2024-06-03,2072.96,pending,Books,West,9,4
4245,2024-06-03,4723.15,completed,Home,North,46,5
4246,2024-06-03,2669.47,completed,Clothing,West,21,2
4247,2024-06-03,2019.69,completed,Home,East,12,4
4248,2024-06-04,638.63,completed,Clothing,West,32,5
4249,2024-06-04,431.94,completed,Food,South,6,5
4250,2024-06-04,3352.23,completed,Electronics,West,15,1
4251,2024-06-04,285.71,completed,Electronics,Central,4,2
4252,2024-06-04,419.39,completed,Clothing,East,39,1
4253,2024-06-04,4807.86,pending,Home,Central,9,4
4254,2024-06-04,2969.7,failed,Books,West,44,4
4255,2024-06-04,4472.35,completed,Electronics,North,28,4
4256,2024-06-04,855.5,completed,Clothing,East,30,3
4257,2024-06-04,4751.24,completed,Books,North,17,1
4258,2024-06-04,3537.71,pending,Books,East,47,2
4259,2024-06-04,1584.62,completed,Food,East,28,1
4260,2024-06-04,4528.96,completed,Sports,North,6,2
4261,2024-06-04,532.14,refunded,Food,East,30,4
4262,2024-06-04,4474.94,completed,Food,West,19,3
4263,2024-06-04,3308.49,completed,Food,Central,32,4
4264,2024-06-04,2547.85,failed,Home,South,5,3
4265,2024-06-04,4403.47,completed,Sports,South,12,1
4266,2024-06-04,78.01,completed,Clothing,Central,29,1
4267,2024-06-04,2786.14,completed,Sports,West,49,1
4268,2024-06-04,2544.6,completed,Home,South,36,1
4269,2024-06-04,784.33,pending,Sports,West,22,2
4270,2024-06-04,1305.07,completed,Clothing,East,7,3
4271,2024-06-04,928.78,pending,Clothing,Central,14,2
4272,2024-06-04,1239.55,completed,Books,Central,2,3
4273,2024-06-04,3522.14,completed,Electronics,South,8,5
4274,2024-06-04,4825.62,failed,Books,Central,48,4
4275,2024-06-05,3252.91,completed,Home,Central,12,4
4276,2024-06-05,2764.52,completed,Clothing,Central,42,5
4277,2024-06-05,2467.34,completed,Food,Central,12,3
4278,2024-06-05,708.31,completed,Clothing,West,10,1
4279,2024-06-05,3753.93,completed,Home,Central,19,5
4280,2024-06-05,4559.87,completed,Electronics,South,21,2
4281,2024-06-05,1872.35,completed,Electronics,West,47,4
4282,2024-06-05,590.35,pending,Sports,North,3,3
4283,2024-06-05,3494.46,completed,Books,Central,15,4
4284,2024-06-05,3732.33,completed,Electronics,South,15,2
4285,2024-06-05,717.85,completed,Sports,North,16,1
4286,2024-06-05,1214.4,completed,Books,South,11,2
4287,2024-06-05,1706.67,completed,Books,North,16,5
4288,2024-06-05,1624.22,completed,Clothing,Central,23,2
4289,2024-06-05,1385.73,pending,Electronics,Central,29,1
4290,2024-06-05,2935.55,refunded,Books,Central,8,2
4291,2024-06-05,4257.64,pending,Sports,North,35,5
4292,2024-06-05,2937.48,failed,Electronics,North,49,4
4293,2024-06-05,811.25,failed,Books,South,6,5
4294,2024-06-05,715.04,completed,Food,West,6,4
4295,2024-06-05,4834.94,completed,Sports,West,45,2
4296,2024-06-05,52.8,completed,Books,West,36,4
4297,2024-06-05,4673.52,completed,Home,South,4,1
4298,2024-06-05,2331.55,pending,Sports,North,16,1
4299,2024-06-05,38.5,completed,Clothing,East,9,4
4300,2024-06-05,1229.94,failed,Home,West,44,1
4301,2024-06-05,3084.46,completed,Books,South,47,3
4302,2024-06-06,1045.04,completed,Home,Central,3,5
4303,2024-06-06,4617.65,pending,Food,West,23,5
4304,2024-06-06,164.07,completed,Clothing,South,41,2
4305,2024-06-06,1698.67,completed,Electronics,Central,39,3
4306,2024-06-06,1734.09,failed,Clothing,East,13,4
4307,2024-06-06,3511.15,completed,Sports,West,14,4
4308,2024-06-06,4931.77,completed,Clothing,South,43,1
4309,2024-06-06,4749.17,pending,Home,South,14,2
4310,2024-06-06,2100.32,pending,Home,West,27,4
4311,2024-06-06,3189.51,completed,Sports,East,7,1
4312,2024-06-06,4594.22,completed,Home,West,4,1
4313,2024-06-06,3752.66,failed,Books,Central,35,5
4314,2024-06-06,765.7,completed,Home,East,7,2
4315,2024-06-06,4597.74,completed,Clothing,North,44,5
4316,2024-06-06,2252.21,completed,Sports,South,36,2
4317,2024-06-06,2123.23,pending,Electronics,North,15,3
4318,2024-06-06,345.94,completed,Food,Central,25,3
4319,2024-06-06,4299.25,completed,Food,Central,3,3
4320,2024-06-06,4573.1,refunded,Sports,North,44,5
4321,2024-06-06,4476.12,completed,Food,West,1,2
4322,2024-06-06,977.05,completed,Home,Central,21,2
4323,2024-06-06,556.06,completed,Home,West,4,3
4324,2024-06-06,1119.35,refunded,Clothing,East,47,1
4325,2024-06-06,1266.47,completed,Clothing,West,9,4
4326,2024-06-06,1685.05,refunded,Clothing,East,14,1
4327,2024-06-06,2557.23,completed,Books,Central,16,1
4328,2024-06-06,4932.42,pending,Home,East,16,1
4329,2024-06-06,1848.11,completed,Home,West,1,2
4330,2024-06-07,1123.77,completed,Books,Central,25,4
4331,2024-06-07,1039.87,completed,Books,North,47,2
4332,2024-06-07,2966.32,pending,Home,North,12,2
4333,2024-06-07,3447.41,completed,Clothing,East,5,3
4334,2024-06-07,2306.9,completed,Books,North,16,5
4335,2024-06-07,4076.16,completed,Food,North,25,1
4336,2024-06-07,86.73,failed,Home,East,15,2
4337,2024-06-07,3053.58,completed,Books,South,6,4
4338,2024-06-07,3031.47,completed,Books,West,48,2
4339,2024-06-07,4495.3,pending,Sports,West,25,2
4340,2024-06-07,1030.58,pending,Sports,North,38,5
4341,2024-06-07,1871.13,completed,Food,North,32,2
4342,2024-06-07,2473.67,pending,Books,South,6,4
4343,2024-06-07,2624.51,failed,Food,North,32,3
4344,2024-06-07,1419.79,pending,Home,South,7,3
4345,2024-06-07,2554.75,completed,Electronics,South,49,5
4346,2024-06-07,822.14,completed,Food,Central,40,1
4347,2024-06-07,1861.31,completed,Sports,South,23,3
4348,2024-06-07,4722.29,pending,Books,South,28,4
4349,2024-06-07,933.6,completed,Sports,North,39,3
4350,2024-06-07,694.26,completed,Clothing,Central,11,4
4351,2024-06-07,159.99,failed,Sports,Central,44,3
4352,2024-06-07,3663.15,completed,Sports,South,23,5
4353,2024-06-07,3100.85,completed,Clothing,West,33,2
4354,2024-06-07,1016.44,pending,Clothing,North,48,5
4355,2024-06-07,2025.76,pending,Books,East,24,3
4356,2024-06-07,967.87,completed,Electronics,North,37,4
4357,2024-06-08,3496.2,completed,Clothing,East,42,2
4358,2024-06-08,697.62,pending,Clothing,West,32,2
4359,2024-06-08,3779.52,pending,Food,North,5,4
4360,2024-06-08,1706.21,failed,Home,West,38,5
4361,2024-06-08,2382.31,completed,Sports,East,32,3
4362,2024-06-08,4037.07,pending,Food,West,47,1
4363,2024-06-08,2663.36,completed,Home,Central,39,4
4364,2024-06-08,1936.99,failed,Electronics,South,29,4
4365,2024-06-08,1921.75,pending,Electronics,South,17,5
4366,2024-06-08,2619.06,pending,Books,South,36,1
4367,2024-06-08,830.17,completed,Books,West,37,1
4368,2024-06-08,1394.95,completed,Home,North,24,3
4369,2024-06-08,2788.85,pending,Home,West,9,3
4370,2024-06-08,1024.03,completed,Sports,South,39,1
4371,2024-06-08,3070.23,completed,Food,South,33,4
4372,2024-06-08,1293.85,completed,Books,North,33,5
4373,2024-06-08,3187.5,completed,Clothing,North,32,4
4374,2024-06-08,626.57,completed,Books,East,22,1
4375,2024-06-08,2516.19,completed,Food,West,4,3
4376,2024-06-08,3753.17,completed,Books,North,47,4
4377,2024-06-08,1583.85,failed,Food,North,45,4
4378,2024-06-08,3820.36,completed,Food,Central,15,2
4379,2024-06-08,1658.52,completed,Books,Central,4,3
4380,2024-06-08,3865.66,pending,Clothing,East,46,5
4381,2024-06-08,4336.89,completed,Home,East,12,2
4382,2024-06-08,249.01,completed,Books,Central,10,5
4383,2024-06-08,1329.37,completed,Sports,East,32,1
4384,2024-06-08,4835.38,completed,Electronics,East,40,5
4385,2024-06-09,477.01,completed,Sports,North,1,3
4386,2024-06-09,658.23,completed,Electronics,West,27,4
4387,2024-06-09,86.3,completed,Clothing,West,26,3
4388,2024-06-09,1337.46,pending,Books,West,29,2
4389,2024-06-09,2952.17,completed,Books,Central,49,3
4390,2024-06-09,1284.74,completed,Food,North,12,4
4391,2024-06-09,4843.76,refunded,Electronics,South,19,1
4392,2024-06-09,2309.23,completed,Sports,North,23,1
4393,2024-06-09,3065.0,completed,Sports,North,3,2
4394,2024-06-09,1152.96,completed,Sports,Central,22,1
4395,2024-06-09,3156.59,completed,Clothing,Central,11,5
4396,2024-06-09,1368.34,pending,Home,North,42,3
4397,2024-06-09,4700.34,completed,Clothing,West,48,1
4398,2024-06-09,4106.16,completed,Food,Central,36,2
4399,2024-06-09,69.34,completed,Electronics,North,36,5
4400,2024-06-09,2063.44,pending,Home,North,26,5
4401,2024-06-09,2080.3,failed,Clothing,West,47,3
4402,2024-06-09,2728.97,pending,Books,West,42,4
4403,2024-06-09,4021.81,completed,Books,Central,29,4
4404,2024-06-09,4351.35,completed,Home,Central,35,5
4405,2024-06-09,2896.68,completed,Electronics,West,3,5
4406,2024-06-09,3488.74,completed,Food,West,49,1
4407,2024-06-09,1433.01,completed,Food,Central,36,5
4408,2024-06-09,442.89,completed,Sports,West,11,4
4409,2024-06-09,43.79,pending,Clothing,North,39,1
4410,2024-06-09,124.33,completed,Clothing,South,18,3
4411,2024-06-09,3644.6,completed,Food,East,47,5
4412,2024-06-10,1045.51,pending,Sports,Central,31,1
4413,2024-06-10,3543.14,completed,Electronics,North,20,2
4414,2024-06-10,469.23,completed,Sports,East,45,1
4415,2024-06-10,4061.75,completed,Books,West,31,3
4416,2024-06-10,3131.03,completed,Books,South,35,5
4417,2024-06-10,1901.83,pending,Books,East,39,5
4418,2024-06-10,4116.02,completed,Electronics,Central,28,2
4419,2024-06-10,3477.39,completed,Food,East,4,4
4420,2024-06-10,4174.69,completed,Food,Central,15,1
4421,2024-06-10,3552.88,pending,Clothing,North,2,4
4422,2024-06-10,257.8,refunded,Home,West,35,3
4423,2024-06-10,2846.89,completed,Food,West,44,5
4424,2024-06-10,2721.31,pending,Home,East,34,1
4425,2024-06-10,4111.64,pending,Electronics,West,28,2
4426,2024-06-10,903.0,failed,Home,Central,42,4
4427,2024-06-10,1135.27,completed,Clothing,Central,6,3
4428,2024-06-10,486.55,failed,Home,West,22,2
4429,2024-06-10,2262.83,failed,Food,North,1,3
4430,2024-06-10,35.46,completed,Sports,East,6,4
4431,2024-06-10,3100.15,completed,Clothing,South,41,3
4432,2024-06-10,766.89,completed,Books,South,7,3
4433,2024-06-10,764.53,pending,Home,South,19,2
4434,2024-06-10,503.99,completed,Home,West,40,4
4435,2024-06-10,2291.9,failed,Sports,North,18,4
4436,2024-06-10,1085.83,failed,Food,Central,6,4
4437,2024-06-10,187.68,completed,Clothing,South,38,1
4438,2024-06-10,1113.59,completed,Clothing,North,28,4
4439,2024-06-11,3631.78,completed,Clothing,North,29,2
4440,2024-06-11,37.16,completed,Home,North,22,5
4441,2024-06-11,1269.21,completed,Electronics,North,48,1
4442,2024-06-11,1142.96,completed,Electronics,West,16,3
4443,2024-06-11,1301.45,completed,Clothing,Central,16,1
4444,2024-06-11,1110.39,refunded,Food,Central,41,2
4445,2024-06-11,1771.62,completed,Home,North,21,4
4446,2024-06-11,3841.65,completed,Home,South,5,4
4447,2024-06-11,3193.44,pending,Clothing,East,21,3
4448,2024-06-11,1649.79,completed,Sports,East,28,2
4449,2024-06-11,3584.58,completed,Sports,South,29,5
4450,2024-06-11,1674.01,completed,Food,North,19,3
4451,2024-06-11,2372.6,completed,Food,East,49,4
4452,2024-06-11,3005.16,completed,Food,West,5,2
4453,2024-06-11,2789.99,completed,Sports,Central,31,5
4454,2024-06-11,1891.47,completed,Food,Central,38,3
4455,2024-06-11,1327.08,completed,Home,East,16,4
4456,2024-06-11,3281.89,pending,Sports,North,20,2
4457,2024-06-11,1989.48,completed,Food,Central,9,2
4458,2024-06-11,2905.44,completed,Clothing,West,14,1
4459,2024-06-11,2069.87,completed,Food,West,10,2
4460,2024-06-11,3960.62,failed,Food,South,38,4
4461,2024-06-11,4698.42,completed,Home,South,26,2
4462,2024-06-11,4718.75,completed,Clothing,East,9,5
4463,2024-06-11,190.33,completed,Electronics,Central,14,4
4464,2024-06-11,2373.84,completed,Sports,Central,46,1
4465,2024-06-11,1827.17,completed,Food,East,38,5
4466,2024-06-11,461.17,completed,Home,Central,12,5
4467,2024-06-12,4194.5,pending,Books,West,19,5
4468,2024-06-12,3342.25,completed,Electronics,East,24,4
4469,2024-06-12,2850.85,failed,Food,North,10,2
4470,2024-06-12,4600.95,completed,Food,Central,16,3
4471,2024-06-12,3219.36,completed,Home,North,7,5
4472,2024-06-12,4602.58,pending,Books,South,31,4
4473,2024-06-12,3354.54,pending,Clothing,Central,19,1
4474,2024-06-12,399.72,pending,Clothing,North,45,5
4475,2024-06-12,98.29,completed,Electronics,North,24,2
4476,2024-06-12,4380.13,pending,Clothing,South,15,3
4477,2024-06-12,2682.3,completed,Food,West,45,2
4478,2024-06-12,1664.03,completed,Electronics,East,13,1
4479,2024-06-12,3006.15,completed,Clothing,South,18,4
4480,2024-06-12,2189.85,completed,Food,East,27,1
4481,2024-06-12,1484.01,pending,Home,East,1,2
4482,2024-06-12,1759.25,failed,Clothing,North,12,5
4483,2024-06-12,3122.14,completed,Books,North,43,2
4484,2024-06-12,3195.76,completed,Electronics,East,2,5
4485,2024-06-12,4665.53,completed,Food,West,31,4
4486,2024-06-12,3982.19,refunded,Books,North,39,4
4487,2024-06-12,3739.26,completed,Clothing,North,9,2
4488,2024-06-12,3966.99,completed,Books,South,37,5
4489,2024-06-12,94.91,completed,Clothing,North,36,4
4490,2024-06-12,4902.78,completed,Home,East,36,5
4491,2024-06-12,4787.24,refunded,Electronics,South,40,4
4492,2024-06-12,1166.78,completed,Food,South,32,4
4493,2024-06-12,4209.5,completed,Books,East,7,3
4494,2024-06-13,1902.69,pending,Food,North,44,1
4495,2024-06-13,3584.61,completed,Food,West,11,2
4496,2024-06-13,1330.38,failed,Electronics,West,29,2
4497,2024-06-13,4708.26,completed,Clothing,East,2,1
4498,2024-06-13,4482.78,completed,Sports,East,30,2
4499,2024-06-13,4082.23,completed,Sports,East,32,4
4500,2024-06-13,302.21,pending,Electronics,North,40,3
4501,2024-06-13,353.84,completed,Clothing,North,26,4
4502,2024-06-13,2646.2,failed,Home,North,43,4
4503,2024-06-13,4398.71,completed,Sports,East,22,2
4504,2024-06-13,1107.18,failed,Clothing,South,42,5
4505,2024-06-13,659.6,completed,Books,South,12,1
4506,2024-06-13,2296.5,pending,Electronics,Central,34,5
4507,2024-06-13,4669.64,refunded,Electronics,East,35,4
4508,2024-06-13,4724.65,completed,Books,South,7,1
4509,2024-06-13,4655.72,pending,Food,South,30,3
4510,2024-06-13,2551.01,pending,Books,Central,21,4
4511,2024-06-13,4688.22,pending,Sports,West,19,2
4512,2024-06-13,4908.25,completed,Books,West,23,3
4513,2024-06-13,4550.38,pending,Books,North,32,3
4514,2024-06-13,2191.71,failed,Clothing,Central,33,5
4515,2024-06-13,1260.43,completed,Sports,East,4,4
4516,2024-06-13,3761.66,pending,Sports,Central,35,1
4517,2024-06-13,1320.65,completed,Food,South,37,3
4518,2024-06-13,1772.7,completed,Electronics,Central,28,3
4519,2024-06-13,2689.87,completed,Sports,South,43,3
4520,2024-06-13,4310.78,refunded,Home,North,4,2
4521,2024-06-13,2405.7,pending,Electronics,West,48,2
4522,2024-06-14,402.05,refunded,Food,South,8,3
4523,2024-06-14,2903.61,completed,Clothing,South,43,4
4524,2024-06-14,397.41,pending,Clothing,West,3,4
4525,2024-06-14,1194.53,completed,Clothing,East,23,3
4526,2024-06-14,563.65,completed,Books,South,45,4
4527,2024-06-14,2902.88,completed,Food,Central,24,4
4528,2024-06-14,1238.33,completed,Food,East,7,2
4529,2024-06-14,3081.24,completed,Sports,Central,45,5
4530,2024-06-14,3313.01,completed,Electronics,North,21,1
4531,2024-06-14,2383.03,completed,Clothing,East,44,5
4532,2024-06-14,19.69,completed,Clothing,East,7,3
4533,2024-06-14,163.46,pending,Clothing,North,15,4
4534,2024-06-14,2414.5,completed,Sports,West,21,4
4535,2024-06-14,1058.23,completed,Clothing,Central,10,2
4536,2024-06-14,2416.96,completed,Sports,West,2,5
4537,2024-06-14,2887.7,completed,Clothing,South,31,1
4538,2024-06-14,2337.24,pending,Food,South,27,1
4539,2024-06-14,2693.55,pending,Home,North,47,4
4540,2024-06-14,4831.81,completed,Books,West,31,2
4541,2024-06-14,3164.91,completed,Electronics,Central,25,1
4542,2024-06-14,991.21,completed,Food,East,37,5
4543,2024-06-14,818.8,refunded,Books,Central,45,1
4544,2024-06-14,4756.23,failed,Clothing,South,1,3
4545,2024-06-14,4902.54,refunded,Clothing,East,41,1
4546,2024-06-14,2296.85,pending,Food,North,47,1
4547,2024-06-14,4309.08,completed,Clothing,Central,1,3
4548,2024-06-14,3190.05,failed,Food,North,16,2
4549,2024-06-15,230.3,failed,Clothing,East,27,2
4550,2024-06-15,3867.51,failed,Sports,North,1,2
4551,2024-06-15,1853.2,completed,Clothing,West,31,2
4552,2024-06-15,2891.14,pending,Electronics,West,34,5
4553,2024-06-15,4452.4,completed,Home,North,45,2
4554,2024-06-15,2638.53,pending,Clothing,North,40,3
4555,2024-06-15,2932.27,completed,Clothing,Central,38,5
4556,2024-06-15,4040.12,completed,Books,East,23,3
4557,2024-06-15,4032.88,refunded,Sports,West,18,5
4558,2024-06-15,3148.5,completed,Clothing,North,40,4
4559,2024-06-15,198.25,completed,Sports,Central,48,4
4560,2024-06-15,4372.83,refunded,Food,West,2,2
4561,2024-06-15,3125.13,completed,Electronics,Central,4,1
4562,2024-06-15,2728.68,failed,Food,North,10,2
4563,2024-06-15,4243.77,completed,Home,Central,34,3
4564,2024-06-15,1889.36,completed,Electronics,West,23,1
4565,2024-06-15,501.86,completed,Food,South,11,4
4566,2024-06-15,1290.42,failed,Clothing,West,23,3
4567,2024-06-15,4563.56,completed,Home,West,44,4
4568,2024-06-15,3953.95,completed,Books,North,34,5
4569,2024-06-15,2455.97,pending,Sports,West,18,5
4570,2024-06-15,4106.81,refunded,Sports,South,23,3
4571,2024-06-15,4358.5,refunded,Books,West,3,3
4572,2024-06-15,4002.11,completed,Food,Central,48,5
4573,2024-06-15,4980.9,pending,Food,South,39,2
4574,2024-06-15,4796.08,failed,Electronics,North,17,4
4575,2024-06-15,2813.87,refunded,Home,East,7,1
4576,2024-06-16,3343.68,failed,Sports,Central,3,3
4577,2024-06-16,4951.23,failed,Sports,South,26,5
4578,2024-06-16,4538.75,failed,Food,West,38,3
4579,2024-06-16,2411.4,completed,Home,East,24,5
4580,2024-06-16,1127.75,refunded,Food,South,26,1
4581,2024-06-16,841.17,pending,Electronics,East,36,1
4582,2024-06-16,705.83,completed,Home,Central,18,5
4583,2024-06-16,108.09,completed,Books,Central,10,1
4584,2024-06-16,3761.4,completed,Food,North,37,5
4585,2024-06-16,2668.71,completed,Clothing,Central,7,3
4586,2024-06-16,2275.6,completed,Home,East,2,1
4587,2024-06-16,16.69,completed,Books,South,27,3
4588,2024-06-16,2375.7,pending,Clothing,North,40,5
4589,2024-06-16,83.58,pending,Food,West,2,5
4590,2024-06-16,3453.22,completed,Sports,East,4,1
4591,2024-06-16,4931.83,completed,Home,Central,27,2
4592,2024-06-16,4452.69,pending,Food,East,13,1
4593,2024-06-16,973.32,completed,Books,South,47,1
4594,2024-06-16,3202.98,completed,Home,North,27,3
4595,2024-06-16,1340.19,completed,Food,North,41,3
4596,2024-06-16,2709.75,refunded,Sports,West,4,2
4597,2024-06-16,2301.19,completed,Sports,North,29,2
4598,2024-06-16,1295.4,completed,Clothing,North,28,1
4599,2024-06-16,2702.52,failed,Electronics,West,7,4
4600,2024-06-16,3392.96,completed,Food,North,4,2
4601,2024-06-16,3433.34,completed,Books,West,15,3
4602,2024-06-16,920.12,pending,Home,West,5,2
4603,2024-06-16,112.14,completed,Food,Central,9,1
4604,2024-06-17,3982.3,pending,Books,North,1,3
4605,2024-06-17,3303.48,completed,Food,North,25,4
4606,2024-06-17,2275.96,completed,Home,Central,11,5
4607,2024-06-17,3172.27,completed,Clothing,South,10,1
4608,2024-06-17,4428.95,completed,Clothing,Central,34,3
4609,2024-06-17,1832.08,completed,Food,North,26,3
4610,2024-06-17,2238.09,pending,Sports,North,9,5
4611,2024-06-17,2617.27,failed,Clothing,East,30,3
4612,2024-06-17,3436.19,completed,Electronics,East,4,3
4613,2024-06-17,2467.13,completed,Books,East,10,5
4614,2024-06-17,3571.93,completed,Home,West,49,5
4615,2024-06-17,1377.37,pending,Home,North,30,5
4616,2024-06-17,618.57,refunded,Books,North,48,3
4617,2024-06-17,323.96,completed,Books,East,42,2
4618,2024-06-17,423.48,completed,Electronics,Central,12,2
4619,2024-06-17,117.4,failed,Clothing,Central,13,5
4620,2024-06-17,4909.48,completed,Clothing,South,6,5
4621,2024-06-17,3793.24,completed,Home,South,16,1
4622,2024-06-17,2693.99,completed,Food,North,42,4
4623,2024-06-17,1318.08,completed,Food,West,19,3
4624,2024-06-17,3654.91,completed,Books,Central,31,5
4625,2024-06-17,4980.73,completed,Sports,North,25,3
4626,2024-06-17,1814.44,completed,Sports,South,1,4
4627,2024-06-17,1912.88,completed,Books,North,9,2
4628,2024-06-17,4256.18,refunded,Books,South,38,1
4629,2024-06-17,1936.04,refunded,Books,West,21,2
4630,2024-06-17,4397.04,completed,Sports,East,39,4
4631,2024-06-18,859.6,completed,Clothing,West,33,2
4632,2024-06-18,4569.17,completed,Sports,South,1,5
4633,2024-06-18,689.19,completed,Sports,West,28,2
4634,2024-06-18,3679.43,completed,Books,Central,18,4
4635,2024-06-18,1595.04,completed,Books,North,3,1
4636,2024-06-18,4051.31,completed,Clothing,East,18,4
4637,2024-06-18,853.06,completed,Books,Central,5,1
4638,2024-06-18,3176.47,completed,Books,East,4,2
4639,2024-06-18,2538.64,failed,Electronics,South,17,2
4640,2024-06-18,1444.63,completed,Food,West,25,5
4641,2024-06-18,2436.94,pending,Clothing,West,4,4
4642,2024-06-18,4799.29,completed,Electronics,Central,8,1
4643,2024-06-18,3793.34,completed,Home,Central,21,5
4644,2024-06-18,300.37,completed,Food,West,1,4
4645,2024-06-18,4887.81,completed,Clothing,South,4,2
4646,2024-06-18,3604.52,completed,Sports,North,2,2
4647,2024-06-18,1270.87,completed,Electronics,North,24,5
4648,2024-06-18,4800.72,completed,Food,West,32,2
4649,2024-06-18,2481.94,completed,Books,South,11,4
4650,2024-06-18,2720.82,completed,Food,East,41,5
4651,2024-06-18,1247.13,completed,Books,North,6,5
4652,2024-06-18,4981.34,completed,Clothing,Central,7,2
4653,2024-06-18,1528.07,completed,Clothing,Central,47,2
4654,2024-06-18,3213.84,refunded,Books,Central,9,2
4655,2024-06-18,2920.83,completed,Electronics,East,10,5
4656,2024-06-18,3573.23,completed,Clothing,Central,28,2
4657,2024-06-18,377.99,failed,Food,East,29,3
4658,2024-06-18,2487.82,completed,Books,West,19,4
4659,2024-06-19,1157.95,failed,Sports,West,32,2
4660,2024-06-19,620.5,completed,Electronics,West,18,5
4661,2024-06-19,2632.46,completed,Electronics,West,32,4
4662,2024-06-19,2270.75,completed,Food,East,23,5
4663,2024-06-19,2277.01,completed,Home,West,46,3
4664,2024-06-19,1906.63,pending,Sports,Central,26,4
4665,2024-06-19,1568.84,pending,Sports,South,11,1
4666,2024-06-19,153.08,completed,Electronics,North,40,4
4667,2024-06-19,2970.06,completed,Food,Central,17,4
4668,2024-06-19,4553.14,failed,Electronics,East,40,1
4669,2024-06-19,2459.08,completed,Sports,North,40,5
4670,2024-06-19,1475.62,completed,Home,Central,31,5
4671,2024-06-19,1547.55,completed,Food,North,46,1
4672,2024-06-19,1311.99,completed,Electronics,Central,9,2
4673,2024-06-19,2198.38,completed,Books,West,21,1
4674,2024-06-19,278.46,completed,Sports,Central,8,1
4675,2024-06-19,1190.04,pending,Electronics,South,27,2
4676,2024-06-19,4715.06,completed,Food,North,30,5
4677,2024-06-19,2281.05,completed,Sports,South,22,5
4678,2024-06-19,242.42,completed,Clothing,West,27,2
4679,2024-06-19,67.72,pending,Food,West,37,1
4680,2024-06-19,4896.25,completed,Sports,East,14,1
4681,2024-06-19,3906.96,pending,Electronics,West,48,1
4682,2024-06-19,1330.5,completed,Home,North,32,5
4683,2024-06-19,1658.71,completed,Books,East,16,4
4684,2024-06-19,3779.68,completed,Food,South,24,1
4685,2024-06-19,3208.99,pending,Food,Central,14,1
4686,2024-06-20,3303.08,completed,Electronics,North,16,4
4687,2024-06-20,1874.11,completed,Books,South,33,5
4688,2024-06-20,4189.87,completed,Home,East,37,2
4689,2024-06-20,3543.21,completed,Food,Central,6,1
4690,2024-06-20,3637.26,completed,Home,West,34,5
4691,2024-06-20,992.87,completed,Books,North,26,5
4692,2024-06-20,1525.87,failed,Books,West,27,1
4693,2024-06-20,1817.45,completed,Books,Central,19,5
4694,2024-06-20,1530.14,completed,Clothing,North,47,2
4695,2024-06-20,1015.83,completed,Sports,West,31,2
4696,2024-06-20,3372.5,pending,Home,East,33,2
4697,2024-06-20,3252.75,completed,Sports,West,3,3
4698,2024-06-20,2753.56,completed,Food,South,48,1
4699,2024-06-20,3069.17,completed,Sports,South,16,1
4700,2024-06-20,4864.26,completed,Home,East,26,3
4701,2024-06-20,351.59,completed,Sports,Central,24,5
4702,2024-06-20,3373.1,pending,Clothing,Central,27,2
4703,2024-06-20,4050.59,completed,Electronics,East,10,5
4704,2024-06-20,2189.32,completed,Home,Central,19,2
4705,2024-06-20,1554.72,completed,Clothing,East,16,3
4706,2024-06-20,2746.97,refunded,Sports,North,3,4
4707,2024-06-20,3813.03,completed,Electronics,Central,19,5
4708,2024-06-20,4328.72,completed,Food,South,48,1
4709,2024-06-20,3314.74,pending,Clothing,East,41,1
4710,2024-06-20,3221.69,completed,Electronics,Central,29,4
4711,2024-06-20,4478.73,pending,Sports,West,18,3
4712,2024-06-20,2668.25,completed,Food,West,16,2
4713,2024-06-21,1811.21,completed,Sports,Central,30,4
4714,2024-06-21,949.14,completed,Home,West,4,2
4715,2024-06-21,678.46,completed,Clothing,East,35,4
4716,2024-06-21,1865.89,completed,Sports,East,7,5
4717,2024-06-21,150.11,completed,Books,East,44,5
4718,2024-06-21,3196.01,completed,Clothing,North,48,2
4719,2024-06-21,4377.24,completed,Food,West,1,3
4720,2024-06-21,3212.17,failed,Books,South,19,4
4721,2024-06-21,4905.06,completed,Home,South,44,3
4722,2024-06-21,4622.76,completed,Home,North,41,1
4723,2024-06-21,2972.62,completed,Food,North,6,2
4724,2024-06-21,661.04,completed,Food,North,11,3
4725,2024-06-21,988.68,completed,Home,Central,11,3
4726,2024-06-21,1782.32,completed,Clothing,East,5,3
4727,2024-06-21,861.74,completed,Sports,South,28,3
4728,2024-06-21,2076.78,completed,Home,East,41,5
4729,2024-06-21,4972.91,failed,Electronics,Central,40,4
4730,2024-06-21,4983.31,completed,Books,South,34,2
4731,2024-06-21,3763.97,pending,Electronics,West,26,4
4732,2024-06-21,3069.86,completed,Books,West,46,4
4733,2024-06-21,4262.78,completed,Food,West,45,2
4734,2024-06-21,4811.54,completed,Home,West,39,5
4735,2024-06-21,4247.12,completed,Electronics,Central,39,1
4736,2024-06-21,3258.66,refunded,Food,West,26,1
4737,2024-06-21,2439.27,completed,Books,South,17,3
4738,2024-06-21,1880.83,failed,Sports,South,33,1
4739,2024-06-21,2195.74,completed,Books,Central,43,4
4740,2024-06-21,809.83,refunded,Home,West,41,3
4741,2024-06-22,1320.85,refunded,Clothing,South,8,2
4742,2024-06-22,3827.58,completed,Books,Central,48,2
4743,2024-06-22,3202.84,completed,Food,East,42,5
4744,2024-06-22,1585.86,failed,Books,Central,18,1
4745,2024-06-22,2573.76,completed,Books,West,30,3
4746,2024-06-22,1869.79,completed,Food,North,41,5
4747,2024-06-22,1203.25,completed,Electronics,North,48,4
4748,2024-06-22,540.57,pending,Electronics,West,15,2
4749,2024-06-22,2660.39,completed,Home,East,15,3
4750,2024-06-22,3149.2,completed,Clothing,North,29,5
4751,2024-06-22,18.04,completed,Food,South,42,1
4752,2024-06-22,200.11,completed,Food,East,31,2
4753,2024-06-22,941.68,completed,Clothing,Central,34,1
4754,2024-06-22,3752.77,completed,Clothing,East,1,5
4755,2024-06-22,3671.29,completed,Books,Central,29,5
4756,2024-06-22,2093.68,completed,Clothing,North,33,1
4757,2024-06-22,4991.62,pending,Home,West,19,5
4758,2024-06-22,2533.46,completed,Home,East,25,4
4759,2024-06-22,3288.6,completed,Clothing,South,33,4
4760,2024-06-22,2680.72,completed,Books,South,18,4
4761,2024-06-22,4656.51,completed,Home,Central,13,2
4762,2024-06-22,651.36,completed,Home,South,36,4
4763,2024-06-22,284.85,completed,Food,Central,29,4
4764,2024-06-22,2754.96,pending,Food,East,33,4
4765,2024-06-22,3277.78,pending,Sports,West,37,1
4766,2024-06-22,4191.88,completed,Books,West,32,5
4767,2024-06-22,2454.78,completed,Food,North,42,3
4768,2024-06-23,849.23,completed,Books,Central,22,2
4769,2024-06-23,1815.66,completed,Electronics,West,16,2
4770,2024-06-23,3907.79,refunded,Home,West,9,4
4771,2024-06-23,1444.43,completed,Sports,East,16,4
4772,2024-06-23,4295.36,completed,Electronics,West,35,4
4773,2024-06-23,608.33,completed,Electronics,East,6,3
4774,2024-06-23,2127.48,completed,Clothing,West,48,5
4775,2024-06-23,3562.19,completed,Home,Central,20,5
4776,2024-06-23,1789.08,completed,Sports,North,38,1
4777,2024-06-23,3319.95,completed,Home,North,8,4
4778,2024-06-23,4918.74,completed,Sports,South,14,1
4779,2024-06-23,224.15,refunded,Sports,North,42,4
4780,2024-06-23,172.91,completed,Electronics,East,19,5
4781,2024-06-23,3014.12,completed,Electronics,Central,24,5
4782,2024-06-23,4762.3,pending,Books,East,27,1
4783,2024-06-23,2457.21,pending,Food,West,34,2
4784,2024-06-23,2332.1,completed,Clothing,Central,45,2
4785,2024-06-23,1137.95,completed,Food,North,48,2
4786,2024-06-23,1832.18,completed,Home,East,42,2
4787,2024-06-23,31.91,completed,Electronics,East,28,2
4788,2024-06-23,2627.27,completed,Sports,North,13,3
4789,2024-06-23,4080.75,completed,Books,West,16,4
4790,2024-06-23,3906.3,completed,Books,North,14,4
4791,2024-06-23,2207.85,completed,Clothing,South,4,3
4792,2024-06-23,2191.79,refunded,Books,West,43,5
4793,2024-06-23,3390.84,failed,Books,West,45,1
4794,2024-06-23,4678.72,refunded,Home,Central,35,3
4795,2024-06-23,3713.12,completed,Books,West,27,5
4796,2024-06-24,2498.53,pending,Electronics,Central,40,3
4797,2024-06-24,4553.39,completed,Sports,South,33,3
4798,2024-06-24,4938.17,completed,Books,West,3,2
4799,2024-06-24,3586.96,completed,Electronics,South,31,4
4800,2024-06-24,4519.87,completed,Electronics,West,34,3
4801,2024-06-24,4704.19,completed,Food,Central,30,5
4802,2024-06-24,2855.05,completed,Home,South,44,1
4803,2024-06-24,1477.37,completed,Electronics,East,11,1
4804,2024-06-24,3667.12,completed,Food,West,27,3
4805,2024-06-24,836.94,failed,Sports,West,10,4
4806,2024-06-24,1677.27,failed,Clothing,East,38,5
4807,2024-06-24,1997.03,completed,Food,North,46,5
4808,2024-06-24,4239.11,failed,Electronics,West,6,4
4809,2024-06-24,2173.99,completed,Sports,West,12,2
4810,2024-06-24,3116.78,completed,Electronics,North,41,2
4811,2024-06-24,4323.29,failed,Sports,North,14,1
4812,2024-06-24,688.89,failed,Home,West,3,4
4813,2024-06-24,3387.29,refunded,Clothing,North,34,1
4814,2024-06-24,3381.5,pending,Sports,South,26,2
4815,2024-06-24,2755.92,completed,Home,Central,15,3
4816,2024-06-24,4534.59,pending,Home,West,10,4
4817,2024-06-24,2652.25,completed,Clothing,Central,32,4
4818,2024-06-24,797.54,pending,Food,Central,49,2
4819,2024-06-24,3359.03,completed,Home,South,18,4
4820,2024-06-24,2091.05,pending,Clothing,West,31,4
4821,2024-06-24,4956.53,failed,Books,South,49,4
4822,2024-06-24,4069.07,completed,Sports,East,49,2
4823,2024-06-25,693.44,completed,Books,South,7,5
4824,2024-06-25,1872.84,pending,Sports,South,37,2
4825,2024-06-25,794.13,completed,Food,West,11,2
4826,2024-06-25,4523.65,completed,Home,Central,24,2
4827,2024-06-25,162.69,completed,Electronics,West,41,5
4828,2024-06-25,2022.46,completed,Clothing,North,45,5
4829,2024-06-25,1038.56,pending,Food,South,27,4
4830,2024-06-25,2273.33,failed,Books,North,13,5
4831,2024-06-25,3963.49,completed,Sports,East,6,5
4832,2024-06-25,127.71,completed,Books,Central,48,4
4833,2024-06-25,1322.73,pending,Food,South,26,1
4834,2024-06-25,4184.99,completed,Sports,West,8,2
4835,2024-06-25,1470.49,failed,Food,North,19,3
4836,2024-06-25,1554.96,completed,Home,North,25,3
4837,2024-06-25,1423.27,refunded,Sports,Central,19,2
4838,2024-06-25,3415.77,completed,Home,East,43,5
4839,2024-06-25,4429.15,completed,Home,West,38,4
4840,2024-06-25,1884.35,completed,Sports,West,31,3
4841,2024-06-25,4860.8,completed,Food,North,25,3
4842,2024-06-25,773.96,pending,Food,Central,40,2
4843,2024-06-25,4359.2,pending,Books,Central,10,1
4844,2024-06-25,1777.59,completed,Food,West,29,2
4845,2024-06-25,854.94,completed,Books,Central,47,1
4846,2024-06-25,3397.67,completed,Sports,South,24,4
4847,2024-06-25,1267.14,refunded,Food,South,11,2
4848,2024-06-25,707.76,pending,Food,Central,40,4
4849,2024-06-25,2455.68,completed,Books,Central,37,5
4850,2024-06-26,891.87,completed,Sports,Central,19,1
4851,2024-06-26,2612.6,pending,Electronics,South,34,5
4852,2024-06-26,4674.11,completed,Home,South,35,1
4853,2024-06-26,29.84,pending,Home,South,24,4
4854,2024-06-26,1841.53,completed,Books,Central,3,2
4855,2024-06-26,3087.73,pending,Sports,South,37,3
4856,2024-06-26,2448.54,completed,Books,South,14,3
4857,2024-06-26,2953.53,completed,Home,South,31,3
4858,2024-06-26,126.79,pending,Sports,South,47,1
4859,2024-06-26,2673.24,completed,Sports,East,18,1
4860,2024-06-26,3304.31,refunded,Books,Central,22,3
4861,2024-06-26,2997.03,completed,Food,South,16,2
4862,2024-06-26,222.31,completed,Books,West,32,5
4863,2024-06-26,534.16,failed,Electronics,South,36,5
4864,2024-06-26,3445.27,refunded,Sports,Central,7,5
4865,2024-06-26,735.16,failed,Clothing,East,31,5
4866,2024-06-26,1556.07,failed,Electronics,East,2,2
4867,2024-06-26,2231.96,pending,Sports,West,12,2
4868,2024-06-26,2208.05,completed,Sports,East,20,4
4869,2024-06-26,285.46,completed,Sports,South,27,5
4870,2024-06-26,2263.2,completed,Clothing,Central,10,4
4871,2024-06-26,2115.12,completed,Sports,West,19,1
4872,2024-06-26,1415.21,completed,Sports,West,21,4
4873,2024-06-26,2591.71,completed,Books,West,41,3
4874,2024-06-26,3655.59,completed,Books,Central,19,5
4875,2024-06-26,4961.06,completed,Electronics,North,30,2
4876,2024-06-26,4845.74,completed,Food,Central,29,5
4877,2024-06-26,3441.85,completed,Sports,North,5,3
4878,2024-06-27,1185.3,completed,Food,East,37,4
4879,2024-06-27,4149.71,completed,Home,East,24,2
4880,2024-06-27,1674.23,completed,Clothing,Central,19,4
4881,2024-06-27,969.22,completed,Clothing,Central,34,5
4882,2024-06-27,1634.1,completed,Food,Central,31,1
4883,2024-06-27,290.61,completed,Books,West,36,1
4884,2024-06-27,1982.45,completed,Electronics,South,5,1
4885,2024-06-27,4007.79,completed,Electronics,West,25,3
4886,2024-06-27,49.03,completed,Food,East,12,1
4887,2024-06-27,10.53,completed,Clothing,Central,6,1
4888,2024-06-27,888.75,completed,Food,East,41,2
4889,2024-06-27,989.64,completed,Electronics,Central,20,4
4890,2024-06-27,3223.5,completed,Clothing,South,40,2
4891,2024-06-27,810.03,completed,Clothing,East,44,4
4892,2024-06-27,1997.75,completed,Electronics,East,14,5
4893,2024-06-27,3193.63,completed,Food,West,38,3
4894,2024-06-27,1221.58,completed,Sports,West,47,2
4895,2024-06-27,856.77,refunded,Home,East,39,4
4896,2024-06-27,4437.21,completed,Sports,East,46,1
4897,2024-06-27,1103.87,pending,Sports,West,4,3
4898,2024-06-27,4466.18,completed,Home,Central,40,2
4899,2024-06-27,4735.81,completed,Food,North,47,1
4900,2024-06-27,4639.08,completed,Electronics,East,14,3
4901,2024-06-27,2416.33,failed,Home,Central,30,3
4902,2024-06-27,3609.52,completed,Electronics,South,15,5
4903,2024-06-27,1241.07,completed,Books,Central,23,1
4904,2024-06-27,330.93,completed,Clothing,West,27,3
4905,2024-06-28,2603.57,completed,Books,Central,27,2
4906,2024-06-28,518.52,completed,Electronics,South,13,1
4907,2024-06-28,3896.84,completed,Books,West,9,5
4908,2024-06-28,2538.37,refunded,Books,East,30,2
4909,2024-06-28,327.89,pending,Home,Central,37,4
4910,2024-06-28,3600.95,completed,Sports,Central,22,5
4911,2024-06-28,2434.78,refunded,Books,West,10,5
4912,2024-06-28,2319.49,pending,Clothing,Central,19,5
4913,2024-06-28,2818.78,completed,Home,West,39,2
4914,2024-06-28,3945.95,failed,Sports,North,36,3
4915,2024-06-28,711.51,completed,Food,East,7,4
4916,2024-06-28,576.5,completed,Clothing,Central,27,3
4917,2024-06-28,864.41,completed,Clothing,North,30,5
4918,2024-06-28,1533.19,pending,Sports,West,10,1
4919,2024-06-28,3753.1,completed,Home,East,42,1
4920,2024-06-28,2972.69,completed,Clothing,South,14,2
4921,2024-06-28,321.76,refunded,Clothing,South,23,1
4922,2024-06-28,4105.6,pending,Food,North,33,2
4923,2024-06-28,237.13,completed,Sports,North,48,2
4924,2024-06-28,1042.7,completed,Home,South,1,2
4925,2024-06-28,4440.82,completed,Home,North,3,5
4926,2024-06-28,1755.53,completed,Sports,East,48,3
4927,2024-06-28,1709.69,completed,Books,West,41,5
4928,2024-06-28,953.56,pending,Electronics,South,23,1
4929,2024-06-28,901.88,completed,Home,South,44,1
4930,2024-06-28,161.58,completed,Food,North,43,4
4931,2024-06-28,4243.05,completed,Clothing,North,10,4
4932,2024-06-28,3656.18,completed,Clothing,East,42,4
4933,2024-06-29,1886.49,completed,Food,West,29,5
4934,2024-06-29,3778.9,refunded,Food,Central,35,3
4935,2024-06-29,1421.64,completed,Home,East,15,4
4936,2024-06-29,1716.53,failed,Clothing,Central,42,1
4937,2024-06-29,4421.28,completed,Food,West,26,2
4938,2024-06-29,1129.85,completed,Electronics,East,10,1
4939,2024-06-29,4272.91,pending,Clothing,South,6,4
4940,2024-06-29,1240.53,pending,Home,Central,37,3
4941,2024-06-29,4560.49,completed,Home,North,42,5
4942,2024-06-29,1147.77,pending,Home,North,21,3
4943,2024-06-29,1467.57,pending,Electronics,Central,4,3
4944,2024-06-29,2766.84,completed,Food,Central,38,3
4945,2024-06-29,1010.19,completed,Home,Central,4,3
4946,2024-06-29,136.47,completed,Books,East,44,1
4947,2024-06-29,1512.84,pending,Food,South,40,5
4948,2024-06-29,2163.4,completed,Books,North,17,1
4949,2024-06-29,72.14,completed,Sports,East,28,4
4950,2024-06-29,3930.11,completed,Clothing,North,18,4
4951,2024-06-29,1402.18,completed,Sports,South,16,4
4952,2024-06-29,886.45,completed,Sports,North,31,5
4953,2024-06-29,3136.17,completed,Food,Central,40,5
4954,2024-06-29,4389.58,completed,Clothing,South,15,2
4955,2024-06-29,2262.26,completed,Sports,East,34,4
4956,2024-06-29,2135.29,pending,Clothing,East,34,3
4957,2024-06-29,2490.87,failed,Books,East,14,3
4958,2024-06-29,799.25,pending,Electronics,West,14,1
4959,2024-06-29,1556.97,completed,Home,West,14,3
4960,2024-06-30,2280.67,completed,Electronics,East,24,2
4961,2024-06-30,4973.73,pending,Home,Central,27,2
4962,2024-06-30,1955.23,pending,Books,East,49,1
4963,2024-06-30,260.42,completed,Food,South,12,5
4964,2024-06-30,1288.32,completed,Home,South,28,2
4965,2024-06-30,4646.65,completed,Clothing,Central,33,3
4966,2024-06-30,4203.48,completed,Electronics,West,27,4
4967,2024-06-30,3113.56,completed,Sports,Central,26,3
4968,2024-06-30,2677.5,pending,Electronics,Central,27,1
4969,2024-06-30,3206.1,failed,Electronics,West,2,1
4970,2024-06-30,4810.95,completed,Food,Central,30,4
4971,2024-06-30,2203.92,pending,Sports,Central,35,4
4972,2024-06-30,4001.57,completed,Books,South,27,2
4973,2024-06-30,4386.62,completed,Home,South,6,4
4974,2024-06-30,1056.49,completed,Food,East,15,5
4975,2024-06-30,1938.16,refunded,Clothing,West,40,1
4976,2024-06-30,3603.84,completed,Electronics,East,15,2
4977,2024-06-30,1180.0,completed,Electronics,East,19,1
4978,2024-06-30,1601.58,refunded,Home,East,44,4
4979,2024-06-30,1768.68,completed,Clothing,East,7,5
4980,2024-06-30,4869.18,completed,Books,East,13,3
4981,2024-06-30,3480.8,completed,Books,South,43,1
4982,2024-06-30,2612.22,completed,Home,South,12,3
4983,2024-06-30,2239.81,completed,Food,West,11,4
4984,2024-06-30,3423.37,completed,Books,South,6,1
4985,2024-06-30,4466.1,pending,Clothing,North,45,3
4986,2024-06-30,1160.41,completed,Food,Central,39,2
4987,2024-07-01,3710.0,completed,Clothing,Central,37,3
4988,2024-07-01,1233.94,completed,Food,East,29,4
4989,2024-07-01,3887.11,completed,Clothing,West,42,4
4990,2024-07-01,3696.35,completed,Books,North,7,3
4991,2024-07-01,3462.11,completed,Home,North,6,1
4992,2024-07-01,1343.1,completed,Electronics,East,32,5
4993,2024-07-01,4959.43,pending,Home,East,19,3
4994,2024-07-01,1674.83,completed,Clothing,West,24,4
4995,2024-07-01,4404.82,completed,Clothing,Central,29,1
4996,2024-07-01,906.97,pending,Home,North,24,1
4997,2024-07-01,1890.96,pending,Electronics,North,10,3
4998,2024-07-01,125.13,completed,Home,Central,20,4
4999,2024-07-01,512.14,completed,Books,North,49,4
5000,2024-07-01,2235.73,pending,Books,North,46,1
5001,2024-07-01,4120.95,completed,Electronics,West,2,3
5002,2024-07-01,3346.61,pending,Books,East,6,5
5003,2024-07-01,2874.82,completed,Books,East,15,5
5004,2024-07-01,74.42,pending,Sports,North,11,3
5005,2024-07-01,4162.53,completed,Home,Central,3,3
5006,2024-07-01,1639.45,completed,Home,Central,2,3
5007,2024-07-01,2760.28,completed,Sports,Central,8,1
5008,2024-07-01,4110.44,failed,Electronics,North,47,2
5009,2024-07-01,273.9,completed,Sports,North,22,4
5010,2024-07-01,1588.33,completed,Sports,West,12,2
5011,2024-07-01,4774.36,completed,Home,North,1,3
5012,2024-07-01,492.44,completed,Books,South,3,4
5013,2024-07-01,1829.62,completed,Food,East,29,2
5014,2024-07-01,4495.75,completed,Electronics,East,45,3
5015,2024-07-02,610.65,pending,Books,South,19,5
5016,2024-07-02,3422.06,completed,Home,West,47,1
5017,2024-07-02,3447.89,completed,Electronics,North,10,1
5018,2024-07-02,1223.69,completed,Sports,Central,38,3
5019,2024-07-02,733.78,completed,Books,Central,20,1
5020,2024-07-02,3802.71,completed,Food,North,32,1
5021,2024-07-02,1152.09,completed,Food,West,35,4
5022,2024-07-02,3889.89,pending,Electronics,Central,13,4
5023,2024-07-02,4537.46,completed,Clothing,South,15,2
5024,2024-07-02,244.78,pending,Books,South,14,2
5025,2024-07-02,1405.97,completed,Books,Central,14,5
5026,2024-07-02,3643.05,completed,Home,North,20,1
5027,2024-07-02,2833.84,completed,Home,Central,13,4
5028,2024-07-02,2585.83,completed,Home,Central,28,2
5029,2024-07-02,2346.45,pending,Clothing,West,32,3
5030,2024-07-02,4785.52,completed,Home,South,23,5
5031,2024-07-02,3887.72,pending,Food,West,19,3
5032,2024-07-02,2769.61,completed,Clothing,Central,41,4
5033,2024-07-02,1641.97,pending,Electronics,South,37,1
5034,2024-07-02,128.58,completed,Sports,Central,24,3
5035,2024-07-02,3391.81,completed,Books,West,46,1
5036,2024-07-02,785.67,completed,Sports,West,35,5
5037,2024-07-02,793.75,completed,Electronics,East,18,1
5038,2024-07-02,531.56,completed,Sports,South,17,4
5039,2024-07-02,4406.24,completed,Books,North,25,4
5040,2024-07-02,2892.75,pending,Food,North,19,3
5041,2024-07-02,4016.71,failed,Books,East,29,4
5042,2024-07-03,85.05,pending,Books,North,40,5
5043,2024-07-03,2382.63,completed,Sports,North,5,5
5044,2024-07-03,3126.35,pending,Sports,West,29,1
5045,2024-07-03,4581.08,completed,Electronics,North,19,3
5046,2024-07-03,2999.52,pending,Electronics,East,24,4
5047,2024-07-03,666.08,completed,Food,East,12,2
5048,2024-07-03,3555.37,completed,Books,West,4,5
5049,2024-07-03,1788.68,pending,Home,East,20,3
5050,2024-07-03,1219.83,completed,Sports,North,46,1
5051,2024-07-03,4246.24,completed,Books,Central,27,1
5052,2024-07-03,2801.05,completed,Food,South,29,5
5053,2024-07-03,2468.13,completed,Electronics,North,37,2
5054,2024-07-03,4206.71,failed,Home,North,29,1
5055,2024-07-03,4705.2,completed,Clothing,South,36,4
5056,2024-07-03,3197.79,completed,Sports,Central,19,2
5057,2024-07-03,4226.57,failed,Food,West,26,2
5058,2024-07-03,2116.97,completed,Home,South,36,5
5059,2024-07-03,4518.44,pending,Electronics,South,13,2
5060,2024-07-03,3599.55,completed,Sports,North,22,1
5061,2024-07-03,4554.25,pending,Clothing,North,14,4
5062,2024-07-03,4320.99,completed,Sports,North,12,1
5063,2024-07-03,1783.83,failed,Food,Central,20,4
5064,2024-07-03,4423.66,completed,Home,East,32,4
5065,2024-07-03,2730.11,completed,Home,South,33,5
5066,2024-07-03,3977.84,completed,Clothing,North,31,5
5067,2024-07-03,3550.24,completed,Food,Central,28,5
5068,2024-07-03,4622.11,pending,Home,South,8,5
5069,2024-07-04,3523.27,completed,Clothing,East,17,4
5070,2024-07-04,3605.69,pending,Clothing,East,28,1
5071,2024-07-04,4984.62,completed,Home,West,43,4
5072,2024-07-04,4346.15,completed,Clothing,North,45,4
5073,2024-07-04,3065.96,completed,Food,East,1,4
5074,2024-07-04,3755.67,completed,Home,East,20,1
5075,2024-07-04,1283.75,completed,Clothing,South,48,5
5076,2024-07-04,2747.19,completed,Home,West,26,4
5077,2024-07-04,4908.37,failed,Home,North,28,1
5078,2024-07-04,867.12,failed,Clothing,West,10,5
5079,2024-07-04,4483.95,failed,Sports,North,14,3
5080,2024-07-04,3720.13,pending,Food,South,36,2
5081,2024-07-04,1453.71,completed,Books,North,14,2
5082,2024-07-04,4732.62,refunded,Electronics,North,11,3
5083,2024-07-04,2132.32,completed,Books,West,5,1
5084,2024-07-04,2365.13,completed,Clothing,Central,31,2
5085,2024-07-04,2417.49,completed,Sports,Central,29,5
5086,2024-07-04,984.25,completed,Food,West,42,1
5087,2024-07-04,3194.08,completed,Home,West,31,1
5088,2024-07-04,2612.44,completed,Electronics,South,23,5
5089,2024-07-04,4914.1,completed,Food,North,18,1
5090,2024-07-04,3878.11,completed,Electronics,Central,15,1
5091,2024-07-04,2196.82,completed,Electronics,West,21,4
5092,2024-07-04,4448.39,pending,Food,North,42,3
5093,2024-07-04,4624.57,completed,Home,South,6,2
5094,2024-07-04,2866.8,completed,Sports,North,9,1
5095,2024-07-04,4800.36,completed,Sports,West,17,4
5096,2024-07-04,2605.33,completed,Home,West,17,3
5097,2024-07-05,1104.54,pending,Clothing,South,21,4
5098,2024-07-05,2630.68,completed,Clothing,East,3,5
5099,2024-07-05,2441.82,completed,Clothing,Central,40,5
5100,2024-07-05,2567.41,completed,Home,West,22,1
5101,2024-07-05,885.72,failed,Home,East,6,2
5102,2024-07-05,1028.39,completed,Electronics,West,4,2
5103,2024-07-05,1976.14,pending,Books,East,37,4
5104,2024-07-05,3780.65,failed,Clothing,South,17,1
5105,2024-07-05,1166.35,completed,Clothing,West,37,5
5106,2024-07-05,415.8,completed,Books,South,32,3
5107,2024-07-05,1343.42,failed,Electronics,South,10,2
5108,2024-07-05,1990.61,completed,Home,West,33,5
5109,2024-07-05,287.0,completed,Clothing,South,39,4
5110,2024-07-05,2055.98,completed,Home,Central,44,2
5111,2024-07-05,2939.33,completed,Electronics,North,48,3
5112,2024-07-05,4124.49,completed,Sports,East,43,1
5113,2024-07-05,2426.91,completed,Electronics,East,37,3
5114,2024-07-05,3657.99,completed,Food,North,39,1
5115,2024-07-05,3392.31,completed,Clothing,East,6,1
5116,2024-07-05,2706.34,failed,Home,West,17,1
5117,2024-07-05,2804.12,pending,Clothing,West,31,3
5118,2024-07-05,1457.7,completed,Electronics,East,2,2
5119,2024-07-05,741.12,completed,Sports,South,34,1
5120,2024-07-05,2654.08,pending,Electronics,South,21,3
5121,2024-07-05,1359.46,completed,Sports,North,14,4
5122,2024-07-05,1856.92,failed,Sports,North,21,1
5123,2024-07-05,3748.91,completed,Sports,West,2,1
5124,2024-07-06,3354.59,completed,Clothing,Central,5,1
5125,2024-07-06,747.63,completed,Sports,South,9,3
5126,2024-07-06,658.36,completed,Home,Central,1,3
5127,2024-07-06,4284.5,failed,Clothing,Central,34,1
5128,2024-07-06,1948.51,completed,Books,West,23,2
5129,2024-07-06,919.03,completed,Clothing,North,5,1
5130,2024-07-06,3069.17,completed,Electronics,South,45,5
5131,2024-07-06,4837.69,completed,Electronics,South,39,4
5132,2024-07-06,3024.56,pending,Home,West,27,3
5133,2024-07-06,3012.76,completed,Sports,North,7,3
5134,2024-07-06,4445.07,completed,Clothing,South,16,3
5135,2024-07-06,1003.53,completed,Clothing,Central,46,5
5136,2024-07-06,2813.49,pending,Clothing,North,18,5
5137,2024-07-06,1211.57,completed,Clothing,North,11,3
5138,2024-07-06,3419.66,completed,Electronics,Central,48,2
5139,2024-07-06,2841.19,failed,Books,East,1,2
5140,2024-07-06,4281.04,refunded,Home,West,49,3
5141,2024-07-06,2912.11,pending,Sports,Central,44,4
5142,2024-07-06,3003.14,completed,Sports,Central,47,3
5143,2024-07-06,2435.65,completed,Home,South,44,4
5144,2024-07-06,284.86,completed,Sports,Central,47,1
5145,2024-07-06,2359.22,completed,Clothing,Central,47,2
5146,2024-07-06,226.46,completed,Food,West,31,2
5147,2024-07-06,3073.43,completed,Clothing,North,13,3
5148,2024-07-06,1183.08,completed,Books,West,19,4
5149,2024-07-06,76.24,completed,Home,North,23,3
5150,2024-07-06,3811.69,completed,Sports,North,10,5
5151,2024-07-06,1650.31,pending,Clothing,East,15,2
5152,2024-07-07,3259.53,completed,Home,North,45,4
5153,2024-07-07,3437.79,completed,Books,East,29,4
5154,2024-07-07,2501.77,completed,Books,South,26,1
5155,2024-07-07,14.56,completed,Clothing,South,4,1
5156,2024-07-07,4001.57,completed,Clothing,North,36,3
5157,2024-07-07,1873.39,completed,Sports,North,42,5
5158,2024-07-07,1277.77,completed,Electronics,South,22,1
5159,2024-07-07,3716.94,completed,Clothing,South,23,3
5160,2024-07-07,3948.74,completed,Clothing,North,2,3
5161,2024-07-07,4065.14,completed,Home,South,12,3
5162,2024-07-07,3847.6,failed,Electronics,Central,36,5
5163,2024-07-07,935.77,completed,Electronics,Central,21,4
5164,2024-07-07,3887.72,completed,Electronics,West,37,5
5165,2024-07-07,1228.69,completed,Electronics,North,20,1
5166,2024-07-07,1539.8,completed,Books,North,43,2
5167,2024-07-07,1304.08,completed,Home,West,26,5
5168,2024-07-07,1101.3,completed,Electronics,North,44,5
5169,2024-07-07,2895.82,completed,Home,Central,38,2
5170,2024-07-07,3090.45,pending,Electronics,West,9,1
5171,2024-07-07,3740.69,completed,Clothing,East,44,1
5172,2024-07-07,999.0,completed,Electronics,South,46,5
5173,2024-07-07,2370.04,completed,Home,North,21,4
5174,2024-07-07,2983.52,completed,Books,Central,45,4
5175,2024-07-07,1838.81,failed,Sports,South,48,5
5176,2024-07-07,1116.25,completed,Electronics,Central,30,5
5177,2024-07-07,399.24,completed,Books,East,47,4
5178,2024-07-07,1398.36,refunded,Books,West,3,2
5179,2024-07-08,2614.04,pending,Food,Central,3,4
5180,2024-07-08,850.42,completed,Books,South,47,3
5181,2024-07-08,4381.24,completed,Clothing,Central,48,3
5182,2024-07-08,3537.76,completed,Clothing,Central,35,5
5183,2024-07-08,518.46,failed,Sports,South,16,4
5184,2024-07-08,1020.92,completed,Home,South,6,3
5185,2024-07-08,267.04,completed,Sports,Central,29,1
5186,2024-07-08,4281.11,completed,Home,East,39,2
5187,2024-07-08,1165.98,completed,Food,West,41,4
5188,2024-07-08,4836.58,completed,Home,North,25,4
5189,2024-07-08,4882.57,completed,Home,South,42,5
5190,2024-07-08,1228.75,failed,Home,East,44,1
5191,2024-07-08,4627.62,failed,Electronics,South,36,1
5192,2024-07-08,1770.56,completed,Electronics,South,8,2
5193,2024-07-08,1669.22,completed,Books,East,40,4
5194,2024-07-08,4546.37,refunded,Clothing,West,26,1
5195,2024-07-08,2973.61,completed,Food,East,23,4
5196,2024-07-08,3428.01,completed,Clothing,West,44,1
5197,2024-07-08,2082.12,completed,Clothing,South,34,5
5198,2024-07-08,2616.16,completed,Clothing,East,32,2
5199,2024-07-08,3872.48,refunded,Home,West,18,3
5200,2024-07-08,860.81,failed,Books,West,20,4
5201,2024-07-08,4938.09,completed,Books,South,38,1
5202,2024-07-08,4004.68,pending,Home,South,13,4
5203,2024-07-08,1346.97,completed,Home,South,21,3
5204,2024-07-08,3503.19,completed,Home,North,36,3
5205,2024-07-08,75.46,failed,Home,West,19,3
5206,2024-07-09,3757.89,completed,Clothing,South,20,5
5207,2024-07-09,3989.07,completed,Electronics,South,16,3
5208,2024-07-09,708.6,completed,Food,West,33,2
5209,2024-07-09,1532.78,failed,Food,South,37,4
5210,2024-07-09,3247.77,completed,Sports,North,20,2
5211,2024-07-09,3537.16,failed,Electronics,North,31,1
5212,2024-07-09,351.86,completed,Sports,East,24,4
5213,2024-07-09,2138.74,completed,Sports,South,32,5
5214,2024-07-09,2405.22,pending,Home,West,6,4
5215,2024-07-09,3414.44,pending,Books,South,11,5
5216,2024-07-09,1755.73,completed,Electronics,Central,43,2
5217,2024-07-09,1804.87,completed,Sports,Central,43,1
5218,2024-07-09,1093.51,completed,Electronics,South,38,5
5219,2024-07-09,4548.3,completed,Clothing,West,2,2
5220,2024-07-09,483.16,completed,Sports,East,48,5
5221,2024-07-09,2451.79,completed,Food,East,8,4
5222,2024-07-09,723.04,completed,Sports,South,27,2
5223,2024-07-09,160.48,completed,Sports,West,9,1
5224,2024-07-09,3476.58,completed,Sports,West,37,3
5225,2024-07-09,836.57,failed,Food,Central,10,3
5226,2024-07-09,2916.25,completed,Home,North,5,2
5227,2024-07-09,3126.89,completed,Clothing,South,5,3
5228,2024-07-09,4880.41,completed,Home,North,17,2
5229,2024-07-09,2160.6,completed,Sports,North,10,5
5230,2024-07-09,385.94,completed,Books,East,10,5
5231,2024-07-09,2306.83,refunded,Home,West,6,3
5232,2024-07-09,677.1,completed,Sports,South,12,4
5233,2024-07-09,2596.25,completed,Books,North,40,2
5234,2024-07-10,2402.07,completed,Food,East,9,1
5235,2024-07-10,2277.71,completed,Home,East,35,3
5236,2024-07-10,3963.1,failed,Home,East,20,1
5237,2024-07-10,1871.07,completed,Home,North,4,5
5238,2024-07-10,3803.64,completed,Sports,East,15,2
5239,2024-07-10,3912.09,failed,Sports,Central,36,4
5240,2024-07-10,1829.67,pending,Books,North,24,2
5241,2024-07-10,1583.18,completed,Home,West,40,5
5242,2024-07-10,108.78,completed,Food,Central,44,5
5243,2024-07-10,3893.62,failed,Clothing,East,28,1
5244,2024-07-10,3679.43,completed,Home,North,7,5
5245,2024-07-10,763.17,completed,Food,West,17,2
5246,2024-07-10,792.8,completed,Sports,South,12,5
5247,2024-07-10,3840.77,failed,Food,North,18,2
5248,2024-07-10,649.15,completed,Books,East,34,5
5249,2024-07-10,3985.09,completed,Clothing,West,11,2
5250,2024-07-10,1113.78,completed,Books,West,8,4
5251,2024-07-10,2418.1,refunded,Books,South,49,3
5252,2024-07-10,954.28,failed,Electronics,North,16,3
5253,2024-07-10,1282.62,completed,Clothing,West,3,2
5254,2024-07-10,2897.2,completed,Books,South,16,2
5255,2024-07-10,4263.53,pending,Home,West,14,5
5256,2024-07-10,2962.36,completed,Clothing,Central,48,5
5257,2024-07-10,1062.5,pending,Food,Central,31,4
5258,2024-07-10,2770.73,completed,Clothing,West,19,2
5259,2024-07-10,884.49,completed,Books,North,47,4
5260,2024-07-10,2585.9,completed,Food,North,46,4
5261,2024-07-11,1114.26,completed,Sports,Central,7,5
5262,2024-07-11,3914.15,completed,Home,West,14,2
5263,2024-07-11,4267.19,completed,Books,East,27,2
5264,2024-07-11,3125.38,completed,Books,South,7,4
5265,2024-07-11,1979.7,failed,Sports,South,26,4
5266,2024-07-11,4192.65,completed,Books,West,29,3
5267,2024-07-11,1823.16,completed,Home,South,37,4
5268,2024-07-11,1766.31,completed,Books,North,40,3
5269,2024-07-11,632.93,completed,Electronics,East,25,2
5270,2024-07-11,4342.74,completed,Clothing,South,30,5
5271,2024-07-11,701.8,pending,Food,West,4,5
5272,2024-07-11,4736.78,completed,Clothing,East,15,1
5273,2024-07-11,3661.74,completed,Books,South,47,3
5274,2024-07-11,4207.67,pending,Home,Central,41,1
5275,2024-07-11,2428.94,completed,Books,East,46,3
5276,2024-07-11,1264.59,completed,Food,Central,42,3
5277,2024-07-11,2458.44,completed,Food,East,46,3
5278,2024-07-11,4011.06,completed,Books,East,24,1
5279,2024-07-11,2360.61,pending,Sports,Central,22,5
5280,2024-07-11,1380.21,refunded,Clothing,East,45,3
5281,2024-07-11,2801.81,completed,Food,West,23,3
5282,2024-07-11,167.23,completed,Books,East,46,1
5283,2024-07-11,3712.6,pending,Home,South,26,5
5284,2024-07-11,3325.77,failed,Home,South,32,3
5285,2024-07-11,1129.82,completed,Electronics,South,37,2
5286,2024-07-11,1094.43,pending,Sports,South,13,3
5287,2024-07-11,3871.81,completed,Electronics,West,45,1
5288,2024-07-11,1478.34,completed,Sports,Central,39,1
5289,2024-07-12,2829.27,failed,Books,West,7,5
5290,2024-07-12,2789.65,completed,Home,Central,44,3
5291,2024-07-12,3039.19,completed,Clothing,Central,4,1
5292,2024-07-12,199.33,completed,Home,Central,16,2
5293,2024-07-12,2307.98,completed,Home,West,15,4
5294,2024-07-12,3868.47,completed,Sports,North,7,5
5295,2024-07-12,3749.75,completed,Food,East,13,1
5296,2024-07-12,2167.83,completed,Sports,South,22,3
5297,2024-07-12,579.86,completed,Sports,North,42,3
5298,2024-07-12,2665.34,completed,Home,West,29,2
5299,2024-07-12,3044.66,refunded,Clothing,West,25,5
5300,2024-07-12,4090.76,completed,Clothing,Central,24,1
5301,2024-07-12,3842.17,completed,Food,West,16,3
5302,2024-07-12,1864.82,completed,Books,North,49,5
5303,2024-07-12,3129.4,completed,Home,North,9,3
5304,2024-07-12,2636.22,completed,Clothing,North,40,1
5305,2024-07-12,1107.83,failed,Clothing,North,11,3
5306,2024-07-12,1332.38,pending,Clothing,North,48,5
5307,2024-07-12,3555.21,completed,Food,Central,40,1
5308,2024-07-12,3619.88,pending,Electronics,Central,9,2
5309,2024-07-12,3592.34,completed,Sports,South,29,2
5310,2024-07-12,1697.38,failed,Books,East,12,2
5311,2024-07-12,2551.0,completed,Sports,Central,29,5
5312,2024-07-12,992.35,completed,Sports,South,1,4
5313,2024-07-12,3459.25,refunded,Sports,South,20,3
5314,2024-07-12,1787.75,completed,Food,East,38,1
5315,2024-07-12,1628.85,completed,Food,North,16,2
5316,2024-07-13,1747.62,refunded,Clothing,North,35,2
5317,2024-07-13,251.14,failed,Electronics,West,4,5
5318,2024-07-13,2209.6,completed,Books,Central,19,4
5319,2024-07-13,2662.45,completed,Sports,North,17,5
5320,2024-07-13,358.19,failed,Food,East,21,5
5321,2024-07-13,1863.97,completed,Food,South,3,4
5322,2024-07-13,4931.75,completed,Clothing,East,20,3
5323,2024-07-13,2299.66,completed,Electronics,West,38,4
5324,2024-07-13,2007.82,completed,Electronics,Central,7,1
5325,2024-07-13,2935.57,completed,Sports,East,22,5
5326,2024-07-13,1833.93,completed,Food,North,23,5
5327,2024-07-13,617.34,completed,Electronics,Central,18,3
5328,2024-07-13,3995.81,completed,Food,South,40,5
5329,2024-07-13,3984.19,completed,Clothing,South,11,2
5330,2024-07-13,3654.92,completed,Clothing,South,22,4
5331,2024-07-13,1369.61,completed,Books,Central,49,5
5332,2024-07-13,2823.46,completed,Clothing,South,15,3
5333,2024-07-13,2356.14,completed,Electronics,South,21,2
5334,2024-07-13,3400.22,completed,Food,South,27,3
5335,2024-07-13,3592.59,pending,Electronics,East,34,5
5336,2024-07-13,1975.35,completed,Clothing,West,12,2
5337,2024-07-13,3887.35,completed,Home,West,16,5
5338,2024-07-13,3124.19,completed,Food,Central,8,2
5339,2024-07-13,3690.39,completed,Electronics,South,27,4
5340,2024-07-13,3560.52,pending,Clothing,North,27,4
5341,2024-07-13,3863.77,refunded,Clothing,Central,21,3
5342,2024-07-13,2853.43,completed,Books,North,31,2
5343,2024-07-14,3075.68,refunded,Clothing,South,24,1
5344,2024-07-14,549.75,completed,Home,South,5,1
5345,2024-07-14,2656.25,pending,Food,Central,28,3
5346,2024-07-14,4537.9,completed,Books,Central,19,1
5347,2024-07-14,1430.09,completed,Sports,North,42,1
5348,2024-07-14,1998.2,failed,Home,South,37,4
5349,2024-07-14,2989.87,refunded,Sports,West,4,3
5350,2024-07-14,1495.45,completed,Home,Central,41,3
5351,2024-07-14,1059.43,completed,Food,Central,21,3
5352,2024-07-14,4527.71,completed,Food,North,15,1
5353,2024-07-14,323.18,completed,Food,Central,4,2
5354,2024-07-14,1222.78,completed,Electronics,North,35,5
5355,2024-07-14,3173.96,failed,Books,South,24,1
5356,2024-07-14,4204.7,refunded,Food,East,41,1
5357,2024-07-14,678.39,completed,Food,North,29,3
5358,2024-07-14,1564.07,completed,Clothing,West,29,3
5359,2024-07-14,4077.28,pending,Home,North,43,4
5360,2024-07-14,835.19,pending,Electronics,East,38,5
5361,2024-07-14,317.1,completed,Food,South,13,1
5362,2024-07-14,215.94,completed,Electronics,South,7,2
5363,2024-07-14,4485.74,pending,Books,East,23,5
5364,2024-07-14,4089.17,completed,Sports,North,37,2
5365,2024-07-14,2341.95,completed,Clothing,Central,9,1
5366,2024-07-14,4536.01,completed,Sports,South,37,4
5367,2024-07-14,481.4,completed,Home,Central,15,1
5368,2024-07-14,196.08,completed,Books,West,32,4
5369,2024-07-14,2449.62,refunded,Electronics,North,21,5
5370,2024-07-14,3877.98,completed,Food,North,17,2
5371,2024-07-15,374.5,refunded,Sports,South,21,3
5372,2024-07-15,1746.57,failed,Clothing,Central,27,5
5373,2024-07-15,706.64,completed,Home,East,4,4
5374,2024-07-15,3594.27,completed,Food,North,10,5
5375,2024-07-15,1342.7,pending,Books,North,19,1
5376,2024-07-15,2732.77,completed,Clothing,West,27,1
5377,2024-07-15,48.24,completed,Sports,East,27,2
5378,2024-07-15,2147.17,pending,Home,West,41,4
5379,2024-07-15,416.44,completed,Books,North,35,2
5380,2024-07-15,4505.29,failed,Sports,West,29,4
5381,2024-07-15,3248.79,pending,Clothing,Central,3,4
5382,2024-07-15,2761.23,completed,Electronics,East,14,5
5383,2024-07-15,1654.12,completed,Home,East,1,1
5384,2024-07-15,139.63,completed,Books,South,21,5
5385,2024-07-15,1932.58,completed,Home,Central,42,3
5386,2024-07-15,1031.44,completed,Food,North,28,1
5387,2024-07-15,2501.92,completed,Home,East,19,2
5388,2024-07-15,530.11,failed,Books,East,30,1
5389,2024-07-15,2793.07,pending,Food,Central,12,2
5390,2024-07-15,4134.04,completed,Food,South,28,2
5391,2024-07-15,2079.44,completed,Clothing,Central,40,2
5392,2024-07-15,260.12,failed,Clothing,East,42,4
5393,2024-07-15,2913.62,completed,Clothing,North,2,5
5394,2024-07-15,4677.16,pending,Food,West,3,4
5395,2024-07-15,4699.89,completed,Sports,North,37,5
5396,2024-07-15,1904.65,completed,Home,South,30,3
5397,2024-07-15,2156.43,completed,Home,East,39,4
5398,2024-07-16,1453.05,pending,Sports,East,23,2
5399,2024-07-16,4541.69,completed,Electronics,North,14,3
5400,2024-07-16,1057.05,failed,Electronics,Central,8,5
5401,2024-07-16,2785.14,completed,Home,West,40,1
5402,2024-07-16,2457.33,completed,Books,North,3,5
5403,2024-07-16,447.2,completed,Food,North,23,2
5404,2024-07-16,2519.67,completed,Clothing,Central,42,1
5405,2024-07-16,2823.28,completed,Home,Central,20,5
5406,2024-07-16,1384.67,pending,Sports,South,46,2
5407,2024-07-16,877.95,completed,Books,South,25,4
5408,2024-07-16,2237.43,completed,Clothing,East,29,3
5409,2024-07-16,4828.94,completed,Sports,East,28,4
5410,2024-07-16,4789.17,completed,Home,North,49,2
5411,2024-07-16,1957.04,completed,Home,Central,16,3
5412,2024-07-16,3980.67,pending,Clothing,South,13,4
5413,2024-07-16,3883.51,completed,Food,West,17,4
5414,2024-07-16,4706.72,completed,Sports,North,4,1
5415,2024-07-16,3304.32,completed,Clothing,Central,3,4
5416,2024-07-16,1483.46,completed,Electronics,South,42,5
5417,2024-07-16,4917.93,refunded,Clothing,West,7,1
5418,2024-07-16,1724.2,completed,Food,North,14,4
5419,2024-07-16,677.37,completed,Clothing,East,45,3
5420,2024-07-16,2411.33,completed,Books,East,28,3
5421,2024-07-16,4811.43,completed,Food,East,25,2
5422,2024-07-16,3234.16,completed,Food,Central,16,4
5423,2024-07-16,3075.67,completed,Home,East,10,4
5424,2024-07-16,1662.98,completed,Clothing,Central,17,1
5425,2024-07-16,3668.71,completed,Food,West,22,4
5426,2024-07-17,910.8,completed,Clothing,Central,44,5
5427,2024-07-17,492.11,failed,Clothing,North,20,4
5428,2024-07-17,4369.53,completed,Home,East,25,5
5429,2024-07-17,2598.51,completed,Books,South,38,3
5430,2024-07-17,4432.09,completed,Food,North,3,3
5431,2024-07-17,187.14,completed,Clothing,North,22,2
5432,2024-07-17,3523.98,completed,Books,East,31,1
5433,2024-07-17,641.39,completed,Clothing,East,3,3
5434,2024-07-17,751.0,pending,Home,East,48,5
5435,2024-07-17,1047.09,refunded,Sports,West,15,4
5436,2024-07-17,210.06,completed,Clothing,Central,12,4
5437,2024-07-17,4939.77,pending,Books,North,45,1
5438,2024-07-17,3256.13,completed,Books,East,34,1
5439,2024-07-17,4519.98,completed,Books,Central,23,1
5440,2024-07-17,735.3,completed,Sports,West,22,3
5441,2024-07-17,3979.75,pending,Clothing,East,10,2
5442,2024-07-17,468.19,completed,Books,Central,14,1
5443,2024-07-17,686.28,failed,Clothing,Central,10,3
5444,2024-07-17,4373.38,completed,Clothing,West,45,1
5445,2024-07-17,898.07,completed,Books,North,27,1
5446,2024-07-17,4024.3,completed,Home,Central,2,3
5447,2024-07-17,4564.42,completed,Food,Central,15,5
5448,2024-07-17,198.59,pending,Sports,Central,46,5
5449,2024-07-17,4682.75,completed,Home,South,6,1
5450,2024-07-17,2754.09,pending,Clothing,Central,5,4
5451,2024-07-17,3080.65,completed,Electronics,South,6,5
5452,2024-07-17,4195.28,completed,Electronics,West,35,2
5453,2024-07-18,3360.88,completed,Food,North,26,3
5454,2024-07-18,4819.75,failed,Books,South,1,2
5455,2024-07-18,4593.21,completed,Sports,West,11,1
5456,2024-07-18,1263.71,completed,Home,West,44,2
5457,2024-07-18,3703.06,completed,Food,South,29,5
5458,2024-07-18,1937.03,completed,Home,Central,37,3
5459,2024-07-18,592.19,pending,Books,North,9,1
5460,2024-07-18,1523.42,completed,Home,South,3,5
5461,2024-07-18,261.51,completed,Home,Central,38,4
5462,2024-07-18,2626.38,pending,Food,South,35,4
5463,2024-07-18,28.48,completed,Home,North,7,2
5464,2024-07-18,881.39,pending,Books,West,34,2
5465,2024-07-18,4978.9,completed,Sports,Central,28,1
5466,2024-07-18,4702.07,pending,Books,North,23,4
5467,2024-07-18,3013.59,failed,Electronics,North,26,2
5468,2024-07-18,4920.88,pending,Electronics,West,45,5
5469,2024-07-18,2323.18,completed,Electronics,West,47,3
5470,2024-07-18,2421.64,completed,Food,West,45,3
5471,2024-07-18,2222.63,completed,Electronics,Central,1,1
5472,2024-07-18,188.72,completed,Electronics,East,25,4
5473,2024-07-18,1717.6,completed,Books,North,7,5
5474,2024-07-18,2633.54,completed,Home,South,1,2
5475,2024-07-18,2573.4,completed,Home,East,47,5
5476,2024-07-18,2544.93,completed,Sports,North,36,1
5477,2024-07-18,1787.44,pending,Books,West,35,3
5478,2024-07-18,3582.91,pending,Electronics,West,30,4
5479,2024-07-18,4754.04,completed,Books,West,16,1
5480,2024-07-19,4004.39,completed,Electronics,South,27,5
5481,2024-07-19,1620.47,pending,Home,East,7,2
5482,2024-07-19,1437.7,completed,Sports,East,24,1
5483,2024-07-19,4423.03,completed,Clothing,South,6,1
5484,2024-07-19,1093.62,completed,Home,West,21,4
5485,2024-07-19,596.14,completed,Books,East,6,1
5486,2024-07-19,1336.42,completed,Books,South,22,3
5487,2024-07-19,2694.14,completed,Electronics,Central,34,3
5488,2024-07-19,48.37,pending,Home,North,5,4
5489,2024-07-19,988.94,completed,Electronics,South,23,1
5490,2024-07-19,1286.37,completed,Food,South,5,2
5491,2024-07-19,2795.27,refunded,Clothing,North,27,2
5492,2024-07-19,3648.54,failed,Clothing,West,4,5
5493,2024-07-19,4911.69,completed,Books,North,42,4
5494,2024-07-19,1005.77,pending,Home,West,12,3
5495,2024-07-19,3488.09,completed,Books,West,17,5
5496,2024-07-19,1149.96,completed,Electronics,North,3,1
5497,2024-07-19,2993.26,completed,Electronics,West,10,3
5498,2024-07-19,1284.6,completed,Clothing,South,49,1
5499,2024-07-19,2326.28,pending,Clothing,West,17,2
5500,2024-07-19,2395.21,completed,Food,Central,36,5
5501,2024-07-19,4785.81,pending,Clothing,West,46,3
5502,2024-07-19,1302.82,pending,Books,North,25,4
5503,2024-07-19,4126.3,completed,Sports,East,3,5
5504,2024-07-19,3651.58,completed,Clothing,Central,15,1
5505,2024-07-19,2740.59,completed,Home,East,31,5
5506,2024-07-19,3548.51,completed,Clothing,North,44,3
5507,2024-07-19,1792.71,completed,Electronics,Central,24,4
5508,2024-07-20,3152.14,pending,Clothing,East,16,5
5509,2024-07-20,738.89,completed,Food,South,36,2
5510,2024-07-20,3945.88,completed,Food,Central,48,3
5511,2024-07-20,1685.19,pending,Food,South,37,2
5512,2024-07-20,4928.8,refunded,Home,Central,29,3
5513,2024-07-20,2178.35,pending,Food,West,37,2
5514,2024-07-20,4652.68,completed,Home,East,15,1
5515,2024-07-20,1306.54,failed,Sports,North,43,3
5516,2024-07-20,1466.49,completed,Books,Central,5,5
5517,2024-07-20,4013.76,pending,Books,Central,40,4
5518,2024-07-20,4409.81,completed,Electronics,Central,35,3
5519,2024-07-20,2446.88,completed,Clothing,South,1,3
5520,2024-07-20,329.13,completed,Sports,South,7,5
5521,2024-07-20,1753.79,completed,Books,Central,46,1
5522,2024-07-20,4027.34,completed,Clothing,North,17,1
5523,2024-07-20,2401.71,completed,Food,North,17,2
5524,2024-07-20,3595.03,completed,Electronics,West,49,1
5525,2024-07-20,1898.4,completed,Books,West,34,1
5526,2024-07-20,174.63,completed,Home,East,3,3
5527,2024-07-20,3385.84,pending,Home,Central,6,5
5528,2024-07-20,1494.98,pending,Electronics,West,7,1
5529,2024-07-20,2442.7,pending,Books,South,20,5
5530,2024-07-20,4561.76,completed,Electronics,North,22,4
5531,2024-07-20,1117.75,completed,Books,South,34,3
5532,2024-07-20,1755.87,pending,Food,North,4,1
5533,2024-07-20,790.36,failed,Books,Central,39,1
5534,2024-07-20,192.87,pending,Clothing,East,31,1
5535,2024-07-21,2068.07,completed,Clothing,Central,37,4
5536,2024-07-21,502.55,completed,Sports,South,42,4
5537,2024-07-21,1505.26,completed,Food,Central,36,4
5538,2024-07-21,4247.25,completed,Home,East,24,1
5539,2024-07-21,224.63,completed,Sports,West,43,2
5540,2024-07-21,3169.47,failed,Food,East,28,2
5541,2024-07-21,1949.62,pending,Books,North,45,1
5542,2024-07-21,1959.69,completed,Home,West,26,3
5543,2024-07-21,2509.19,completed,Electronics,East,33,3
5544,2024-07-21,1730.64,completed,Sports,East,20,2
5545,2024-07-21,416.75,refunded,Sports,West,11,3
5546,2024-07-21,4429.29,completed,Electronics,West,46,2
5547,2024-07-21,970.31,pending,Sports,South,44,3
5548,2024-07-21,3425.04,completed,Home,North,4,5
5549,2024-07-21,3766.4,pending,Food,North,39,2
5550,2024-07-21,1042.23,completed,Sports,North,40,3
5551,2024-07-21,803.94,completed,Electronics,Central,49,2
5552,2024-07-21,4565.78,pending,Clothing,East,38,4
5553,2024-07-21,138.21,completed,Sports,North,29,5
5554,2024-07-21,2186.9,completed,Books,Central,24,1
5555,2024-07-21,357.01,completed,Sports,North,16,1
5556,2024-07-21,2132.44,completed,Clothing,Central,40,3
5557,2024-07-21,964.25,failed,Food,North,44,2
5558,2024-07-21,4592.71,completed,Electronics,South,2,5
5559,2024-07-21,1579.4,pending,Books,Central,27,1
5560,2024-07-21,3989.91,pending,Clothing,West,16,5
5561,2024-07-21,1876.09,completed,Electronics,West,42,2
5562,2024-07-21,2657.1,completed,Sports,South,45,2
5563,2024-07-22,3386.97,pending,Books,South,20,5
5564,2024-07-22,3363.39,completed,Electronics,East,41,1
5565,2024-07-22,4251.6,pending,Sports,South,20,3
5566,2024-07-22,1595.4,pending,Food,North,47,4
5567,2024-07-22,2442.38,completed,Clothing,West,33,4
5568,2024-07-22,4177.41,completed,Books,South,34,4
5569,2024-07-22,1612.08,completed,Electronics,South,22,1
5570,2024-07-22,1058.21,failed,Books,Central,7,1
5571,2024-07-22,1397.2,completed,Clothing,East,14,1
5572,2024-07-22,1648.85,completed,Sports,West,48,5
5573,2024-07-22,797.06,completed,Books,West,6,2
5574,2024-07-22,918.45,completed,Clothing,South,23,5
5575,2024-07-22,271.22,pending,Food,North,7,2
5576,2024-07-22,1122.45,completed,Home,South,49,3
5577,2024-07-22,4535.74,refunded,Books,Central,35,4
5578,2024-07-22,3060.1,completed,Food,North,32,4
5579,2024-07-22,1661.44,pending,Electronics,North,11,4
5580,2024-07-22,4007.78,completed,Sports,South,39,2
5581,2024-07-22,2999.78,completed,Electronics,North,26,2
5582,2024-07-22,940.34,completed,Home,West,13,3
5583,2024-07-22,3110.39,completed,Sports,Central,18,2
5584,2024-07-22,4679.22,failed,Clothing,North,19,3
5585,2024-07-22,392.13,completed,Clothing,East,11,1
5586,2024-07-22,4951.77,refunded,Home,North,1,5
5587,2024-07-22,2126.81,completed,Electronics,North,11,2
5588,2024-07-22,2448.72,completed,Books,East,39,5
5589,2024-07-22,123.81,completed,Clothing,North,10,2
5590,2024-07-23,1327.75,pending,Clothing,East,19,4
5591,2024-07-23,1890.45,completed,Electronics,West,9,2
5592,2024-07-23,4839.84,completed,Books,North,4,2
5593,2024-07-23,3694.43,completed,Food,East,2,5
5594,2024-07-23,4695.79,completed,Clothing,Central,4,1
5595,2024-07-23,3664.35,completed,Electronics,West,11,4
5596,2024-07-23,4239.74,completed,Sports,West,15,5
5597,2024-07-23,168.36,failed,Home,North,47,4
5598,2024-07-23,4322.94,completed,Sports,West,49,3
5599,2024-07-23,4067.78,completed,Books,Central,28,2
5600,2024-07-23,2973.2,pending,Food,East,1,1
5601,2024-07-23,3511.3,refunded,Electronics,West,49,2
5602,2024-07-23,3862.43,completed,Sports,West,23,4
5603,2024-07-23,264.47,completed,Electronics,West,13,3
5604,2024-07-23,1251.89,completed,Clothing,East,37,5
5605,2024-07-23,4692.31,completed,Electronics,Central,9,5
5606,2024-07-23,1508.97,completed,Clothing,South,16,3
5607,2024-07-23,526.14,refunded,Sports,East,27,4
5608,2024-07-23,3418.86,failed,Books,West,20,5
5609,2024-07-23,1904.43,pending,Books,Central,28,4
5610,2024-07-23,4131.15,failed,Clothing,Central,17,4
5611,2024-07-23,2897.7,completed,Electronics,South,14,5
5612,2024-07-23,4959.46,completed,Sports,East,3,3
5613,2024-07-23,3582.89,completed,Books,Central,9,5
5614,2024-07-23,3252.52,pending,Electronics,Central,3,1
5615,2024-07-23,2474.95,completed,Food,East,1,4
5616,2024-07-23,330.02,completed,Sports,South,39,2
5617,2024-07-24,173.58,completed,Clothing,South,25,3
5618,2024-07-24,3746.57,completed,Clothing,South,40,5
5619,2024-07-24,3806.7,completed,Clothing,West,3,2
5620,2024-07-24,1058.43,completed,Food,Central,15,3
5621,2024-07-24,2762.8,completed,Clothing,Central,47,2
5622,2024-07-24,1644.83,completed,Books,West,49,3
5623,2024-07-24,3675.15,completed,Home,East,41,1
5624,2024-07-24,4099.49,completed,Electronics,East,4,2
5625,2024-07-24,2213.73,completed,Clothing,East,3,3
5626,2024-07-24,3452.31,completed,Books,North,33,2
5627,2024-07-24,1811.83,completed,Books,South,14,3
5628,2024-07-24,2616.5,completed,Home,East,17,3
5629,2024-07-24,3703.06,pending,Home,North,28,4
5630,2024-07-24,616.94,completed,Home,South,23,4
5631,2024-07-24,101.09,completed,Clothing,North,8,4
5632,2024-07-24,3235.86,completed,Sports,West,19,1
5633,2024-07-24,3947.71,completed,Sports,North,27,4
5634,2024-07-24,3142.14,completed,Sports,South,2,5
5635,2024-07-24,920.71,completed,Books,North,12,4
5636,2024-07-24,2526.23,completed,Home,Central,42,4
5637,2024-07-24,2034.54,completed,Sports,Central,16,3
5638,2024-07-24,4721.93,completed,Home,Central,39,1
5639,2024-07-24,3461.21,completed,Clothing,West,22,3
5640,2024-07-24,2602.42,completed,Books,West,3,3
5641,2024-07-24,1995.43,completed,Books,North,43,1
5642,2024-07-24,1701.61,completed,Electronics,East,34,5
5643,2024-07-24,682.47,completed,Clothing,West,39,2
5644,2024-07-24,3517.74,refunded,Books,West,17,5
5645,2024-07-25,2701.22,completed,Clothing,North,17,3
5646,2024-07-25,396.93,failed,Food,West,10,4
5647,2024-07-25,2052.33,completed,Clothing,Central,16,5
5648,2024-07-25,3833.96,completed,Home,Central,12,5
5649,2024-07-25,734.94,completed,Electronics,East,37,2
5650,2024-07-25,3888.47,completed,Sports,South,5,3
5651,2024-07-25,2295.25,refunded,Electronics,South,23,4
5652,2024-07-25,355.56,completed,Books,South,8,4
5653,2024-07-25,4701.15,completed,Clothing,East,44,1
5654,2024-07-25,937.25,pending,Clothing,West,24,3
5655,2024-07-25,219.74,completed,Electronics,Central,12,1
5656,2024-07-25,2655.55,pending,Clothing,Central,41,5
5657,2024-07-25,753.77,completed,Home,North,32,2
5658,2024-07-25,253.37,failed,Clothing,North,27,2
5659,2024-07-25,3366.09,failed,Food,East,43,4
5660,2024-07-25,548.75,completed,Food,Central,27,1
5661,2024-07-25,4828.57,completed,Home,East,36,5
5662,2024-07-25,4061.38,completed,Food,Central,40,3
5663,2024-07-25,4358.87,pending,Electronics,Central,35,2
5664,2024-07-25,3348.18,completed,Books,West,43,2
5665,2024-07-25,2730.78,completed,Sports,West,9,4
5666,2024-07-25,3425.77,completed,Electronics,West,31,5
5667,2024-07-25,2935.5,completed,Clothing,West,15,4
5668,2024-07-25,4041.76,completed,Food,West,23,3
5669,2024-07-25,935.02,completed,Sports,South,23,1
5670,2024-07-25,671.33,refunded,Home,West,12,1
5671,2024-07-25,3392.68,refunded,Books,North,32,4
5672,2024-07-26,1006.55,completed,Electronics,North,7,4
5673,2024-07-26,4899.37,completed,Electronics,North,44,1
5674,2024-07-26,758.04,completed,Electronics,Central,31,1
5675,2024-07-26,3311.32,completed,Sports,West,46,5
5676,2024-07-26,3990.73,pending,Books,East,43,3
5677,2024-07-26,1427.81,pending,Books,Central,1,4
5678,2024-07-26,3357.37,completed,Clothing,South,44,2
5679,2024-07-26,4784.99,failed,Clothing,Central,1,3
5680,2024-07-26,4768.51,completed,Books,East,21,3
5681,2024-07-26,748.72,failed,Home,South,47,2
5682,2024-07-26,579.4,completed,Electronics,South,9,5
5683,2024-07-26,1530.19,completed,Books,Central,28,4
5684,2024-07-26,305.13,pending,Home,East,45,3
5685,2024-07-26,712.56,failed,Home,North,13,1
5686,2024-07-26,1925.7,refunded,Books,Central,29,2
5687,2024-07-26,72.52,pending,Sports,Central,2,3
5688,2024-07-26,358.59,refunded,Food,East,19,4
5689,2024-07-26,4825.2,completed,Home,South,18,5
5690,2024-07-26,3599.28,failed,Home,North,6,4
5691,2024-07-26,1568.55,completed,Sports,East,20,4
5692,2024-07-26,610.23,completed,Sports,East,31,5
5693,2024-07-26,2401.2,refunded,Clothing,East,27,4
5694,2024-07-26,2990.21,completed,Electronics,North,13,1
5695,2024-07-26,1375.78,completed,Clothing,Central,8,1
5696,2024-07-26,2838.85,completed,Home,North,34,2
5697,2024-07-26,2269.45,completed,Books,East,2,4
5698,2024-07-26,3188.05,completed,Electronics,South,38,4
5699,2024-07-26,2102.52,completed,Sports,East,14,1
5700,2024-07-27,2517.23,completed,Home,Central,12,4
5701,2024-07-27,619.84,pending,Sports,Central,9,1
5702,2024-07-27,1076.34,refunded,Clothing,South,16,4
5703,2024-07-27,2344.21,completed,Clothing,South,27,4
5704,2024-07-27,2654.73,completed,Electronics,East,24,3
5705,2024-07-27,3869.37,completed,Home,West,47,2
5706,2024-07-27,920.27,completed,Books,South,27,2
5707,2024-07-27,3487.81,completed,Electronics,West,21,4
5708,2024-07-27,2285.78,completed,Food,North,35,5
5709,2024-07-27,157.11,completed,Food,West,35,5
5710,2024-07-27,267.6,completed,Food,North,4,5
5711,2024-07-27,2606.86,completed,Electronics,East,32,3
5712,2024-07-27,3377.79,completed,Home,Central,37,3
5713,2024-07-27,4311.06,pending,Clothing,North,32,3
5714,2024-07-27,1170.74,completed,Electronics,West,46,1
5715,2024-07-27,4088.16,completed,Home,East,6,3
5716,2024-07-27,887.52,completed,Clothing,East,32,5
5717,2024-07-27,3258.01,failed,Sports,Central,32,3
5718,2024-07-27,857.81,failed,Clothing,North,15,1
5719,2024-07-27,3134.5,refunded,Sports,North,1,5
5720,2024-07-27,1370.67,pending,Clothing,North,36,5
5721,2024-07-27,1897.6,pending,Clothing,Central,24,5
5722,2024-07-27,3236.33,completed,Electronics,North,16,4
5723,2024-07-27,2656.95,completed,Electronics,South,15,4
5724,2024-07-27,453.27,pending,Clothing,Central,4,1
5725,2024-07-27,3092.19,completed,Clothing,Central,12,3
5726,2024-07-27,2817.59,pending,Electronics,East,12,1
5727,2024-07-28,3707.47,completed,Home,North,45,4
5728,2024-07-28,4262.2,completed,Clothing,North,37,5
5729,2024-07-28,992.18,completed,Food,East,11,3
5730,2024-07-28,3372.63,completed,Books,Central,19,3
5731,2024-07-28,1771.67,pending,Home,North,27,5
5732,2024-07-28,1187.7,completed,Clothing,West,47,3
5733,2024-07-28,3568.4,pending,Food,North,45,3
5734,2024-07-28,2574.54,completed,Home,Central,40,2
5735,2024-07-28,4470.95,pending,Food,East,39,4
5736,2024-07-28,1210.57,failed,Clothing,North,9,1
5737,2024-07-28,876.2,failed,Sports,North,16,1
5738,2024-07-28,2522.96,completed,Books,South,41,1
5739,2024-07-28,3940.79,completed,Food,North,19,1
5740,2024-07-28,2591.29,completed,Sports,Central,48,2
5741,2024-07-28,2140.63,completed,Home,North,21,2
5742,2024-07-28,3227.17,failed,Sports,East,40,4
5743,2024-07-28,2664.2,completed,Sports,South,1,5
5744,2024-07-28,3191.74,completed,Electronics,West,37,4
5745,2024-07-28,3791.27,pending,Food,Central,35,1
5746,2024-07-28,4910.13,completed,Food,North,9,4
5747,2024-07-28,1229.99,pending,Electronics,West,49,5
5748,2024-07-28,3013.93,pending,Sports,Central,7,4
5749,2024-07-28,3012.08,completed,Clothing,North,33,1
5750,2024-07-28,1155.21,completed,Home,Central,24,3
5751,2024-07-28,4810.85,completed,Electronics,West,16,2
5752,2024-07-28,3940.83,completed,Sports,West,14,5
5753,2024-07-28,1125.1,completed,Clothing,West,43,2
5754,2024-07-29,4904.78,failed,Food,West,15,1
5755,2024-07-29,1134.14,completed,Food,East,23,2
5756,2024-07-29,1271.15,completed,Books,East,5,3
5757,2024-07-29,75.85,completed,Food,West,1,1
5758,2024-07-29,571.57,completed,Sports,South,20,5
5759,2024-07-29,405.23,completed,Electronics,West,47,3
5760,2024-07-29,4668.84,failed,Food,South,14,2
5761,2024-07-29,4285.16,failed,Food,Central,18,2
5762,2024-07-29,3407.22,pending,Home,South,45,3
5763,2024-07-29,1941.94,completed,Home,West,32,2
5764,2024-07-29,3761.8,pending,Clothing,South,44,4
5765,2024-07-29,2420.97,completed,Home,East,32,2
5766,2024-07-29,4806.1,completed,Home,East,42,5
5767,2024-07-29,174.06,completed,Sports,West,48,2
5768,2024-07-29,47.1,completed,Sports,Central,29,2
5769,2024-07-29,1908.54,completed,Sports,West,26,4
5770,2024-07-29,4207.8,completed,Home,North,27,2
5771,2024-07-29,3411.16,completed,Books,East,14,2
5772,2024-07-29,1627.38,completed,Home,East,9,1
5773,2024-07-29,505.33,completed,Electronics,West,45,2
5774,2024-07-29,2819.56,pending,Electronics,South,6,4
5775,2024-07-29,2811.39,completed,Food,North,17,3
5776,2024-07-29,166.36,completed,Sports,East,19,2
5777,2024-07-29,4148.65,completed,Electronics,East,28,2
5778,2024-07-29,3786.61,failed,Food,West,15,2
5779,2024-07-29,2486.59,pending,Books,East,27,2
5780,2024-07-29,872.26,completed,Clothing,East,26,1
5781,2024-07-29,2663.34,completed,Books,East,26,4
5782,2024-07-30,3153.82,pending,Food,North,9,3
5783,2024-07-30,4555.9,completed,Home,East,27,2
5784,2024-07-30,1184.81,completed,Books,South,37,5
5785,2024-07-30,3915.86,completed,Books,North,37,1
5786,2024-07-30,2522.28,completed,Electronics,North,47,1
5787,2024-07-30,277.59,pending,Sports,Central,26,5
5788,2024-07-30,4006.83,completed,Home,West,7,5
5789,2024-07-30,2897.54,completed,Books,South,22,1
5790,2024-07-30,252.83,completed,Home,West,31,2
5791,2024-07-30,3415.33,pending,Food,Central,41,2
5792,2024-07-30,2793.48,completed,Home,West,37,1
5793,2024-07-30,2014.83,completed,Food,East,5,1
5794,2024-07-30,463.58,failed,Clothing,South,24,5
5795,2024-07-30,4454.45,failed,Electronics,East,33,5
5796,2024-07-30,4650.04,completed,Food,Central,35,5
5797,2024-07-30,4682.23,failed,Electronics,Central,43,1
5798,2024-07-30,3164.14,completed,Home,South,10,3
5799,2024-07-30,325.39,pending,Sports,Central,23,1
5800,2024-07-30,3190.36,completed,Books,Central,32,4
5801,2024-07-30,4172.43,completed,Home,South,12,1
5802,2024-07-30,4968.41,completed,Home,South,36,2
5803,2024-07-30,2813.23,completed,Sports,Central,46,1
5804,2024-07-30,1786.63,completed,Electronics,South,36,2
5805,2024-07-30,2258.93,completed,Sports,Central,37,5
5806,2024-07-30,2877.35,completed,Books,East,22,4
5807,2024-07-30,4129.75,completed,Electronics,West,12,2
5808,2024-07-30,4723.81,completed,Home,South,18,1
5809,2024-07-31,1129.67,completed,Clothing,East,27,4
5810,2024-07-31,1255.08,completed,Sports,Central,6,1
5811,2024-07-31,4182.31,completed,Clothing,South,21,4
5812,2024-07-31,2308.27,pending,Electronics,South,7,3
5813,2024-07-31,1382.47,completed,Home,East,46,3
5814,2024-07-31,611.59,completed,Sports,Central,39,5
5815,2024-07-31,927.45,completed,Home,Central,43,5
5816,2024-07-31,1669.75,refunded,Clothing,Central,41,2
5817,2024-07-31,155.39,completed,Electronics,South,5,5
5818,2024-07-31,4857.24,completed,Books,West,46,1
5819,2024-07-31,2738.24,completed,Books,Central,11,4
5820,2024-07-31,4118.57,failed,Food,East,39,1
5821,2024-07-31,2206.4,completed,Books,East,34,4
5822,2024-07-31,4789.39,completed,Home,Central,44,3
5823,2024-07-31,2123.83,completed,Clothing,West,2,2
5824,2024-07-31,1997.22,completed,Home,East,8,1
5825,2024-07-31,3638.98,completed,Home,Central,29,2
5826,2024-07-31,2816.86,completed,Home,West,7,5
5827,2024-07-31,1538.66,completed,Clothing,East,37,2
5828,2024-07-31,15.03,completed,Books,West,26,2
5829,2024-07-31,626.44,completed,Food,South,7,2
5830,2024-07-31,1308.24,completed,Books,South,47,5
5831,2024-07-31,545.44,failed,Food,West,17,5
5832,2024-07-31,2590.48,completed,Electronics,North,43,2
5833,2024-07-31,1697.9,completed,Food,North,4,5
5834,2024-07-31,3500.38,pending,Books,North,2,1
5835,2024-07-31,2378.04,completed,Home,South,1,1
5836,2024-07-31,1061.97,completed,Home,East,44,1
5837,2024-08-01,2201.03,completed,Books,North,30,4
5838,2024-08-01,3645.92,completed,Home,South,8,5
5839,2024-08-01,2605.87,failed,Books,North,21,5
5840,2024-08-01,2132.32,completed,Food,Central,45,4
5841,2024-08-01,1802.19,completed,Books,West,41,2
5842,2024-08-01,3468.03,failed,Clothing,North,30,4
5843,2024-08-01,3575.88,completed,Clothing,North,7,2
5844,2024-08-01,3149.98,completed,Food,Central,27,2
5845,2024-08-01,2852.33,completed,Home,East,10,1
5846,2024-08-01,1800.25,pending,Sports,West,16,4
5847,2024-08-01,3734.28,failed,Food,Central,42,3
5848,2024-08-01,4388.46,pending,Books,Central,40,1
5849,2024-08-01,639.1,refunded,Clothing,East,21,3
5850,2024-08-01,4603.24,completed,Clothing,South,11,1
5851,2024-08-01,1169.91,completed,Home,East,34,2
5852,2024-08-01,680.94,completed,Books,Central,30,1
5853,2024-08-01,3337.91,refunded,Food,West,27,1
5854,2024-08-01,2196.51,failed,Food,East,32,4
5855,2024-08-01,4899.5,completed,Sports,South,41,3
5856,2024-08-01,2078.03,failed,Books,South,10,5
5857,2024-08-01,3274.15,completed,Food,North,9,2
5858,2024-08-01,752.2,completed,Food,East,30,4
5859,2024-08-01,2103.11,completed,Food,West,30,1
5860,2024-08-01,3410.32,refunded,Sports,East,32,1
5861,2024-08-01,613.34,failed,Food,East,16,3
5862,2024-08-01,2878.79,completed,Food,North,20,1
5863,2024-08-01,4775.38,completed,Home,South,45,5
5864,2024-08-02,1496.31,completed,Books,West,37,2
5865,2024-08-02,3014.26,pending,Home,South,36,2
5866,2024-08-02,3146.26,completed,Electronics,North,31,3
5867,2024-08-02,4179.72,completed,Electronics,East,1,5
5868,2024-08-02,769.32,completed,Home,East,32,1
5869,2024-08-02,3577.76,completed,Clothing,South,46,2
5870,2024-08-02,2771.18,completed,Electronics,East,19,1
5871,2024-08-02,2727.88,refunded,Electronics,East,40,5
5872,2024-08-02,3187.81,completed,Electronics,North,47,4
5873,2024-08-02,3966.54,completed,Sports,West,18,2
5874,2024-08-02,3595.17,failed,Electronics,South,6,4
5875,2024-08-02,282.88,completed,Food,North,11,3
5876,2024-08-02,2401.52,completed,Clothing,West,44,3
5877,2024-08-02,3358.43,completed,Books,Central,33,1
5878,2024-08-02,51.62,completed,Food,North,41,4
5879,2024-08-02,1509.24,completed,Sports,North,15,1
5880,2024-08-02,577.27,completed,Electronics,North,12,1
5881,2024-08-02,1589.82,pending,Clothing,East,8,3
5882,2024-08-02,3798.59,pending,Clothing,Central,1,2
5883,2024-08-02,3927.18,pending,Food,North,44,4
5884,2024-08-02,3351.2,completed,Sports,West,43,2
5885,2024-08-02,684.92,pending,Clothing,South,29,2
5886,2024-08-02,3623.67,completed,Sports,Central,11,1
5887,2024-08-02,3637.57,pending,Food,West,28,3
5888,2024-08-02,228.19,completed,Electronics,East,7,4
5889,2024-08-02,2767.93,completed,Home,Central,9,1
5890,2024-08-02,2518.51,completed,Sports,North,38,3
5891,2024-08-03,3242.2,completed,Sports,North,8,1
5892,2024-08-03,3448.25,refunded,Food,West,31,3
5893,2024-08-03,339.83,completed,Sports,South,25,4
5894,2024-08-03,1251.74,failed,Sports,North,31,1
5895,2024-08-03,4128.14,pending,Books,East,48,1
5896,2024-08-03,2600.13,pending,Food,North,13,3
5897,2024-08-03,4074.45,completed,Electronics,Central,29,1
5898,2024-08-03,1286.0,completed,Home,South,47,3
5899,2024-08-03,4693.09,completed,Clothing,West,48,3
5900,2024-08-03,2320.1,refunded,Home,East,44,3
5901,2024-08-03,2438.0,completed,Clothing,East,21,4
5902,2024-08-03,1475.69,completed,Clothing,North,5,3
5903,2024-08-03,3969.9,pending,Food,Central,41,1
5904,2024-08-03,3487.32,completed,Books,South,47,2
5905,2024-08-03,4322.67,completed,Food,North,44,2
5906,2024-08-03,2125.06,completed,Food,East,17,1
5907,2024-08-03,4083.13,pending,Clothing,East,5,5
5908,2024-08-03,2207.69,completed,Food,East,48,4
5909,2024-08-03,1525.78,completed,Sports,East,14,4
5910,2024-08-03,4932.12,refunded,Food,East,22,3
5911,2024-08-03,1371.36,failed,Food,South,18,5
5912,2024-08-03,1001.89,completed,Books,Central,22,2
5913,2024-08-03,2933.3,completed,Sports,East,26,2
5914,2024-08-03,3832.46,completed,Food,Central,10,1
5915,2024-08-03,702.04,completed,Books,East,29,3
5916,2024-08-03,4009.67,completed,Books,Central,12,2
5917,2024-08-03,4853.92,completed,Clothing,West,15,2
5918,2024-08-03,2569.2,completed,Clothing,West,12,5
5919,2024-08-04,4829.68,completed,Sports,Central,37,1
5920,2024-08-04,695.78,failed,Home,South,32,3
5921,2024-08-04,2861.43,completed,Books,North,30,3
5922,2024-08-04,4421.76,completed,Home,East,32,3
5923,2024-08-04,2289.35,completed,Sports,South,1,3
5924,2024-08-04,4132.22,refunded,Sports,West,23,1
5925,2024-08-04,3277.28,completed,Sports,South,34,3
5926,2024-08-04,1308.73,pending,Books,South,19,5
5927,2024-08-04,4502.77,completed,Electronics,East,34,1
5928,2024-08-04,1861.59,completed,Books,East,26,3
5929,2024-08-04,238.27,completed,Books,West,24,3
5930,2024-08-04,1164.24,completed,Food,East,21,1
5931,2024-08-04,3998.17,failed,Sports,Central,6,2
5932,2024-08-04,3595.76,completed,Food,West,8,1
5933,2024-08-04,3344.34,completed,Food,North,28,1
5934,2024-08-04,451.22,completed,Books,North,48,2
5935,2024-08-04,3846.78,completed,Home,West,43,2
5936,2024-08-04,3056.98,pending,Clothing,Central,32,1
5937,2024-08-04,659.58,completed,Food,South,48,3
5938,2024-08-04,2215.82,completed,Clothing,South,10,3
5939,2024-08-04,1593.53,completed,Sports,South,24,4
5940,2024-08-04,3567.87,failed,Books,East,12,3
5941,2024-08-04,2095.67,completed,Electronics,East,43,4
5942,2024-08-04,3412.32,completed,Books,North,44,5
5943,2024-08-04,4588.48,completed,Home,East,20,4
5944,2024-08-04,2144.66,completed,Food,East,10,2
5945,2024-08-04,4382.27,completed,Electronics,West,5,2
5946,2024-08-05,1761.76,completed,Clothing,East,32,2
5947,2024-08-05,1583.79,completed,Books,East,5,2
5948,2024-08-05,788.27,failed,Food,West,30,2
5949,2024-08-05,3642.76,completed,Home,South,19,5
5950,2024-08-05,3724.19,completed,Sports,East,26,5
5951,2024-08-05,664.84,completed,Electronics,South,37,1
5952,2024-08-05,4641.87,refunded,Sports,East,6,5
5953,2024-08-05,1894.9,completed,Books,East,17,3
5954,2024-08-05,3255.74,completed,Sports,West,47,2
5955,2024-08-05,4309.81,pending,Sports,West,41,5
5956,2024-08-05,2525.25,failed,Books,East,4,4
5957,2024-08-05,4405.74,failed,Books,East,42,2
5958,2024-08-05,3801.27,completed,Clothing,West,38,1
5959,2024-08-05,1880.25,completed,Food,West,48,3
5960,2024-08-05,2243.12,completed,Food,West,34,4
5961,2024-08-05,3211.27,completed,Clothing,East,15,1
5962,2024-08-05,4391.97,completed,Books,East,18,5
5963,2024-08-05,4938.66,completed,Electronics,West,48,3
5964,2024-08-05,804.11,completed,Home,West,46,2
5965,2024-08-05,3111.34,completed,Clothing,Central,46,1
5966,2024-08-05,4535.8,completed,Clothing,South,10,5
5967,2024-08-05,1379.37,pending,Sports,South,4,5
5968,2024-08-05,2510.16,completed,Books,Central,38,5
5969,2024-08-05,3511.24,pending,Electronics,North,2,4
5970,2024-08-05,2359.2,refunded,Food,South,44,3
5971,2024-08-05,863.5,completed,Sports,Central,19,4
5972,2024-08-05,958.64,completed,Food,North,12,1
5973,2024-08-05,2973.04,completed,Books,North,33,4
5974,2024-08-06,4943.68,completed,Sports,East,40,2
5975,2024-08-06,568.12,completed,Home,East,49,2
5976,2024-08-06,2459.37,completed,Books,North,14,3
5977,2024-08-06,446.71,completed,Books,North,41,4
5978,2024-08-06,3793.25,completed,Books,West,14,5
5979,2024-08-06,4051.55,pending,Food,Central,23,2
5980,2024-08-06,3511.81,completed,Electronics,West,39,3
5981,2024-08-06,3315.69,completed,Clothing,South,30,2
5982,2024-08-06,4115.78,completed,Electronics,Central,19,1
5983,2024-08-06,3594.98,completed,Clothing,Central,48,3
5984,2024-08-06,3055.53,pending,Books,South,26,2
5985,2024-08-06,3583.56,refunded,Home,East,15,5
5986,2024-08-06,550.46,completed,Home,South,26,2
5987,2024-08-06,1739.77,completed,Electronics,East,3,3
5988,2024-08-06,3306.26,completed,Food,North,46,4
5989,2024-08-06,3991.01,failed,Food,West,45,5
5990,2024-08-06,1057.5,completed,Books,South,41,2
5991,2024-08-06,1659.35,pending,Electronics,Central,38,5
5992,2024-08-06,2231.83,failed,Home,North,13,1
5993,2024-08-06,4563.23,pending,Clothing,Central,41,2
5994,2024-08-06,1847.96,completed,Clothing,Central,8,3
5995,2024-08-06,708.26,completed,Sports,Central,23,4
5996,2024-08-06,4357.24,failed,Books,East,3,4
5997,2024-08-06,1992.68,completed,Food,West,37,5
5998,2024-08-06,4315.01,completed,Sports,South,22,2
5999,2024-08-06,428.71,completed,Electronics,East,5,4
6000,2024-08-06,4730.22,completed,Home,East,47,3
6001,2024-08-07,4774.94,completed,Electronics,South,12,1
6002,2024-08-07,1437.22,completed,Sports,West,28,4
6003,2024-08-07,191.3,pending,Books,West,45,4
6004,2024-08-07,2012.01,completed,Books,West,20,4
6005,2024-08-07,1161.69,completed,Books,South,37,1
6006,2024-08-07,3867.82,completed,Books,South,32,1
6007,2024-08-07,228.97,completed,Electronics,East,16,1
6008,2024-08-07,588.36,completed,Sports,West,22,1
6009,2024-08-07,3300.81,completed,Books,East,31,1
6010,2024-08-07,4078.94,completed,Food,Central,26,3
6011,2024-08-07,179.17,completed,Clothing,Central,45,4
6012,2024-08-07,1277.67,completed,Sports,Central,34,1
6013,2024-08-07,3052.49,completed,Sports,East,20,3
6014,2024-08-07,1411.98,pending,Books,West,44,5
6015,2024-08-07,3256.96,pending,Clothing,West,48,1
6016,2024-08-07,3100.7,completed,Clothing,North,23,4
6017,2024-08-07,2534.49,failed,Sports,Central,33,3
6018,2024-08-07,3918.55,refunded,Food,South,18,1
6019,2024-08-07,363.8,completed,Clothing,East,4,2
6020,2024-08-07,546.21,completed,Home,West,46,3
6021,2024-08-07,658.37,failed,Home,North,28,1
6022,2024-08-07,4885.69,pending,Books,North,43,2
6023,2024-08-07,1385.23,completed,Electronics,North,16,5
6024,2024-08-07,1974.85,completed,Home,Central,41,1
6025,2024-08-07,1357.05,completed,Home,East,20,4
6026,2024-08-07,3689.7,completed,Home,East,10,5
6027,2024-08-07,1332.67,completed,Electronics,Central,49,5
6028,2024-08-08,2841.52,completed,Books,West,40,1
6029,2024-08-08,559.06,completed,Books,North,17,1
6030,2024-08-08,4069.35,completed,Electronics,West,26,5
6031,2024-08-08,4773.99,refunded,Electronics,Central,1,2
6032,2024-08-08,1782.9,completed,Home,North,9,4
6033,2024-08-08,499.37,pending,Electronics,West,17,1
6034,2024-08-08,1753.28,failed,Sports,East,46,3
6035,2024-08-08,827.27,completed,Home,South,44,4
6036,2024-08-08,4451.59,completed,Food,North,3,4
6037,2024-08-08,4822.75,pending,Food,North,24,1
6038,2024-08-08,1486.26,completed,Food,North,18,5
6039,2024-08-08,3799.26,completed,Books,South,10,1
6040,2024-08-08,3820.13,completed,Electronics,East,44,3
6041,2024-08-08,3890.85,completed,Electronics,South,44,4
6042,2024-08-08,467.53,refunded,Home,East,47,1
6043,2024-08-08,4245.92,completed,Food,West,35,1
6044,2024-08-08,2209.63,pending,Home,South,48,4
6045,2024-08-08,4111.05,completed,Electronics,East,1,4
6046,2024-08-08,1678.25,completed,Electronics,South,17,1
6047,2024-08-08,4587.47,completed,Food,North,46,1
6048,2024-08-08,1118.54,completed,Sports,North,33,1
6049,2024-08-08,915.56,completed,Electronics,North,24,1
6050,2024-08-08,70.55,completed,Books,Central,15,2
6051,2024-08-08,1445.1,failed,Clothing,North,46,5
6052,2024-08-08,2127.63,failed,Electronics,Central,37,5
6053,2024-08-08,3837.35,failed,Clothing,East,37,3
6054,2024-08-08,329.5,completed,Sports,South,31,1
6055,2024-08-08,1135.04,pending,Home,North,19,3
6056,2024-08-09,3003.58,completed,Sports,Central,39,1
6057,2024-08-09,3837.43,completed,Electronics,North,17,4
6058,2024-08-09,3453.5,completed,Books,West,31,3
6059,2024-08-09,3840.77,failed,Clothing,Central,49,4
6060,2024-08-09,3886.14,completed,Clothing,North,9,2
6061,2024-08-09,840.61,failed,Sports,East,45,3
6062,2024-08-09,1430.55,completed,Home,South,6,2
6063,2024-08-09,4492.71,completed,Clothing,East,1,3
6064,2024-08-09,3644.96,failed,Food,South,22,3
6065,2024-08-09,4805.7,completed,Home,West,39,3
6066,2024-08-09,4844.24,completed,Home,West,40,1
6067,2024-08-09,26.17,completed,Clothing,South,23,3
6068,2024-08-09,2970.65,completed,Food,East,9,4
6069,2024-08-09,3993.23,completed,Clothing,West,49,4
6070,2024-08-09,3251.02,refunded,Books,West,29,3
6071,2024-08-09,350.31,completed,Home,South,11,1
6072,2024-08-09,3411.05,completed,Books,North,29,3
6073,2024-08-09,2362.52,pending,Home,West,15,4
6074,2024-08-09,2871.66,failed,Electronics,North,11,3
6075,2024-08-09,3973.13,completed,Sports,West,32,2
6076,2024-08-09,852.98,completed,Home,West,14,5
6077,2024-08-09,1794.62,completed,Books,Central,40,1
6078,2024-08-09,263.26,completed,Books,West,35,2
6079,2024-08-09,2863.81,completed,Electronics,East,26,5
6080,2024-08-09,449.62,completed,Home,South,48,3
6081,2024-08-09,1268.07,completed,Clothing,Central,36,1
6082,2024-08-09,3758.36,refunded,Electronics,Central,41,2
6083,2024-08-10,574.35,completed,Books,South,32,2
6084,2024-08-10,1737.54,failed,Electronics,West,36,2
6085,2024-08-10,3760.2,pending,Sports,East,21,1
6086,2024-08-10,3854.29,failed,Food,North,28,5
6087,2024-08-10,3747.38,completed,Books,East,21,3
6088,2024-08-10,2994.26,pending,Home,West,4,4
6089,2024-08-10,3486.67,refunded,Books,Central,36,4
6090,2024-08-10,3328.72,completed,Home,South,27,5
6091,2024-08-10,2736.26,pending,Books,West,14,2
6092,2024-08-10,1943.49,refunded,Sports,North,36,1
6093,2024-08-10,562.34,pending,Food,North,17,4
6094,2024-08-10,4160.74,completed,Sports,Central,12,4
6095,2024-08-10,2497.88,pending,Food,Central,27,1
6096,2024-08-10,3917.74,completed,Books,North,11,5
6097,2024-08-10,2352.84,failed,Home,East,42,4
6098,2024-08-10,3200.14,failed,Sports,South,28,3
6099,2024-08-10,4907.56,completed,Clothing,East,36,3
6100,2024-08-10,484.62,completed,Food,South,42,2
6101,2024-08-10,1454.58,refunded,Electronics,West,24,2
6102,2024-08-10,1295.05,completed,Home,West,48,4
6103,2024-08-10,4473.27,pending,Sports,North,1,2
6104,2024-08-10,627.15,completed,Food,Central,11,1
6105,2024-08-10,4196.95,completed,Home,West,3,4
6106,2024-08-10,531.31,failed,Food,South,3,1
6107,2024-08-10,4910.71,completed,Sports,South,12,2
6108,2024-08-10,731.93,completed,Clothing,West,22,5
6109,2024-08-10,195.72,completed,Books,Central,28,2
6110,2024-08-11,4576.04,completed,Electronics,South,39,4
6111,2024-08-11,4644.89,failed,Sports,West,14,4
6112,2024-08-11,2294.7,pending,Clothing,Central,33,3
6113,2024-08-11,3098.03,pending,Electronics,North,48,3
6114,2024-08-11,979.08,completed,Electronics,Central,9,5
6115,2024-08-11,4780.31,refunded,Clothing,Central,36,1
6116,2024-08-11,4198.63,completed,Books,West,3,2
6117,2024-08-11,4436.51,completed,Food,Central,1,2
6118,2024-08-11,4227.34,completed,Clothing,South,32,5
6119,2024-08-11,2775.41,completed,Sports,West,29,3
6120,2024-08-11,1667.12,completed,Food,North,23,1
6121,2024-08-11,4966.46,completed,Home,Central,20,3
6122,2024-08-11,1997.34,completed,Food,South,7,4
6123,2024-08-11,4859.23,completed,Sports,South,12,5
6124,2024-08-11,1173.73,completed,Clothing,East,20,1
6125,2024-08-11,3000.69,failed,Books,South,8,2
6126,2024-08-11,2757.41,completed,Clothing,South,12,4
6127,2024-08-11,1337.3,completed,Food,North,46,2
6128,2024-08-11,1305.89,completed,Electronics,South,39,5
6129,2024-08-11,3910.59,failed,Sports,Central,35,2
6130,2024-08-11,1665.43,completed,Home,South,1,5
6131,2024-08-11,3344.69,completed,Books,Central,32,4
6132,2024-08-11,2638.18,completed,Food,West,9,5
6133,2024-08-11,947.62,completed,Clothing,West,27,1
6134,2024-08-11,1413.74,completed,Food,Central,5,5
6135,2024-08-11,1616.86,completed,Food,Central,48,3
6136,2024-08-11,1361.02,failed,Home,East,14,4
6137,2024-08-11,517.26,completed,Books,Central,28,3
6138,2024-08-12,52.81,completed,Food,West,40,2
6139,2024-08-12,4001.09,completed,Clothing,South,39,3
6140,2024-08-12,1328.99,completed,Sports,South,46,4
6141,2024-08-12,4495.55,completed,Sports,South,26,4
6142,2024-08-12,142.86,failed,Clothing,North,24,5
6143,2024-08-12,3922.86,completed,Food,North,21,1
6144,2024-08-12,1501.32,completed,Electronics,South,46,2
6145,2024-08-12,3358.7,pending,Sports,Central,8,3
6146,2024-08-12,3473.32,completed,Sports,North,11,1
6147,2024-08-12,1097.19,completed,Clothing,West,14,2
6148,2024-08-12,1017.18,completed,Books,North,43,4
6149,2024-08-12,4253.61,completed,Electronics,West,12,2
6150,2024-08-12,1142.41,completed,Electronics,East,29,5
6151,2024-08-12,612.71,completed,Books,East,37,5
6152,2024-08-12,3449.19,completed,Food,North,4,1
6153,2024-08-12,1093.73,completed,Electronics,North,2,2
6154,2024-08-12,3620.64,completed,Sports,West,44,3
6155,2024-08-12,2299.78,completed,Food,North,3,4
6156,2024-08-12,1814.71,completed,Home,West,2,1
6157,2024-08-12,314.63,completed,Home,Central,46,3
6158,2024-08-12,1478.97,completed,Food,North,18,3
6159,2024-08-12,1315.95,completed,Electronics,Central,43,3
6160,2024-08-12,3732.63,completed,Food,Central,31,1
6161,2024-08-12,2505.65,completed,Food,East,36,2
6162,2024-08-12,4564.1,completed,Sports,North,38,4
6163,2024-08-12,419.46,failed,Sports,East,25,4
6164,2024-08-12,2557.75,completed,Electronics,North,4,2
6165,2024-08-13,1209.16,completed,Electronics,East,27,2
6166,2024-08-13,2319.38,pending,Books,Central,13,4
6167,2024-08-13,1000.31,pending,Clothing,South,13,2
6168,2024-08-13,1546.59,pending,Books,South,38,4
6169,2024-08-13,3417.33,completed,Electronics,West,11,3
6170,2024-08-13,4104.1,completed,Clothing,East,29,5
6171,2024-08-13,2782.43,pending,Food,South,41,5
6172,2024-08-13,1600.38,completed,Food,East,28,4
6173,2024-08-13,1830.04,completed,Sports,South,31,4
6174,2024-08-13,2580.0,failed,Home,North,30,2
6175,2024-08-13,2760.77,pending,Home,North,47,3
6176,2024-08-13,4095.96,completed,Sports,North,9,2
6177,2024-08-13,4781.39,pending,Electronics,Central,33,4
6178,2024-08-13,1009.88,completed,Food,South,25,4
6179,2024-08-13,4624.07,failed,Clothing,South,46,4
6180,2024-08-13,2899.13,completed,Sports,East,6,3
6181,2024-08-13,1788.04,pending,Home,East,44,4
6182,2024-08-13,949.24,completed,Food,West,46,4
6183,2024-08-13,3278.46,completed,Home,East,6,5
6184,2024-08-13,3394.4,completed,Electronics,West,42,5
6185,2024-08-13,4498.67,completed,Electronics,Central,31,2
6186,2024-08-13,1639.56,completed,Food,East,3,4
6187,2024-08-13,2694.41,refunded,Home,Central,44,1
6188,2024-08-13,3202.96,completed,Clothing,North,31,1
6189,2024-08-13,3892.71,completed,Clothing,Central,14,4
6190,2024-08-13,4268.06,completed,Food,West,5,4
6191,2024-08-13,3683.97,completed,Books,Central,7,4
6192,2024-08-13,1504.94,completed,Home,East,46,4
6193,2024-08-14,2521.92,refunded,Sports,South,17,5
6194,2024-08-14,2660.25,completed,Sports,East,28,1
6195,2024-08-14,4895.46,completed,Sports,West,21,1
6196,2024-08-14,2688.15,refunded,Sports,West,17,3
6197,2024-08-14,212.33,completed,Sports,South,17,1
6198,2024-08-14,3751.61,completed,Food,Central,21,2
6199,2024-08-14,1976.1,completed,Clothing,West,29,4
6200,2024-08-14,2591.09,completed,Electronics,South,9,4
6201,2024-08-14,3702.86,completed,Books,East,19,2
6202,2024-08-14,4817.24,completed,Sports,West,24,1
6203,2024-08-14,4026.42,completed,Books,South,27,3
6204,2024-08-14,1284.24,completed,Electronics,West,48,1
6205,2024-08-14,1090.62,failed,Sports,North,32,1
6206,2024-08-14,4887.97,completed,Books,South,45,3
6207,2024-08-14,1073.71,failed,Clothing,Central,38,1
6208,2024-08-14,697.77,pending,Home,East,34,4
6209,2024-08-14,4472.43,pending,Home,South,16,3
6210,2024-08-14,2231.49,pending,Home,Central,38,4
6211,2024-08-14,253.13,refunded,Clothing,South,46,5
6212,2024-08-14,2969.18,pending,Food,West,25,5
6213,2024-08-14,1851.17,completed,Clothing,West,10,5
6214,2024-08-14,2195.05,pending,Electronics,North,1,2
6215,2024-08-14,3000.17,failed,Books,East,22,3
6216,2024-08-14,4959.06,failed,Home,East,7,3
6217,2024-08-14,560.64,completed,Electronics,East,40,1
6218,2024-08-14,1191.93,failed,Books,South,37,4
6219,2024-08-14,4183.54,completed,Food,Central,18,1
6220,2024-08-15,691.27,completed,Sports,Central,37,1
6221,2024-08-15,4869.07,completed,Electronics,East,15,4
6222,2024-08-15,1649.11,completed,Home,East,17,2
6223,2024-08-15,3154.44,completed,Clothing,South,44,4
6224,2024-08-15,988.53,completed,Electronics,North,32,3
6225,2024-08-15,1589.17,completed,Food,West,29,2
6226,2024-08-15,2778.65,completed,Sports,West,13,5
6227,2024-08-15,4824.32,pending,Sports,West,2,3
6228,2024-08-15,1900.61,completed,Home,Central,2,5
6229,2024-08-15,4515.81,pending,Sports,South,23,1
6230,2024-08-15,1049.99,completed,Electronics,East,34,1
6231,2024-08-15,187.36,completed,Clothing,South,6,2
6232,2024-08-15,4202.77,failed,Home,North,27,2
6233,2024-08-15,3520.79,pending,Clothing,Central,21,3
6234,2024-08-15,586.12,completed,Home,Central,38,4
6235,2024-08-15,114.39,completed,Food,North,5,5
6236,2024-08-15,4106.28,completed,Clothing,South,1,5
6237,2024-08-15,863.87,completed,Electronics,East,46,3
6238,2024-08-15,2399.27,pending,Books,South,36,5
6239,2024-08-15,4265.66,completed,Home,South,18,5
6240,2024-08-15,2851.81,pending,Food,Central,42,1
6241,2024-08-15,4502.14,completed,Food,Central,28,1
6242,2024-08-15,195.05,failed,Sports,West,11,5
6243,2024-08-15,2124.66,pending,Clothing,West,35,5
6244,2024-08-15,992.14,completed,Home,Central,12,3
6245,2024-08-15,2014.15,completed,Sports,West,13,4
6246,2024-08-15,3808.41,completed,Home,West,22,2
6247,2024-08-16,4464.57,completed,Electronics,North,2,5
6248,2024-08-16,749.56,completed,Books,West,20,5
6249,2024-08-16,1737.5,pending,Electronics,West,12,3
6250,2024-08-16,2224.35,completed,Sports,South,28,1
6251,2024-08-16,1247.6,completed,Clothing,Central,37,3
6252,2024-08-16,999.56,failed,Home,North,3,4
6253,2024-08-16,4110.25,completed,Food,Central,6,3
6254,2024-08-16,4339.03,completed,Electronics,North,35,5
6255,2024-08-16,161.81,completed,Home,North,46,1
6256,2024-08-16,4606.9,failed,Electronics,South,24,5
6257,2024-08-16,3951.44,failed,Food,South,23,3
6258,2024-08-16,1450.54,refunded,Food,North,48,1
6259,2024-08-16,3196.93,completed,Clothing,West,6,4
6260,2024-08-16,2319.71,failed,Sports,Central,18,3
6261,2024-08-16,1040.72,pending,Sports,West,16,3
6262,2024-08-16,560.09,completed,Food,East,48,2
6263,2024-08-16,2958.05,completed,Electronics,West,35,2
6264,2024-08-16,179.17,completed,Food,East,24,5
6265,2024-08-16,4013.7,failed,Food,Central,17,3
6266,2024-08-16,3304.42,completed,Home,South,23,5
6267,2024-08-16,3252.81,completed,Electronics,North,34,2
6268,2024-08-16,2721.0,completed,Electronics,West,33,3
6269,2024-08-16,3087.77,pending,Clothing,South,39,1
6270,2024-08-16,4588.05,pending,Clothing,North,15,1
6271,2024-08-16,2794.43,completed,Clothing,West,22,3
6272,2024-08-16,1391.84,completed,Home,North,26,4
6273,2024-08-16,3616.1,pending,Clothing,East,5,4
6274,2024-08-16,1685.05,completed,Clothing,Central,26,2
6275,2024-08-17,4327.69,pending,Books,West,22,1
6276,2024-08-17,2207.59,completed,Sports,North,43,4
6277,2024-08-17,1340.69,completed,Sports,East,22,4
6278,2024-08-17,397.93,completed,Electronics,South,42,1
6279,2024-08-17,1674.17,completed,Home,South,41,4
6280,2024-08-17,2594.81,completed,Electronics,North,18,2
6281,2024-08-17,407.65,completed,Home,East,2,1
6282,2024-08-17,4881.25,completed,Food,North,11,5
6283,2024-08-17,3032.67,pending,Sports,West,40,1
6284,2024-08-17,3833.48,completed,Books,West,32,1
6285,2024-08-17,404.39,failed,Electronics,Central,39,5
6286,2024-08-17,2036.38,failed,Books,Central,29,5
6287,2024-08-17,1942.7,completed,Home,West,6,2
6288,2024-08-17,3358.97,pending,Clothing,West,47,5
6289,2024-08-17,2365.58,completed,Home,North,24,3
6290,2024-08-17,1261.09,completed,Food,East,17,2
6291,2024-08-17,3743.72,completed,Home,Central,23,5
6292,2024-08-17,3473.89,pending,Home,South,46,2
6293,2024-08-17,2051.36,completed,Clothing,Central,36,2
6294,2024-08-17,4380.66,completed,Electronics,North,20,2
6295,2024-08-17,712.03,pending,Electronics,South,35,3
6296,2024-08-17,2575.46,completed,Electronics,West,2,5
6297,2024-08-17,4250.22,completed,Clothing,Central,35,5
6298,2024-08-17,3534.3,refunded,Food,West,16,5
6299,2024-08-17,2634.97,failed,Sports,East,14,3
6300,2024-08-17,481.69,completed,Home,Central,31,1
6301,2024-08-17,183.1,completed,Electronics,Central,40,4
6302,2024-08-18,3350.91,pending,Home,East,11,5
6303,2024-08-18,2194.7,completed,Books,North,49,1
6304,2024-08-18,2094.35,completed,Clothing,South,7,5
6305,2024-08-18,1961.24,completed,Electronics,East,32,2
6306,2024-08-18,875.8,completed,Electronics,South,45,2
6307,2024-08-18,2806.29,completed,Electronics,North,28,3
6308,2024-08-18,1906.48,completed,Food,West,20,5
6309,2024-08-18,375.87,refunded,Home,North,41,5
6310,2024-08-18,4642.63,completed,Home,North,16,3
6311,2024-08-18,2503.45,completed,Electronics,East,20,2
6312,2024-08-18,1256.63,completed,Sports,West,18,3
6313,2024-08-18,3523.25,completed,Home,East,5,2
6314,2024-08-18,4249.86,completed,Sports,Central,24,1
6315,2024-08-18,1505.96,completed,Clothing,Central,20,2
6316,2024-08-18,4644.3,completed,Food,Central,33,1
6317,2024-08-18,2959.95,pending,Clothing,Central,20,4
6318,2024-08-18,1308.62,completed,Clothing,East,19,5
6319,2024-08-18,3517.04,failed,Electronics,Central,15,1
6320,2024-08-18,3103.34,refunded,Electronics,East,3,2
6321,2024-08-18,4617.21,failed,Sports,North,34,5
6322,2024-08-18,4428.7,completed,Books,South,16,3
6323,2024-08-18,3021.67,completed,Electronics,East,32,3
6324,2024-08-18,3170.56,pending,Food,South,29,2
6325,2024-08-18,1077.43,completed,Sports,South,47,1
6326,2024-08-18,3738.31,completed,Clothing,South,9,1
6327,2024-08-18,4100.32,completed,Home,North,47,1
6328,2024-08-18,4961.62,pending,Electronics,West,43,2
6329,2024-08-18,1111.83,completed,Sports,West,3,2
6330,2024-08-19,2782.09,failed,Books,North,18,4
6331,2024-08-19,4857.67,completed,Food,South,36,2
6332,2024-08-19,3600.89,refunded,Food,North,23,3
6333,2024-08-19,1665.79,pending,Home,North,36,5
6334,2024-08-19,233.06,completed,Sports,Central,37,5
6335,2024-08-19,4892.53,completed,Books,North,22,5
6336,2024-08-19,3209.03,completed,Clothing,South,14,4
6337,2024-08-19,4105.98,completed,Books,South,2,1
6338,2024-08-19,406.44,completed,Electronics,East,45,5
6339,2024-08-19,2892.32,completed,Electronics,West,44,2
6340,2024-08-19,4603.92,completed,Clothing,North,35,4
6341,2024-08-19,3156.46,completed,Clothing,West,26,5
6342,2024-08-19,1908.45,completed,Sports,South,40,1
6343,2024-08-19,1501.91,completed,Clothing,South,6,3
6344,2024-08-19,508.0,failed,Electronics,East,25,3
6345,2024-08-19,26.04,completed,Books,Central,11,5
6346,2024-08-19,1722.23,completed,Books,South,19,3
6347,2024-08-19,2846.85,completed,Sports,West,31,4
6348,2024-08-19,4500.63,completed,Food,North,7,4
6349,2024-08-19,4926.7,completed,Books,West,4,5
6350,2024-08-19,500.1,completed,Home,East,2,5
6351,2024-08-19,1439.64,completed,Home,East,36,4
6352,2024-08-19,167.24,completed,Books,North,5,3
6353,2024-08-19,1733.47,completed,Food,South,25,1
6354,2024-08-19,3270.46,completed,Sports,North,24,3
6355,2024-08-19,2084.53,completed,Sports,North,1,2
6356,2024-08-19,4063.17,completed,Books,East,35,5
6357,2024-08-20,344.26,pending,Home,South,22,1
6358,2024-08-20,3200.85,completed,Books,South,46,1
6359,2024-08-20,4992.6,completed,Clothing,Central,14,4
6360,2024-08-20,944.12,completed,Clothing,West,49,2
6361,2024-08-20,4824.19,completed,Electronics,South,45,3
6362,2024-08-20,3843.34,completed,Food,South,25,3
6363,2024-08-20,1621.97,completed,Electronics,East,13,2
6364,2024-08-20,2124.14,completed,Sports,South,13,3
6365,2024-08-20,542.68,completed,Electronics,West,44,2
6366,2024-08-20,3417.31,completed,Home,South,24,4
6367,2024-08-20,2810.29,pending,Home,West,37,3
6368,2024-08-20,913.11,pending,Food,West,47,3
6369,2024-08-20,2633.88,completed,Food,West,10,5
6370,2024-08-20,4783.52,completed,Books,South,28,5
6371,2024-08-20,4840.58,completed,Electronics,West,7,2
6372,2024-08-20,3973.36,completed,Clothing,Central,36,3
6373,2024-08-20,720.74,failed,Books,South,37,1
6374,2024-08-20,1823.41,pending,Clothing,East,2,1
6375,2024-08-20,3050.6,failed,Books,South,22,1
6376,2024-08-20,883.51,failed,Books,East,2,3
6377,2024-08-20,4371.08,pending,Food,North,39,3
6378,2024-08-20,3452.62,completed,Electronics,North,43,4
6379,2024-08-20,1377.59,completed,Electronics,North,40,3
6380,2024-08-20,4380.56,refunded,Sports,West,28,1
6381,2024-08-20,3452.2,pending,Food,North,49,1
6382,2024-08-20,4106.73,completed,Electronics,West,9,2
6383,2024-08-20,3209.97,completed,Books,West,13,4
6384,2024-08-21,4799.42,completed,Electronics,Central,17,3
6385,2024-08-21,4298.84,pending,Home,Central,4,3
6386,2024-08-21,4732.44,completed,Clothing,South,34,5
6387,2024-08-21,4634.97,completed,Food,South,2,3
6388,2024-08-21,3100.66,completed,Home,East,3,1
6389,2024-08-21,4260.24,completed,Books,West,37,4
6390,2024-08-21,1847.93,completed,Electronics,East,19,1
6391,2024-08-21,505.25,completed,Food,South,30,5
6392,2024-08-21,2437.98,completed,Books,East,9,3
6393,2024-08-21,646.99,completed,Books,East,47,1
6394,2024-08-21,1038.57,completed,Food,North,1,5
6395,2024-08-21,2938.6,completed,Clothing,North,34,5
6396,2024-08-21,1285.79,completed,Books,Central,18,3
6397,2024-08-21,83.19,refunded,Clothing,East,20,1
6398,2024-08-21,1473.5,completed,Food,East,6,5
6399,2024-08-21,2797.84,completed,Sports,North,1,2
6400,2024-08-21,2451.88,completed,Food,Central,16,2
6401,2024-08-21,1578.91,completed,Electronics,North,2,4
6402,2024-08-21,3587.74,failed,Home,West,6,1
6403,2024-08-21,1297.61,failed,Clothing,Central,16,5
6404,2024-08-21,3590.25,pending,Clothing,North,22,5
6405,2024-08-21,1026.62,pending,Electronics,Central,35,3
6406,2024-08-21,372.59,completed,Clothing,West,10,3
6407,2024-08-21,1814.14,completed,Electronics,South,24,1
6408,2024-08-21,4300.05,completed,Electronics,North,17,5
6409,2024-08-21,3697.61,completed,Electronics,South,17,1
6410,2024-08-21,3522.31,completed,Books,South,41,5
6411,2024-08-21,395.03,completed,Electronics,Central,3,4
6412,2024-08-22,902.42,completed,Electronics,East,14,2
6413,2024-08-22,3288.49,pending,Clothing,North,33,1
6414,2024-08-22,3419.84,refunded,Home,North,23,1
6415,2024-08-22,2061.14,completed,Electronics,South,31,3
6416,2024-08-22,4582.97,completed,Books,Central,24,4
6417,2024-08-22,4858.01,pending,Food,West,35,2
6418,2024-08-22,774.01,completed,Sports,North,23,2
6419,2024-08-22,1123.34,completed,Home,East,20,5
6420,2024-08-22,4880.26,completed,Sports,Central,14,4
6421,2024-08-22,4021.96,completed,Home,West,13,5
6422,2024-08-22,1173.43,completed,Sports,North,46,3
6423,2024-08-22,4496.88,completed,Books,North,38,4
6424,2024-08-22,3197.52,completed,Home,East,20,4
6425,2024-08-22,2767.28,failed,Electronics,North,22,3
6426,2024-08-22,3725.43,pending,Books,South,15,3
6427,2024-08-22,1123.66,completed,Clothing,East,24,1
6428,2024-08-22,2046.58,completed,Clothing,West,1,3
6429,2024-08-22,2131.41,completed,Books,East,9,5
6430,2024-08-22,1992.84,pending,Books,Central,34,3
6431,2024-08-22,479.84,pending,Books,Central,12,4
6432,2024-08-22,2082.05,completed,Books,East,7,4
6433,2024-08-22,755.09,completed,Books,North,22,2
6434,2024-08-22,3130.6,refunded,Clothing,East,21,2
6435,2024-08-22,4528.24,pending,Books,South,24,1
6436,2024-08-22,3713.63,completed,Clothing,Central,15,5
6437,2024-08-22,2216.16,completed,Clothing,East,2,3
6438,2024-08-22,2368.74,completed,Books,South,7,2
6439,2024-08-23,3044.71,completed,Clothing,Central,31,1
6440,2024-08-23,4739.59,completed,Food,West,20,5
6441,2024-08-23,4767.98,completed,Food,West,46,2
6442,2024-08-23,3540.86,completed,Clothing,North,37,2
6443,2024-08-23,2203.33,completed,Home,West,4,3
6444,2024-08-23,1111.94,completed,Books,North,13,1
6445,2024-08-23,858.19,completed,Electronics,West,22,4
6446,2024-08-23,49.61,pending,Clothing,West,35,1
6447,2024-08-23,1833.89,completed,Electronics,East,35,5
6448,2024-08-23,314.86,completed,Home,East,10,3
6449,2024-08-23,3473.44,pending,Sports,West,45,2
6450,2024-08-23,745.28,completed,Sports,South,11,5
6451,2024-08-23,4055.38,completed,Clothing,North,44,2
6452,2024-08-23,1516.88,failed,Electronics,South,49,5
6453,2024-08-23,4296.06,completed,Home,West,1,3
6454,2024-08-23,90.29,completed,Food,North,23,4
6455,2024-08-23,528.61,failed,Sports,East,18,4
6456,2024-08-23,3929.54,completed,Clothing,North,41,1
6457,2024-08-23,3187.93,completed,Food,Central,28,3
6458,2024-08-23,710.92,refunded,Clothing,West,9,5
6459,2024-08-23,4501.86,completed,Clothing,East,22,1
6460,2024-08-23,3369.65,pending,Clothing,Central,27,3
6461,2024-08-23,2513.75,completed,Food,East,39,3
6462,2024-08-23,3635.02,pending,Electronics,North,29,3
6463,2024-08-23,3154.5,completed,Electronics,Central,44,3
6464,2024-08-23,18.4,pending,Clothing,South,35,4
6465,2024-08-23,4482.77,completed,Home,East,7,1
6466,2024-08-23,4173.12,failed,Electronics,South,39,2
6467,2024-08-24,2894.35,completed,Sports,East,40,3
6468,2024-08-24,2634.91,completed,Sports,West,14,4
6469,2024-08-24,4026.16,completed,Home,Central,3,5
6470,2024-08-24,725.76,pending,Clothing,Central,31,1
6471,2024-08-24,4721.12,completed,Sports,North,41,5
6472,2024-08-24,4678.81,completed,Electronics,North,34,3
6473,2024-08-24,2164.0,completed,Sports,West,35,1
6474,2024-08-24,2986.87,completed,Sports,South,34,4
6475,2024-08-24,3311.94,completed,Sports,Central,37,3
6476,2024-08-24,3945.56,completed,Sports,West,11,2
6477,2024-08-24,4138.83,completed,Books,South,36,5
6478,2024-08-24,3536.15,failed,Food,Central,39,2
6479,2024-08-24,4092.01,completed,Food,South,29,1
6480,2024-08-24,1396.6,completed,Home,West,33,2
6481,2024-08-24,2463.25,completed,Books,West,23,5
6482,2024-08-24,4434.78,completed,Food,East,3,2
6483,2024-08-24,3456.69,completed,Sports,East,3,2
6484,2024-08-24,3819.34,failed,Books,North,29,4
6485,2024-08-24,2270.84,completed,Electronics,East,22,5
6486,2024-08-24,2623.02,completed,Sports,Central,2,2
6487,2024-08-24,707.79,failed,Books,East,33,1
6488,2024-08-24,3281.62,completed,Electronics,South,2,3
6489,2024-08-24,2988.94,completed,Sports,South,5,4
6490,2024-08-24,4891.83,completed,Electronics,West,6,3
6491,2024-08-24,2510.68,completed,Home,East,8,3
6492,2024-08-24,2391.09,failed,Books,West,35,3
6493,2024-08-24,2615.54,completed,Food,North,1,4
6494,2024-08-25,4353.58,failed,Food,Central,22,3
6495,2024-08-25,2829.82,completed,Home,East,2,1
6496,2024-08-25,2350.2,completed,Clothing,South,33,1
6497,2024-08-25,1435.29,completed,Electronics,West,26,1
6498,2024-08-25,4996.45,completed,Sports,South,49,3
6499,2024-08-25,3462.4,failed,Books,Central,10,2
6500,2024-08-25,579.48,completed,Books,East,46,2
6501,2024-08-25,651.24,pending,Clothing,South,31,3
6502,2024-08-25,2795.32,completed,Home,South,40,5
6503,2024-08-25,3289.6,completed,Books,East,33,1
6504,2024-08-25,1636.82,completed,Food,Central,15,1
6505,2024-08-25,78.95,failed,Books,North,39,5
6506,2024-08-25,3145.17,completed,Books,South,38,2
6507,2024-08-25,698.29,completed,Books,West,38,5
6508,2024-08-25,2688.3,completed,Home,West,19,2
6509,2024-08-25,4545.43,completed,Books,Central,37,3
6510,2024-08-25,2451.45,completed,Food,North,9,3
6511,2024-08-25,807.92,completed,Sports,East,48,1
6512,2024-08-25,2664.06,completed,Sports,East,36,2
6513,2024-08-25,507.97,pending,Electronics,East,27,5
6514,2024-08-25,4005.73,pending,Clothing,North,41,2
6515,2024-08-25,2639.32,completed,Home,East,29,2
6516,2024-08-25,1930.35,pending,Electronics,Central,37,1
6517,2024-08-25,2744.48,failed,Home,East,48,5
6518,2024-08-25,988.79,failed,Books,East,19,1
6519,2024-08-25,1519.13,completed,Electronics,Central,6,1
6520,2024-08-25,1726.46,pending,Clothing,East,35,2
6521,2024-08-26,3148.41,completed,Books,North,32,1
6522,2024-08-26,2971.65,completed,Clothing,East,8,4
6523,2024-08-26,611.26,completed,Food,West,36,5
6524,2024-08-26,4433.61,completed,Home,North,33,2
6525,2024-08-26,1260.58,completed,Home,Central,48,3
6526,2024-08-26,4338.68,refunded,Clothing,North,8,3
6527,2024-08-26,1726.79,completed,Books,East,17,2
6528,2024-08-26,2579.36,refunded,Home,West,3,1
6529,2024-08-26,2372.1,pending,Books,East,22,4
6530,2024-08-26,3325.45,completed,Books,South,2,4
6531,2024-08-26,1316.75,completed,Clothing,North,32,1
6532,2024-08-26,3280.42,completed,Electronics,South,48,3
6533,2024-08-26,2167.33,completed,Books,South,17,1
6534,2024-08-26,3683.56,completed,Home,Central,1,4
6535,2024-08-26,2783.79,completed,Books,Central,8,5
6536,2024-08-26,3924.75,completed,Electronics,North,21,1
6537,2024-08-26,4422.41,completed,Sports,West,3,3
6538,2024-08-26,2096.76,completed,Books,South,38,4
6539,2024-08-26,985.62,pending,Books,East,12,3
6540,2024-08-26,371.9,failed,Food,East,27,4
6541,2024-08-26,1745.44,completed,Sports,South,49,2
6542,2024-08-26,2886.84,completed,Clothing,North,5,2
6543,2024-08-26,3519.49,completed,Home,West,24,2
6544,2024-08-26,3220.31,completed,Food,East,6,4
6545,2024-08-26,917.0,completed,Clothing,West,19,1
6546,2024-08-26,2449.3,completed,Clothing,West,8,5
6547,2024-08-26,3850.84,pending,Clothing,East,47,4
6548,2024-08-26,3935.11,completed,Home,West,11,2
6549,2024-08-27,2991.55,completed,Electronics,Central,34,1
6550,2024-08-27,675.3,failed,Books,East,42,2
6551,2024-08-27,2214.91,completed,Books,South,28,1
6552,2024-08-27,10.48,completed,Books,Central,28,1
6553,2024-08-27,3425.73,completed,Clothing,East,35,3
6554,2024-08-27,1902.08,completed,Sports,North,16,4
6555,2024-08-27,990.56,completed,Clothing,South,26,5
6556,2024-08-27,1143.69,completed,Home,Central,19,4
6557,2024-08-27,44.31,completed,Clothing,Central,45,2
6558,2024-08-27,4205.06,completed,Sports,South,31,1
6559,2024-08-27,32.36,completed,Clothing,South,23,5
6560,2024-08-27,1784.0,completed,Home,East,43,5
6561,2024-08-27,3179.49,completed,Food,South,26,4
6562,2024-08-27,4089.96,pending,Clothing,North,23,4
6563,2024-08-27,4779.59,pending,Home,South,13,1
6564,2024-08-27,1410.65,refunded,Home,South,36,3
6565,2024-08-27,15.78,completed,Electronics,West,14,1
6566,2024-08-27,3705.01,completed,Sports,East,42,5
6567,2024-08-27,2545.45,completed,Home,North,30,2
6568,2024-08-27,2091.36,completed,Food,South,18,3
6569,2024-08-27,3536.71,completed,Books,East,4,1
6570,2024-08-27,4966.41,completed,Books,South,23,3
6571,2024-08-27,1136.94,completed,Food,North,38,1
6572,2024-08-27,3142.35,completed,Sports,North,36,3
6573,2024-08-27,2984.27,completed,Sports,South,26,4
6574,2024-08-27,3080.9,failed,Food,North,41,3
6575,2024-08-27,2653.26,completed,Home,East,27,4
6576,2024-08-28,4871.82,completed,Books,East,18,2
6577,2024-08-28,1274.51,failed,Home,East,1,2
6578,2024-08-28,4365.36,completed,Electronics,Central,40,4
6579,2024-08-28,3302.14,completed,Books,Central,3,1
6580,2024-08-28,4536.23,completed,Clothing,West,39,2
6581,2024-08-28,3983.76,completed,Books,Central,29,1
6582,2024-08-28,3300.41,completed,Electronics,North,9,1
6583,2024-08-28,241.66,pending,Clothing,North,24,4
6584,2024-08-28,3028.26,completed,Clothing,West,32,4
6585,2024-08-28,1117.9,completed,Books,East,18,5
6586,2024-08-28,1701.94,completed,Home,North,48,5
6587,2024-08-28,1993.4,completed,Electronics,Central,3,2
6588,2024-08-28,4371.04,completed,Clothing,West,15,5
6589,2024-08-28,4682.89,completed,Home,North,24,5
6590,2024-08-28,3860.43,pending,Books,North,24,1
6591,2024-08-28,767.42,completed,Clothing,North,46,5
6592,2024-08-28,1980.83,completed,Books,South,15,5
6593,2024-08-28,36.24,completed,Sports,East,2,1
6594,2024-08-28,4286.44,completed,Sports,East,35,2
6595,2024-08-28,698.16,pending,Home,Central,45,2
6596,2024-08-28,3244.9,completed,Food,North,2,1
6597,2024-08-28,2660.4,completed,Sports,North,37,5
6598,2024-08-28,1273.19,completed,Electronics,West,45,5
6599,2024-08-28,2904.81,completed,Food,South,30,3
6600,2024-08-28,1523.07,completed,Books,South,28,1
6601,2024-08-28,1576.79,completed,Home,South,31,1
6602,2024-08-28,670.1,completed,Books,South,20,3
6603,2024-08-28,2746.58,completed,Home,East,47,3
6604,2024-08-29,4486.08,completed,Food,West,13,1
6605,2024-08-29,1736.86,completed,Home,North,30,2
6606,2024-08-29,2887.28,completed,Home,South,31,3
6607,2024-08-29,1887.75,pending,Sports,North,4,2
6608,2024-08-29,1414.52,completed,Food,North,18,1
6609,2024-08-29,2464.18,pending,Sports,East,45,1
6610,2024-08-29,1274.29,completed,Electronics,North,44,1
6611,2024-08-29,3457.44,completed,Sports,Central,40,2
6612,2024-08-29,4564.46,refunded,Electronics,Central,35,4
6613,2024-08-29,2100.94,completed,Home,East,32,2
6614,2024-08-29,3381.55,failed,Home,West,17,5
6615,2024-08-29,1233.64,completed,Food,West,15,4
6616,2024-08-29,2587.53,completed,Sports,East,49,4
6617,2024-08-29,2972.89,pending,Clothing,East,17,4
6618,2024-08-29,4192.68,refunded,Home,Central,46,2
6619,2024-08-29,3451.39,pending,Sports,East,2,4
6620,2024-08-29,1470.52,completed,Home,Central,13,5
6621,2024-08-29,3902.5,completed,Home,North,10,3
6622,2024-08-29,4241.83,completed,Sports,East,9,3
6623,2024-08-29,2747.7,failed,Home,North,20,1
6624,2024-08-29,2850.83,completed,Clothing,West,26,2
6625,2024-08-29,3401.01,completed,Books,West,18,5
6626,2024-08-29,2338.99,completed,Home,North,30,5
6627,2024-08-29,2881.51,completed,Food,South,49,1
6628,2024-08-29,3463.04,pending,Clothing,South,20,4
6629,2024-08-29,1368.04,pending,Books,East,36,5
6630,2024-08-29,424.82,completed,Sports,East,26,5
6631,2024-08-30,1570.88,completed,Clothing,East,47,2
6632,2024-08-30,1994.49,completed,Electronics,South,16,5
6633,2024-08-30,4466.27,completed,Home,Central,7,4
6634,2024-08-30,4536.45,completed,Food,South,26,4
6635,2024-08-30,3092.93,completed,Sports,East,12,4
6636,2024-08-30,489.84,completed,Books,South,40,4
6637,2024-08-30,704.38,completed,Home,South,9,5
6638,2024-08-30,20.58,completed,Sports,West,3,5
6639,2024-08-30,2237.39,completed,Clothing,North,37,4
6640,2024-08-30,3370.09,completed,Home,North,25,5
6641,2024-08-30,4696.47,completed,Sports,West,11,2
6642,2024-08-30,1130.57,failed,Electronics,South,6,3
6643,2024-08-30,692.67,completed,Home,Central,30,3
6644,2024-08-30,1350.51,failed,Sports,West,28,3
6645,2024-08-30,2721.43,failed,Food,South,25,2
6646,2024-08-30,196.05,completed,Sports,East,13,4
6647,2024-08-30,4148.53,pending,Food,South,28,2
6648,2024-08-30,3090.43,completed,Sports,East,44,2
6649,2024-08-30,3833.26,completed,Food,North,1,2
6650,2024-08-30,4764.63,completed,Books,North,45,5
6651,2024-08-30,3638.78,pending,Sports,Central,22,2
6652,2024-08-30,4050.98,completed,Books,East,17,4
6653,2024-08-30,3275.04,failed,Books,South,16,5
6654,2024-08-30,1386.12,pending,Electronics,West,23,1
6655,2024-08-30,1063.96,completed,Clothing,West,34,1
6656,2024-08-30,4894.63,pending,Sports,East,15,5
6657,2024-08-30,2066.97,completed,Books,West,36,4
6658,2024-08-31,2538.27,refunded,Electronics,South,7,2
6659,2024-08-31,1035.35,completed,Clothing,East,39,4
6660,2024-08-31,594.18,completed,Books,East,12,5
6661,2024-08-31,2247.02,completed,Clothing,North,8,2
6662,2024-08-31,3176.02,failed,Clothing,East,45,1
6663,2024-08-31,4366.93,completed,Sports,South,49,4
6664,2024-08-31,1652.09,completed,Electronics,North,28,5
6665,2024-08-31,2017.07,completed,Sports,West,47,4
6666,2024-08-31,4353.43,pending,Clothing,North,40,1
6667,2024-08-31,3545.44,completed,Electronics,South,33,4
6668,2024-08-31,1424.14,pending,Electronics,North,6,2
6669,2024-08-31,4580.16,pending,Food,East,12,4
6670,2024-08-31,248.85,completed,Clothing,Central,37,2
6671,2024-08-31,3222.59,completed,Food,West,46,2
6672,2024-08-31,4861.62,pending,Food,West,20,5
6673,2024-08-31,303.69,completed,Electronics,Central,23,3
6674,2024-08-31,2768.15,failed,Books,South,25,4
6675,2024-08-31,1849.08,completed,Clothing,North,23,5
6676,2024-08-31,2065.31,completed,Electronics,Central,42,1
6677,2024-08-31,1198.8,completed,Electronics,North,2,5
6678,2024-08-31,4531.18,completed,Clothing,West,3,5
6679,2024-08-31,804.8,completed,Home,Central,29,5
6680,2024-08-31,420.57,pending,Sports,West,25,2
6681,2024-08-31,509.18,completed,Sports,North,10,1
6682,2024-08-31,210.78,completed,Clothing,Central,40,3
6683,2024-08-31,2850.56,completed,Books,East,7,3
6684,2024-08-31,1276.85,pending,Clothing,East,7,1
6685,2024-08-31,4503.07,pending,Sports,West,9,1
6686,2024-09-01,3886.36,completed,Books,East,33,5
6687,2024-09-01,3055.22,completed,Books,North,26,1
6688,2024-09-01,1357.49,completed,Food,West,46,5
6689,2024-09-01,4808.48,completed,Sports,East,38,2
6690,2024-09-01,842.66,completed,Food,Central,15,3
6691,2024-09-01,4656.39,completed,Sports,South,9,4
6692,2024-09-01,1635.31,completed,Sports,Central,2,3
6693,2024-09-01,3524.08,completed,Sports,West,13,4
6694,2024-09-01,3520.07,completed,Clothing,West,48,5
6695,2024-09-01,2682.33,completed,Sports,East,16,4
6696,2024-09-01,1675.23,pending,Food,Central,9,1
6697,2024-09-01,1289.94,completed,Home,West,7,5
6698,2024-09-01,2180.5,completed,Books,South,34,4
6699,2024-09-01,4544.35,completed,Electronics,North,42,5
6700,2024-09-01,1587.03,completed,Food,East,34,5
6701,2024-09-01,3072.43,failed,Home,West,2,4
6702,2024-09-01,414.74,pending,Food,West,42,4
6703,2024-09-01,871.44,completed,Clothing,Central,28,5
6704,2024-09-01,81.19,completed,Home,North,32,2
6705,2024-09-01,4568.3,refunded,Food,West,47,2
6706,2024-09-01,3091.34,completed,Clothing,West,17,2
6707,2024-09-01,3717.45,completed,Food,South,11,4
6708,2024-09-01,3608.87,completed,Food,East,8,3
6709,2024-09-01,111.07,pending,Electronics,West,21,4
6710,2024-09-01,2354.38,refunded,Electronics,West,34,5
6711,2024-09-01,4479.38,completed,Electronics,North,46,1
6712,2024-09-01,3669.83,completed,Home,Central,32,1
6713,2024-09-02,3528.88,pending,Sports,South,29,3
6714,2024-09-02,3107.63,failed,Sports,East,13,1
6715,2024-09-02,1469.24,completed,Clothing,North,37,4
6716,2024-09-02,1819.43,completed,Clothing,South,13,5
6717,2024-09-02,14.95,completed,Food,West,44,4
6718,2024-09-02,3386.75,completed,Clothing,Central,39,3
6719,2024-09-02,1306.48,completed,Sports,East,8,4
6720,2024-09-02,1817.16,completed,Food,Central,49,4
6721,2024-09-02,429.29,completed,Electronics,Central,24,5
6722,2024-09-02,4377.71,refunded,Food,South,46,3
6723,2024-09-02,875.6,completed,Electronics,South,38,2
6724,2024-09-02,2231.27,completed,Food,North,42,4
6725,2024-09-02,1812.67,completed,Clothing,East,49,4
6726,2024-09-02,1026.04,completed,Food,South,7,1
6727,2024-09-02,4241.15,pending,Sports,Central,9,4
6728,2024-09-02,1287.63,failed,Clothing,North,37,4
6729,2024-09-02,1586.87,completed,Clothing,South,34,5
6730,2024-09-02,4136.6,failed,Clothing,North,27,5
6731,2024-09-02,2091.09,failed,Electronics,West,43,1
6732,2024-09-02,2841.7,pending,Clothing,East,27,1
6733,2024-09-02,3859.99,failed,Clothing,Central,17,5
6734,2024-09-02,1771.98,completed,Clothing,South,6,3
6735,2024-09-02,2272.93,completed,Food,Central,35,5
6736,2024-09-02,1648.28,completed,Books,East,8,5
6737,2024-09-02,454.53,completed,Clothing,Central,46,3
6738,2024-09-02,3413.23,completed,Electronics,East,12,4
6739,2024-09-02,1859.1,completed,Food,West,42,2
6740,2024-09-02,282.26,completed,Clothing,East,6,2
6741,2024-09-03,4782.4,completed,Sports,West,30,2
6742,2024-09-03,2243.72,completed,Books,North,20,1
6743,2024-09-03,93.23,completed,Electronics,North,34,1
6744,2024-09-03,1808.73,refunded,Clothing,West,48,2
6745,2024-09-03,3690.02,completed,Books,North,46,1
6746,2024-09-03,1337.93,completed,Books,West,49,3
6747,2024-09-03,162.56,completed,Electronics,Central,31,3
6748,2024-09-03,4942.86,refunded,Home,East,43,4
6749,2024-09-03,3104.38,completed,Food,West,32,5
6750,2024-09-03,2489.44,completed,Home,Central,30,3
6751,2024-09-03,3924.91,completed,Electronics,East,26,1
6752,2024-09-03,1506.46,completed,Electronics,East,32,3
6753,2024-09-03,3192.14,completed,Books,North,2,3
6754,2024-09-03,180.7,completed,Clothing,Central,49,2
6755,2024-09-03,1461.13,refunded,Electronics,North,46,2
6756,2024-09-03,230.17,completed,Sports,East,28,1
6757,2024-09-03,1085.07,completed,Home,East,29,2
6758,2024-09-03,4202.39,completed,Books,Central,1,5
6759,2024-09-03,1879.54,completed,Books,West,21,2
6760,2024-09-03,430.54,completed,Electronics,Central,30,1
6761,2024-09-03,4888.43,completed,Home,North,10,1
6762,2024-09-03,2218.73,pending,Home,North,1,3
6763,2024-09-03,932.57,completed,Home,North,48,3
6764,2024-09-03,1796.0,pending,Books,West,40,5
6765,2024-09-03,214.62,pending,Sports,Central,1,1
6766,2024-09-03,2078.77,completed,Electronics,Central,41,1
6767,2024-09-03,1819.02,refunded,Clothing,North,24,1
6768,2024-09-04,4586.9,completed,Clothing,North,26,3
6769,2024-09-04,3222.63,completed,Food,North,40,3
6770,2024-09-04,3146.76,completed,Home,East,9,1
6771,2024-09-04,4739.43,completed,Clothing,South,32,5
6772,2024-09-04,725.04,completed,Food,West,24,4
6773,2024-09-04,2644.72,refunded,Home,West,20,2
6774,2024-09-04,3237.67,failed,Clothing,North,41,4
6775,2024-09-04,2363.76,completed,Clothing,East,41,3
6776,2024-09-04,977.15,completed,Clothing,South,36,2
6777,2024-09-04,1344.55,failed,Food,North,7,5
6778,2024-09-04,86.47,completed,Electronics,North,12,4
6779,2024-09-04,1287.86,pending,Home,North,26,2
6780,2024-09-04,2800.88,completed,Sports,South,5,5
6781,2024-09-04,4200.43,failed,Electronics,East,24,3
6782,2024-09-04,3473.75,completed,Sports,East,38,4
6783,2024-09-04,4724.53,completed,Clothing,South,20,2
6784,2024-09-04,4968.98,completed,Sports,North,26,5
6785,2024-09-04,1370.19,completed,Home,Central,8,2
6786,2024-09-04,3258.11,refunded,Home,South,13,3
6787,2024-09-04,3704.29,completed,Sports,North,40,1
6788,2024-09-04,266.69,completed,Home,South,34,2
6789,2024-09-04,2549.4,pending,Electronics,East,11,1
6790,2024-09-04,3869.8,failed,Electronics,Central,22,1
6791,2024-09-04,2348.74,completed,Electronics,East,11,2
6792,2024-09-04,2083.04,pending,Clothing,South,41,4
6793,2024-09-04,2750.28,completed,Books,East,7,5
6794,2024-09-04,548.7,completed,Electronics,East,19,5
6795,2024-09-05,380.5,completed,Food,West,25,4
6796,2024-09-05,63.04,completed,Food,North,45,2
6797,2024-09-05,2070.72,pending,Clothing,North,33,2
6798,2024-09-05,2307.52,completed,Food,East,37,2
6799,2024-09-05,4730.07,pending,Food,East,12,2
6800,2024-09-05,4554.3,completed,Home,North,44,1
6801,2024-09-05,1909.26,completed,Electronics,East,43,1
6802,2024-09-05,4848.04,completed,Books,East,32,5
6803,2024-09-05,799.19,completed,Food,West,15,1
6804,2024-09-05,1194.35,failed,Sports,East,46,2
6805,2024-09-05,2599.84,completed,Clothing,East,39,4
6806,2024-09-05,1871.9,completed,Electronics,East,43,1
6807,2024-09-05,2656.83,failed,Food,North,40,3
6808,2024-09-05,38.02,completed,Electronics,East,1,3
6809,2024-09-05,3381.04,completed,Clothing,North,12,5
6810,2024-09-05,1381.72,failed,Electronics,North,49,3
6811,2024-09-05,1545.62,completed,Books,East,6,1
6812,2024-09-05,4561.82,refunded,Clothing,South,17,4
6813,2024-09-05,4434.03,failed,Food,Central,17,2
6814,2024-09-05,2038.03,completed,Clothing,South,33,4
6815,2024-09-05,1889.08,completed,Home,West,19,3
6816,2024-09-05,3952.41,completed,Books,West,27,5
6817,2024-09-05,3652.27,completed,Books,Central,28,4
6818,2024-09-05,698.4,completed,Books,Central,27,4
6819,2024-09-05,2004.44,completed,Clothing,Central,8,1
6820,2024-09-05,2496.01,completed,Sports,West,18,1
6821,2024-09-05,2368.56,refunded,Food,West,16,5
6822,2024-09-05,522.45,completed,Sports,East,16,4
6823,2024-09-06,3157.5,completed,Books,South,19,1
6824,2024-09-06,3186.69,completed,Clothing,South,18,4
6825,2024-09-06,3923.1,completed,Food,East,32,4
6826,2024-09-06,3027.88,completed,Electronics,North,34,4
6827,2024-09-06,231.28,completed,Clothing,West,4,3
6828,2024-09-06,1228.92,failed,Food,North,44,4
6829,2024-09-06,2682.7,pending,Books,Central,27,2
6830,2024-09-06,2082.49,pending,Home,North,23,3
6831,2024-09-06,3060.36,completed,Clothing,East,21,1
6832,2024-09-06,365.99,refunded,Food,East,42,4
6833,2024-09-06,1545.43,refunded,Electronics,North,26,5
6834,2024-09-06,1093.46,completed,Sports,East,7,2
6835,2024-09-06,2925.36,failed,Clothing,Central,14,5
6836,2024-09-06,624.95,pending,Home,Central,43,2
6837,2024-09-06,1703.21,completed,Food,Central,2,3
6838,2024-09-06,4248.52,completed,Books,East,9,1
6839,2024-09-06,3536.99,completed,Home,North,7,2
6840,2024-09-06,2228.71,completed,Clothing,South,38,5
6841,2024-09-06,2517.34,pending,Books,North,36,5
6842,2024-09-06,85.86,completed,Sports,North,27,2
6843,2024-09-06,4072.03,completed,Books,North,19,2
6844,2024-09-06,1591.21,refunded,Books,South,4,5
6845,2024-09-06,1249.39,completed,Clothing,North,7,2
6846,2024-09-06,1606.32,failed,Home,Central,37,4
6847,2024-09-06,1005.17,completed,Books,North,22,5
6848,2024-09-06,4087.56,completed,Books,North,47,5
6849,2024-09-06,299.25,completed,Food,Central,38,1
6850,2024-09-07,2377.08,completed,Home,North,40,1
6851,2024-09-07,3287.33,completed,Clothing,Central,41,5
6852,2024-09-07,261.43,completed,Food,East,14,4
6853,2024-09-07,2629.88,failed,Books,North,8,1
6854,2024-09-07,2032.24,completed,Home,East,41,1
6855,2024-09-07,3629.67,completed,Books,East,4,3
6856,2024-09-07,4427.17,completed,Food,South,48,1
6857,2024-09-07,175.22,completed,Home,Central,1,5
6858,2024-09-07,1349.88,completed,Clothing,South,30,5
6859,2024-09-07,3244.68,pending,Electronics,East,36,2
6860,2024-09-07,4781.52,completed,Books,Central,39,2
6861,2024-09-07,4761.56,failed,Electronics,West,6,1
6862,2024-09-07,4981.62,completed,Electronics,Central,35,4
6863,2024-09-07,4249.84,completed,Books,East,30,3
6864,2024-09-07,598.95,completed,Sports,South,4,3
6865,2024-09-07,4051.98,refunded,Sports,South,8,1
6866,2024-09-07,834.55,completed,Sports,North,6,2
6867,2024-09-07,2553.68,pending,Books,West,33,3
6868,2024-09-07,2865.73,completed,Home,North,23,5
6869,2024-09-07,3135.54,completed,Food,West,48,4
6870,2024-09-07,632.4,completed,Sports,Central,15,5
6871,2024-09-07,3809.97,completed,Electronics,South,28,2
6872,2024-09-07,359.68,completed,Electronics,South,49,5
6873,2024-09-07,4790.61,completed,Clothing,South,11,3
6874,2024-09-07,2585.03,completed,Home,West,6,5
6875,2024-09-07,1633.75,completed,Books,Central,20,2
6876,2024-09-07,998.02,completed,Books,East,46,3
6877,2024-09-07,4620.6,completed,Electronics,West,36,3
6878,2024-09-08,3574.55,completed,Books,East,32,2
6879,2024-09-08,2786.13,completed,Home,Central,37,1
6880,2024-09-08,3617.78,refunded,Food,Central,44,5
6881,2024-09-08,4324.05,completed,Clothing,South,4,1
6882,2024-09-08,2362.41,pending,Food,South,3,3
6883,2024-09-08,4810.12,failed,Food,North,39,2
6884,2024-09-08,1154.25,completed,Food,West,16,5
6885,2024-09-08,3916.09,completed,Home,West,15,4
6886,2024-09-08,3180.77,completed,Sports,West,13,1
6887,2024-09-08,4999.1,completed,Books,South,48,4
6888,2024-09-08,4268.71,failed,Electronics,East,46,3
6889,2024-09-08,4940.12,failed,Food,Central,45,2
6890,2024-09-08,3472.54,completed,Clothing,West,49,1
6891,2024-09-08,2879.33,completed,Electronics,Central,3,3
6892,2024-09-08,2236.88,failed,Sports,West,37,5
6893,2024-09-08,2153.06,completed,Food,South,45,3
6894,2024-09-08,3585.48,completed,Food,North,28,3
6895,2024-09-08,770.87,completed,Books,Central,44,3
6896,2024-09-08,1355.85,completed,Food,North,8,5
6897,2024-09-08,2183.97,completed,Clothing,North,47,5
6898,2024-09-08,4237.16,completed,Books,South,34,3
6899,2024-09-08,101.6,completed,Electronics,East,14,5
6900,2024-09-08,863.78,completed,Electronics,South,33,4
6901,2024-09-08,4283.73,completed,Clothing,East,6,2
6902,2024-09-08,2553.87,pending,Sports,East,47,2
6903,2024-09-08,2025.29,completed,Books,Central,10,4
6904,2024-09-08,196.49,completed,Sports,North,11,2
6905,2024-09-09,2921.93,completed,Sports,North,8,1
6906,2024-09-09,3352.47,completed,Food,South,36,5
6907,2024-09-09,651.93,pending,Home,Central,8,2
6908,2024-09-09,3300.98,refunded,Sports,West,12,1
6909,2024-09-09,4769.57,completed,Electronics,East,47,5
6910,2024-09-09,2748.79,completed,Food,East,49,2
6911,2024-09-09,1130.68,completed,Electronics,South,21,4
6912,2024-09-09,3856.15,completed,Food,Central,47,1
6913,2024-09-09,756.61,completed,Clothing,East,24,5
6914,2024-09-09,1004.43,completed,Electronics,Central,18,4
6915,2024-09-09,3719.23,completed,Clothing,North,9,3
6916,2024-09-09,4348.51,completed,Home,North,21,3
6917,2024-09-09,1557.71,completed,Books,South,33,1
6918,2024-09-09,2769.18,completed,Food,East,25,5
6919,2024-09-09,2818.88,completed,Books,East,30,2
6920,2024-09-09,3702.46,completed,Home,North,8,3
6921,2024-09-09,848.27,completed,Home,Central,17,3
6922,2024-09-09,411.46,completed,Food,Central,15,5
6923,2024-09-09,3664.03,completed,Sports,South,41,5
6924,2024-09-09,4744.13,completed,Clothing,North,34,2
6925,2024-09-09,4780.18,pending,Electronics,West,7,5
6926,2024-09-09,4115.02,failed,Sports,North,21,3
6927,2024-09-09,4610.67,pending,Home,West,3,5
6928,2024-09-09,1201.61,completed,Sports,South,32,3
6929,2024-09-09,149.27,completed,Electronics,South,1,2
6930,2024-09-09,914.14,completed,Home,East,38,4
6931,2024-09-09,3036.53,completed,Sports,North,24,4
6932,2024-09-10,2639.78,completed,Sports,South,15,4
6933,2024-09-10,4826.57,completed,Clothing,North,48,3
6934,2024-09-10,523.61,completed,Sports,South,37,2
6935,2024-09-10,1084.39,pending,Books,East,48,2
6936,2024-09-10,93.29,refunded,Electronics,West,37,4
6937,2024-09-10,1241.01,completed,Food,Central,48,1
6938,2024-09-10,2016.86,pending,Clothing,East,10,3
6939,2024-09-10,1854.21,completed,Sports,East,17,5
6940,2024-09-10,248.73,completed,Books,North,2,4
6941,2024-09-10,2898.26,completed,Electronics,East,16,2
6942,2024-09-10,1392.68,pending,Books,West,43,5
6943,2024-09-10,296.63,completed,Books,South,17,3
6944,2024-09-10,2002.97,completed,Books,South,42,2
6945,2024-09-10,4642.82,failed,Food,North,37,2
6946,2024-09-10,4574.58,completed,Books,West,3,3
6947,2024-09-10,1029.83,completed,Clothing,Central,44,3
6948,2024-09-10,926.3,completed,Electronics,Central,12,5
6949,2024-09-10,3291.24,completed,Sports,North,20,5
6950,2024-09-10,4459.38,completed,Home,South,19,4
6951,2024-09-10,2688.88,pending,Books,North,39,5
6952,2024-09-10,2946.33,pending,Food,West,46,1
6953,2024-09-10,3017.9,completed,Home,East,7,3
6954,2024-09-10,3277.17,completed,Sports,South,2,3
6955,2024-09-10,4541.66,pending,Sports,North,20,1
6956,2024-09-10,3242.39,completed,Sports,South,48,2
6957,2024-09-10,631.29,completed,Home,South,12,2
6958,2024-09-10,4601.85,completed,Clothing,West,14,5
6959,2024-09-10,2055.19,completed,Sports,West,23,1
6960,2024-09-11,48.2,completed,Food,South,22,3
6961,2024-09-11,3010.11,completed,Home,North,4,5
6962,2024-09-11,4381.48,completed,Electronics,South,1,1
6963,2024-09-11,3211.11,pending,Clothing,West,42,3
6964,2024-09-11,125.68,completed,Electronics,East,7,3
6965,2024-09-11,2640.32,pending,Clothing,Central,38,2
6966,2024-09-11,3827.24,completed,Electronics,North,11,4
6967,2024-09-11,2183.85,completed,Books,North,43,3
6968,2024-09-11,1137.2,failed,Electronics,North,49,2
6969,2024-09-11,4753.89,failed,Home,South,25,4
6970,2024-09-11,292.78,failed,Sports,South,49,1
6971,2024-09-11,244.5,completed,Clothing,East,44,1
6972,2024-09-11,3193.28,completed,Food,East,13,3
6973,2024-09-11,1579.75,refunded,Home,West,30,1
6974,2024-09-11,4575.5,completed,Food,East,44,1
6975,2024-09-11,4053.04,failed,Electronics,East,34,3
6976,2024-09-11,2413.48,completed,Electronics,West,6,5
6977,2024-09-11,2371.17,completed,Home,East,39,1
6978,2024-09-11,4069.73,completed,Food,Central,21,3
6979,2024-09-11,3795.79,refunded,Food,South,33,3
6980,2024-09-11,3163.39,completed,Sports,South,26,1
6981,2024-09-11,3414.2,completed,Clothing,West,47,1
6982,2024-09-11,4489.81,completed,Home,North,8,4
6983,2024-09-11,450.54,pending,Home,South,17,1
6984,2024-09-11,1025.21,failed,Food,South,30,3
6985,2024-09-11,1599.95,pending,Food,North,15,5
6986,2024-09-11,1848.33,pending,Sports,South,24,2
6987,2024-09-12,641.43,failed,Books,Central,40,2
6988,2024-09-12,3257.57,pending,Home,East,49,1
6989,2024-09-12,2075.43,completed,Food,West,44,2
6990,2024-09-12,1223.77,completed,Food,Central,12,1
6991,2024-09-12,4290.68,completed,Sports,West,39,5
6992,2024-09-12,2680.5,completed,Clothing,South,47,2
6993,2024-09-12,1601.52,completed,Home,North,35,5
6994,2024-09-12,4136.73,completed,Food,East,20,5
6995,2024-09-12,2372.05,completed,Books,East,21,1
6996,2024-09-12,2101.3,completed,Food,South,47,2
6997,2024-09-12,3602.31,completed,Sports,East,23,4
6998,2024-09-12,4680.45,failed,Sports,West,27,4
6999,2024-09-12,3586.44,pending,Home,West,45,4
7000,2024-09-12,4574.45,completed,Clothing,Central,23,1
7001,2024-09-12,4971.04,failed,Clothing,North,27,2
7002,2024-09-12,4190.5,completed,Electronics,South,3,3
7003,2024-09-12,3545.08,completed,Sports,West,15,5
7004,2024-09-12,2444.62,pending,Books,South,36,4
7005,2024-09-12,1918.3,refunded,Food,Central,41,4
7006,2024-09-12,3454.73,pending,Electronics,North,9,5
7007,2024-09-12,2343.44,completed,Electronics,West,45,2
7008,2024-09-12,2534.04,pending,Food,East,37,2
7009,2024-09-12,3976.17,completed,Electronics,East,19,3
7010,2024-09-12,4056.28,pending,Sports,South,31,2
7011,2024-09-12,1120.55,completed,Home,South,48,4
7012,2024-09-12,3053.05,failed,Clothing,West,42,2
7013,2024-09-12,4856.04,failed,Sports,Central,48,4
7014,2024-09-13,4469.03,completed,Electronics,South,23,1
7015,2024-09-13,187.52,completed,Sports,East,7,2
7016,2024-09-13,4249.81,pending,Home,Central,31,3
7017,2024-09-13,4381.87,completed,Books,North,35,3
7018,2024-09-13,1365.82,completed,Food,Central,22,1
7019,2024-09-13,4843.33,completed,Electronics,West,23,2
7020,2024-09-13,2148.31,completed,Food,South,27,3
7021,2024-09-13,3748.24,completed,Clothing,North,39,3
7022,2024-09-13,216.67,pending,Sports,West,20,2
7023,2024-09-13,824.91,completed,Sports,Central,44,2
7024,2024-09-13,2057.55,completed,Clothing,North,36,5
7025,2024-09-13,499.86,failed,Food,North,47,2
7026,2024-09-13,2950.7,completed,Sports,East,28,4
7027,2024-09-13,1302.01,completed,Books,West,37,1
7028,2024-09-13,1428.78,pending,Books,Central,11,1
7029,2024-09-13,3352.73,pending,Clothing,North,10,1
7030,2024-09-13,2509.69,failed,Clothing,East,47,5
7031,2024-09-13,1093.96,completed,Sports,North,34,4
7032,2024-09-13,1063.03,completed,Food,South,17,5
7033,2024-09-13,1661.5,pending,Books,East,43,3
7034,2024-09-13,1593.9,completed,Home,South,33,4
7035,2024-09-13,4625.33,completed,Electronics,North,15,1
7036,2024-09-13,3738.18,completed,Sports,North,22,2
7037,2024-09-13,1350.94,failed,Books,Central,38,2
7038,2024-09-13,4741.87,completed,Sports,Central,48,4
7039,2024-09-13,4581.02,completed,Sports,South,48,3
7040,2024-09-13,4282.67,refunded,Food,East,31,3
7041,2024-09-13,3661.44,completed,Books,Central,34,1
7042,2024-09-14,3849.88,completed,Books,West,19,1
7043,2024-09-14,2374.72,failed,Electronics,East,37,5
7044,2024-09-14,1473.95,completed,Clothing,South,27,4
7045,2024-09-14,2624.41,completed,Sports,East,36,5
7046,2024-09-14,3810.48,completed,Food,Central,48,5
7047,2024-09-14,1910.07,failed,Home,West,48,3
7048,2024-09-14,1645.23,completed,Home,South,34,2
7049,2024-09-14,758.26,completed,Electronics,Central,34,4
7050,2024-09-14,3824.05,completed,Books,West,21,3
7051,2024-09-14,3321.17,refunded,Clothing,East,8,3
7052,2024-09-14,2721.08,failed,Clothing,South,18,4
7053,2024-09-14,1544.43,completed,Food,North,25,3
7054,2024-09-14,2776.13,completed,Sports,Central,11,5
7055,2024-09-14,279.23,completed,Sports,North,11,4
7056,2024-09-14,767.35,completed,Home,South,20,1
7057,2024-09-14,1487.69,failed,Books,North,18,2
7058,2024-09-14,501.6,refunded,Sports,North,48,4
7059,2024-09-14,157.3,pending,Electronics,Central,11,4
7060,2024-09-14,1137.64,completed,Books,North,36,4
7061,2024-09-14,4409.94,completed,Sports,East,46,2
7062,2024-09-14,41.41,pending,Books,West,34,3
7063,2024-09-14,4005.97,pending,Food,West,40,4
7064,2024-09-14,2853.9,completed,Sports,West,28,2
7065,2024-09-14,254.88,completed,Home,East,23,4
7066,2024-09-14,2098.49,failed,Home,South,41,3
7067,2024-09-14,3170.95,pending,Home,East,20,5
7068,2024-09-14,414.77,completed,Electronics,Central,49,2
7069,2024-09-15,546.97,completed,Electronics,South,39,1
7070,2024-09-15,548.18,pending,Electronics,Central,45,5
7071,2024-09-15,3773.99,completed,Home,East,20,2
7072,2024-09-15,440.64,failed,Sports,South,9,4
7073,2024-09-15,3131.31,completed,Clothing,North,17,5
7074,2024-09-15,1506.53,failed,Electronics,North,37,4
7075,2024-09-15,2993.26,refunded,Books,North,9,2
7076,2024-09-15,132.05,completed,Sports,North,27,2
7077,2024-09-15,2631.73,refunded,Home,Central,47,3
7078,2024-09-15,4106.86,completed,Clothing,Central,29,2
7079,2024-09-15,3895.68,completed,Home,West,35,1
7080,2024-09-15,2666.33,completed,Sports,South,27,2
7081,2024-09-15,1068.08,completed,Food,West,19,4
7082,2024-09-15,3812.48,completed,Home,South,45,3
7083,2024-09-15,2720.2,completed,Food,East,8,3
7084,2024-09-15,1456.12,pending,Clothing,South,27,3
7085,2024-09-15,4642.75,refunded,Electronics,North,4,5
7086,2024-09-15,2665.98,completed,Home,East,5,2
7087,2024-09-15,4521.98,pending,Clothing,South,16,3
7088,2024-09-15,2157.47,completed,Electronics,West,40,2
7089,2024-09-15,2273.24,failed,Books,West,26,5
7090,2024-09-15,1797.93,completed,Clothing,South,17,3
7091,2024-09-15,1902.24,completed,Sports,Central,33,5
7092,2024-09-15,1713.65,completed,Clothing,East,3,4
7093,2024-09-15,3792.6,completed,Home,West,22,4
7094,2024-09-15,1407.94,completed,Food,East,21,2
7095,2024-09-15,1123.12,failed,Food,East,38,3
7096,2024-09-15,4384.02,completed,Sports,North,41,5
7097,2024-09-16,4890.9,completed,Clothing,South,43,3
7098,2024-09-16,2583.42,completed,Clothing,East,25,4
7099,2024-09-16,822.75,pending,Clothing,Central,18,1
7100,2024-09-16,505.88,completed,Food,North,3,3
7101,2024-09-16,3070.71,completed,Clothing,South,17,4
7102,2024-09-16,3905.56,completed,Home,North,47,4
7103,2024-09-16,3575.79,completed,Home,East,49,5
7104,2024-09-16,4477.5,completed,Electronics,Central,40,2
7105,2024-09-16,2082.08,completed,Food,Central,12,1
7106,2024-09-16,4696.32,completed,Books,South,14,4
7107,2024-09-16,3416.27,completed,Books,East,36,1
7108,2024-09-16,3739.3,completed,Books,Central,36,4
7109,2024-09-16,3187.68,completed,Electronics,East,1,5
7110,2024-09-16,418.36,pending,Clothing,East,48,5
7111,2024-09-16,4381.77,completed,Books,Central,21,1
7112,2024-09-16,1333.52,failed,Sports,West,10,3
7113,2024-09-16,500.86,completed,Food,North,23,2
7114,2024-09-16,4538.32,refunded,Home,Central,46,4
7115,2024-09-16,1381.31,completed,Sports,Central,29,3
7116,2024-09-16,4944.13,completed,Food,Central,10,4
7117,2024-09-16,4292.82,pending,Sports,West,32,3
7118,2024-09-16,3312.36,completed,Home,East,12,1
7119,2024-09-16,4446.31,completed,Electronics,North,36,1
7120,2024-09-16,4076.31,completed,Clothing,Central,23,5
7121,2024-09-16,3284.77,pending,Home,North,9,5
7122,2024-09-16,2926.54,completed,Clothing,Central,1,4
7123,2024-09-16,3695.88,completed,Electronics,West,23,3
7124,2024-09-17,955.56,completed,Books,East,25,3
7125,2024-09-17,3306.37,pending,Home,South,8,3
7126,2024-09-17,299.49,completed,Books,South,16,1
7127,2024-09-17,4369.28,completed,Electronics,East,5,5
7128,2024-09-17,3522.01,completed,Home,South,4,3
7129,2024-09-17,629.09,completed,Food,South,24,4
7130,2024-09-17,4817.9,completed,Food,West,24,4
7131,2024-09-17,4801.09,completed,Food,North,16,3
7132,2024-09-17,2834.2,pending,Books,Central,26,2
7133,2024-09-17,43.7,pending,Sports,North,10,4
7134,2024-09-17,4330.9,completed,Food,South,41,4
7135,2024-09-17,4501.88,completed,Clothing,West,18,1
7136,2024-09-17,701.75,pending,Clothing,Central,49,2
7137,2024-09-17,2407.1,refunded,Home,East,5,2
7138,2024-09-17,4659.52,completed,Sports,West,45,1
7139,2024-09-17,4221.38,completed,Electronics,Central,9,4
7140,2024-09-17,4772.76,completed,Electronics,East,9,5
7141,2024-09-17,3560.68,completed,Clothing,Central,22,2
7142,2024-09-17,1280.72,completed,Home,North,43,2
7143,2024-09-17,3560.99,refunded,Clothing,West,36,5
7144,2024-09-17,2163.9,completed,Home,North,37,4
7145,2024-09-17,3528.88,completed,Food,South,10,4
7146,2024-09-17,2379.49,completed,Books,West,41,4
7147,2024-09-17,4264.15,pending,Electronics,North,31,5
7148,2024-09-17,3066.6,completed,Electronics,South,13,5
7149,2024-09-17,1901.04,completed,Electronics,North,37,3
7150,2024-09-17,1344.12,completed,Food,Central,36,2
7151,2024-09-18,3629.32,completed,Home,South,29,3
7152,2024-09-18,4390.47,failed,Electronics,East,34,2
7153,2024-09-18,4705.1,completed,Home,Central,49,1
7154,2024-09-18,4506.23,completed,Clothing,East,25,1
7155,2024-09-18,145.11,failed,Electronics,West,29,5
7156,2024-09-18,3045.47,pending,Books,East,41,4
7157,2024-09-18,3594.61,failed,Home,South,37,1
7158,2024-09-18,1096.53,completed,Electronics,East,14,5
7159,2024-09-18,1543.66,completed,Sports,West,32,2
7160,2024-09-18,3616.07,completed,Clothing,Central,20,2
7161,2024-09-18,4672.65,completed,Sports,West,40,3
7162,2024-09-18,988.47,completed,Books,North,20,2
7163,2024-09-18,3731.78,completed,Sports,North,39,1
7164,2024-09-18,2134.42,completed,Sports,Central,28,2
7165,2024-09-18,1561.22,completed,Electronics,West,17,4
7166,2024-09-18,1478.37,pending,Sports,West,2,5
7167,2024-09-18,4118.94,completed,Books,East,14,3
7168,2024-09-18,299.7,completed,Books,East,24,2
7169,2024-09-18,3744.26,pending,Sports,West,5,5
7170,2024-09-18,1310.41,failed,Clothing,West,5,4
7171,2024-09-18,1587.96,pending,Sports,Central,42,5
7172,2024-09-18,3564.38,completed,Sports,South,6,4
7173,2024-09-18,2455.93,completed,Sports,East,13,3
7174,2024-09-18,297.99,completed,Clothing,North,38,3
7175,2024-09-18,3957.17,completed,Books,South,21,1
7176,2024-09-18,2279.54,completed,Sports,North,17,2
7177,2024-09-18,1971.81,completed,Clothing,North,12,2
7178,2024-09-18,2773.28,pending,Food,East,9,4
7179,2024-09-19,3369.35,pending,Electronics,West,35,4
7180,2024-09-19,4735.88,completed,Food,West,39,3
7181,2024-09-19,331.32,completed,Food,East,29,4
7182,2024-09-19,3375.1,failed,Home,North,9,1
7183,2024-09-19,780.04,completed,Electronics,South,46,1
7184,2024-09-19,29.48,completed,Clothing,North,19,3
7185,2024-09-19,4141.72,completed,Home,South,36,1
7186,2024-09-19,4765.49,completed,Books,Central,37,5
7187,2024-09-19,1541.1,completed,Electronics,South,36,2
7188,2024-09-19,2307.02,completed,Sports,North,49,3
7189,2024-09-19,2945.85,completed,Food,Central,32,4
7190,2024-09-19,3021.45,completed,Clothing,North,35,5
7191,2024-09-19,4169.86,completed,Electronics,North,45,1
7192,2024-09-19,1726.39,completed,Food,South,34,3
7193,2024-09-19,3046.66,failed,Clothing,East,3,1
7194,2024-09-19,445.65,completed,Clothing,East,12,1
7195,2024-09-19,4112.98,completed,Sports,East,36,2
7196,2024-09-19,3321.58,completed,Sports,North,34,3
7197,2024-09-19,3003.62,completed,Books,South,15,2
7198,2024-09-19,296.55,completed,Books,North,47,1
7199,2024-09-19,259.63,pending,Clothing,South,7,2
7200,2024-09-19,430.68,failed,Food,Central,3,2
7201,2024-09-19,1164.71,completed,Sports,Central,42,2
7202,2024-09-19,2145.37,completed,Home,Central,18,1
7203,2024-09-19,2191.96,completed,Clothing,East,25,4
7204,2024-09-19,791.82,failed,Clothing,Central,12,2
7205,2024-09-19,2224.9,completed,Electronics,West,23,4
7206,2024-09-20,2584.7,completed,Clothing,East,7,2
7207,2024-09-20,509.38,completed,Books,East,36,4
7208,2024-09-20,629.93,pending,Sports,West,16,5
7209,2024-09-20,3721.5,pending,Food,South,28,2
7210,2024-09-20,4987.21,failed,Clothing,North,29,2
7211,2024-09-20,938.59,completed,Electronics,South,13,2
7212,2024-09-20,2324.23,refunded,Food,West,19,4
7213,2024-09-20,946.05,completed,Books,South,14,1
7214,2024-09-20,306.09,completed,Books,West,35,1
7215,2024-09-20,909.42,completed,Clothing,East,39,2
7216,2024-09-20,1805.9,completed,Home,East,30,1
7217,2024-09-20,2746.01,completed,Electronics,Central,12,4
7218,2024-09-20,2624.02,completed,Food,South,6,1
7219,2024-09-20,2257.38,pending,Clothing,South,8,5
7220,2024-09-20,1803.43,completed,Books,West,9,2
7221,2024-09-20,1920.71,completed,Electronics,North,3,2
7222,2024-09-20,21.1,completed,Home,Central,8,1
7223,2024-09-20,1124.41,refunded,Books,North,24,1
7224,2024-09-20,878.98,pending,Clothing,South,29,1
7225,2024-09-20,2917.71,pending,Sports,North,20,1
7226,2024-09-20,2239.77,failed,Sports,West,47,4
7227,2024-09-20,1102.54,pending,Food,East,43,5
7228,2024-09-20,666.57,completed,Sports,South,27,5
7229,2024-09-20,3382.47,completed,Books,South,20,5
7230,2024-09-20,4501.96,completed,Sports,South,40,3
7231,2024-09-20,1284.98,completed,Sports,South,7,5
7232,2024-09-20,3076.65,completed,Sports,South,26,3
7233,2024-09-20,814.97,pending,Books,East,41,1
7234,2024-09-21,1215.69,completed,Food,East,25,1
7235,2024-09-21,925.04,completed,Clothing,East,29,3
7236,2024-09-21,2715.09,refunded,Electronics,South,41,4
7237,2024-09-21,221.65,failed,Electronics,East,49,5
7238,2024-09-21,2330.85,completed,Books,South,13,4
7239,2024-09-21,4505.96,completed,Home,South,23,3
7240,2024-09-21,707.33,completed,Clothing,West,8,3
7241,2024-09-21,2957.91,completed,Clothing,East,29,1
7242,2024-09-21,218.02,pending,Electronics,Central,6,4
7243,2024-09-21,2756.68,completed,Sports,North,8,3
7244,2024-09-21,3966.88,completed,Food,North,31,3
7245,2024-09-21,982.04,failed,Electronics,East,13,4
7246,2024-09-21,1921.23,completed,Clothing,South,11,1
7247,2024-09-21,2088.54,completed,Clothing,Central,44,5
7248,2024-09-21,4313.83,refunded,Food,South,5,1
7249,2024-09-21,221.4,completed,Home,South,26,4
7250,2024-09-21,1591.62,completed,Clothing,East,45,1
7251,2024-09-21,495.51,pending,Books,West,11,4
7252,2024-09-21,3298.69,completed,Home,North,1,1
7253,2024-09-21,2569.99,pending,Food,Central,27,5
7254,2024-09-21,2671.33,completed,Sports,North,34,4
7255,2024-09-21,883.56,failed,Clothing,West,47,1
7256,2024-09-21,1858.77,completed,Books,North,38,5
7257,2024-09-21,4372.94,completed,Electronics,Central,13,2
7258,2024-09-21,3094.78,completed,Electronics,South,29,1
7259,2024-09-21,4309.34,completed,Electronics,Central,35,2
7260,2024-09-21,3155.57,failed,Clothing,South,47,4
7261,2024-09-22,2874.71,completed,Food,South,35,3
7262,2024-09-22,4493.93,completed,Books,South,44,3
7263,2024-09-22,2509.28,completed,Home,East,2,5
7264,2024-09-22,3592.83,completed,Clothing,Central,43,1
7265,2024-09-22,604.29,completed,Books,East,25,5
7266,2024-09-22,931.84,completed,Home,South,44,2
7267,2024-09-22,2279.11,completed,Sports,Central,40,4
7268,2024-09-22,1723.39,completed,Home,East,33,3
7269,2024-09-22,1175.07,pending,Food,Central,46,1
7270,2024-09-22,1656.31,completed,Books,West,6,1
7271,2024-09-22,3420.6,completed,Electronics,Central,1,1
7272,2024-09-22,3213.77,completed,Electronics,South,15,1
7273,2024-09-22,593.55,completed,Clothing,North,43,3
7274,2024-09-22,4924.76,completed,Clothing,East,41,2
7275,2024-09-22,3499.87,completed,Food,South,8,1
7276,2024-09-22,1124.81,completed,Electronics,East,29,1
7277,2024-09-22,444.52,completed,Sports,North,22,2
7278,2024-09-22,4446.28,completed,Clothing,Central,11,4
7279,2024-09-22,1820.62,completed,Food,Central,10,2
7280,2024-09-22,1158.58,failed,Sports,North,43,2
7281,2024-09-22,1416.61,completed,Sports,North,12,3
7282,2024-09-22,1348.17,completed,Clothing,South,32,1
7283,2024-09-22,3881.4,completed,Electronics,West,44,1
7284,2024-09-22,3226.69,refunded,Sports,West,10,1
7285,2024-09-22,1741.31,completed,Home,East,7,5
7286,2024-09-22,1659.18,completed,Home,Central,38,2
7287,2024-09-22,4784.7,pending,Clothing,North,45,3
7288,2024-09-23,3224.24,completed,Home,South,8,2
7289,2024-09-23,3622.72,completed,Sports,East,29,3
7290,2024-09-23,1497.28,refunded,Sports,East,19,4
7291,2024-09-23,4951.36,completed,Electronics,South,11,2
7292,2024-09-23,3734.61,completed,Clothing,North,26,5
7293,2024-09-23,1209.48,refunded,Clothing,North,46,1
7294,2024-09-23,4611.21,failed,Books,Central,21,5
7295,2024-09-23,1949.06,completed,Electronics,West,42,3
7296,2024-09-23,349.11,pending,Food,South,45,4
7297,2024-09-23,1882.08,completed,Electronics,North,40,2
7298,2024-09-23,4051.27,completed,Clothing,South,8,3
7299,2024-09-23,2169.85,pending,Home,West,18,2
7300,2024-09-23,2608.41,completed,Home,North,28,1
7301,2024-09-23,2418.26,refunded,Books,East,29,2
7302,2024-09-23,4776.3,completed,Home,West,12,1
7303,2024-09-23,228.4,completed,Sports,West,42,4
7304,2024-09-23,1381.26,completed,Food,North,13,1
7305,2024-09-23,3894.72,completed,Food,South,11,4
7306,2024-09-23,309.46,completed,Home,East,44,1
7307,2024-09-23,1736.03,completed,Sports,West,15,2
7308,2024-09-23,4341.03,completed,Home,West,27,3
7309,2024-09-23,505.4,completed,Books,East,11,4
7310,2024-09-23,832.14,completed,Home,Central,17,3
7311,2024-09-23,1638.29,completed,Sports,South,22,4
7312,2024-09-23,3606.24,completed,Clothing,West,37,5
7313,2024-09-23,1845.9,completed,Home,Central,41,2
7314,2024-09-23,4144.16,completed,Electronics,North,43,5
7315,2024-09-23,31.57,pending,Sports,West,45,3
7316,2024-09-24,332.12,pending,Clothing,East,33,1
7317,2024-09-24,4205.84,pending,Food,South,35,2
7318,2024-09-24,1924.06,completed,Clothing,South,2,5
7319,2024-09-24,2522.54,completed,Electronics,West,12,3
7320,2024-09-24,4530.26,completed,Clothing,East,22,5
7321,2024-09-24,678.8,refunded,Food,Central,13,2
7322,2024-09-24,3142.9,completed,Food,North,34,4
7323,2024-09-24,3733.98,completed,Electronics,North,3,3
7324,2024-09-24,2309.92,completed,Sports,Central,37,3
7325,2024-09-24,1250.91,completed,Sports,Central,31,3
7326,2024-09-24,108.33,completed,Food,Central,49,5
7327,2024-09-24,2865.73,completed,Books,South,19,4
7328,2024-09-24,942.78,completed,Home,East,5,1
7329,2024-09-24,1225.16,pending,Food,North,12,4
7330,2024-09-24,1688.25,completed,Sports,East,37,1
7331,2024-09-24,2931.56,failed,Electronics,South,1,4
7332,2024-09-24,4428.61,completed,Electronics,East,29,4
7333,2024-09-24,3722.62,completed,Food,West,21,1
7334,2024-09-24,2780.5,failed,Home,West,3,3
7335,2024-09-24,517.57,pending,Clothing,North,21,2
7336,2024-09-24,918.18,completed,Clothing,West,7,3
7337,2024-09-24,1349.28,completed,Sports,West,26,3
7338,2024-09-24,2976.08,completed,Sports,Central,39,2
7339,2024-09-24,3398.44,pending,Clothing,South,28,1
7340,2024-09-24,1455.22,completed,Sports,South,5,5
7341,2024-09-24,2805.45,completed,Food,Central,16,2
7342,2024-09-24,3686.86,completed,Food,South,32,3
7343,2024-09-25,2884.94,completed,Clothing,East,46,2
7344,2024-09-25,4855.59,completed,Home,Central,20,2
7345,2024-09-25,1003.38,pending,Books,South,45,4
7346,2024-09-25,3330.2,pending,Sports,North,46,3
7347,2024-09-25,252.8,completed,Home,Central,38,2
7348,2024-09-25,343.35,completed,Sports,East,27,3
7349,2024-09-25,26.36,refunded,Clothing,South,25,3
7350,2024-09-25,1593.58,pending,Home,South,40,1
7351,2024-09-25,157.74,completed,Food,Central,29,5
7352,2024-09-25,4327.93,pending,Food,South,15,2
7353,2024-09-25,2523.89,completed,Sports,South,3,4
7354,2024-09-25,3559.38,pending,Sports,East,6,2
7355,2024-09-25,3490.15,completed,Sports,South,4,1
7356,2024-09-25,4456.43,completed,Food,West,39,3
7357,2024-09-25,522.35,completed,Food,West,15,2
7358,2024-09-25,227.4,completed,Sports,North,45,4
7359,2024-09-25,3568.04,completed,Sports,West,34,3
7360,2024-09-25,4109.03,pending,Sports,South,19,3
7361,2024-09-25,69.06,completed,Home,Central,26,4
7362,2024-09-25,2709.96,failed,Books,East,41,4
7363,2024-09-25,2001.17,completed,Sports,West,30,4
7364,2024-09-25,4557.55,completed,Home,Central,3,4
7365,2024-09-25,3491.97,refunded,Electronics,East,2,2
7366,2024-09-25,4904.87,pending,Clothing,West,17,5
7367,2024-09-25,1766.04,completed,Home,West,15,5
7368,2024-09-25,714.31,completed,Electronics,East,3,4
7369,2024-09-25,3731.62,completed,Books,Central,46,5
7370,2024-09-25,3756.63,completed,Books,South,7,5
7371,2024-09-26,2108.95,refunded,Books,Central,48,4
7372,2024-09-26,960.46,completed,Electronics,Central,33,2
7373,2024-09-26,399.34,completed,Sports,South,46,1
7374,2024-09-26,3206.43,pending,Clothing,West,29,5
7375,2024-09-26,1001.42,completed,Books,East,40,5
7376,2024-09-26,383.13,completed,Clothing,North,47,4
7377,2024-09-26,3188.83,completed,Electronics,West,44,1
7378,2024-09-26,3124.11,completed,Food,South,21,2
7379,2024-09-26,2657.03,pending,Electronics,North,36,4
7380,2024-09-26,3783.0,completed,Home,West,31,3
7381,2024-09-26,1792.38,completed,Home,South,32,1
7382,2024-09-26,2591.25,completed,Sports,East,43,5
7383,2024-09-26,4769.86,completed,Food,South,34,5
7384,2024-09-26,1353.62,failed,Electronics,East,14,4
7385,2024-09-26,637.25,completed,Food,North,44,2
7386,2024-09-26,1924.69,completed,Home,South,40,4
7387,2024-09-26,2523.0,pending,Books,West,45,4
7388,2024-09-26,4027.33,completed,Home,Central,34,5
7389,2024-09-26,2440.29,completed,Books,West,13,4
7390,2024-09-26,3296.14,completed,Sports,North,45,2
7391,2024-09-26,3001.33,completed,Electronics,South,16,4
7392,2024-09-26,2266.47,completed,Sports,South,41,5
7393,2024-09-26,3993.97,completed,Food,North,5,5
7394,2024-09-26,602.67,completed,Clothing,South,30,1
7395,2024-09-26,3766.66,completed,Books,South,29,1
7396,2024-09-26,3133.87,completed,Books,Central,42,5
7397,2024-09-26,4727.84,completed,Food,North,37,4
7398,2024-09-27,1455.33,failed,Food,Central,22,3
7399,2024-09-27,864.24,failed,Clothing,West,48,4
7400,2024-09-27,1458.28,completed,Books,South,11,5
7401,2024-09-27,1218.54,completed,Electronics,West,45,5
7402,2024-09-27,4310.08,completed,Sports,South,10,1
7403,2024-09-27,3214.25,failed,Books,Central,1,1
7404,2024-09-27,2543.58,failed,Clothing,West,22,5
7405,2024-09-27,3735.91,completed,Food,West,23,1
7406,2024-09-27,317.38,completed,Clothing,West,25,4
7407,2024-09-27,1898.65,completed,Sports,North,26,2
7408,2024-09-27,1742.17,refunded,Home,West,44,5
7409,2024-09-27,4605.9,pending,Books,North,36,1
7410,2024-09-27,1634.6,pending,Clothing,North,43,1
7411,2024-09-27,1510.35,completed,Home,West,19,2
7412,2024-09-27,4702.04,completed,Food,East,24,4
7413,2024-09-27,4135.96,completed,Food,North,48,5
7414,2024-09-27,3697.24,completed,Sports,West,4,4
7415,2024-09-27,288.44,completed,Books,North,43,5
7416,2024-09-27,1246.89,pending,Sports,North,29,4
7417,2024-09-27,997.32,completed,Electronics,Central,42,1
7418,2024-09-27,4248.27,completed,Food,North,32,5
7419,2024-09-27,4675.2,completed,Clothing,East,29,4
7420,2024-09-27,3389.44,failed,Home,East,32,1
7421,2024-09-27,4275.72,completed,Electronics,Central,48,4
7422,2024-09-27,2399.84,completed,Food,North,15,3
7423,2024-09-27,686.21,failed,Home,South,44,1
7424,2024-09-27,3696.83,failed,Clothing,Central,29,4
7425,2024-09-28,4416.77,completed,Sports,South,47,5
7426,2024-09-28,4328.98,completed,Electronics,East,45,3
7427,2024-09-28,1033.78,pending,Sports,North,9,4
7428,2024-09-28,4801.64,completed,Food,West,27,2
7429,2024-09-28,2214.55,completed,Sports,Central,9,3
7430,2024-09-28,2475.68,completed,Books,Central,32,3
7431,2024-09-28,2481.08,completed,Sports,South,40,1
7432,2024-09-28,1132.44,pending,Electronics,North,4,3
7433,2024-09-28,2460.57,completed,Food,East,6,3
7434,2024-09-28,2901.14,completed,Electronics,Central,24,5
7435,2024-09-28,4677.8,pending,Home,East,27,1
7436,2024-09-28,4801.84,completed,Food,North,26,2
7437,2024-09-28,1125.45,pending,Home,East,27,5
7438,2024-09-28,700.82,failed,Food,Central,9,3
7439,2024-09-28,1060.98,completed,Sports,East,37,4
7440,2024-09-28,1546.09,completed,Clothing,West,46,1
7441,2024-09-28,2706.31,completed,Food,East,12,4
7442,2024-09-28,2265.87,completed,Electronics,South,10,4
7443,2024-09-28,56.29,completed,Home,West,3,2
7444,2024-09-28,254.59,pending,Sports,North,36,3
7445,2024-09-28,3651.04,completed,Food,South,22,5
7446,2024-09-28,4117.98,completed,Clothing,East,35,3
7447,2024-09-28,3936.72,completed,Books,West,32,3
7448,2024-09-28,33.74,pending,Clothing,South,31,1
7449,2024-09-28,2318.6,completed,Books,South,37,3
7450,2024-09-28,4675.53,pending,Food,Central,5,3
7451,2024-09-28,4970.63,completed,Books,West,42,3
7452,2024-09-28,4900.13,completed,Food,West,27,4
7453,2024-09-29,4390.33,completed,Food,Central,45,5
7454,2024-09-29,3196.91,failed,Clothing,Central,34,2
7455,2024-09-29,4376.96,completed,Clothing,Central,47,2
7456,2024-09-29,4551.95,completed,Sports,North,48,2
7457,2024-09-29,2896.32,completed,Clothing,West,1,4
7458,2024-09-29,681.37,pending,Sports,West,31,4
7459,2024-09-29,883.48,pending,Sports,West,12,2
7460,2024-09-29,3429.7,completed,Electronics,North,12,5
7461,2024-09-29,3184.68,completed,Sports,West,39,5
7462,2024-09-29,2094.39,completed,Food,East,44,4
7463,2024-09-29,565.49,failed,Books,East,27,5
7464,2024-09-29,1107.8,pending,Books,South,32,2
7465,2024-09-29,4987.69,completed,Clothing,South,8,2
7466,2024-09-29,52.73,completed,Home,Central,49,3
7467,2024-09-29,4159.97,completed,Home,North,31,3
7468,2024-09-29,3071.7,completed,Clothing,Central,30,3
7469,2024-09-29,217.24,completed,Food,West,32,2
7470,2024-09-29,2128.12,failed,Electronics,East,48,3
7471,2024-09-29,4074.85,completed,Electronics,South,33,1
7472,2024-09-29,3089.09,completed,Home,South,16,1
7473,2024-09-29,4629.77,completed,Home,Central,46,4
7474,2024-09-29,4809.04,pending,Sports,West,28,2
7475,2024-09-29,4136.75,pending,Home,South,25,1
7476,2024-09-29,3630.22,completed,Books,East,16,5
7477,2024-09-29,550.37,completed,Clothing,West,9,3
7478,2024-09-29,3829.28,completed,Books,West,6,2
7479,2024-09-29,3188.52,failed,Food,East,18,5
7480,2024-09-30,1901.89,completed,Sports,South,44,4
7481,2024-09-30,3940.17,completed,Clothing,South,27,5
7482,2024-09-30,2223.91,completed,Books,East,44,5
7483,2024-09-30,3517.03,pending,Home,East,10,2
7484,2024-09-30,3548.94,completed,Books,East,3,4
7485,2024-09-30,3809.51,failed,Electronics,Central,15,5
7486,2024-09-30,1744.83,pending,Home,South,35,3
7487,2024-09-30,930.13,completed,Books,East,39,1
7488,2024-09-30,3642.22,completed,Clothing,East,25,3
7489,2024-09-30,1992.54,completed,Sports,North,20,2
7490,2024-09-30,4868.69,completed,Books,Central,12,2
7491,2024-09-30,4986.03,pending,Electronics,East,13,4
7492,2024-09-30,4724.85,failed,Sports,West,36,3
7493,2024-09-30,2356.59,completed,Food,East,34,2
7494,2024-09-30,4727.4,completed,Electronics,Central,27,2
7495,2024-09-30,198.5,completed,Electronics,Central,41,5
7496,2024-09-30,3234.31,completed,Home,East,1,4
7497,2024-09-30,4889.25,completed,Clothing,West,40,3
7498,2024-09-30,70.11,completed,Clothing,Central,24,3
7499,2024-09-30,3807.61,completed,Sports,South,9,1
7500,2024-09-30,2972.94,completed,Sports,South,21,4
7501,2024-09-30,350.24,completed,Electronics,East,12,2
7502,2024-09-30,1065.03,completed,Books,East,35,4
7503,2024-09-30,686.56,completed,Books,East,4,2
7504,2024-09-30,3720.69,refunded,Books,East,15,4
7505,2024-09-30,3913.96,completed,Electronics,North,46,4
7506,2024-09-30,4866.88,pending,Home,North,36,1
7507,2024-09-30,3869.48,completed,Home,Central,32,4
7508,2024-10-01,3913.85,completed,Food,Central,6,3
7509,2024-10-01,2200.94,completed,Books,Central,35,1
7510,2024-10-01,778.75,completed,Food,Central,48,4
7511,2024-10-01,2122.24,completed,Food,East,33,4
7512,2024-10-01,536.51,completed,Books,East,10,3
7513,2024-10-01,4236.62,completed,Books,East,1,1
7514,2024-10-01,2229.73,completed,Home,East,37,1
7515,2024-10-01,3972.24,completed,Books,Central,42,2
7516,2024-10-01,4764.92,completed,Home,East,21,2
7517,2024-10-01,1773.03,failed,Clothing,North,3,1
7518,2024-10-01,1045.15,pending,Home,Central,22,4
7519,2024-10-01,1233.44,completed,Sports,North,45,2
7520,2024-10-01,3718.75,completed,Home,North,48,1
7521,2024-10-01,1213.95,completed,Books,West,6,1
7522,2024-10-01,1680.84,completed,Food,North,28,3
7523,2024-10-01,3055.85,completed,Electronics,East,16,4
7524,2024-10-01,2235.01,completed,Clothing,South,38,1
7525,2024-10-01,1073.07,completed,Electronics,South,6,3
7526,2024-10-01,2418.23,completed,Home,Central,39,4
7527,2024-10-01,2229.18,pending,Clothing,East,10,4
7528,2024-10-01,3277.32,refunded,Electronics,South,39,3
7529,2024-10-01,2025.89,completed,Sports,East,35,2
7530,2024-10-01,4045.36,completed,Electronics,West,5,5
7531,2024-10-01,1187.57,completed,Sports,East,44,1
7532,2024-10-01,2532.24,completed,Books,Central,27,1
7533,2024-10-01,4008.98,completed,Sports,Central,11,5
7534,2024-10-01,1349.48,pending,Books,East,43,2
7535,2024-10-02,1190.42,completed,Sports,East,34,2
7536,2024-10-02,2869.9,pending,Sports,North,33,2
7537,2024-10-02,2699.55,pending,Sports,Central,30,5
7538,2024-10-02,4761.77,failed,Food,West,13,3
7539,2024-10-02,4027.09,pending,Food,East,44,2
7540,2024-10-02,1542.78,completed,Home,East,22,5
7541,2024-10-02,718.64,completed,Clothing,Central,38,4
7542,2024-10-02,1262.22,completed,Sports,East,15,4
7543,2024-10-02,2028.69,completed,Electronics,South,42,5
7544,2024-10-02,460.05,failed,Home,West,17,4
7545,2024-10-02,1342.81,refunded,Clothing,West,39,5
7546,2024-10-02,4013.22,completed,Home,South,22,2
7547,2024-10-02,2891.79,completed,Home,West,37,3
7548,2024-10-02,202.91,refunded,Home,North,11,1
7549,2024-10-02,55.11,completed,Books,South,37,1
7550,2024-10-02,1929.49,failed,Books,Central,31,3
7551,2024-10-02,220.05,refunded,Food,North,12,2
7552,2024-10-02,1543.36,failed,Electronics,West,18,2
7553,2024-10-02,1157.69,pending,Sports,East,29,4
7554,2024-10-02,2420.66,completed,Clothing,West,1,4
7555,2024-10-02,2783.09,failed,Books,North,3,2
7556,2024-10-02,3422.12,completed,Clothing,East,10,3
7557,2024-10-02,2124.57,completed,Food,North,32,4
7558,2024-10-02,3003.23,completed,Food,East,49,4
7559,2024-10-02,3086.45,completed,Books,South,43,5
7560,2024-10-02,1661.43,completed,Electronics,West,40,1
7561,2024-10-02,1470.0,completed,Sports,West,12,5
7562,2024-10-03,3339.42,completed,Clothing,North,25,5
7563,2024-10-03,1137.16,completed,Books,West,4,3
7564,2024-10-03,317.99,failed,Clothing,West,41,3
7565,2024-10-03,277.56,pending,Sports,East,16,5
7566,2024-10-03,1682.26,completed,Sports,Central,16,5
7567,2024-10-03,4884.3,completed,Electronics,South,8,2
7568,2024-10-03,2476.32,completed,Sports,West,18,3
7569,2024-10-03,1578.33,pending,Electronics,East,48,2
7570,2024-10-03,3347.78,completed,Sports,Central,26,2
7571,2024-10-03,717.72,completed,Food,West,11,1
7572,2024-10-03,4345.68,pending,Electronics,East,11,1
7573,2024-10-03,4973.21,completed,Sports,West,24,3
7574,2024-10-03,3122.19,refunded,Sports,Central,41,4
7575,2024-10-03,609.08,completed,Sports,East,31,3
7576,2024-10-03,4626.0,completed,Electronics,West,23,4
7577,2024-10-03,563.47,completed,Home,West,40,3
7578,2024-10-03,673.08,completed,Food,Central,5,5
7579,2024-10-03,3589.35,refunded,Sports,South,40,2
7580,2024-10-03,3624.48,completed,Electronics,North,12,1
7581,2024-10-03,1137.67,pending,Books,South,7,3
7582,2024-10-03,3425.03,failed,Sports,North,28,1
7583,2024-10-03,4635.6,completed,Sports,Central,12,4
7584,2024-10-03,4172.75,completed,Clothing,West,30,3
7585,2024-10-03,1333.97,completed,Electronics,Central,42,1
7586,2024-10-03,1729.65,completed,Books,East,38,2
7587,2024-10-03,4878.06,refunded,Home,West,40,2
7588,2024-10-03,2325.49,completed,Electronics,North,20,5
7589,2024-10-03,4293.93,failed,Home,South,12,2
7590,2024-10-04,165.83,completed,Electronics,North,34,2
7591,2024-10-04,172.47,completed,Clothing,Central,14,5
7592,2024-10-04,840.45,completed,Home,North,12,3
7593,2024-10-04,1369.81,completed,Food,North,14,2
7594,2024-10-04,4423.68,completed,Home,South,31,1
7595,2024-10-04,725.25,failed,Food,South,37,1
7596,2024-10-04,4106.78,refunded,Clothing,Central,19,1
7597,2024-10-04,3460.95,failed,Sports,Central,34,4
7598,2024-10-04,2352.56,completed,Home,East,39,3
7599,2024-10-04,2627.43,completed,Food,Central,30,4
7600,2024-10-04,2904.99,completed,Electronics,Central,44,5
7601,2024-10-04,1528.94,completed,Electronics,East,28,3
7602,2024-10-04,3987.31,completed,Clothing,North,37,3
7603,2024-10-04,847.32,completed,Electronics,Central,16,5
7604,2024-10-04,841.11,completed,Food,East,31,5
7605,2024-10-04,3091.79,pending,Sports,Central,3,3
7606,2024-10-04,1608.47,completed,Books,East,7,1
7607,2024-10-04,79.45,failed,Sports,Central,48,4
7608,2024-10-04,3217.14,completed,Food,Central,32,5
7609,2024-10-04,4028.14,completed,Food,South,47,2
7610,2024-10-04,3326.72,completed,Food,North,27,3
7611,2024-10-04,2376.42,completed,Sports,East,22,3
7612,2024-10-04,3457.22,completed,Electronics,East,2,2
7613,2024-10-04,2205.39,completed,Electronics,East,7,1
7614,2024-10-04,3221.42,completed,Home,South,7,1
7615,2024-10-04,2090.55,completed,Food,South,1,2
7616,2024-10-04,3657.36,completed,Electronics,West,17,2
7617,2024-10-05,4775.1,pending,Sports,South,12,5
7618,2024-10-05,3733.67,completed,Electronics,East,24,5
7619,2024-10-05,2985.7,completed,Clothing,Central,46,1
7620,2024-10-05,738.22,completed,Electronics,North,46,5
7621,2024-10-05,460.57,completed,Books,West,24,5
7622,2024-10-05,94.58,completed,Clothing,North,10,1
7623,2024-10-05,2471.29,completed,Books,West,18,2
7624,2024-10-05,1364.89,refunded,Electronics,North,3,1
7625,2024-10-05,856.47,completed,Clothing,North,42,4
7626,2024-10-05,1299.92,failed,Clothing,North,37,2
7627,2024-10-05,4825.65,completed,Sports,South,8,1
7628,2024-10-05,1116.15,completed,Electronics,South,36,5
7629,2024-10-05,2645.31,pending,Electronics,South,37,2
7630,2024-10-05,4904.43,pending,Clothing,Central,39,1
7631,2024-10-05,685.42,pending,Home,North,40,2
7632,2024-10-05,1216.6,completed,Clothing,West,38,5
7633,2024-10-05,2956.65,completed,Books,North,41,1
7634,2024-10-05,3635.19,pending,Electronics,South,30,2
7635,2024-10-05,4267.78,pending,Home,Central,48,2
7636,2024-10-05,3308.46,completed,Electronics,North,25,3
7637,2024-10-05,147.99,pending,Clothing,Central,17,2
7638,2024-10-05,1088.25,completed,Sports,South,7,2
7639,2024-10-05,2745.26,completed,Sports,Central,18,4
7640,2024-10-05,628.11,refunded,Sports,West,42,4
7641,2024-10-05,683.19,completed,Electronics,Central,39,5
7642,2024-10-05,4064.27,completed,Clothing,North,36,1
7643,2024-10-05,3765.5,completed,Electronics,Central,27,4
7644,2024-10-05,1012.66,completed,Sports,West,41,5
7645,2024-10-06,2471.17,pending,Clothing,East,22,4
7646,2024-10-06,4896.1,pending,Food,Central,49,3
7647,2024-10-06,2961.01,completed,Books,Central,33,5
7648,2024-10-06,3621.27,completed,Food,West,48,1
7649,2024-10-06,3274.25,completed,Food,South,19,3
7650,2024-10-06,2102.18,completed,Sports,East,13,2
7651,2024-10-06,4087.43,completed,Sports,West,10,3
7652,2024-10-06,400.48,completed,Sports,South,42,1
7653,2024-10-06,3033.96,completed,Electronics,East,42,2
7654,2024-10-06,2064.48,pending,Books,West,35,3
7655,2024-10-06,4378.73,completed,Home,West,48,3
7656,2024-10-06,3100.01,completed,Books,East,45,5
7657,2024-10-06,1367.71,completed,Books,East,21,5
7658,2024-10-06,3818.76,completed,Food,North,48,2
7659,2024-10-06,1982.23,completed,Clothing,Central,34,5
7660,2024-10-06,3886.78,pending,Clothing,Central,19,5
7661,2024-10-06,575.44,completed,Sports,West,49,1
7662,2024-10-06,1835.95,completed,Sports,West,24,2
7663,2024-10-06,2845.41,completed,Clothing,West,12,4
7664,2024-10-06,635.84,completed,Sports,North,8,1
7665,2024-10-06,2525.55,failed,Clothing,Central,17,4
7666,2024-10-06,4408.65,pending,Sports,East,1,5
7667,2024-10-06,329.16,pending,Clothing,North,9,3
7668,2024-10-06,2191.25,pending,Home,West,41,3
7669,2024-10-06,3970.7,completed,Sports,North,20,4
7670,2024-10-06,602.02,completed,Home,Central,44,2
7671,2024-10-06,265.05,completed,Home,West,20,4
7672,2024-10-07,2423.52,completed,Home,West,7,4
7673,2024-10-07,4729.52,pending,Clothing,West,6,2
7674,2024-10-07,3291.4,completed,Sports,North,8,3
7675,2024-10-07,4301.52,completed,Food,East,43,3
7676,2024-10-07,4694.44,refunded,Food,West,8,1
7677,2024-10-07,2568.23,completed,Sports,West,19,3
7678,2024-10-07,369.17,completed,Sports,East,16,4
7679,2024-10-07,522.61,completed,Home,North,36,3
7680,2024-10-07,3580.93,completed,Home,East,46,4
7681,2024-10-07,3308.59,completed,Sports,Central,12,2
7682,2024-10-07,1152.38,completed,Electronics,West,22,3
7683,2024-10-07,3791.17,refunded,Home,West,31,1
7684,2024-10-07,1213.34,completed,Electronics,Central,31,3
7685,2024-10-07,2807.77,completed,Sports,Central,38,3
7686,2024-10-07,1861.85,completed,Books,North,15,1
7687,2024-10-07,3516.88,completed,Electronics,West,40,2
7688,2024-10-07,3419.05,completed,Books,South,3,2
7689,2024-10-07,4123.95,completed,Clothing,North,19,5
7690,2024-10-07,1413.59,completed,Clothing,East,22,1
7691,2024-10-07,2012.41,completed,Clothing,Central,40,5
7692,2024-10-07,1139.17,completed,Food,East,23,5
7693,2024-10-07,2639.47,completed,Home,North,12,1
7694,2024-10-07,231.78,failed,Clothing,Central,22,1
7695,2024-10-07,4473.39,completed,Home,West,1,4
7696,2024-10-07,1703.06,completed,Sports,West,12,4
7697,2024-10-07,1648.1,completed,Food,North,25,3
7698,2024-10-07,2068.19,failed,Sports,North,19,3
7699,2024-10-08,1646.11,completed,Home,North,23,3
7700,2024-10-08,3301.64,refunded,Clothing,East,2,2
7701,2024-10-08,4683.42,pending,Clothing,Central,31,3
7702,2024-10-08,2555.84,completed,Food,East,40,4
7703,2024-10-08,4049.29,pending,Food,East,33,5
7704,2024-10-08,1641.47,pending,Electronics,East,27,3
7705,2024-10-08,2088.31,completed,Sports,East,8,3
7706,2024-10-08,4506.34,completed,Electronics,South,42,4
7707,2024-10-08,273.03,pending,Electronics,Central,16,5
7708,2024-10-08,2534.18,failed,Electronics,West,42,5
7709,2024-10-08,4156.71,completed,Books,South,10,5
7710,2024-10-08,3041.75,completed,Food,Central,34,2
7711,2024-10-08,517.03,completed,Home,West,41,1
7712,2024-10-08,310.06,refunded,Sports,West,21,5
7713,2024-10-08,4409.24,completed,Clothing,Central,46,3
7714,2024-10-08,2036.32,completed,Food,West,10,3
7715,2024-10-08,2321.64,completed,Electronics,West,6,4
7716,2024-10-08,906.02,completed,Sports,East,22,4
7717,2024-10-08,2353.12,pending,Electronics,North,34,5
7718,2024-10-08,2084.64,refunded,Books,West,29,5
7719,2024-10-08,3908.23,completed,Books,Central,35,5
7720,2024-10-08,475.48,completed,Food,South,22,1
7721,2024-10-08,3192.93,completed,Home,South,45,4
7722,2024-10-08,4856.41,pending,Clothing,South,38,4
7723,2024-10-08,1455.39,completed,Clothing,Central,25,3
7724,2024-10-08,3624.54,completed,Clothing,South,45,5
7725,2024-10-08,485.37,completed,Food,South,8,5
7726,2024-10-08,2421.19,pending,Books,Central,44,1
7727,2024-10-09,1813.81,pending,Electronics,North,39,2
7728,2024-10-09,3602.53,completed,Clothing,West,23,3
7729,2024-10-09,4781.6,pending,Electronics,West,32,2
7730,2024-10-09,3822.14,completed,Sports,North,44,2
7731,2024-10-09,958.24,refunded,Sports,North,14,5
7732,2024-10-09,4092.39,completed,Books,Central,24,4
7733,2024-10-09,163.63,completed,Food,West,37,3
7734,2024-10-09,3418.37,completed,Sports,Central,18,1
7735,2024-10-09,244.37,completed,Electronics,West,37,5
7736,2024-10-09,4201.18,completed,Sports,South,42,5
7737,2024-10-09,4457.71,completed,Home,South,13,3
7738,2024-10-09,3254.91,failed,Food,South,34,1
7739,2024-10-09,1218.9,completed,Sports,Central,23,5
7740,2024-10-09,1006.53,completed,Food,North,22,4
7741,2024-10-09,1111.18,completed,Food,West,3,1
7742,2024-10-09,1559.66,completed,Books,Central,16,5
7743,2024-10-09,2514.79,pending,Clothing,Central,30,5
7744,2024-10-09,279.6,completed,Home,East,6,3
7745,2024-10-09,3881.81,completed,Food,North,1,3
7746,2024-10-09,2500.87,completed,Books,East,13,3
7747,2024-10-09,2794.72,failed,Electronics,East,48,5
7748,2024-10-09,3242.38,failed,Home,East,4,5
7749,2024-10-09,807.56,completed,Food,South,37,5
7750,2024-10-09,3018.22,completed,Clothing,Central,20,2
7751,2024-10-09,2016.77,pending,Clothing,South,17,2
7752,2024-10-09,2348.46,completed,Electronics,Central,19,4
7753,2024-10-09,3012.27,completed,Clothing,West,20,5
7754,2024-10-10,1222.01,completed,Books,West,22,5
7755,2024-10-10,438.83,completed,Home,South,23,1
7756,2024-10-10,2073.7,completed,Food,North,30,1
7757,2024-10-10,772.16,pending,Electronics,North,39,4
7758,2024-10-10,399.29,completed,Books,East,34,3
7759,2024-10-10,3627.99,completed,Home,West,24,1
7760,2024-10-10,3068.17,failed,Electronics,East,23,5
7761,2024-10-10,801.94,failed,Home,Central,15,2
7762,2024-10-10,2463.84,completed,Food,North,41,5
7763,2024-10-10,4571.46,completed,Books,South,34,2
7764,2024-10-10,4555.13,completed,Home,South,13,3
7765,2024-10-10,2218.62,completed,Home,West,26,3
7766,2024-10-10,4578.32,pending,Clothing,West,2,3
7767,2024-10-10,4244.79,completed,Books,Central,14,3
7768,2024-10-10,616.64,completed,Home,South,13,2
7769,2024-10-10,1404.66,completed,Food,East,23,3
7770,2024-10-10,1327.22,completed,Books,West,3,2
7771,2024-10-10,203.71,completed,Books,Central,33,2
7772,2024-10-10,2743.84,failed,Sports,South,36,4
7773,2024-10-10,3059.99,completed,Food,West,27,3
7774,2024-10-10,268.19,completed,Food,West,22,3
7775,2024-10-10,3000.9,pending,Clothing,North,4,3
7776,2024-10-10,1082.54,pending,Food,East,25,5
7777,2024-10-10,1320.7,completed,Electronics,North,40,2
7778,2024-10-10,148.49,pending,Food,Central,2,2
7779,2024-10-10,68.02,completed,Clothing,Central,8,3
7780,2024-10-10,3305.61,completed,Sports,West,12,4
7781,2024-10-10,1089.05,pending,Clothing,Central,32,3
7782,2024-10-11,4796.22,completed,Electronics,North,14,1
7783,2024-10-11,4507.5,completed,Books,Central,43,5
7784,2024-10-11,210.71,completed,Food,North,26,1
7785,2024-10-11,4150.05,completed,Food,West,17,4
7786,2024-10-11,3383.93,completed,Electronics,West,21,1
7787,2024-10-11,2051.85,pending,Sports,West,19,3
7788,2024-10-11,1165.39,failed,Sports,Central,22,4
7789,2024-10-11,2843.02,completed,Food,Central,12,1
7790,2024-10-11,4548.27,completed,Electronics,North,11,5
7791,2024-10-11,583.89,completed,Electronics,South,16,4
7792,2024-10-11,4598.53,completed,Food,South,17,5
7793,2024-10-11,3408.62,completed,Books,North,45,2
7794,2024-10-11,371.12,completed,Clothing,East,17,5
7795,2024-10-11,2475.04,completed,Sports,South,31,3
7796,2024-10-11,303.6,completed,Clothing,Central,22,5
7797,2024-10-11,3452.02,pending,Clothing,South,29,2
7798,2024-10-11,366.14,failed,Electronics,East,44,4
7799,2024-10-11,1964.12,completed,Clothing,East,22,1
7800,2024-10-11,524.65,failed,Sports,West,43,3
7801,2024-10-11,4802.57,completed,Food,Central,21,2
7802,2024-10-11,1413.39,completed,Clothing,East,48,5
7803,2024-10-11,2489.32,completed,Electronics,South,17,4
7804,2024-10-11,1190.38,pending,Books,East,44,1
7805,2024-10-11,2815.71,completed,Food,Central,47,5
7806,2024-10-11,556.71,pending,Home,West,29,1
7807,2024-10-11,3495.46,completed,Sports,Central,16,1
7808,2024-10-11,871.89,completed,Books,West,22,3
7809,2024-10-12,4768.24,completed,Books,Central,34,5
7810,2024-10-12,2909.55,completed,Books,North,11,4
7811,2024-10-12,4540.85,pending,Food,West,24,5
7812,2024-10-12,432.07,pending,Electronics,North,36,4
7813,2024-10-12,1547.82,completed,Electronics,East,33,5
7814,2024-10-12,2775.05,completed,Sports,Central,34,3
7815,2024-10-12,2956.3,completed,Sports,West,1,5
7816,2024-10-12,4013.39,pending,Clothing,West,20,3
7817,2024-10-12,88.89,completed,Books,Central,27,1
7818,2024-10-12,3543.47,completed,Food,South,49,3
7819,2024-10-12,2766.4,completed,Books,West,4,2
7820,2024-10-12,4795.29,completed,Food,North,2,3
7821,2024-10-12,4024.85,pending,Books,West,46,3
7822,2024-10-12,1515.92,failed,Clothing,Central,33,2
7823,2024-10-12,102.86,completed,Sports,South,17,2
7824,2024-10-12,2782.84,completed,Electronics,Central,11,4
7825,2024-10-12,2595.19,pending,Home,Central,31,1
7826,2024-10-12,4364.66,completed,Books,East,41,1
7827,2024-10-12,506.31,completed,Food,Central,28,2
7828,2024-10-12,2937.52,completed,Home,Central,31,5
7829,2024-10-12,4982.55,completed,Sports,South,13,4
7830,2024-10-12,134.95,failed,Electronics,South,37,2
7831,2024-10-12,281.41,pending,Home,North,12,5
7832,2024-10-12,25.32,completed,Food,Central,13,3
7833,2024-10-12,302.44,failed,Food,South,31,3
7834,2024-10-12,1138.75,completed,Food,East,29,3
7835,2024-10-12,3299.04,completed,Clothing,North,45,1
7836,2024-10-13,2520.62,completed,Electronics,South,32,2
7837,2024-10-13,439.69,completed,Electronics,Central,26,1
7838,2024-10-13,1784.9,completed,Clothing,North,36,3
7839,2024-10-13,2034.44,completed,Sports,North,47,3
7840,2024-10-13,3173.75,completed,Food,North,34,5
7841,2024-10-13,1312.77,failed,Sports,East,42,2
7842,2024-10-13,34.19,completed,Sports,South,13,2
7843,2024-10-13,331.49,completed,Clothing,West,16,1
7844,2024-10-13,260.43,completed,Electronics,East,33,5
7845,2024-10-13,4121.86,completed,Books,South,3,1
7846,2024-10-13,97.36,completed,Food,North,44,3
7847,2024-10-13,1417.29,completed,Books,Central,17,3
7848,2024-10-13,1751.54,completed,Food,East,48,1
7849,2024-10-13,4059.14,completed,Sports,East,15,2
7850,2024-10-13,3880.24,completed,Home,Central,18,2
7851,2024-10-13,3574.46,completed,Clothing,North,11,3
7852,2024-10-13,3233.73,failed,Home,West,21,3
7853,2024-10-13,2960.25,completed,Sports,North,16,3
7854,2024-10-13,4770.04,completed,Home,Central,17,2
7855,2024-10-13,36.04,pending,Clothing,South,5,2
7856,2024-10-13,2490.63,completed,Food,West,39,4
7857,2024-10-13,3315.37,refunded,Home,West,22,1
7858,2024-10-13,3149.73,refunded,Clothing,East,22,5
7859,2024-10-13,4895.79,pending,Home,West,22,1
7860,2024-10-13,3759.71,completed,Electronics,South,3,1
7861,2024-10-13,2982.23,failed,Books,West,46,5
7862,2024-10-13,1369.69,completed,Home,Central,37,5
7863,2024-10-13,4480.03,failed,Books,South,43,3
7864,2024-10-14,1621.42,completed,Clothing,East,44,2
7865,2024-10-14,3574.24,completed,Books,East,20,4
7866,2024-10-14,1692.88,completed,Sports,South,34,5
7867,2024-10-14,2986.55,completed,Food,Central,21,5
7868,2024-10-14,2154.35,completed,Clothing,Central,3,3
7869,2024-10-14,2339.04,failed,Books,South,45,1
7870,2024-10-14,2053.21,pending,Clothing,Central,8,2
7871,2024-10-14,3952.91,completed,Clothing,West,28,3
7872,2024-10-14,2953.42,completed,Books,East,13,2
7873,2024-10-14,2525.02,completed,Electronics,East,41,3
7874,2024-10-14,2475.03,completed,Books,East,21,1
7875,2024-10-14,2344.47,completed,Clothing,South,18,1
7876,2024-10-14,4059.2,completed,Clothing,Central,43,5
7877,2024-10-14,2497.86,completed,Clothing,South,3,4
7878,2024-10-14,2468.03,completed,Food,South,38,2
7879,2024-10-14,678.67,completed,Food,East,35,3
7880,2024-10-14,1234.5,refunded,Food,Central,22,3
7881,2024-10-14,4048.03,failed,Books,East,23,3
7882,2024-10-14,4125.47,completed,Home,Central,31,1
7883,2024-10-14,1758.95,completed,Clothing,South,30,1
7884,2024-10-14,995.0,pending,Books,North,40,1
7885,2024-10-14,3952.44,completed,Books,East,22,3
7886,2024-10-14,4576.53,completed,Clothing,North,37,2
7887,2024-10-14,3504.96,completed,Food,South,15,5
7888,2024-10-14,1897.4,pending,Electronics,North,36,4
7889,2024-10-14,2473.66,completed,Books,East,49,3
7890,2024-10-14,4384.29,completed,Home,Central,5,4
7891,2024-10-15,767.51,completed,Electronics,East,26,3
7892,2024-10-15,247.67,pending,Clothing,West,37,1
7893,2024-10-15,4538.12,pending,Food,West,1,3
7894,2024-10-15,2865.92,completed,Home,South,44,5
7895,2024-10-15,3193.17,completed,Home,West,8,4
7896,2024-10-15,699.1,completed,Clothing,East,2,2
7897,2024-10-15,3634.9,completed,Books,East,6,1
7898,2024-10-15,2822.5,completed,Food,South,15,4
7899,2024-10-15,1688.38,completed,Sports,South,6,5
7900,2024-10-15,3352.28,completed,Books,Central,46,1
7901,2024-10-15,4591.32,completed,Home,East,7,5
7902,2024-10-15,4599.94,completed,Books,South,19,3
7903,2024-10-15,184.56,completed,Electronics,North,2,3
7904,2024-10-15,470.25,pending,Electronics,South,19,5
7905,2024-10-15,2735.94,completed,Food,Central,13,4
7906,2024-10-15,3136.86,failed,Clothing,East,30,3
7907,2024-10-15,4669.94,completed,Books,West,33,5
7908,2024-10-15,3084.74,completed,Sports,North,26,3
7909,2024-10-15,3991.55,completed,Electronics,North,9,5
7910,2024-10-15,3539.51,completed,Books,Central,41,3
7911,2024-10-15,2173.3,completed,Home,West,31,1
7912,2024-10-15,1686.63,failed,Home,West,2,2
7913,2024-10-15,3196.97,failed,Sports,East,46,4
7914,2024-10-15,3230.59,completed,Sports,West,34,1
7915,2024-10-15,1785.9,completed,Clothing,Central,37,3
7916,2024-10-15,1539.16,completed,Home,South,20,3
7917,2024-10-15,570.11,pending,Clothing,South,48,2
7918,2024-10-15,485.4,pending,Books,East,23,4
7919,2024-10-16,447.01,refunded,Food,East,28,3
7920,2024-10-16,3501.8,refunded,Food,South,25,1
7921,2024-10-16,2665.72,completed,Food,North,16,5
7922,2024-10-16,4375.39,completed,Sports,Central,40,3
7923,2024-10-16,573.94,completed,Sports,North,27,1
7924,2024-10-16,4995.5,completed,Food,West,28,1
7925,2024-10-16,2267.58,pending,Books,Central,44,2
7926,2024-10-16,3935.32,pending,Sports,Central,13,4
7927,2024-10-16,1155.64,completed,Sports,South,19,4
7928,2024-10-16,1599.91,completed,Clothing,North,16,4
7929,2024-10-16,619.1,pending,Clothing,West,27,5
7930,2024-10-16,1771.05,completed,Electronics,East,42,5
7931,2024-10-16,1869.73,completed,Books,East,8,1
7932,2024-10-16,1630.43,pending,Food,East,20,4
7933,2024-10-16,4534.98,completed,Electronics,Central,42,3
7934,2024-10-16,4248.87,completed,Clothing,East,36,4
7935,2024-10-16,540.78,failed,Clothing,North,45,5
7936,2024-10-16,1965.51,failed,Food,South,31,4
7937,2024-10-16,1586.68,pending,Clothing,North,24,4
7938,2024-10-16,4652.52,completed,Food,West,15,3
7939,2024-10-16,3013.84,pending,Electronics,South,48,2
7940,2024-10-16,4451.67,pending,Clothing,Central,10,5
7941,2024-10-16,2075.15,completed,Clothing,Central,37,1
7942,2024-10-16,3096.97,completed,Home,North,34,3
7943,2024-10-16,701.99,refunded,Books,Central,13,4
7944,2024-10-16,593.13,completed,Sports,East,26,3
7945,2024-10-16,3068.44,completed,Electronics,North,19,4
7946,2024-10-17,2823.68,completed,Home,North,37,4
7947,2024-10-17,4468.31,completed,Electronics,North,4,3
7948,2024-10-17,3437.32,completed,Food,North,36,5
7949,2024-10-17,1071.79,completed,Home,South,7,3
7950,2024-10-17,2609.15,completed,Food,North,18,3
7951,2024-10-17,220.82,completed,Electronics,West,44,2
7952,2024-10-17,3278.58,failed,Books,North,49,5
7953,2024-10-17,620.98,completed,Food,North,14,4
7954,2024-10-17,2082.9,completed,Electronics,South,46,3
7955,2024-10-17,202.14,pending,Sports,South,42,5
7956,2024-10-17,3336.85,failed,Books,East,22,3
7957,2024-10-17,3423.47,completed,Electronics,West,13,3
7958,2024-10-17,739.44,completed,Home,Central,18,5
7959,2024-10-17,885.15,completed,Food,North,15,5
7960,2024-10-17,1619.22,completed,Sports,Central,22,4
7961,2024-10-17,4976.14,completed,Home,East,45,5
7962,2024-10-17,4434.5,completed,Home,South,7,2
7963,2024-10-17,2322.2,completed,Food,North,42,5
7964,2024-10-17,4034.86,completed,Clothing,North,30,2
7965,2024-10-17,30.23,pending,Sports,West,33,2
7966,2024-10-17,591.64,completed,Electronics,Central,46,5
7967,2024-10-17,3645.01,completed,Electronics,Central,25,5
7968,2024-10-17,4478.73,pending,Sports,East,10,2
7969,2024-10-17,583.56,completed,Clothing,South,23,4
7970,2024-10-17,3921.67,completed,Sports,East,35,3
7971,2024-10-17,305.83,completed,Food,West,23,5
7972,2024-10-17,1749.36,completed,Clothing,South,30,2
7973,2024-10-18,3837.61,failed,Books,Central,41,4
7974,2024-10-18,2397.54,completed,Books,Central,9,4
7975,2024-10-18,3726.1,completed,Clothing,West,31,4
7976,2024-10-18,1425.1,pending,Food,Central,25,3
7977,2024-10-18,3348.13,completed,Food,Central,20,5
7978,2024-10-18,3949.49,completed,Books,Central,49,3
7979,2024-10-18,1001.5,completed,Books,South,13,5
7980,2024-10-18,938.48,completed,Home,West,15,4
7981,2024-10-18,234.61,completed,Home,South,33,4
7982,2024-10-18,1917.06,completed,Sports,West,47,2
7983,2024-10-18,79.72,completed,Books,North,31,3
7984,2024-10-18,2641.47,completed,Books,South,25,5
7985,2024-10-18,1394.52,pending,Books,North,1,3
7986,2024-10-18,4945.39,pending,Sports,South,45,1
7987,2024-10-18,4360.81,completed,Food,North,33,4
7988,2024-10-18,2752.74,completed,Sports,South,47,1
7989,2024-10-18,4496.63,completed,Food,South,10,1
7990,2024-10-18,4814.3,completed,Electronics,East,18,3
7991,2024-10-18,3004.82,completed,Clothing,South,49,1
7992,2024-10-18,1795.77,completed,Sports,North,36,3
7993,2024-10-18,4414.94,refunded,Clothing,South,35,2
7994,2024-10-18,1340.5,completed,Home,Central,33,3
7995,2024-10-18,1647.09,completed,Sports,East,14,1
7996,2024-10-18,3253.18,completed,Electronics,Central,28,5
7997,2024-10-18,174.01,completed,Home,West,3,1
7998,2024-10-18,595.54,completed,Books,East,12,2
7999,2024-10-18,2777.33,completed,Books,Central,27,5
8000,2024-10-18,704.35,pending,Electronics,East,29,4
8001,2024-10-19,4282.71,failed,Food,South,24,2
8002,2024-10-19,4370.52,refunded,Books,West,6,3
8003,2024-10-19,2569.22,completed,Food,East,37,3
8004,2024-10-19,471.08,completed,Books,East,37,2
8005,2024-10-19,1407.73,pending,Books,North,21,3
8006,2024-10-19,2923.01,failed,Clothing,East,46,3
8007,2024-10-19,284.44,completed,Books,East,7,2
8008,2024-10-19,1777.24,completed,Electronics,West,15,5
8009,2024-10-19,901.62,completed,Books,West,22,2
8010,2024-10-19,2885.39,completed,Clothing,North,21,1
8011,2024-10-19,4361.62,pending,Sports,North,9,2
8012,2024-10-19,4495.14,completed,Sports,West,15,1
8013,2024-10-19,497.58,completed,Books,Central,17,2
8014,2024-10-19,482.42,completed,Books,North,20,2
8015,2024-10-19,3632.07,completed,Food,East,16,2
8016,2024-10-19,40.85,completed,Clothing,East,19,3
8017,2024-10-19,2490.49,refunded,Sports,East,28,5
8018,2024-10-19,3303.31,completed,Home,South,49,3
8019,2024-10-19,1949.02,completed,Clothing,East,41,3
8020,2024-10-19,2139.57,completed,Home,Central,2,4
8021,2024-10-19,2205.61,completed,Books,South,21,4
8022,2024-10-19,1486.63,completed,Books,Central,34,5
8023,2024-10-19,2109.22,pending,Electronics,East,30,3
8024,2024-10-19,4018.32,completed,Clothing,North,38,4
8025,2024-10-19,4181.86,completed,Electronics,South,18,4
8026,2024-10-19,2994.22,failed,Books,North,8,3
8027,2024-10-19,1525.97,pending,Electronics,West,9,2
8028,2024-10-20,2033.62,completed,Clothing,South,26,1
8029,2024-10-20,3520.8,completed,Books,North,6,1
8030,2024-10-20,2375.33,failed,Electronics,West,17,2
8031,2024-10-20,619.19,completed,Sports,South,41,1
8032,2024-10-20,3326.66,completed,Home,Central,11,4
8033,2024-10-20,476.33,failed,Sports,North,42,5
8034,2024-10-20,4937.13,pending,Electronics,East,19,4
8035,2024-10-20,1610.15,completed,Books,Central,10,1
8036,2024-10-20,799.96,completed,Clothing,West,8,1
8037,2024-10-20,2983.69,completed,Clothing,East,3,5
8038,2024-10-20,3780.74,pending,Clothing,South,38,4
8039,2024-10-20,3595.18,failed,Sports,East,1,4
8040,2024-10-20,1344.83,failed,Clothing,Central,1,3
8041,2024-10-20,2705.54,completed,Books,East,41,4
8042,2024-10-20,3463.31,refunded,Clothing,West,38,5
8043,2024-10-20,4073.01,completed,Food,West,4,2
8044,2024-10-20,2426.32,completed,Books,West,4,2
8045,2024-10-20,49.73,pending,Food,North,31,4
8046,2024-10-20,2118.08,refunded,Sports,North,22,3
8047,2024-10-20,3076.87,refunded,Clothing,West,3,2
8048,2024-10-20,712.61,completed,Clothing,North,13,4
8049,2024-10-20,4629.87,refunded,Sports,West,25,5
8050,2024-10-20,901.66,completed,Sports,East,32,4
8051,2024-10-20,771.15,pending,Clothing,South,28,4
8052,2024-10-20,15.59,completed,Books,West,48,5
8053,2024-10-20,1257.41,completed,Sports,Central,13,5
8054,2024-10-20,4181.46,completed,Home,South,10,3
8055,2024-10-21,3599.79,completed,Sports,East,35,2
8056,2024-10-21,759.13,failed,Books,North,32,5
8057,2024-10-21,4668.46,completed,Sports,South,38,3
8058,2024-10-21,3203.24,completed,Home,North,25,5
8059,2024-10-21,2535.8,completed,Sports,South,30,4
8060,2024-10-21,635.84,completed,Food,South,39,4
8061,2024-10-21,4448.15,failed,Food,South,28,5
8062,2024-10-21,3006.53,completed,Sports,Central,27,1
8063,2024-10-21,696.49,completed,Books,South,22,2
8064,2024-10-21,2416.69,completed,Clothing,South,24,3
8065,2024-10-21,194.96,completed,Food,West,18,1
8066,2024-10-21,390.27,completed,Electronics,North,40,4
8067,2024-10-21,938.94,completed,Clothing,West,13,5
8068,2024-10-21,2136.34,completed,Sports,South,47,3
8069,2024-10-21,4090.94,pending,Electronics,West,8,3
8070,2024-10-21,3360.39,completed,Sports,South,47,3
8071,2024-10-21,3425.36,refunded,Electronics,North,48,2
8072,2024-10-21,387.98,completed,Books,North,6,5
8073,2024-10-21,1001.83,refunded,Electronics,South,36,2
8074,2024-10-21,2224.48,completed,Home,South,45,4
8075,2024-10-21,4692.34,pending,Sports,East,9,5
8076,2024-10-21,3139.15,completed,Sports,North,32,5
8077,2024-10-21,1057.85,completed,Clothing,West,41,1
8078,2024-10-21,38.33,completed,Books,South,46,3
8079,2024-10-21,334.51,failed,Books,North,45,3
8080,2024-10-21,890.65,failed,Books,North,35,1
8081,2024-10-21,3148.97,pending,Home,East,12,4
8082,2024-10-21,727.46,pending,Sports,West,10,4
8083,2024-10-22,217.94,refunded,Books,North,48,3
8084,2024-10-22,2877.8,pending,Clothing,East,37,3
8085,2024-10-22,895.81,completed,Clothing,West,14,3
8086,2024-10-22,1127.14,completed,Clothing,South,8,4
8087,2024-10-22,4829.13,completed,Clothing,North,2,2
8088,2024-10-22,4072.47,failed,Clothing,East,24,4
8089,2024-10-22,4177.5,completed,Books,West,24,2
8090,2024-10-22,168.38,failed,Books,Central,8,4
8091,2024-10-22,4853.56,failed,Food,East,8,5
8092,2024-10-22,2410.84,completed,Home,North,35,4
8093,2024-10-22,445.92,completed,Books,South,13,4
8094,2024-10-22,1580.26,completed,Electronics,East,19,5
8095,2024-10-22,518.07,completed,Food,West,15,2
8096,2024-10-22,1643.64,pending,Clothing,South,49,4
8097,2024-10-22,646.93,completed,Books,West,1,1
8098,2024-10-22,1257.82,completed,Clothing,South,36,3
8099,2024-10-22,347.64,completed,Sports,South,27,5
8100,2024-10-22,1288.82,pending,Electronics,East,47,4
8101,2024-10-22,1710.12,failed,Food,West,5,5
8102,2024-10-22,4571.87,completed,Sports,West,49,4
8103,2024-10-22,953.66,completed,Books,Central,24,2
8104,2024-10-22,4141.64,pending,Home,Central,42,2
8105,2024-10-22,4090.38,failed,Clothing,South,7,4
8106,2024-10-22,2809.74,failed,Books,South,33,3
8107,2024-10-22,2193.7,failed,Books,South,45,4
8108,2024-10-22,2010.69,completed,Books,West,30,5
8109,2024-10-22,4553.05,completed,Electronics,Central,7,3
8110,2024-10-23,4769.42,completed,Home,North,26,1
8111,2024-10-23,3508.38,completed,Sports,East,4,2
8112,2024-10-23,4320.17,completed,Home,West,14,1
8113,2024-10-23,3922.51,completed,Home,Central,24,3
8114,2024-10-23,3574.48,refunded,Food,Central,38,4
8115,2024-10-23,1213.43,completed,Food,South,2,5
8116,2024-10-23,2078.15,pending,Electronics,North,15,5
8117,2024-10-23,1252.03,failed,Sports,Central,25,2
8118,2024-10-23,3769.13,completed,Clothing,West,16,3
8119,2024-10-23,1512.67,completed,Food,South,6,4
8120,2024-10-23,3521.46,completed,Sports,North,35,2
8121,2024-10-23,1660.55,pending,Clothing,West,29,5
8122,2024-10-23,321.82,completed,Sports,Central,27,4
8123,2024-10-23,4461.77,completed,Home,North,8,2
8124,2024-10-23,2080.49,completed,Food,South,40,5
8125,2024-10-23,1157.9,completed,Books,East,34,2
8126,2024-10-23,2680.85,refunded,Electronics,North,20,1
8127,2024-10-23,673.61,completed,Food,East,43,4
8128,2024-10-23,65.89,completed,Sports,Central,31,3
8129,2024-10-23,131.14,completed,Electronics,East,19,5
8130,2024-10-23,4953.4,completed,Books,South,13,4
8131,2024-10-23,3980.97,completed,Books,East,9,1
8132,2024-10-23,4225.72,completed,Food,East,36,3
8133,2024-10-23,2464.92,completed,Books,South,47,3
8134,2024-10-23,2660.03,completed,Home,North,25,5
8135,2024-10-23,929.09,refunded,Home,East,27,2
8136,2024-10-23,2495.12,completed,Clothing,Central,1,2
8137,2024-10-23,2904.63,completed,Sports,North,8,1
8138,2024-10-24,4114.7,completed,Clothing,West,39,5
8139,2024-10-24,4268.42,pending,Books,North,45,5
8140,2024-10-24,4098.07,completed,Clothing,North,9,3
8141,2024-10-24,4765.56,completed,Clothing,South,29,3
8142,2024-10-24,4525.39,completed,Home,West,13,2
8143,2024-10-24,1395.11,completed,Clothing,East,41,2
8144,2024-10-24,991.8,failed,Home,North,38,4
8145,2024-10-24,1883.62,completed,Clothing,North,41,3
8146,2024-10-24,427.42,completed,Books,South,12,4
8147,2024-10-24,4154.23,completed,Home,West,6,4
8148,2024-10-24,2332.55,pending,Food,Central,17,2
8149,2024-10-24,609.48,completed,Electronics,West,9,5
8150,2024-10-24,2282.82,completed,Electronics,South,15,3
8151,2024-10-24,2762.81,completed,Home,East,2,4
8152,2024-10-24,1813.72,pending,Home,South,9,4
8153,2024-10-24,1582.12,refunded,Sports,South,14,3
8154,2024-10-24,2217.96,completed,Electronics,East,14,5
8155,2024-10-24,1258.05,completed,Food,North,40,4
8156,2024-10-24,1889.54,completed,Electronics,West,14,3
8157,2024-10-24,3531.5,completed,Clothing,North,35,2
8158,2024-10-24,4517.83,pending,Food,Central,45,2
8159,2024-10-24,273.87,refunded,Home,East,31,2
8160,2024-10-24,4850.82,completed,Books,South,28,5
8161,2024-10-24,2117.65,completed,Sports,South,38,2
8162,2024-10-24,4222.94,pending,Books,North,7,5
8163,2024-10-24,3299.64,completed,Electronics,South,24,3
8164,2024-10-24,4119.82,completed,Books,Central,41,2
8165,2024-10-25,783.39,completed,Food,East,13,2
8166,2024-10-25,636.38,failed,Food,West,25,1
8167,2024-10-25,244.84,pending,Home,East,3,1
8168,2024-10-25,1096.23,completed,Food,West,31,5
8169,2024-10-25,3229.78,completed,Sports,South,3,5
8170,2024-10-25,2519.87,completed,Clothing,East,15,1
8171,2024-10-25,3330.88,completed,Books,East,1,2
8172,2024-10-25,4862.84,completed,Clothing,East,28,2
8173,2024-10-25,814.32,completed,Sports,West,26,3
8174,2024-10-25,1116.39,completed,Clothing,East,32,5
8175,2024-10-25,1131.22,completed,Food,North,39,2
8176,2024-10-25,3623.89,completed,Electronics,North,17,1
8177,2024-10-25,167.28,refunded,Sports,South,12,1
8178,2024-10-25,1690.87,pending,Clothing,West,43,4
8179,2024-10-25,2749.68,completed,Clothing,West,38,1
8180,2024-10-25,77.68,completed,Electronics,East,40,2
8181,2024-10-25,4660.83,completed,Sports,North,24,3
8182,2024-10-25,4808.44,pending,Home,West,37,4
8183,2024-10-25,4109.49,completed,Books,Central,22,1
8184,2024-10-25,2361.31,completed,Books,Central,8,3
8185,2024-10-25,2927.77,failed,Home,North,1,3
8186,2024-10-25,136.74,completed,Clothing,North,18,5
8187,2024-10-25,4026.36,failed,Home,South,17,2
8188,2024-10-25,73.22,pending,Books,West,1,5
8189,2024-10-25,3147.65,pending,Food,East,21,1
8190,2024-10-25,456.63,completed,Sports,East,20,2
8191,2024-10-25,3960.73,completed,Food,South,46,3
8192,2024-10-26,2652.78,completed,Home,East,20,5
8193,2024-10-26,794.0,completed,Sports,North,41,4
8194,2024-10-26,344.57,pending,Sports,North,9,4
8195,2024-10-26,1235.59,completed,Books,Central,37,1
8196,2024-10-26,4846.29,completed,Food,West,29,3
8197,2024-10-26,614.08,completed,Electronics,Central,7,5
8198,2024-10-26,2283.6,completed,Clothing,West,14,1
8199,2024-10-26,1368.6,pending,Food,West,45,3
8200,2024-10-26,3314.15,completed,Home,West,49,4
8201,2024-10-26,3836.21,completed,Clothing,East,13,2
8202,2024-10-26,4691.36,completed,Electronics,Central,15,3
8203,2024-10-26,2333.61,pending,Home,South,33,2
8204,2024-10-26,2316.95,completed,Home,North,17,5
8205,2024-10-26,1402.82,completed,Electronics,West,27,3
8206,2024-10-26,3739.87,completed,Home,East,7,3
8207,2024-10-26,4961.21,completed,Sports,Central,5,2
8208,2024-10-26,1789.09,completed,Food,East,37,3
8209,2024-10-26,3516.92,pending,Home,South,13,4
8210,2024-10-26,3857.85,completed,Food,West,30,5
8211,2024-10-26,4072.17,completed,Sports,North,6,5
8212,2024-10-26,3026.99,completed,Electronics,North,13,1
8213,2024-10-26,2034.06,failed,Electronics,West,38,1
8214,2024-10-26,2959.68,completed,Home,Central,16,2
8215,2024-10-26,511.25,completed,Food,Central,22,4
8216,2024-10-26,4849.36,completed,Food,Central,10,3
8217,2024-10-26,788.61,completed,Electronics,Central,42,1
8218,2024-10-26,1098.38,completed,Electronics,West,10,2
8219,2024-10-26,2997.55,completed,Books,South,40,3
8220,2024-10-27,2701.86,completed,Food,North,13,3
8221,2024-10-27,338.51,refunded,Books,West,46,2
8222,2024-10-27,2804.67,failed,Books,Central,43,3
8223,2024-10-27,3327.74,pending,Food,North,36,4
8224,2024-10-27,2402.86,completed,Food,East,1,3
8225,2024-10-27,2890.29,completed,Electronics,North,30,4
8226,2024-10-27,587.92,completed,Clothing,East,7,4
8227,2024-10-27,4487.65,completed,Electronics,Central,22,3
8228,2024-10-27,4969.36,pending,Food,North,7,3
8229,2024-10-27,3075.73,completed,Food,North,10,2
8230,2024-10-27,2755.33,failed,Food,West,32,1
8231,2024-10-27,3506.86,pending,Sports,Central,49,4
8232,2024-10-27,4425.62,completed,Home,South,44,4
8233,2024-10-27,930.36,failed,Sports,North,6,4
8234,2024-10-27,2488.46,completed,Clothing,South,15,5
8235,2024-10-27,2029.16,failed,Clothing,North,40,3
8236,2024-10-27,809.04,completed,Food,West,20,1
8237,2024-10-27,2065.54,completed,Home,Central,48,5
8238,2024-10-27,4391.37,pending,Home,South,9,5
8239,2024-10-27,577.39,failed,Electronics,South,35,4
8240,2024-10-27,914.18,pending,Food,West,11,4
8241,2024-10-27,3211.27,completed,Food,East,21,5
8242,2024-10-27,1070.2,failed,Books,East,23,3
8243,2024-10-27,875.27,pending,Electronics,East,40,1
8244,2024-10-27,4619.76,completed,Books,West,43,4
8245,2024-10-27,2205.56,completed,Home,West,2,3
8246,2024-10-27,1079.23,completed,Sports,East,40,2
8247,2024-10-28,2536.01,failed,Food,West,41,4
8248,2024-10-28,344.88,pending,Food,West,30,2
8249,2024-10-28,1171.89,completed,Electronics,North,17,5
8250,2024-10-28,2853.83,completed,Clothing,East,28,1
8251,2024-10-28,916.21,completed,Home,Central,41,3
8252,2024-10-28,4618.18,completed,Sports,South,32,4
8253,2024-10-28,1230.51,completed,Clothing,Central,14,2
8254,2024-10-28,1438.91,completed,Sports,North,21,4
8255,2024-10-28,3540.45,completed,Food,Central,47,1
8256,2024-10-28,4331.65,completed,Home,East,19,1
8257,2024-10-28,422.18,completed,Home,South,13,3
8258,2024-10-28,2789.1,completed,Clothing,North,28,2
8259,2024-10-28,3670.69,completed,Electronics,West,41,2
8260,2024-10-28,4326.57,failed,Clothing,West,3,4
8261,2024-10-28,447.19,completed,Sports,North,41,5
8262,2024-10-28,4973.81,completed,Electronics,East,45,2
8263,2024-10-28,504.54,completed,Electronics,West,35,3
8264,2024-10-28,4017.91,refunded,Electronics,North,29,3
8265,2024-10-28,747.46,completed,Clothing,East,46,1
8266,2024-10-28,3089.88,pending,Food,South,28,1
8267,2024-10-28,1707.52,refunded,Books,Central,15,4
8268,2024-10-28,1707.58,completed,Sports,East,21,2
8269,2024-10-28,1857.9,completed,Sports,East,48,3
8270,2024-10-28,3600.09,completed,Electronics,North,43,1
8271,2024-10-28,1945.69,completed,Sports,East,23,1
8272,2024-10-28,4668.41,completed,Electronics,East,5,5
8273,2024-10-28,1004.53,completed,Sports,South,28,5
8274,2024-10-28,34.98,failed,Food,Central,27,4
8275,2024-10-29,885.5,completed,Clothing,Central,45,2
8276,2024-10-29,4795.98,failed,Sports,East,16,3
8277,2024-10-29,3209.1,completed,Home,South,37,5
8278,2024-10-29,3076.85,completed,Electronics,Central,12,1
8279,2024-10-29,4888.12,completed,Electronics,Central,11,2
8280,2024-10-29,2272.17,pending,Books,West,41,3
8281,2024-10-29,1570.92,pending,Food,South,31,5
8282,2024-10-29,60.52,completed,Food,South,37,4
8283,2024-10-29,1402.64,completed,Clothing,West,43,2
8284,2024-10-29,2392.3,completed,Clothing,South,34,1
8285,2024-10-29,17.92,pending,Home,North,32,5
8286,2024-10-29,4306.62,completed,Home,North,9,4
8287,2024-10-29,2739.14,pending,Electronics,Central,35,4
8288,2024-10-29,4397.14,pending,Home,North,35,4
8289,2024-10-29,3548.55,failed,Electronics,North,5,3
8290,2024-10-29,3135.82,completed,Clothing,South,17,3
8291,2024-10-29,3556.21,completed,Books,Central,26,5
8292,2024-10-29,3702.26,completed,Food,North,31,3
8293,2024-10-29,2009.97,failed,Food,East,18,4
8294,2024-10-29,3590.06,completed,Clothing,South,26,2
8295,2024-10-29,4336.75,completed,Clothing,South,22,1
8296,2024-10-29,3759.61,failed,Food,West,14,2
8297,2024-10-29,3376.75,pending,Electronics,Central,33,1
8298,2024-10-29,4177.27,completed,Clothing,North,21,4
8299,2024-10-29,1057.68,completed,Clothing,East,42,4
8300,2024-10-29,1627.43,pending,Electronics,Central,20,2
8301,2024-10-29,2886.6,completed,Electronics,South,34,4
8302,2024-10-30,1025.19,completed,Food,East,26,4
8303,2024-10-30,3475.85,failed,Home,West,12,1
8304,2024-10-30,3772.56,pending,Books,Central,40,2
8305,2024-10-30,138.61,failed,Books,East,19,3
8306,2024-10-30,3303.8,completed,Food,South,24,4
8307,2024-10-30,162.09,failed,Electronics,East,29,5
8308,2024-10-30,245.9,completed,Clothing,South,47,4
8309,2024-10-30,753.54,completed,Sports,North,6,1
8310,2024-10-30,1154.02,completed,Books,West,22,5
8311,2024-10-30,4318.35,completed,Home,West,20,3
8312,2024-10-30,2791.31,completed,Sports,Central,40,2
8313,2024-10-30,284.48,refunded,Home,South,25,1
8314,2024-10-30,4807.58,completed,Clothing,Central,21,1
8315,2024-10-30,2339.88,failed,Sports,Central,20,5
8316,2024-10-30,2756.83,completed,Home,Central,29,2
8317,2024-10-30,3539.27,completed,Electronics,South,2,1
8318,2024-10-30,4195.77,completed,Electronics,South,15,2
8319,2024-10-30,2951.82,completed,Clothing,South,3,2
8320,2024-10-30,3130.19,completed,Food,South,47,2
8321,2024-10-30,438.1,pending,Clothing,Central,41,5
8322,2024-10-30,279.05,completed,Electronics,Central,22,4
8323,2024-10-30,1306.1,completed,Books,North,19,1
8324,2024-10-30,2747.02,completed,Sports,Central,13,1
8325,2024-10-30,4485.03,completed,Food,Central,40,5
8326,2024-10-30,876.3,pending,Home,East,29,3
8327,2024-10-30,4700.23,completed,Sports,East,49,3
8328,2024-10-30,1328.54,completed,Books,East,33,1
8329,2024-10-31,4099.66,failed,Electronics,Central,5,5
8330,2024-10-31,1433.14,completed,Food,East,37,5
8331,2024-10-31,2030.86,completed,Sports,Central,5,2
8332,2024-10-31,3515.86,completed,Books,West,6,1
8333,2024-10-31,4411.98,completed,Home,East,17,3
8334,2024-10-31,1236.69,pending,Sports,West,8,5
8335,2024-10-31,3863.12,completed,Home,Central,29,3
8336,2024-10-31,4967.41,completed,Food,North,14,4
8337,2024-10-31,2002.91,pending,Electronics,South,14,3
8338,2024-10-31,497.73,pending,Home,South,26,4
8339,2024-10-31,2860.09,completed,Sports,South,6,1
8340,2024-10-31,1198.98,failed,Clothing,East,20,1
8341,2024-10-31,471.18,completed,Electronics,South,40,5
8342,2024-10-31,3023.27,completed,Clothing,West,49,4
8343,2024-10-31,1765.48,completed,Food,East,33,3
8344,2024-10-31,1519.47,completed,Home,Central,46,3
8345,2024-10-31,4550.79,pending,Food,Central,49,4
8346,2024-10-31,560.06,failed,Sports,North,7,4
8347,2024-10-31,2238.08,completed,Books,South,1,3
8348,2024-10-31,3569.97,pending,Electronics,South,2,2
8349,2024-10-31,3106.48,completed,Electronics,South,39,5
8350,2024-10-31,3207.44,failed,Food,North,39,2
8351,2024-10-31,4026.99,completed,Food,South,23,2
8352,2024-10-31,1703.21,pending,Home,North,38,1
8353,2024-10-31,2265.94,refunded,Sports,North,16,3
8354,2024-10-31,1650.25,completed,Food,South,37,3
8355,2024-10-31,1288.31,completed,Clothing,West,42,3
8356,2024-10-31,1837.95,completed,Electronics,North,39,2
8357,2024-11-01,1694.04,completed,Electronics,South,17,3
8358,2024-11-01,2121.96,completed,Books,Central,40,1
8359,2024-11-01,4284.14,completed,Electronics,Central,26,3
8360,2024-11-01,1749.83,completed,Electronics,Central,22,3
8361,2024-11-01,2227.45,failed,Electronics,Central,37,3
8362,2024-11-01,2160.96,completed,Clothing,East,17,5
8363,2024-11-01,1423.26,failed,Home,North,2,4
8364,2024-11-01,2411.83,completed,Electronics,North,46,5
8365,2024-11-01,4335.5,completed,Books,North,23,5
8366,2024-11-01,1384.04,refunded,Home,South,41,5
8367,2024-11-01,2438.8,completed,Electronics,West,44,5
8368,2024-11-01,2420.87,completed,Books,North,5,4
8369,2024-11-01,3465.29,pending,Electronics,Central,21,2
8370,2024-11-01,2507.56,completed,Food,South,18,3
8371,2024-11-01,1140.35,pending,Home,West,16,3
8372,2024-11-01,1849.16,completed,Food,Central,1,4
8373,2024-11-01,877.06,completed,Books,Central,21,4
8374,2024-11-01,448.03,refunded,Food,East,16,3
8375,2024-11-01,826.92,completed,Food,Central,16,3
8376,2024-11-01,502.25,failed,Electronics,West,35,4
8377,2024-11-01,468.4,completed,Food,South,48,2
8378,2024-11-01,716.52,completed,Food,West,13,2
8379,2024-11-01,1877.99,completed,Books,South,41,5
8380,2024-11-01,722.93,completed,Food,North,6,5
8381,2024-11-01,2441.62,completed,Electronics,West,46,5
8382,2024-11-01,1287.94,completed,Books,Central,8,1
8383,2024-11-01,4189.42,completed,Food,Central,34,5
8384,2024-11-02,586.97,completed,Clothing,Central,7,4
8385,2024-11-02,3580.67,completed,Food,West,12,2
8386,2024-11-02,374.48,completed,Home,East,16,3
8387,2024-11-02,4845.07,completed,Home,West,10,4
8388,2024-11-02,3561.06,completed,Food,South,30,5
8389,2024-11-02,4314.14,pending,Home,East,24,1
8390,2024-11-02,469.65,completed,Clothing,Central,1,2
8391,2024-11-02,3051.1,completed,Electronics,North,41,4
8392,2024-11-02,45.15,completed,Books,East,39,1
8393,2024-11-02,1861.0,completed,Books,West,25,1
8394,2024-11-02,4912.14,completed,Food,Central,2,1
8395,2024-11-02,1836.63,completed,Clothing,Central,12,2
8396,2024-11-02,2881.25,failed,Clothing,East,44,4
8397,2024-11-02,2588.21,completed,Electronics,North,10,5
8398,2024-11-02,1568.01,completed,Home,South,44,1
8399,2024-11-02,300.29,pending,Food,Central,2,4
8400,2024-11-02,4354.54,completed,Books,North,21,4
8401,2024-11-02,3333.51,completed,Electronics,East,16,1
8402,2024-11-02,4885.55,pending,Sports,North,20,4
8403,2024-11-02,3094.86,completed,Books,West,27,5
8404,2024-11-02,539.03,completed,Sports,South,19,2
8405,2024-11-02,2221.17,completed,Books,Central,5,5
8406,2024-11-02,1330.72,failed,Food,West,21,1
8407,2024-11-02,4683.05,pending,Clothing,South,36,2
8408,2024-11-02,1069.14,failed,Home,East,13,4
8409,2024-11-02,2229.0,completed,Home,East,42,5
8410,2024-11-02,4725.35,completed,Electronics,West,31,5
8411,2024-11-02,441.44,completed,Electronics,Central,25,1
8412,2024-11-03,3725.9,failed,Clothing,West,40,5
8413,2024-11-03,3211.72,failed,Home,North,40,3
8414,2024-11-03,2165.41,completed,Clothing,North,11,5
8415,2024-11-03,514.33,failed,Clothing,North,43,5
8416,2024-11-03,4188.73,completed,Clothing,North,24,1
8417,2024-11-03,146.28,completed,Books,South,13,1
8418,2024-11-03,3926.85,completed,Sports,Central,41,2
8419,2024-11-03,3026.29,completed,Books,Central,22,5
8420,2024-11-03,972.0,completed,Electronics,West,19,5
8421,2024-11-03,2807.87,completed,Home,West,16,3
8422,2024-11-03,3473.1,completed,Clothing,West,20,5
8423,2024-11-03,1947.13,completed,Books,East,25,5
8424,2024-11-03,4005.24,failed,Clothing,South,32,2
8425,2024-11-03,4782.17,failed,Electronics,South,42,4
8426,2024-11-03,3716.16,completed,Sports,South,20,3
8427,2024-11-03,20.59,completed,Clothing,Central,27,3
8428,2024-11-03,1716.83,failed,Home,North,38,2
8429,2024-11-03,4564.87,completed,Electronics,North,18,5
8430,2024-11-03,1696.84,completed,Electronics,South,40,4
8431,2024-11-03,958.48,completed,Home,North,15,3
8432,2024-11-03,728.67,completed,Electronics,Central,12,4
8433,2024-11-03,4009.39,pending,Home,Central,15,1
8434,2024-11-03,1225.49,completed,Electronics,East,40,5
8435,2024-11-03,2293.73,completed,Food,North,34,2
8436,2024-11-03,2520.08,refunded,Books,North,14,1
8437,2024-11-03,4813.14,completed,Sports,South,30,5
8438,2024-11-03,3241.35,completed,Food,East,26,2
8439,2024-11-04,4798.61,completed,Food,South,31,4
8440,2024-11-04,1051.66,completed,Sports,West,40,3
8441,2024-11-04,4305.53,completed,Food,North,15,2
8442,2024-11-04,1037.22,completed,Home,South,45,4
8443,2024-11-04,1388.34,completed,Electronics,North,44,2
8444,2024-11-04,4892.05,failed,Clothing,North,29,5
8445,2024-11-04,2480.15,completed,Electronics,Central,40,3
8446,2024-11-04,1811.27,completed,Food,East,6,1
8447,2024-11-04,3267.53,completed,Electronics,South,25,1
8448,2024-11-04,3898.79,completed,Clothing,Central,31,3
8449,2024-11-04,2272.2,refunded,Home,Central,8,3
8450,2024-11-04,4181.57,completed,Clothing,East,34,5
8451,2024-11-04,3206.66,refunded,Food,East,7,2
8452,2024-11-04,4296.75,pending,Sports,West,41,1
8453,2024-11-04,4744.55,completed,Books,South,44,1
8454,2024-11-04,3209.35,completed,Food,North,1,3
8455,2024-11-04,3563.41,completed,Electronics,North,6,5
8456,2024-11-04,411.46,completed,Books,South,27,2
8457,2024-11-04,3974.16,completed,Food,West,23,1
8458,2024-11-04,4877.94,failed,Books,North,22,2
8459,2024-11-04,2367.34,completed,Books,East,37,5
8460,2024-11-04,2035.96,failed,Home,West,38,2
8461,2024-11-04,3498.94,completed,Food,East,6,3
8462,2024-11-04,1067.96,completed,Books,East,13,1
8463,2024-11-04,596.39,refunded,Sports,North,18,4
8464,2024-11-04,4640.59,completed,Clothing,West,47,1
8465,2024-11-04,346.28,refunded,Books,West,1,4
8466,2024-11-05,3480.29,completed,Home,Central,26,5
8467,2024-11-05,1514.29,failed,Electronics,North,3,4
8468,2024-11-05,62.77,completed,Sports,North,13,4
8469,2024-11-05,1201.42,completed,Food,South,13,5
8470,2024-11-05,4147.14,pending,Food,East,12,1
8471,2024-11-05,111.59,pending,Electronics,West,45,3
8472,2024-11-05,1071.65,completed,Clothing,South,28,3
8473,2024-11-05,3689.58,completed,Clothing,Central,41,4
8474,2024-11-05,4915.53,completed,Books,South,15,4
8475,2024-11-05,3325.08,completed,Food,North,18,2
8476,2024-11-05,2674.54,completed,Books,South,16,2
8477,2024-11-05,1954.31,pending,Clothing,North,40,3
8478,2024-11-05,3662.54,pending,Food,East,43,1
8479,2024-11-05,1074.0,completed,Clothing,Central,49,5
8480,2024-11-05,420.11,completed,Clothing,West,13,3
8481,2024-11-05,3510.42,completed,Electronics,North,7,3
8482,2024-11-05,4537.63,completed,Books,Central,5,5
8483,2024-11-05,4362.16,completed,Home,North,12,5
8484,2024-11-05,1891.22,completed,Electronics,South,8,2
8485,2024-11-05,4692.95,completed,Clothing,East,49,4
8486,2024-11-05,413.29,completed,Books,Central,40,3
8487,2024-11-05,335.01,completed,Books,Central,25,4
8488,2024-11-05,2726.59,refunded,Home,East,31,1
8489,2024-11-05,3462.59,failed,Electronics,Central,8,1
8490,2024-11-05,1378.04,completed,Home,North,44,1
8491,2024-11-05,2938.39,completed,Food,North,19,1
8492,2024-11-05,291.52,completed,Clothing,South,49,4
8493,2024-11-05,4495.39,completed,Food,East,5,4
8494,2024-11-06,2801.3,completed,Food,Central,38,2
8495,2024-11-06,4722.25,pending,Food,North,25,3
8496,2024-11-06,2911.74,completed,Home,East,20,2
8497,2024-11-06,4239.92,pending,Sports,Central,44,4
8498,2024-11-06,4750.78,completed,Books,South,21,5
8499,2024-11-06,2354.95,failed,Sports,South,5,3
8500,2024-11-06,1656.25,pending,Clothing,South,10,4
8501,2024-11-06,1620.68,completed,Sports,East,20,3
8502,2024-11-06,1856.12,pending,Clothing,Central,36,3
8503,2024-11-06,1329.39,completed,Food,South,46,4
8504,2024-11-06,4705.86,completed,Electronics,West,1,3
8505,2024-11-06,2642.95,completed,Sports,East,5,1
8506,2024-11-06,3032.94,completed,Home,North,49,2
8507,2024-11-06,353.12,completed,Sports,East,48,3
8508,2024-11-06,4413.43,completed,Electronics,West,49,3
8509,2024-11-06,410.74,failed,Books,East,3,1
8510,2024-11-06,2581.86,failed,Clothing,South,31,4
8511,2024-11-06,4330.11,completed,Books,South,38,1
8512,2024-11-06,532.98,completed,Food,North,29,3
8513,2024-11-06,4158.16,pending,Books,East,48,2
8514,2024-11-06,3579.29,completed,Home,West,14,4
8515,2024-11-06,2707.17,completed,Food,East,32,3
8516,2024-11-06,1679.01,completed,Electronics,West,27,4
8517,2024-11-06,3624.13,completed,Sports,South,19,3
8518,2024-11-06,4704.62,completed,Electronics,Central,22,2
8519,2024-11-06,826.23,completed,Clothing,East,32,5
8520,2024-11-06,40.09,completed,Home,Central,2,4
8521,2024-11-07,31.77,completed,Books,South,3,1
8522,2024-11-07,4941.26,pending,Clothing,South,37,3
8523,2024-11-07,2790.71,refunded,Home,East,15,4
8524,2024-11-07,2538.58,completed,Clothing,South,5,2
8525,2024-11-07,958.75,completed,Food,South,31,4
8526,2024-11-07,1535.86,completed,Books,Central,9,2
8527,2024-11-07,3044.42,completed,Food,West,45,3
8528,2024-11-07,752.18,completed,Clothing,East,20,5
8529,2024-11-07,2506.84,pending,Electronics,Central,7,1
8530,2024-11-07,92.57,completed,Books,South,40,5
8531,2024-11-07,3719.31,pending,Books,West,28,2
8532,2024-11-07,1009.44,failed,Home,North,48,4
8533,2024-11-07,4894.28,completed,Books,East,5,1
8534,2024-11-07,4810.46,completed,Home,North,32,4
8535,2024-11-07,471.76,completed,Clothing,North,46,3
8536,2024-11-07,2393.62,completed,Sports,West,35,5
8537,2024-11-07,1435.68,completed,Home,West,21,2
8538,2024-11-07,2761.27,completed,Home,South,15,1
8539,2024-11-07,2864.26,completed,Sports,Central,45,2
8540,2024-11-07,3792.52,pending,Home,West,2,2
8541,2024-11-07,3205.89,completed,Home,West,11,5
8542,2024-11-07,862.18,failed,Clothing,East,19,5
8543,2024-11-07,2640.47,completed,Clothing,North,47,1
8544,2024-11-07,4690.63,completed,Books,North,47,4
8545,2024-11-07,172.93,completed,Clothing,Central,28,5
8546,2024-11-07,227.03,failed,Food,North,15,5
8547,2024-11-07,1240.91,pending,Food,Central,20,5
8548,2024-11-07,3822.5,completed,Food,South,47,5
8549,2024-11-08,4995.77,pending,Electronics,North,13,3
8550,2024-11-08,914.22,pending,Clothing,North,35,1
8551,2024-11-08,1461.69,completed,Electronics,South,31,1
8552,2024-11-08,4312.34,completed,Books,Central,2,1
8553,2024-11-08,3262.29,completed,Clothing,North,18,4
8554,2024-11-08,1563.31,completed,Food,South,38,2
8555,2024-11-08,3496.81,completed,Clothing,East,30,4
8556,2024-11-08,904.8,pending,Clothing,Central,21,2
8557,2024-11-08,3558.55,pending,Sports,West,47,1
8558,2024-11-08,556.97,completed,Food,South,4,1
8559,2024-11-08,2868.4,completed,Food,South,48,5
8560,2024-11-08,2449.53,completed,Sports,East,46,2
8561,2024-11-08,2189.71,completed,Home,East,41,2
8562,2024-11-08,2737.3,completed,Sports,South,43,4
8563,2024-11-08,4942.69,completed,Food,West,32,1
8564,2024-11-08,2677.89,completed,Clothing,North,43,4
8565,2024-11-08,773.27,completed,Books,Central,13,4
8566,2024-11-08,962.92,completed,Home,South,38,5
8567,2024-11-08,1210.53,completed,Clothing,North,22,5
8568,2024-11-08,3657.92,completed,Electronics,West,33,1
8569,2024-11-08,932.15,completed,Books,North,2,2
8570,2024-11-08,1043.83,completed,Clothing,West,34,1
8571,2024-11-08,4890.29,completed,Home,North,29,1
8572,2024-11-08,3787.51,pending,Electronics,East,37,5
8573,2024-11-08,1907.23,completed,Clothing,North,44,3
8574,2024-11-08,2926.65,completed,Books,North,24,2
8575,2024-11-08,2337.27,completed,Clothing,South,22,2
8576,2024-11-09,3089.22,completed,Home,South,33,1
8577,2024-11-09,4769.28,completed,Home,West,2,1
8578,2024-11-09,3930.51,completed,Electronics,North,12,2
8579,2024-11-09,2620.44,completed,Sports,Central,19,1
8580,2024-11-09,741.33,completed,Books,Central,1,3
8581,2024-11-09,324.69,completed,Home,West,37,1
8582,2024-11-09,2440.38,completed,Sports,East,34,4
8583,2024-11-09,339.5,completed,Sports,West,31,4
8584,2024-11-09,4900.22,completed,Books,East,31,3
8585,2024-11-09,2531.57,completed,Sports,West,22,3
8586,2024-11-09,817.88,pending,Home,North,23,4
8587,2024-11-09,1175.95,failed,Electronics,Central,9,3
8588,2024-11-09,1144.93,failed,Books,West,46,1
8589,2024-11-09,2568.75,completed,Sports,East,33,4
8590,2024-11-09,2206.07,completed,Food,North,34,4
8591,2024-11-09,3141.2,completed,Food,North,20,2
8592,2024-11-09,2014.0,completed,Electronics,South,10,2
8593,2024-11-09,3379.37,completed,Electronics,Central,11,3
8594,2024-11-09,1887.57,pending,Books,South,6,2
8595,2024-11-09,1541.34,completed,Food,North,11,4
8596,2024-11-09,212.32,completed,Clothing,Central,25,4
8597,2024-11-09,3979.37,failed,Food,Central,35,3
8598,2024-11-09,2516.17,completed,Sports,East,23,3
8599,2024-11-09,999.2,completed,Electronics,West,27,5
8600,2024-11-09,2296.13,completed,Sports,West,10,4
8601,2024-11-09,1653.84,completed,Clothing,Central,47,5
8602,2024-11-09,1085.94,completed,Food,West,13,3
8603,2024-11-10,3327.16,completed,Food,West,12,5
8604,2024-11-10,2327.07,completed,Books,West,49,4
8605,2024-11-10,2159.63,failed,Sports,North,34,4
8606,2024-11-10,2345.47,refunded,Sports,South,6,2
8607,2024-11-10,3264.01,completed,Clothing,South,37,4
8608,2024-11-10,3993.83,completed,Books,East,48,5
8609,2024-11-10,2318.28,pending,Home,South,40,4
8610,2024-11-10,2716.99,completed,Clothing,North,8,1
8611,2024-11-10,3230.87,failed,Sports,West,49,2
8612,2024-11-10,883.56,completed,Sports,South,34,1
8613,2024-11-10,3858.19,completed,Sports,East,46,2
8614,2024-11-10,175.03,failed,Home,North,29,5
8615,2024-11-10,1194.41,completed,Electronics,West,26,2
8616,2024-11-10,4924.9,completed,Books,North,1,5
8617,2024-11-10,3126.16,pending,Electronics,South,49,5
8618,2024-11-10,2115.52,completed,Electronics,West,29,4
8619,2024-11-10,3684.01,completed,Clothing,North,45,4
8620,2024-11-10,1957.61,completed,Food,West,26,4
8621,2024-11-10,1813.38,completed,Home,North,4,3
8622,2024-11-10,3754.36,completed,Home,West,43,2
8623,2024-11-10,2343.39,pending,Home,East,40,2
8624,2024-11-10,2360.26,completed,Sports,South,26,1
8625,2024-11-10,566.37,pending,Clothing,East,23,4
8626,2024-11-10,4127.54,refunded,Sports,South,21,4
8627,2024-11-10,1736.94,completed,Sports,East,29,1
8628,2024-11-10,2828.87,failed,Books,Central,13,5
8629,2024-11-10,2055.14,completed,Books,South,27,3
8630,2024-11-10,3045.77,completed,Clothing,Central,2,3
8631,2024-11-11,2639.66,completed,Sports,West,11,5
8632,2024-11-11,4793.18,refunded,Clothing,Central,19,5
8633,2024-11-11,4789.16,completed,Clothing,Central,17,4
8634,2024-11-11,861.07,completed,Food,Central,18,5
8635,2024-11-11,4466.93,completed,Sports,North,16,5
8636,2024-11-11,2197.64,pending,Electronics,North,35,3
8637,2024-11-11,2346.42,completed,Home,Central,33,3
8638,2024-11-11,3694.96,completed,Home,West,17,3
8639,2024-11-11,2538.58,completed,Books,East,1,3
8640,2024-11-11,3601.81,refunded,Clothing,North,1,2
8641,2024-11-11,2101.42,completed,Home,North,24,3
8642,2024-11-11,3622.32,failed,Books,South,24,1
8643,2024-11-11,2460.85,completed,Home,South,42,2
8644,2024-11-11,568.42,completed,Sports,North,27,4
8645,2024-11-11,2997.38,completed,Electronics,Central,2,4
8646,2024-11-11,3379.18,completed,Clothing,Central,27,5
8647,2024-11-11,1243.54,completed,Home,Central,39,4
8648,2024-11-11,3334.46,pending,Home,North,8,1
8649,2024-11-11,4976.58,completed,Electronics,East,13,3
8650,2024-11-11,2420.7,pending,Electronics,North,24,2
8651,2024-11-11,1568.44,failed,Food,West,31,5
8652,2024-11-11,858.91,completed,Sports,South,3,5
8653,2024-11-11,994.34,refunded,Books,North,22,2
8654,2024-11-11,1141.64,completed,Food,Central,31,3
8655,2024-11-11,1811.87,completed,Sports,South,31,3
8656,2024-11-11,137.37,completed,Clothing,West,30,1
8657,2024-11-11,2391.22,completed,Books,Central,7,5
8658,2024-11-12,4431.72,pending,Clothing,South,32,3
8659,2024-11-12,2336.98,pending,Sports,East,18,1
8660,2024-11-12,2551.55,completed,Electronics,South,15,4
8661,2024-11-12,2862.14,completed,Electronics,North,9,5
8662,2024-11-12,4874.81,completed,Electronics,South,15,2
8663,2024-11-12,1462.15,completed,Home,South,45,2
8664,2024-11-12,4797.14,completed,Books,West,6,4
8665,2024-11-12,3816.95,completed,Home,Central,18,3
8666,2024-11-12,2222.05,completed,Electronics,Central,26,3
8667,2024-11-12,4212.91,completed,Sports,East,23,4
8668,2024-11-12,4778.04,completed,Home,South,8,1
8669,2024-11-12,4699.65,pending,Food,South,39,5
8670,2024-11-12,2262.29,completed,Clothing,North,34,3
8671,2024-11-12,4548.01,completed,Sports,West,42,4
8672,2024-11-12,3522.91,completed,Home,West,9,1
8673,2024-11-12,399.14,completed,Home,West,29,4
8674,2024-11-12,192.92,completed,Home,East,46,1
8675,2024-11-12,2002.84,refunded,Food,South,20,4
8676,2024-11-12,3227.62,completed,Food,West,1,4
8677,2024-11-12,4472.07,completed,Home,Central,26,2
8678,2024-11-12,196.57,failed,Books,Central,5,5
8679,2024-11-12,1358.44,failed,Home,South,30,5
8680,2024-11-12,3740.39,pending,Food,West,5,1
8681,2024-11-12,1823.03,completed,Sports,Central,28,1
8682,2024-11-12,3018.9,completed,Clothing,East,29,3
8683,2024-11-12,1998.04,completed,Clothing,North,23,2
8684,2024-11-12,1044.66,pending,Home,Central,6,2
8685,2024-11-12,311.66,completed,Home,East,46,5
8686,2024-11-13,2692.14,completed,Home,South,41,2
8687,2024-11-13,935.58,completed,Home,West,30,2
8688,2024-11-13,356.19,completed,Clothing,West,20,1
8689,2024-11-13,1554.42,pending,Home,South,28,3
8690,2024-11-13,4631.12,completed,Clothing,East,25,5
8691,2024-11-13,2805.02,completed,Food,East,16,3
8692,2024-11-13,1207.45,completed,Sports,East,11,3
8693,2024-11-13,3099.6,completed,Electronics,East,8,5
8694,2024-11-13,3854.94,completed,Clothing,East,47,4
8695,2024-11-13,4251.52,pending,Sports,South,9,1
8696,2024-11-13,4952.4,completed,Books,North,42,1
8697,2024-11-13,3091.0,completed,Sports,West,23,1
8698,2024-11-13,2168.03,completed,Clothing,North,4,4
8699,2024-11-13,3400.25,pending,Books,East,22,1
8700,2024-11-13,559.31,completed,Food,South,18,1
8701,2024-11-13,3690.21,completed,Books,South,7,2
8702,2024-11-13,1400.77,completed,Clothing,Central,3,4
8703,2024-11-13,3334.61,refunded,Food,Central,25,5
8704,2024-11-13,2335.07,completed,Food,East,34,4
8705,2024-11-13,1272.77,pending,Sports,South,26,2
8706,2024-11-13,3850.82,refunded,Food,Central,4,1
8707,2024-11-13,4388.3,completed,Electronics,Central,35,1
8708,2024-11-13,2857.7,completed,Books,South,1,1
8709,2024-11-13,4194.06,completed,Food,West,26,4
8710,2024-11-13,4200.6,failed,Food,South,20,3
8711,2024-11-13,1220.83,completed,Food,West,25,3
8712,2024-11-13,3053.49,pending,Home,West,3,4
8713,2024-11-14,4966.03,completed,Books,Central,3,5
8714,2024-11-14,582.59,completed,Electronics,West,26,2
8715,2024-11-14,3236.59,completed,Sports,East,13,3
8716,2024-11-14,1840.1,completed,Food,North,23,2
8717,2024-11-14,1945.69,completed,Books,West,28,2
8718,2024-11-14,312.21,completed,Home,South,20,5
8719,2024-11-14,1411.58,failed,Electronics,West,39,4
8720,2024-11-14,4276.24,completed,Electronics,North,42,4
8721,2024-11-14,306.32,completed,Sports,South,15,5
8722,2024-11-14,1540.49,completed,Sports,South,13,2
8723,2024-11-14,4933.03,pending,Home,West,18,2
8724,2024-11-14,735.98,pending,Electronics,North,32,1
8725,2024-11-14,3813.65,completed,Food,Central,19,3
8726,2024-11-14,4972.23,completed,Food,Central,12,3
8727,2024-11-14,4449.53,completed,Sports,South,49,3
8728,2024-11-14,4277.64,completed,Home,Central,18,4
8729,2024-11-14,4985.34,completed,Food,North,25,1
8730,2024-11-14,1368.71,completed,Clothing,West,27,4
8731,2024-11-14,4803.64,failed,Books,East,18,3
8732,2024-11-14,2709.3,completed,Electronics,West,28,2
8733,2024-11-14,540.85,pending,Clothing,Central,4,4
8734,2024-11-14,4328.76,completed,Clothing,North,25,2
8735,2024-11-14,662.82,completed,Sports,East,12,2
8736,2024-11-14,893.66,completed,Food,North,42,3
8737,2024-11-14,13.06,completed,Clothing,Central,44,3
8738,2024-11-14,1895.49,completed,Books,North,26,2
8739,2024-11-14,2088.25,completed,Electronics,South,21,3
8740,2024-11-15,1302.89,completed,Food,North,27,4
8741,2024-11-15,4102.81,completed,Home,West,32,3
8742,2024-11-15,4407.05,completed,Home,East,34,2
8743,2024-11-15,1479.8,completed,Electronics,North,28,5
8744,2024-11-15,2603.37,failed,Home,North,30,2
8745,2024-11-15,4709.96,completed,Sports,North,29,5
8746,2024-11-15,910.84,completed,Home,Central,46,3
8747,2024-11-15,1101.67,failed,Electronics,North,13,1
8748,2024-11-15,1887.94,completed,Sports,South,45,1
8749,2024-11-15,1216.5,completed,Food,East,26,3
8750,2024-11-15,193.51,completed,Sports,North,42,4
8751,2024-11-15,4493.69,completed,Clothing,West,35,4
8752,2024-11-15,272.83,refunded,Food,Central,46,5
8753,2024-11-15,1831.73,completed,Electronics,West,1,1
8754,2024-11-15,485.6,failed,Sports,Central,6,5
8755,2024-11-15,1746.25,pending,Home,East,47,4
8756,2024-11-15,550.14,completed,Clothing,North,8,2
8757,2024-11-15,564.98,completed,Sports,West,33,2
8758,2024-11-15,3208.74,pending,Home,West,14,2
8759,2024-11-15,2220.43,completed,Sports,West,9,3
8760,2024-11-15,1371.66,completed,Home,South,39,1
8761,2024-11-15,4774.46,completed,Clothing,South,3,2
8762,2024-11-15,4852.41,failed,Sports,South,39,1
8763,2024-11-15,3067.38,pending,Home,South,20,5
8764,2024-11-15,1027.91,completed,Sports,South,17,3
8765,2024-11-15,4654.11,pending,Sports,North,17,5
8766,2024-11-15,1837.25,completed,Home,West,21,5
8767,2024-11-15,2426.31,completed,Home,West,35,1
8768,2024-11-16,3690.77,completed,Sports,South,14,4
8769,2024-11-16,3711.12,completed,Clothing,North,34,5
8770,2024-11-16,2301.87,completed,Books,North,25,4
8771,2024-11-16,2697.69,pending,Food,East,14,1
8772,2024-11-16,4864.38,refunded,Home,South,2,1
8773,2024-11-16,2481.98,completed,Electronics,Central,23,1
8774,2024-11-16,3534.18,completed,Food,North,18,2
8775,2024-11-16,1069.42,completed,Sports,East,23,4
8776,2024-11-16,3100.06,completed,Home,North,44,5
8777,2024-11-16,898.7,completed,Food,Central,20,4
8778,2024-11-16,1837.25,pending,Sports,Central,19,3
8779,2024-11-16,2248.34,completed,Clothing,Central,35,4
8780,2024-11-16,3358.87,completed,Home,South,21,3
8781,2024-11-16,416.48,completed,Books,East,42,3
8782,2024-11-16,510.42,completed,Clothing,West,32,2
8783,2024-11-16,269.8,refunded,Electronics,North,6,1
8784,2024-11-16,1912.64,pending,Food,West,44,1
8785,2024-11-16,1015.43,completed,Clothing,North,16,1
8786,2024-11-16,3849.57,completed,Food,East,46,1
8787,2024-11-16,4127.6,refunded,Home,North,15,3
8788,2024-11-16,1230.87,completed,Sports,Central,13,2
8789,2024-11-16,3079.14,failed,Books,East,7,3
8790,2024-11-16,2452.91,completed,Books,West,4,2
8791,2024-11-16,1010.7,completed,Sports,East,40,2
8792,2024-11-16,3184.65,completed,Clothing,Central,38,2
8793,2024-11-16,3688.09,completed,Electronics,South,40,1
8794,2024-11-16,4189.22,failed,Food,East,18,5
8795,2024-11-17,1517.12,failed,Books,South,19,4
8796,2024-11-17,780.09,completed,Home,North,5,5
8797,2024-11-17,4659.5,pending,Home,South,22,2
8798,2024-11-17,4655.4,completed,Books,North,43,2
8799,2024-11-17,1437.03,completed,Food,North,19,3
8800,2024-11-17,291.04,completed,Sports,South,38,2
8801,2024-11-17,3546.42,completed,Clothing,West,1,5
8802,2024-11-17,1831.58,completed,Electronics,Central,4,2
8803,2024-11-17,3795.58,completed,Books,North,48,1
8804,2024-11-17,367.58,failed,Food,Central,39,3
8805,2024-11-17,2300.63,refunded,Clothing,South,34,4
8806,2024-11-17,1668.6,pending,Home,South,34,3
8807,2024-11-17,3216.84,pending,Home,East,43,3
8808,2024-11-17,3550.13,completed,Home,South,8,5
8809,2024-11-17,4744.18,completed,Books,South,16,3
8810,2024-11-17,1745.34,pending,Home,South,24,1
8811,2024-11-17,654.56,completed,Electronics,North,8,4
8812,2024-11-17,4806.16,completed,Home,East,25,2
8813,2024-11-17,2855.21,completed,Electronics,South,8,4
8814,2024-11-17,4667.75,completed,Clothing,South,15,1
8815,2024-11-17,4154.55,failed,Books,Central,49,1
8816,2024-11-17,2459.19,completed,Food,North,28,5
8817,2024-11-17,451.91,completed,Electronics,Central,19,1
8818,2024-11-17,1503.3,failed,Sports,Central,39,4
8819,2024-11-17,3499.01,completed,Food,East,22,1
8820,2024-11-17,3673.35,completed,Clothing,West,24,3
8821,2024-11-17,1265.06,completed,Electronics,East,1,5
8822,2024-11-17,3206.9,pending,Sports,Central,20,1
8823,2024-11-18,523.18,refunded,Books,North,46,3
8824,2024-11-18,1075.44,completed,Books,North,36,5
8825,2024-11-18,621.47,completed,Sports,West,47,3
8826,2024-11-18,1024.67,completed,Books,West,39,3
8827,2024-11-18,835.86,completed,Electronics,Central,49,4
8828,2024-11-18,3600.33,completed,Home,East,2,5
8829,2024-11-18,4578.41,completed,Food,East,26,3
8830,2024-11-18,4832.38,completed,Sports,West,21,4
8831,2024-11-18,1962.08,refunded,Clothing,East,31,5
8832,2024-11-18,4298.92,completed,Electronics,Central,20,5
8833,2024-11-18,466.31,pending,Food,North,48,3
8834,2024-11-18,2849.58,pending,Electronics,North,39,2
8835,2024-11-18,3030.53,completed,Clothing,South,11,2
8836,2024-11-18,2056.51,completed,Home,West,48,5
8837,2024-11-18,122.37,completed,Food,East,11,4
8838,2024-11-18,1658.0,pending,Clothing,East,22,2
8839,2024-11-18,34.95,completed,Electronics,North,17,3
8840,2024-11-18,4043.64,completed,Clothing,East,2,2
8841,2024-11-18,4994.55,completed,Home,Central,24,4
8842,2024-11-18,1047.66,completed,Books,East,20,3
8843,2024-11-18,3860.03,pending,Food,South,13,4
8844,2024-11-18,4458.49,failed,Sports,North,32,4
8845,2024-11-18,1449.27,completed,Home,Central,28,4
8846,2024-11-18,3245.41,pending,Books,South,30,3
8847,2024-11-18,1253.17,completed,Clothing,North,38,2
8848,2024-11-18,340.31,failed,Sports,Central,25,1
8849,2024-11-18,2890.62,completed,Electronics,North,42,2
8850,2024-11-19,1460.98,failed,Food,West,38,1
8851,2024-11-19,4313.92,completed,Clothing,South,9,5
8852,2024-11-19,4790.72,completed,Home,Central,26,3
8853,2024-11-19,894.77,completed,Sports,South,44,2
8854,2024-11-19,758.6,completed,Sports,East,37,3
8855,2024-11-19,1009.29,completed,Sports,South,29,3
8856,2024-11-19,2332.0,completed,Food,Central,3,2
8857,2024-11-19,1597.36,pending,Electronics,Central,32,4
8858,2024-11-19,3207.23,completed,Sports,West,5,1
8859,2024-11-19,2329.21,completed,Books,West,3,3
8860,2024-11-19,119.37,completed,Electronics,Central,23,1
8861,2024-11-19,3748.38,completed,Home,North,42,3
8862,2024-11-19,1771.82,completed,Home,East,44,3
8863,2024-11-19,3322.22,completed,Home,East,38,5
8864,2024-11-19,4202.09,completed,Clothing,West,49,3
8865,2024-11-19,552.55,completed,Electronics,West,35,5
8866,2024-11-19,2982.67,completed,Electronics,North,31,3
8867,2024-11-19,4661.32,completed,Sports,North,33,4
8868,2024-11-19,682.9,completed,Food,South,38,2
8869,2024-11-19,3034.8,completed,Sports,East,19,2
8870,2024-11-19,1090.54,completed,Sports,North,18,1
8871,2024-11-19,2140.78,completed,Sports,Central,42,3
8872,2024-11-19,3656.08,completed,Electronics,South,39,4
8873,2024-11-19,4209.63,pending,Sports,North,17,3
8874,2024-11-19,4628.36,pending,Clothing,East,41,3
8875,2024-11-19,4020.23,completed,Clothing,South,6,3
8876,2024-11-19,4345.97,completed,Clothing,East,21,1
8877,2024-11-20,462.6,completed,Books,East,17,5
8878,2024-11-20,3507.19,pending,Electronics,Central,15,5
8879,2024-11-20,3486.49,completed,Electronics,North,29,3
8880,2024-11-20,440.91,completed,Electronics,East,39,1
8881,2024-11-20,1687.6,completed,Home,North,11,1
8882,2024-11-20,1772.16,completed,Food,North,2,5
8883,2024-11-20,3238.93,completed,Clothing,North,33,4
8884,2024-11-20,2720.89,completed,Electronics,Central,30,4
8885,2024-11-20,4686.64,completed,Electronics,North,27,3
8886,2024-11-20,721.05,completed,Home,South,40,4
8887,2024-11-20,2968.32,completed,Clothing,South,42,1
8888,2024-11-20,670.22,pending,Electronics,South,48,4
8889,2024-11-20,4297.26,completed,Home,Central,37,5
8890,2024-11-20,1912.96,refunded,Electronics,Central,33,3
8891,2024-11-20,1405.66,completed,Clothing,South,16,3
8892,2024-11-20,1426.42,completed,Clothing,East,11,5
8893,2024-11-20,602.15,completed,Sports,North,37,1
8894,2024-11-20,1051.26,completed,Books,North,43,1
8895,2024-11-20,1927.39,completed,Books,Central,11,5
8896,2024-11-20,181.39,completed,Sports,East,27,4
8897,2024-11-20,2535.62,pending,Books,Central,34,3
8898,2024-11-20,932.41,completed,Clothing,South,44,2
8899,2024-11-20,2756.75,completed,Electronics,Central,30,1
8900,2024-11-20,690.41,completed,Clothing,East,1,5
8901,2024-11-20,1293.35,completed,Electronics,North,3,1
8902,2024-11-20,3959.64,completed,Clothing,East,33,2
8903,2024-11-20,4971.71,failed,Food,East,24,1
8904,2024-11-20,1747.46,completed,Home,West,31,1
8905,2024-11-21,2368.87,refunded,Food,South,7,1
8906,2024-11-21,2210.92,refunded,Food,South,8,4
8907,2024-11-21,1798.01,refunded,Clothing,North,46,1
8908,2024-11-21,1298.99,failed,Sports,North,43,5
8909,2024-11-21,3217.72,completed,Home,North,41,3
8910,2024-11-21,1184.22,failed,Home,East,17,3
8911,2024-11-21,2251.66,completed,Home,East,2,3
8912,2024-11-21,1983.84,completed,Books,West,5,1
8913,2024-11-21,3736.65,refunded,Books,North,16,2
8914,2024-11-21,4088.03,completed,Food,North,45,2
8915,2024-11-21,119.7,completed,Books,West,14,5
8916,2024-11-21,2835.95,pending,Home,East,38,5
8917,2024-11-21,581.46,pending,Books,Central,22,5
8918,2024-11-21,458.46,completed,Electronics,Central,7,3
8919,2024-11-21,1702.77,pending,Food,Central,28,4
8920,2024-11-21,363.8,completed,Clothing,South,33,1
8921,2024-11-21,4647.85,completed,Sports,East,35,2
8922,2024-11-21,3468.14,failed,Food,North,12,5
8923,2024-11-21,3231.05,completed,Clothing,Central,11,4
8924,2024-11-21,851.13,completed,Clothing,East,16,3
8925,2024-11-21,4255.22,failed,Sports,Central,33,5
8926,2024-11-21,1311.14,completed,Sports,East,18,3
8927,2024-11-21,1325.33,failed,Clothing,Central,13,1
8928,2024-11-21,4451.15,completed,Clothing,East,31,2
8929,2024-11-21,3129.67,completed,Home,North,24,4
8930,2024-11-21,3342.69,completed,Home,South,36,3
8931,2024-11-21,4863.75,pending,Electronics,North,6,5
8932,2024-11-22,2002.89,completed,Sports,West,46,5
8933,2024-11-22,1377.96,pending,Sports,West,47,3
8934,2024-11-22,1337.5,failed,Sports,North,43,5
8935,2024-11-22,1002.72,completed,Books,North,1,5
8936,2024-11-22,4185.09,pending,Books,Central,44,3
8937,2024-11-22,1447.95,completed,Sports,North,5,5
8938,2024-11-22,590.15,completed,Home,North,44,3
8939,2024-11-22,3877.22,pending,Food,South,45,2
8940,2024-11-22,4816.13,completed,Home,Central,18,2
8941,2024-11-22,3835.19,completed,Electronics,West,48,1
8942,2024-11-22,1668.62,completed,Clothing,North,22,3
8943,2024-11-22,871.49,refunded,Home,South,19,1
8944,2024-11-22,3937.26,completed,Electronics,Central,9,3
8945,2024-11-22,3318.95,completed,Electronics,Central,46,5
8946,2024-11-22,993.19,completed,Home,South,28,1
8947,2024-11-22,4738.15,completed,Books,West,20,4
8948,2024-11-22,2964.78,completed,Electronics,East,20,5
8949,2024-11-22,2962.48,completed,Electronics,South,45,5
8950,2024-11-22,1987.12,completed,Books,Central,48,5
8951,2024-11-22,1033.99,completed,Electronics,South,39,4
8952,2024-11-22,2923.29,completed,Sports,North,3,2
8953,2024-11-22,2107.9,completed,Electronics,West,37,3
8954,2024-11-22,826.42,pending,Electronics,South,24,2
8955,2024-11-22,106.65,completed,Electronics,East,5,3
8956,2024-11-22,4424.19,pending,Clothing,North,41,2
8957,2024-11-22,4659.85,completed,Home,West,15,1
8958,2024-11-22,512.15,completed,Sports,Central,33,2
8959,2024-11-22,1474.36,completed,Clothing,South,32,3
8960,2024-11-23,3630.54,refunded,Sports,West,43,2
8961,2024-11-23,3234.77,completed,Home,South,2,5
8962,2024-11-23,1994.57,pending,Clothing,East,48,4
8963,2024-11-23,1621.8,completed,Food,East,43,2
8964,2024-11-23,4938.04,pending,Clothing,South,38,2
8965,2024-11-23,562.68,completed,Food,North,15,3
8966,2024-11-23,4111.15,failed,Home,Central,21,1
8967,2024-11-23,1931.64,completed,Food,East,9,5
8968,2024-11-23,73.84,completed,Electronics,North,10,4
8969,2024-11-23,3995.13,completed,Electronics,Central,10,1
8970,2024-11-23,4877.24,completed,Food,East,15,5
8971,2024-11-23,4151.26,completed,Books,North,29,1
8972,2024-11-23,3113.36,completed,Food,East,1,2
8973,2024-11-23,3727.95,failed,Books,East,8,3
8974,2024-11-23,1404.95,completed,Books,North,2,4
8975,2024-11-23,1397.05,completed,Books,South,32,2
8976,2024-11-23,4296.5,completed,Food,East,33,2
8977,2024-11-23,2956.53,completed,Books,East,45,3
8978,2024-11-23,2241.31,failed,Clothing,West,44,3
8979,2024-11-23,3159.64,pending,Clothing,North,45,4
8980,2024-11-23,1914.74,completed,Sports,West,18,2
8981,2024-11-23,4505.07,pending,Home,West,34,1
8982,2024-11-23,1466.58,completed,Books,Central,27,2
8983,2024-11-23,809.89,failed,Electronics,North,13,4
8984,2024-11-23,910.56,completed,Books,South,49,1
8985,2024-11-23,4622.41,completed,Clothing,South,21,5
8986,2024-11-23,1546.81,pending,Home,Central,42,4
8987,2024-11-24,4886.49,completed,Clothing,Central,13,2
8988,2024-11-24,212.42,completed,Sports,Central,43,4
8989,2024-11-24,256.12,pending,Home,West,27,2
8990,2024-11-24,4103.96,completed,Food,South,10,2
8991,2024-11-24,2027.56,pending,Food,South,2,2
8992,2024-11-24,3522.23,completed,Sports,Central,33,4
8993,2024-11-24,2967.7,completed,Home,Central,21,4
8994,2024-11-24,3438.91,completed,Home,East,23,1
8995,2024-11-24,2631.5,pending,Home,West,14,2
8996,2024-11-24,3519.52,completed,Clothing,West,3,1
8997,2024-11-24,2853.63,completed,Electronics,South,12,5
8998,2024-11-24,2021.97,pending,Food,Central,36,3
8999,2024-11-24,3492.61,completed,Sports,North,11,4
9000,2024-11-24,616.46,failed,Sports,South,13,4
9001,2024-11-24,1346.83,pending,Books,Central,12,3
9002,2024-11-24,945.92,completed,Sports,Central,31,2
9003,2024-11-24,4202.79,completed,Sports,West,8,5
9004,2024-11-24,3115.27,pending,Clothing,East,21,4
9005,2024-11-24,17.41,completed,Sports,West,4,4
9006,2024-11-24,4127.53,refunded,Food,Central,7,3
9007,2024-11-24,1384.09,completed,Food,West,29,2
9008,2024-11-24,64.48,failed,Food,Central,30,4
9009,2024-11-24,411.21,completed,Sports,East,47,3
9010,2024-11-24,2775.01,completed,Clothing,North,39,5
9011,2024-11-24,919.69,pending,Sports,East,26,1
9012,2024-11-24,3148.87,completed,Clothing,East,15,2
9013,2024-11-24,4279.19,pending,Sports,West,32,3
9014,2024-11-25,2050.91,completed,Books,West,30,2
9015,2024-11-25,4357.2,completed,Electronics,Central,37,1
9016,2024-11-25,1077.02,completed,Sports,North,34,4
9017,2024-11-25,3208.64,completed,Clothing,Central,4,5
9018,2024-11-25,4463.35,completed,Home,North,25,3
9019,2024-11-25,2754.44,failed,Food,North,27,3
9020,2024-11-25,3902.33,completed,Electronics,East,41,4
9021,2024-11-25,3029.13,completed,Electronics,North,27,4
9022,2024-11-25,809.29,completed,Clothing,East,39,2
9023,2024-11-25,4596.64,completed,Books,South,27,5
9024,2024-11-25,1031.78,completed,Sports,West,11,1
9025,2024-11-25,3927.46,completed,Sports,South,31,2
9026,2024-11-25,475.36,completed,Books,West,14,2
9027,2024-11-25,2451.79,completed,Sports,Central,39,4
9028,2024-11-25,2915.97,completed,Home,Central,35,1
9029,2024-11-25,3379.35,refunded,Electronics,South,37,1
9030,2024-11-25,3512.25,pending,Home,West,14,2
9031,2024-11-25,284.55,failed,Home,North,5,4
9032,2024-11-25,1621.15,completed,Electronics,South,37,5
9033,2024-11-25,3343.77,completed,Clothing,West,18,2
9034,2024-11-25,1879.78,completed,Electronics,North,28,3
9035,2024-11-25,2238.34,completed,Sports,East,24,5
9036,2024-11-25,499.46,failed,Books,East,3,3
9037,2024-11-25,3006.48,completed,Clothing,South,7,3
9038,2024-11-25,1645.02,failed,Food,North,4,5
9039,2024-11-25,576.22,completed,Electronics,East,11,3
9040,2024-11-25,2528.21,completed,Clothing,Central,2,1
9041,2024-11-25,2016.19,completed,Electronics,East,39,5
9042,2024-11-26,3154.3,completed,Clothing,West,20,2
9043,2024-11-26,1152.25,completed,Electronics,Central,24,5
9044,2024-11-26,767.64,completed,Books,Central,23,1
9045,2024-11-26,1718.49,completed,Clothing,West,22,3
9046,2024-11-26,4596.57,completed,Clothing,North,38,1
9047,2024-11-26,1077.53,completed,Electronics,North,22,4
9048,2024-11-26,1486.09,completed,Electronics,North,44,2
9049,2024-11-26,3924.14,completed,Sports,South,33,5
9050,2024-11-26,3801.54,completed,Home,East,47,4
9051,2024-11-26,1980.82,completed,Food,Central,35,4
9052,2024-11-26,4060.08,refunded,Sports,West,25,1
9053,2024-11-26,3740.62,completed,Sports,South,8,2
9054,2024-11-26,1430.48,completed,Home,East,37,1
9055,2024-11-26,3106.86,completed,Electronics,North,4,4
9056,2024-11-26,1313.86,pending,Clothing,North,35,3
9057,2024-11-26,2610.74,completed,Clothing,North,33,1
9058,2024-11-26,2222.77,completed,Electronics,East,15,3
9059,2024-11-26,2388.23,pending,Sports,North,21,5
9060,2024-11-26,4771.56,completed,Sports,East,22,4
9061,2024-11-26,3964.41,refunded,Electronics,West,5,2
9062,2024-11-26,3096.36,completed,Food,Central,40,1
9063,2024-11-26,267.41,refunded,Books,North,7,2
9064,2024-11-26,647.4,completed,Home,West,18,3
9065,2024-11-26,3202.43,pending,Books,Central,48,4
9066,2024-11-26,4593.49,completed,Sports,East,9,3
9067,2024-11-26,252.48,completed,Sports,West,9,3
9068,2024-11-26,4949.01,failed,Clothing,West,8,5
9069,2024-11-27,2359.23,completed,Home,West,47,3
9070,2024-11-27,1912.07,completed,Home,East,33,2
9071,2024-11-27,3413.62,failed,Clothing,North,1,3
9072,2024-11-27,4947.67,completed,Electronics,East,30,3
9073,2024-11-27,1028.19,completed,Sports,West,48,1
9074,2024-11-27,4814.57,pending,Electronics,Central,8,4
9075,2024-11-27,629.05,completed,Sports,South,11,1
9076,2024-11-27,4054.18,completed,Food,North,23,1
9077,2024-11-27,3520.6,failed,Clothing,Central,1,1
9078,2024-11-27,2442.99,pending,Home,Central,39,5
9079,2024-11-27,2739.19,completed,Food,South,13,2
9080,2024-11-27,4884.61,completed,Books,East,38,4
9081,2024-11-27,3830.16,completed,Food,North,32,5
9082,2024-11-27,4948.12,completed,Books,East,20,5
9083,2024-11-27,576.62,completed,Sports,Central,34,2
9084,2024-11-27,1990.4,refunded,Food,West,37,1
9085,2024-11-27,1250.96,completed,Electronics,Central,42,3
9086,2024-11-27,1637.5,completed,Electronics,East,35,1
9087,2024-11-27,4835.38,completed,Books,North,46,4
9088,2024-11-27,2774.15,completed,Food,East,44,1
9089,2024-11-27,4170.79,completed,Electronics,Central,44,4
9090,2024-11-27,56.26,completed,Sports,Central,31,4
9091,2024-11-27,2615.67,completed,Food,South,12,5
9092,2024-11-27,4782.35,completed,Books,East,22,3
9093,2024-11-27,1714.74,completed,Home,Central,39,3
9094,2024-11-27,2475.08,pending,Books,Central,13,2
9095,2024-11-27,1506.1,pending,Electronics,East,9,3
9096,2024-11-28,3559.63,completed,Food,Central,44,4
9097,2024-11-28,54.25,completed,Food,East,48,3
9098,2024-11-28,2856.85,completed,Sports,East,26,1
9099,2024-11-28,566.79,completed,Clothing,North,35,4
9100,2024-11-28,2269.75,completed,Food,Central,37,4
9101,2024-11-28,2526.28,completed,Food,Central,40,5
9102,2024-11-28,2044.88,completed,Sports,West,10,5
9103,2024-11-28,262.82,completed,Clothing,Central,33,2
9104,2024-11-28,2793.59,pending,Books,East,27,2
9105,2024-11-28,1260.78,completed,Clothing,Central,16,4
9106,2024-11-28,2210.76,failed,Home,South,11,4
9107,2024-11-28,462.58,completed,Home,Central,31,2
9108,2024-11-28,823.76,completed,Electronics,Central,24,1
9109,2024-11-28,3082.47,completed,Sports,Central,26,3
9110,2024-11-28,4968.1,completed,Sports,East,6,4
9111,2024-11-28,4905.66,completed,Home,West,41,1
9112,2024-11-28,583.04,completed,Electronics,East,26,3
9113,2024-11-28,2903.51,completed,Clothing,Central,36,3
9114,2024-11-28,4519.88,failed,Home,North,22,4
9115,2024-11-28,2001.55,completed,Books,Central,35,2
9116,2024-11-28,4022.78,pending,Home,North,33,3
9117,2024-11-28,720.24,completed,Books,North,43,1
9118,2024-11-28,4929.48,completed,Food,South,11,4
9119,2024-11-28,3218.87,completed,Food,West,46,3
9120,2024-11-28,3091.56,completed,Sports,South,35,1
9121,2024-11-28,2909.3,completed,Home,North,45,1
9122,2024-11-28,4514.15,refunded,Electronics,East,46,5
9123,2024-11-28,1551.14,completed,Clothing,Central,2,5
9124,2024-11-29,1077.24,completed,Books,West,34,2
9125,2024-11-29,2676.03,completed,Food,East,43,4
9126,2024-11-29,4923.55,completed,Home,North,29,4
9127,2024-11-29,4914.76,completed,Electronics,North,9,2
9128,2024-11-29,467.3,completed,Electronics,West,24,2
9129,2024-11-29,249.04,completed,Clothing,Central,40,2
9130,2024-11-29,4043.16,failed,Food,East,35,3
9131,2024-11-29,3218.44,failed,Sports,Central,6,1
9132,2024-11-29,3129.32,completed,Clothing,South,49,4
9133,2024-11-29,3499.6,pending,Books,East,41,5
9134,2024-11-29,166.2,failed,Food,West,34,4
9135,2024-11-29,2057.83,completed,Clothing,Central,3,3
9136,2024-11-29,2402.44,completed,Sports,Central,7,4
9137,2024-11-29,3298.0,completed,Clothing,West,6,1
9138,2024-11-29,2905.77,completed,Food,East,3,3
9139,2024-11-29,3780.16,completed,Home,West,47,3
9140,2024-11-29,2718.24,completed,Food,West,5,3
9141,2024-11-29,3165.58,completed,Clothing,North,31,5
9142,2024-11-29,35.29,completed,Food,Central,1,4
9143,2024-11-29,3188.09,completed,Clothing,Central,32,1
9144,2024-11-29,2562.55,completed,Clothing,Central,37,4
9145,2024-11-29,2072.07,completed,Clothing,Central,34,5
9146,2024-11-29,3487.03,completed,Sports,East,20,2
9147,2024-11-29,20.45,completed,Clothing,West,21,5
9148,2024-11-29,3847.89,failed,Electronics,North,12,4
9149,2024-11-29,4434.74,completed,Books,South,13,2
9150,2024-11-29,573.9,pending,Sports,South,31,3
9151,2024-11-30,1779.2,completed,Electronics,West,2,5
9152,2024-11-30,4344.41,refunded,Clothing,East,44,4
9153,2024-11-30,320.11,completed,Sports,Central,5,1
9154,2024-11-30,1143.86,failed,Books,Central,3,4
9155,2024-11-30,4030.54,failed,Clothing,South,4,2
9156,2024-11-30,1792.1,pending,Home,Central,11,3
9157,2024-11-30,1701.48,refunded,Electronics,East,25,4
9158,2024-11-30,1998.19,failed,Food,Central,10,4
9159,2024-11-30,4835.55,failed,Sports,Central,24,2
9160,2024-11-30,298.62,completed,Clothing,North,3,4
9161,2024-11-30,1842.16,completed,Sports,East,24,4
9162,2024-11-30,1815.24,completed,Electronics,West,7,5
9163,2024-11-30,4895.79,completed,Home,Central,21,5
9164,2024-11-30,1446.45,completed,Books,West,17,4
9165,2024-11-30,4720.79,failed,Home,East,6,3
9166,2024-11-30,2022.72,completed,Books,West,25,4
9167,2024-11-30,2288.23,completed,Electronics,Central,7,4
9168,2024-11-30,3387.52,completed,Home,South,14,2
9169,2024-11-30,2406.22,completed,Clothing,Central,36,5
9170,2024-11-30,1092.16,completed,Home,Central,47,3
9171,2024-11-30,4198.98,pending,Home,Central,9,1
9172,2024-11-30,1417.88,completed,Books,South,7,4
9173,2024-11-30,4287.46,completed,Electronics,South,42,4
9174,2024-11-30,4840.87,completed,Electronics,North,39,3
9175,2024-11-30,2673.64,completed,Home,West,15,5
9176,2024-11-30,880.36,pending,Books,Central,30,4
9177,2024-11-30,821.27,completed,Clothing,South,20,3
9178,2024-11-30,4260.42,completed,Electronics,Central,3,1
9179,2024-12-01,1425.36,failed,Clothing,East,28,5
9180,2024-12-01,2475.6,completed,Electronics,East,7,2
9181,2024-12-01,3922.52,completed,Home,South,38,1
9182,2024-12-01,287.2,pending,Home,East,20,4
9183,2024-12-01,2172.29,completed,Clothing,South,11,5
9184,2024-12-01,3356.67,completed,Clothing,North,35,5
9185,2024-12-01,2878.14,completed,Clothing,West,16,3
9186,2024-12-01,2039.15,completed,Sports,Central,44,3
9187,2024-12-01,1770.48,completed,Food,Central,41,3
9188,2024-12-01,406.78,completed,Clothing,East,4,1
9189,2024-12-01,3030.67,completed,Clothing,East,4,5
9190,2024-12-01,299.8,completed,Electronics,East,33,2
9191,2024-12-01,2611.52,completed,Clothing,South,8,1
9192,2024-12-01,677.78,refunded,Food,East,20,5
9193,2024-12-01,209.32,failed,Electronics,West,17,1
9194,2024-12-01,2441.02,pending,Clothing,South,45,2
9195,2024-12-01,1536.83,completed,Clothing,South,24,2
9196,2024-12-01,2447.14,pending,Sports,East,28,5
9197,2024-12-01,827.15,pending,Home,South,31,4
9198,2024-12-01,4832.93,completed,Home,South,30,3
9199,2024-12-01,79.76,completed,Sports,West,17,3
9200,2024-12-01,687.09,completed,Books,Central,43,5
9201,2024-12-01,3558.65,failed,Food,North,19,1
9202,2024-12-01,4651.6,failed,Clothing,North,14,3
9203,2024-12-01,238.37,completed,Food,East,7,2
9204,2024-12-01,121.41,pending,Sports,West,30,5
9205,2024-12-01,2796.51,pending,Books,East,5,2
9206,2024-12-02,2209.54,completed,Clothing,West,11,4
9207,2024-12-02,1030.5,completed,Food,Central,49,5
9208,2024-12-02,670.19,completed,Food,South,42,1
9209,2024-12-02,4267.08,completed,Home,South,7,1
9210,2024-12-02,628.59,completed,Food,Central,45,3
9211,2024-12-02,3479.8,completed,Sports,Central,4,1
9212,2024-12-02,4136.79,completed,Home,West,20,3
9213,2024-12-02,121.41,completed,Clothing,North,43,2
9214,2024-12-02,3725.3,completed,Electronics,East,46,5
9215,2024-12-02,3419.53,completed,Home,Central,49,2
9216,2024-12-02,2719.75,pending,Electronics,West,48,5
9217,2024-12-02,406.13,refunded,Clothing,South,5,4
9218,2024-12-02,4540.26,pending,Clothing,West,11,4
9219,2024-12-02,4543.26,pending,Electronics,East,26,4
9220,2024-12-02,1713.83,completed,Books,North,30,3
9221,2024-12-02,1687.89,pending,Clothing,North,37,3
9222,2024-12-02,2740.61,completed,Electronics,East,14,2
9223,2024-12-02,4378.95,completed,Electronics,West,1,1
9224,2024-12-02,4661.81,refunded,Books,Central,12,2
9225,2024-12-02,1254.17,completed,Sports,North,20,1
9226,2024-12-02,2786.17,pending,Home,North,20,2
9227,2024-12-02,1828.54,completed,Food,North,46,4
9228,2024-12-02,1098.32,completed,Books,East,17,1
9229,2024-12-02,24.4,failed,Food,South,6,5
9230,2024-12-02,1474.41,completed,Food,Central,24,1
9231,2024-12-02,1647.08,completed,Books,South,41,4
9232,2024-12-02,3276.31,failed,Sports,West,6,3
9233,2024-12-03,3223.08,completed,Books,South,24,3
9234,2024-12-03,4892.72,completed,Sports,East,20,5
9235,2024-12-03,3318.71,completed,Books,West,1,1
9236,2024-12-03,774.04,completed,Books,South,3,4
9237,2024-12-03,2952.28,pending,Sports,South,11,4
9238,2024-12-03,835.96,completed,Food,North,37,5
9239,2024-12-03,778.17,completed,Clothing,North,22,5
9240,2024-12-03,4636.85,refunded,Electronics,Central,17,3
9241,2024-12-03,901.43,pending,Food,South,38,5
9242,2024-12-03,2390.79,completed,Food,Central,20,4
9243,2024-12-03,4537.51,refunded,Clothing,East,6,1
9244,2024-12-03,3038.23,failed,Books,East,14,1
9245,2024-12-03,2303.26,completed,Home,East,20,4
9246,2024-12-03,1681.91,completed,Books,Central,11,1
9247,2024-12-03,637.69,completed,Electronics,East,19,4
9248,2024-12-03,4295.39,completed,Food,East,18,1
9249,2024-12-03,4016.59,completed,Electronics,North,35,5
9250,2024-12-03,4592.6,failed,Home,South,2,2
9251,2024-12-03,3875.11,completed,Home,South,13,2
9252,2024-12-03,2455.26,completed,Home,North,33,5
9253,2024-12-03,977.1,pending,Home,East,49,2
9254,2024-12-03,4406.57,completed,Food,West,27,2
9255,2024-12-03,1029.03,completed,Sports,East,44,1
9256,2024-12-03,2346.69,completed,Electronics,East,18,1
9257,2024-12-03,3296.82,completed,Home,East,6,3
9258,2024-12-03,4244.72,completed,Electronics,Central,15,1
9259,2024-12-03,4220.46,completed,Food,North,46,5
9260,2024-12-03,1829.26,pending,Books,North,40,3
9261,2024-12-04,617.64,completed,Home,South,31,2
9262,2024-12-04,2454.05,pending,Electronics,Central,10,4
9263,2024-12-04,4365.98,completed,Sports,East,49,3
9264,2024-12-04,1453.47,completed,Clothing,West,1,5
9265,2024-12-04,2695.14,completed,Clothing,East,21,5
9266,2024-12-04,797.68,completed,Sports,Central,8,5
9267,2024-12-04,3718.4,completed,Clothing,Central,46,5
9268,2024-12-04,3038.62,completed,Electronics,Central,26,3
9269,2024-12-04,3701.22,pending,Clothing,South,11,5
9270,2024-12-04,1457.0,completed,Electronics,East,43,4
9271,2024-12-04,3385.41,completed,Clothing,West,10,1
9272,2024-12-04,862.79,completed,Home,West,32,3
9273,2024-12-04,2101.69,completed,Sports,South,19,5
9274,2024-12-04,4207.88,completed,Books,West,4,3
9275,2024-12-04,2561.61,failed,Clothing,Central,14,5
9276,2024-12-04,4497.61,failed,Sports,Central,39,4
9277,2024-12-04,4086.9,completed,Books,South,28,3
9278,2024-12-04,2641.95,completed,Books,West,13,1
9279,2024-12-04,1707.65,failed,Electronics,East,41,4
9280,2024-12-04,3740.12,completed,Books,East,24,2
9281,2024-12-04,3755.32,completed,Sports,Central,15,4
9282,2024-12-04,2600.95,completed,Food,Central,31,2
9283,2024-12-04,695.09,completed,Electronics,Central,35,3
9284,2024-12-04,1606.72,completed,Clothing,East,25,2
9285,2024-12-04,2399.69,completed,Electronics,South,37,5
9286,2024-12-04,4720.24,pending,Home,South,17,5
9287,2024-12-04,3871.09,completed,Sports,Central,35,2
9288,2024-12-05,3888.76,pending,Home,North,5,5
9289,2024-12-05,1029.69,completed,Sports,West,22,5
9290,2024-12-05,783.46,refunded,Clothing,South,4,2
9291,2024-12-05,4860.42,completed,Food,South,41,3
9292,2024-12-05,1444.59,pending,Sports,Central,38,1
9293,2024-12-05,3279.84,completed,Food,East,19,4
9294,2024-12-05,3768.99,completed,Clothing,Central,9,4
9295,2024-12-05,2618.17,completed,Food,East,37,1
9296,2024-12-05,381.39,completed,Sports,East,45,3
9297,2024-12-05,1685.4,pending,Home,West,7,1
9298,2024-12-05,4658.5,completed,Sports,North,5,3
9299,2024-12-05,2793.47,completed,Food,West,25,2
9300,2024-12-05,4754.87,completed,Books,West,14,3
9301,2024-12-05,816.92,completed,Home,South,3,1
9302,2024-12-05,349.54,completed,Sports,Central,27,1
9303,2024-12-05,3301.09,completed,Books,West,43,3
9304,2024-12-05,1398.53,completed,Sports,North,24,4
9305,2024-12-05,2863.29,completed,Food,North,26,1
9306,2024-12-05,1838.15,failed,Books,East,33,5
9307,2024-12-05,1253.51,completed,Books,North,24,5
9308,2024-12-05,450.6,completed,Electronics,Central,39,3
9309,2024-12-05,2765.21,completed,Home,South,49,1
9310,2024-12-05,279.43,completed,Books,East,32,3
9311,2024-12-05,3593.74,completed,Electronics,East,39,5
9312,2024-12-05,1322.31,completed,Sports,West,11,1
9313,2024-12-05,716.37,completed,Food,West,20,1
9314,2024-12-05,4152.95,completed,Food,North,6,5
9315,2024-12-05,4509.88,refunded,Food,East,14,1
9316,2024-12-06,642.08,completed,Home,East,45,4
9317,2024-12-06,4757.34,completed,Food,North,26,4
9318,2024-12-06,2351.98,completed,Food,South,22,4
9319,2024-12-06,606.54,completed,Clothing,South,22,1
9320,2024-12-06,1852.41,completed,Clothing,South,35,3
9321,2024-12-06,2751.3,completed,Electronics,Central,12,5
9322,2024-12-06,1320.59,completed,Home,Central,33,5
9323,2024-12-06,3906.29,completed,Food,Central,37,1
9324,2024-12-06,596.2,completed,Food,Central,23,5
9325,2024-12-06,4423.52,completed,Sports,Central,13,3
9326,2024-12-06,2092.61,completed,Electronics,East,19,2
9327,2024-12-06,4885.07,pending,Home,Central,9,5
9328,2024-12-06,2244.44,completed,Clothing,South,33,4
9329,2024-12-06,92.01,pending,Home,East,45,1
9330,2024-12-06,1956.73,completed,Clothing,Central,8,4
9331,2024-12-06,1976.67,completed,Food,Central,28,4
9332,2024-12-06,1799.1,refunded,Home,East,33,4
9333,2024-12-06,3766.01,pending,Electronics,East,32,4
9334,2024-12-06,2930.68,completed,Clothing,East,35,1
9335,2024-12-06,4527.68,completed,Home,East,35,3
9336,2024-12-06,3130.07,completed,Food,North,25,3
9337,2024-12-06,2926.81,completed,Books,South,26,4
9338,2024-12-06,1367.24,completed,Food,East,37,3
9339,2024-12-06,3311.3,completed,Food,Central,4,3
9340,2024-12-06,3508.36,failed,Food,Central,14,1
9341,2024-12-06,232.05,failed,Electronics,South,40,3
9342,2024-12-06,268.92,completed,Books,East,41,4
9343,2024-12-07,1057.43,completed,Clothing,North,3,1
9344,2024-12-07,2924.02,completed,Food,North,9,1
9345,2024-12-07,3182.88,completed,Food,East,18,4
9346,2024-12-07,1787.38,completed,Clothing,North,28,1
9347,2024-12-07,1230.28,completed,Electronics,North,18,3
9348,2024-12-07,832.31,completed,Sports,West,35,4
9349,2024-12-07,1514.79,pending,Books,East,44,4
9350,2024-12-07,2272.82,completed,Food,West,29,5
9351,2024-12-07,3002.62,pending,Electronics,West,37,3
9352,2024-12-07,4355.01,failed,Sports,South,1,1
9353,2024-12-07,3176.06,completed,Clothing,South,29,1
9354,2024-12-07,2735.92,pending,Food,South,11,3
9355,2024-12-07,1735.5,refunded,Sports,Central,11,1
9356,2024-12-07,2160.75,completed,Home,South,8,4
9357,2024-12-07,3227.61,completed,Food,East,10,1
9358,2024-12-07,3188.75,completed,Home,South,7,3
9359,2024-12-07,1064.23,refunded,Food,North,2,5
9360,2024-12-07,4051.48,completed,Home,North,37,3
9361,2024-12-07,4150.43,completed,Food,East,31,1
9362,2024-12-07,4908.22,completed,Books,East,40,3
9363,2024-12-07,4471.09,completed,Home,North,8,4
9364,2024-12-07,516.58,completed,Electronics,Central,25,5
9365,2024-12-07,2180.49,pending,Books,West,48,5
9366,2024-12-07,296.74,refunded,Books,Central,39,5
9367,2024-12-07,3846.34,failed,Food,West,36,1
9368,2024-12-07,4363.96,completed,Food,North,24,1
9369,2024-12-07,2452.38,failed,Books,West,16,5
9370,2024-12-08,937.91,completed,Electronics,North,2,1
9371,2024-12-08,2302.34,completed,Clothing,North,42,4
9372,2024-12-08,664.06,completed,Food,East,43,3
9373,2024-12-08,461.01,pending,Books,West,16,2
9374,2024-12-08,620.66,completed,Sports,North,35,4
9375,2024-12-08,516.77,completed,Electronics,East,46,5
9376,2024-12-08,4465.07,completed,Books,West,4,4
9377,2024-12-08,163.23,completed,Clothing,West,12,4
9378,2024-12-08,1419.68,completed,Sports,West,41,5
9379,2024-12-08,1036.73,completed,Books,East,27,1
9380,2024-12-08,2231.27,completed,Home,West,46,5
9381,2024-12-08,1282.58,completed,Electronics,West,27,4
9382,2024-12-08,1257.84,completed,Sports,Central,29,3
9383,2024-12-08,4463.84,completed,Electronics,North,33,1
9384,2024-12-08,3309.28,completed,Books,North,31,5
9385,2024-12-08,1487.94,completed,Sports,Central,9,1
9386,2024-12-08,1613.73,completed,Books,West,36,3
9387,2024-12-08,1852.66,failed,Sports,South,47,2
9388,2024-12-08,1985.88,completed,Books,West,18,5
9389,2024-12-08,947.34,completed,Home,South,12,3
9390,2024-12-08,1756.33,completed,Clothing,West,15,3
9391,2024-12-08,4371.78,failed,Sports,East,23,5
9392,2024-12-08,3600.28,pending,Electronics,South,10,2
9393,2024-12-08,201.77,completed,Clothing,West,36,3
9394,2024-12-08,4050.52,completed,Books,North,1,4
9395,2024-12-08,2037.84,completed,Books,West,5,2
9396,2024-12-08,3625.27,completed,Home,West,12,1
9397,2024-12-08,1971.64,completed,Sports,West,18,5
9398,2024-12-09,3880.25,completed,Clothing,South,23,5
9399,2024-12-09,3322.54,failed,Books,West,12,1
9400,2024-12-09,3364.8,completed,Sports,Central,24,5
9401,2024-12-09,4409.57,pending,Sports,South,31,4
9402,2024-12-09,4129.48,completed,Food,Central,48,4
9403,2024-12-09,2466.93,pending,Home,North,7,5
9404,2024-12-09,3311.63,pending,Books,Central,35,2
9405,2024-12-09,1900.36,completed,Books,Central,34,4
9406,2024-12-09,3303.15,failed,Food,West,27,3
9407,2024-12-09,1340.28,pending,Home,East,4,1
9408,2024-12-09,2866.28,failed,Clothing,Central,11,5
9409,2024-12-09,4073.54,completed,Home,East,32,3
9410,2024-12-09,2529.89,completed,Home,Central,13,1
9411,2024-12-09,3415.19,completed,Books,Central,29,2
9412,2024-12-09,1445.22,completed,Food,West,8,2
9413,2024-12-09,4099.47,failed,Sports,South,41,5
9414,2024-12-09,2367.78,completed,Electronics,East,11,5
9415,2024-12-09,1990.1,completed,Electronics,Central,26,1
9416,2024-12-09,160.95,completed,Food,Central,16,4
9417,2024-12-09,506.41,completed,Clothing,South,18,4
9418,2024-12-09,630.55,completed,Books,South,32,1
9419,2024-12-09,2433.5,completed,Home,West,25,4
9420,2024-12-09,395.5,completed,Food,East,27,4
9421,2024-12-09,3105.81,completed,Food,Central,46,5
9422,2024-12-09,790.7,completed,Clothing,South,18,2
9423,2024-12-09,3116.67,failed,Books,North,41,1
9424,2024-12-09,2568.64,completed,Home,East,41,5
9425,2024-12-10,1428.95,completed,Books,East,2,5
9426,2024-12-10,2326.55,completed,Books,West,32,4
9427,2024-12-10,2309.1,completed,Electronics,Central,10,3
9428,2024-12-10,669.28,completed,Home,East,11,3
9429,2024-12-10,2322.05,pending,Sports,East,17,2
9430,2024-12-10,3209.6,pending,Books,North,17,3
9431,2024-12-10,3472.71,completed,Books,Central,29,1
9432,2024-12-10,4464.32,refunded,Electronics,North,29,4
9433,2024-12-10,3616.56,completed,Clothing,West,11,2
9434,2024-12-10,2674.18,completed,Sports,North,42,5
9435,2024-12-10,1502.69,completed,Home,West,14,3
9436,2024-12-10,2338.41,completed,Food,South,4,2
9437,2024-12-10,4877.31,completed,Electronics,East,37,1
9438,2024-12-10,4724.7,completed,Books,South,38,3
9439,2024-12-10,3690.06,completed,Food,East,17,3
9440,2024-12-10,175.57,completed,Books,East,12,3
9441,2024-12-10,332.19,completed,Home,South,24,2
9442,2024-12-10,4875.38,completed,Home,South,28,5
9443,2024-12-10,4053.71,pending,Home,West,37,5
9444,2024-12-10,2445.92,failed,Electronics,East,14,2
9445,2024-12-10,2007.72,completed,Sports,East,40,5
9446,2024-12-10,923.14,completed,Books,East,4,2
9447,2024-12-10,2599.56,completed,Electronics,East,6,1
9448,2024-12-10,3257.08,completed,Electronics,Central,2,5
9449,2024-12-10,651.43,failed,Food,North,32,2
9450,2024-12-10,2372.25,pending,Electronics,East,26,3
9451,2024-12-10,1786.28,completed,Food,East,49,3
9452,2024-12-10,4441.59,completed,Food,East,41,5
9453,2024-12-11,3559.84,completed,Clothing,North,11,5
9454,2024-12-11,4516.16,pending,Sports,East,35,5
9455,2024-12-11,1792.34,refunded,Food,North,28,5
9456,2024-12-11,820.72,completed,Electronics,West,47,1
9457,2024-12-11,4154.25,completed,Food,Central,10,1
9458,2024-12-11,2124.14,completed,Electronics,North,26,5
9459,2024-12-11,2869.6,completed,Home,East,24,5
9460,2024-12-11,3610.75,completed,Food,Central,25,5
9461,2024-12-11,3113.38,refunded,Sports,South,26,2
9462,2024-12-11,4015.12,completed,Electronics,North,5,1
9463,2024-12-11,889.41,completed,Clothing,West,16,1
9464,2024-12-11,445.68,completed,Food,East,33,3
9465,2024-12-11,1692.82,completed,Clothing,South,31,1
9466,2024-12-11,2638.96,completed,Electronics,West,35,3
9467,2024-12-11,3779.42,pending,Electronics,West,23,3
9468,2024-12-11,3955.47,completed,Home,East,17,2
9469,2024-12-11,2844.47,completed,Clothing,South,35,4
9470,2024-12-11,3867.38,completed,Clothing,North,6,3
9471,2024-12-11,2867.81,failed,Sports,North,24,4
9472,2024-12-11,1226.52,completed,Food,East,24,2
9473,2024-12-11,3742.4,pending,Electronics,West,17,5
9474,2024-12-11,2987.3,completed,Clothing,East,3,5
9475,2024-12-11,2841.38,completed,Clothing,South,24,2
9476,2024-12-11,4047.66,pending,Books,East,49,1
9477,2024-12-11,200.91,failed,Sports,Central,10,1
9478,2024-12-11,1167.19,completed,Electronics,North,42,4
9479,2024-12-11,3432.58,completed,Books,Central,24,3
9480,2024-12-12,1102.29,completed,Clothing,East,39,2
9481,2024-12-12,970.78,completed,Clothing,East,33,5
9482,2024-12-12,4755.64,pending,Clothing,North,28,4
9483,2024-12-12,4660.06,completed,Food,West,47,1
9484,2024-12-12,2351.02,completed,Home,North,4,5
9485,2024-12-12,524.03,completed,Books,West,42,4
9486,2024-12-12,3928.27,failed,Home,East,38,5
9487,2024-12-12,3920.91,pending,Books,Central,19,1
9488,2024-12-12,1800.99,pending,Clothing,South,5,3
9489,2024-12-12,3786.73,completed,Home,West,15,2
9490,2024-12-12,454.27,completed,Books,North,31,1
9491,2024-12-12,2281.18,completed,Sports,West,9,2
9492,2024-12-12,253.42,completed,Home,East,32,5
9493,2024-12-12,4409.98,completed,Food,North,42,4
9494,2024-12-12,1752.66,completed,Sports,South,19,2
9495,2024-12-12,855.11,failed,Electronics,North,9,5
9496,2024-12-12,735.43,completed,Sports,South,11,5
9497,2024-12-12,546.12,completed,Sports,North,38,1
9498,2024-12-12,552.28,pending,Home,North,23,1
9499,2024-12-12,2374.47,completed,Food,Central,8,2
9500,2024-12-12,869.8,completed,Sports,East,43,2
9501,2024-12-12,3815.91,completed,Food,Central,11,5
9502,2024-12-12,2552.01,pending,Electronics,West,11,3
9503,2024-12-12,4361.01,completed,Electronics,Central,43,3
9504,2024-12-12,4123.18,completed,Food,South,6,3
9505,2024-12-12,3691.38,pending,Sports,North,39,5
9506,2024-12-12,864.14,failed,Books,East,48,4
9507,2024-12-13,2312.91,pending,Books,East,1,5
9508,2024-12-13,4586.52,completed,Home,South,9,4
9509,2024-12-13,3823.12,failed,Home,South,41,3
9510,2024-12-13,2726.52,pending,Books,East,13,3
9511,2024-12-13,2744.93,pending,Food,South,12,1
9512,2024-12-13,1732.73,completed,Home,South,43,5
9513,2024-12-13,4235.03,completed,Electronics,Central,4,2
9514,2024-12-13,4502.71,refunded,Clothing,Central,26,4
9515,2024-12-13,3421.43,pending,Food,North,24,2
9516,2024-12-13,4996.88,failed,Food,South,30,1
9517,2024-12-13,3915.81,completed,Electronics,West,48,1
9518,2024-12-13,4116.2,completed,Clothing,East,33,5
9519,2024-12-13,2522.31,completed,Books,South,11,2
9520,2024-12-13,2355.56,pending,Sports,South,15,1
9521,2024-12-13,1838.18,completed,Clothing,Central,17,4
9522,2024-12-13,2450.38,completed,Sports,North,8,5
9523,2024-12-13,2995.01,completed,Home,North,34,2
9524,2024-12-13,2710.66,completed,Clothing,Central,21,1
9525,2024-12-13,1025.31,pending,Sports,South,48,3
9526,2024-12-13,2203.84,pending,Books,West,49,3
9527,2024-12-13,2491.07,completed,Sports,West,24,4
9528,2024-12-13,2708.52,completed,Sports,North,11,3
9529,2024-12-13,287.09,pending,Clothing,West,28,5
9530,2024-12-13,3649.93,failed,Home,North,49,2
9531,2024-12-13,4841.69,completed,Books,South,45,4
9532,2024-12-13,950.13,pending,Electronics,Central,20,2
9533,2024-12-13,4337.26,completed,Clothing,North,45,3
9534,2024-12-13,1031.14,completed,Books,West,18,2
9535,2024-12-14,274.09,failed,Food,South,25,1
9536,2024-12-14,3725.91,completed,Sports,North,6,2
9537,2024-12-14,4305.9,completed,Sports,Central,10,2
9538,2024-12-14,4222.4,completed,Food,North,3,2
9539,2024-12-14,449.53,completed,Sports,West,49,1
9540,2024-12-14,43.28,completed,Clothing,East,4,3
9541,2024-12-14,4436.59,completed,Electronics,East,45,5
9542,2024-12-14,1296.58,failed,Electronics,East,39,4
9543,2024-12-14,1087.02,completed,Electronics,East,3,3
9544,2024-12-14,4229.54,failed,Sports,Central,45,2
9545,2024-12-14,1471.12,completed,Sports,South,20,1
9546,2024-12-14,2468.67,completed,Electronics,West,36,5
9547,2024-12-14,4627.2,completed,Food,Central,12,5
9548,2024-12-14,3471.15,pending,Clothing,Central,36,5
9549,2024-12-14,2183.31,completed,Food,East,24,2
9550,2024-12-14,2517.32,completed,Sports,South,20,5
9551,2024-12-14,1651.02,completed,Clothing,South,33,5
9552,2024-12-14,4286.56,completed,Sports,South,13,2
9553,2024-12-14,2771.68,completed,Clothing,West,5,4
9554,2024-12-14,4097.96,failed,Electronics,West,21,5
9555,2024-12-14,4989.29,completed,Home,West,15,5
9556,2024-12-14,2361.69,completed,Sports,Central,19,2
9557,2024-12-14,117.81,completed,Books,West,25,2
9558,2024-12-14,4450.4,refunded,Books,Central,3,2
9559,2024-12-14,1212.45,pending,Books,East,13,1
9560,2024-12-14,1290.38,pending,Electronics,East,11,3
9561,2024-12-14,1695.32,failed,Books,South,33,2
9562,2024-12-15,4841.4,failed,Home,South,4,3
9563,2024-12-15,3228.82,completed,Food,East,20,4
9564,2024-12-15,3698.03,failed,Books,North,27,1
9565,2024-12-15,692.07,failed,Electronics,North,42,5
9566,2024-12-15,1887.84,failed,Sports,West,38,5
9567,2024-12-15,1216.55,completed,Clothing,East,32,3
9568,2024-12-15,100.53,completed,Home,West,25,1
9569,2024-12-15,3282.56,completed,Sports,North,21,1
9570,2024-12-15,63.1,pending,Clothing,West,29,1
9571,2024-12-15,4348.57,completed,Home,South,26,4
9572,2024-12-15,3291.65,pending,Sports,North,43,3
9573,2024-12-15,2666.35,pending,Food,Central,22,5
9574,2024-12-15,2235.63,completed,Home,East,37,2
9575,2024-12-15,2188.17,completed,Sports,West,21,4
9576,2024-12-15,1574.28,completed,Clothing,Central,37,3
9577,2024-12-15,3355.81,completed,Electronics,Central,49,1
9578,2024-12-15,3041.78,completed,Books,West,30,3
9579,2024-12-15,1578.42,completed,Home,North,2,2
9580,2024-12-15,4755.68,pending,Food,East,21,3
9581,2024-12-15,1912.8,failed,Sports,West,31,4
9582,2024-12-15,3625.09,refunded,Sports,West,3,1
9583,2024-12-15,2238.79,completed,Electronics,Central,30,3
9584,2024-12-15,567.97,refunded,Books,East,47,1
9585,2024-12-15,4544.77,completed,Food,Central,4,5
9586,2024-12-15,3984.55,failed,Food,West,27,3
9587,2024-12-15,893.88,completed,Food,East,34,5
9588,2024-12-15,2174.38,failed,Books,West,6,4
9589,2024-12-15,4264.1,completed,Clothing,West,23,4
9590,2024-12-16,3678.91,pending,Electronics,Central,6,4
9591,2024-12-16,3282.04,completed,Clothing,North,4,3
9592,2024-12-16,4082.89,failed,Home,South,35,3
9593,2024-12-16,1594.53,failed,Home,South,21,5
9594,2024-12-16,4236.27,completed,Food,West,4,3
9595,2024-12-16,4536.17,completed,Electronics,East,26,4
9596,2024-12-16,300.22,completed,Books,South,3,3
9597,2024-12-16,4570.84,completed,Sports,East,48,5
9598,2024-12-16,4824.41,completed,Books,East,31,5
9599,2024-12-16,1938.31,refunded,Clothing,Central,5,3
9600,2024-12-16,4450.31,pending,Food,East,32,3
9601,2024-12-16,281.23,completed,Books,Central,16,4
9602,2024-12-16,3497.39,completed,Electronics,Central,26,5
9603,2024-12-16,2345.99,completed,Books,West,19,2
9604,2024-12-16,2440.07,completed,Electronics,South,29,5
9605,2024-12-16,4570.41,failed,Sports,South,21,5
9606,2024-12-16,3122.07,completed,Food,South,42,2
9607,2024-12-16,4475.79,completed,Books,Central,40,1
9608,2024-12-16,912.58,failed,Sports,East,15,2
9609,2024-12-16,3583.59,completed,Sports,Central,17,5
9610,2024-12-16,1180.06,refunded,Electronics,North,8,4
9611,2024-12-16,814.83,completed,Home,South,3,1
9612,2024-12-16,4344.95,refunded,Home,North,40,4
9613,2024-12-16,2960.58,refunded,Clothing,East,11,2
9614,2024-12-16,722.47,completed,Books,Central,17,2
9615,2024-12-16,2712.75,failed,Clothing,West,1,1
9616,2024-12-16,3241.84,failed,Home,North,7,4
9617,2024-12-17,4487.74,failed,Sports,West,40,4
9618,2024-12-17,960.82,completed,Sports,West,39,3
9619,2024-12-17,944.99,failed,Home,Central,46,1
9620,2024-12-17,3603.52,completed,Food,East,31,5
9621,2024-12-17,2014.74,completed,Clothing,South,36,5
9622,2024-12-17,3572.1,failed,Books,West,41,5
9623,2024-12-17,1004.76,refunded,Home,Central,14,2
9624,2024-12-17,3192.01,failed,Home,East,24,1
9625,2024-12-17,1022.04,completed,Food,South,2,4
9626,2024-12-17,2099.29,refunded,Electronics,Central,27,1
9627,2024-12-17,4533.43,pending,Electronics,East,37,1
9628,2024-12-17,1122.31,refunded,Home,North,27,2
9629,2024-12-17,1102.19,pending,Home,North,25,4
9630,2024-12-17,3510.81,completed,Home,West,48,5
9631,2024-12-17,1208.15,pending,Food,East,15,3
9632,2024-12-17,2790.77,completed,Food,South,18,5
9633,2024-12-17,2896.01,completed,Sports,North,13,5
9634,2024-12-17,4321.49,completed,Food,East,4,4
9635,2024-12-17,274.84,completed,Sports,West,2,4
9636,2024-12-17,4653.93,completed,Food,North,7,5
9637,2024-12-17,3376.84,completed,Sports,Central,1,5
9638,2024-12-17,4292.63,completed,Food,North,9,2
9639,2024-12-17,2245.06,completed,Sports,Central,11,5
9640,2024-12-17,718.71,completed,Clothing,East,2,2
9641,2024-12-17,4315.4,pending,Food,Central,40,2
9642,2024-12-17,2068.07,completed,Sports,North,2,1
9643,2024-12-17,2737.45,completed,Electronics,West,40,2
9644,2024-12-18,1985.82,completed,Clothing,South,6,1
9645,2024-12-18,390.16,completed,Food,Central,14,1
9646,2024-12-18,1109.12,refunded,Electronics,North,42,2
9647,2024-12-18,4770.77,pending,Home,South,46,5
9648,2024-12-18,2983.9,completed,Electronics,West,12,1
9649,2024-12-18,2554.15,completed,Home,North,42,3
9650,2024-12-18,204.07,completed,Electronics,West,43,1
9651,2024-12-18,4384.38,completed,Clothing,North,42,5
9652,2024-12-18,4920.06,completed,Sports,South,8,5
9653,2024-12-18,328.28,completed,Food,Central,48,3
9654,2024-12-18,3683.99,failed,Books,West,46,4
9655,2024-12-18,4797.52,completed,Books,North,10,3
9656,2024-12-18,4651.07,completed,Electronics,East,45,2
9657,2024-12-18,3273.45,completed,Electronics,West,22,4
9658,2024-12-18,2718.23,completed,Home,South,45,1
9659,2024-12-18,355.29,completed,Food,North,13,3
9660,2024-12-18,2720.75,pending,Food,Central,30,2
9661,2024-12-18,4354.53,completed,Clothing,South,39,2
9662,2024-12-18,768.67,pending,Home,East,17,1
9663,2024-12-18,774.38,pending,Sports,West,38,3
9664,2024-12-18,4062.1,completed,Books,South,32,1
9665,2024-12-18,4845.77,completed,Home,North,13,4
9666,2024-12-18,426.03,completed,Sports,East,12,5
9667,2024-12-18,770.09,pending,Books,West,21,4
9668,2024-12-18,2004.18,failed,Home,West,6,5
9669,2024-12-18,4687.03,failed,Electronics,East,32,5
9670,2024-12-18,454.67,pending,Home,North,43,3
9671,2024-12-18,198.69,completed,Sports,West,43,4
9672,2024-12-19,4622.12,pending,Food,North,8,5
9673,2024-12-19,2154.17,refunded,Sports,Central,37,2
9674,2024-12-19,2881.33,completed,Electronics,North,14,3
9675,2024-12-19,1768.46,completed,Electronics,North,7,1
9676,2024-12-19,3168.11,pending,Home,North,43,5
9677,2024-12-19,2662.55,pending,Home,North,27,3
9678,2024-12-19,98.94,completed,Food,Central,40,4
9679,2024-12-19,897.38,completed,Sports,West,6,2
9680,2024-12-19,280.06,completed,Food,West,31,5
9681,2024-12-19,536.74,completed,Food,South,48,2
9682,2024-12-19,814.24,failed,Sports,West,18,1
9683,2024-12-19,4542.76,pending,Clothing,North,42,1
9684,2024-12-19,1052.1,completed,Sports,East,3,4
9685,2024-12-19,4952.89,completed,Food,East,13,1
9686,2024-12-19,4515.61,completed,Books,South,40,5
9687,2024-12-19,2133.79,pending,Books,East,8,2
9688,2024-12-19,382.77,completed,Sports,North,5,5
9689,2024-12-19,4821.24,failed,Electronics,East,4,5
9690,2024-12-19,3743.14,pending,Electronics,North,22,5
9691,2024-12-19,1618.09,completed,Books,North,36,5
9692,2024-12-19,1362.72,completed,Home,West,49,5
9693,2024-12-19,4430.27,failed,Sports,Central,33,2
9694,2024-12-19,3912.42,completed,Books,South,31,3
9695,2024-12-19,1052.75,completed,Food,South,7,1
9696,2024-12-19,1058.56,pending,Clothing,West,2,1
9697,2024-12-19,4001.68,completed,Books,North,44,5
9698,2024-12-19,4336.86,completed,Clothing,West,1,2
9699,2024-12-20,2634.5,pending,Clothing,South,10,3
9700,2024-12-20,775.74,pending,Books,Central,38,3
9701,2024-12-20,1233.65,failed,Home,East,36,4
9702,2024-12-20,3265.0,pending,Sports,North,21,4
9703,2024-12-20,871.56,completed,Books,East,37,5
9704,2024-12-20,173.34,failed,Sports,Central,16,2
9705,2024-12-20,1506.46,completed,Home,North,42,4
9706,2024-12-20,3219.53,completed,Food,East,26,2
9707,2024-12-20,2456.59,completed,Sports,East,31,5
9708,2024-12-20,4784.26,completed,Electronics,West,17,1
9709,2024-12-20,680.76,refunded,Books,West,5,1
9710,2024-12-20,4640.18,completed,Food,North,37,2
9711,2024-12-20,2369.6,completed,Clothing,South,20,1
9712,2024-12-20,4716.85,completed,Food,West,34,2
9713,2024-12-20,907.67,completed,Sports,Central,39,2
9714,2024-12-20,1309.81,failed,Electronics,South,15,5
9715,2024-12-20,1813.75,pending,Home,Central,34,2
9716,2024-12-20,631.59,pending,Books,North,47,5
9717,2024-12-20,966.17,pending,Food,Central,2,4
9718,2024-12-20,2056.56,pending,Books,East,48,2
9719,2024-12-20,2797.53,pending,Home,Central,8,3
9720,2024-12-20,2872.64,completed,Sports,South,28,2
9721,2024-12-20,44.11,completed,Home,East,39,4
9722,2024-12-20,4002.46,completed,Electronics,West,14,2
9723,2024-12-20,1520.73,completed,Food,North,8,5
9724,2024-12-20,3686.07,completed,Clothing,South,27,2
9725,2024-12-20,1363.49,failed,Home,South,23,5
9726,2024-12-20,1428.41,completed,Books,West,37,2
9727,2024-12-21,2983.12,completed,Electronics,West,28,1
9728,2024-12-21,94.46,completed,Sports,East,40,2
9729,2024-12-21,602.78,pending,Books,Central,48,2
9730,2024-12-21,4842.04,completed,Clothing,East,42,1
9731,2024-12-21,2301.29,failed,Books,Central,10,2
9732,2024-12-21,4132.35,pending,Food,West,38,4
9733,2024-12-21,4100.99,completed,Books,West,1,4
9734,2024-12-21,39.95,completed,Books,Central,39,2
9735,2024-12-21,2315.45,completed,Electronics,South,40,5
9736,2024-12-21,3115.68,completed,Books,West,18,5
9737,2024-12-21,3972.01,completed,Electronics,South,25,4
9738,2024-12-21,4830.48,completed,Books,South,18,5
9739,2024-12-21,720.96,pending,Electronics,West,22,2
9740,2024-12-21,3521.21,completed,Food,North,26,3
9741,2024-12-21,2206.39,completed,Home,West,10,5
9742,2024-12-21,1976.6,completed,Books,West,42,3
9743,2024-12-21,15.28,refunded,Electronics,North,19,2
9744,2024-12-21,4950.96,completed,Clothing,South,24,2
9745,2024-12-21,3094.14,pending,Electronics,Central,25,1
9746,2024-12-21,3150.98,pending,Electronics,West,28,3
9747,2024-12-21,4681.13,completed,Home,West,45,5
9748,2024-12-21,1178.97,completed,Sports,North,17,3
9749,2024-12-21,3523.51,completed,Home,West,1,1
9750,2024-12-21,2305.43,completed,Food,North,9,5
9751,2024-12-21,2444.6,completed,Sports,East,1,4
9752,2024-12-21,3924.66,completed,Clothing,North,44,2
9753,2024-12-21,1351.91,pending,Sports,South,4,2
9754,2024-12-22,4683.03,failed,Home,East,13,2
9755,2024-12-22,2445.6,completed,Food,South,30,3
9756,2024-12-22,2586.9,completed,Food,Central,26,5
9757,2024-12-22,1964.21,completed,Food,North,34,4
9758,2024-12-22,390.13,completed,Books,South,48,3
9759,2024-12-22,2774.07,completed,Food,South,41,4
9760,2024-12-22,3286.27,completed,Electronics,South,26,4
9761,2024-12-22,263.2,completed,Clothing,East,45,4
9762,2024-12-22,1490.13,completed,Food,West,21,4
9763,2024-12-22,4150.2,pending,Clothing,South,23,2
9764,2024-12-22,2481.49,completed,Electronics,Central,15,4
9765,2024-12-22,3017.05,failed,Food,Central,37,2
9766,2024-12-22,1840.93,failed,Home,North,15,3
9767,2024-12-22,295.3,pending,Sports,East,24,4
9768,2024-12-22,2806.35,failed,Sports,South,41,2
9769,2024-12-22,1281.81,completed,Sports,South,22,5
9770,2024-12-22,3552.48,pending,Clothing,North,23,2
9771,2024-12-22,1985.14,completed,Food,South,49,4
9772,2024-12-22,2548.6,failed,Home,West,14,5
9773,2024-12-22,2811.78,completed,Home,South,38,4
9774,2024-12-22,3614.52,pending,Home,Central,39,4
9775,2024-12-22,4061.87,completed,Sports,Central,34,4
9776,2024-12-22,513.42,pending,Food,North,32,4
9777,2024-12-22,475.75,completed,Books,South,10,4
9778,2024-12-22,811.95,refunded,Books,West,28,5
9779,2024-12-22,3293.39,refunded,Food,South,37,1
9780,2024-12-22,1262.95,completed,Food,South,15,2
9781,2024-12-23,3870.26,failed,Books,Central,10,3
9782,2024-12-23,1926.12,completed,Sports,Central,2,5
9783,2024-12-23,2103.94,completed,Sports,West,5,1
9784,2024-12-23,2797.72,failed,Electronics,East,25,2
9785,2024-12-23,3085.6,pending,Sports,Central,1,3
9786,2024-12-23,101.07,completed,Electronics,Central,32,2
9787,2024-12-23,2076.66,completed,Food,South,37,3
9788,2024-12-23,4084.85,completed,Home,West,16,1
9789,2024-12-23,3055.25,completed,Electronics,East,10,5
9790,2024-12-23,1381.84,completed,Books,South,26,4
9791,2024-12-23,4648.76,pending,Books,South,2,2
9792,2024-12-23,4842.85,completed,Food,East,36,3
9793,2024-12-23,2330.8,completed,Home,South,4,1
9794,2024-12-23,1742.52,completed,Food,West,11,5
9795,2024-12-23,4365.63,completed,Sports,Central,16,4
9796,2024-12-23,1417.37,completed,Sports,East,16,2
9797,2024-12-23,3641.69,completed,Food,Central,25,5
9798,2024-12-23,3434.34,pending,Clothing,North,41,2
9799,2024-12-23,3173.74,completed,Electronics,East,33,4
9800,2024-12-23,813.26,refunded,Food,East,20,1
9801,2024-12-23,888.08,pending,Food,South,34,5
9802,2024-12-23,1943.63,completed,Sports,South,37,2
9803,2024-12-23,2715.86,completed,Electronics,North,14,5
9804,2024-12-23,1829.03,completed,Food,South,40,2
9805,2024-12-23,3662.77,refunded,Electronics,West,25,5
9806,2024-12-23,1394.76,completed,Sports,North,5,1
9807,2024-12-23,3034.76,completed,Electronics,North,43,1
9808,2024-12-23,1234.27,completed,Books,North,34,2
9809,2024-12-24,2211.2,completed,Electronics,Central,11,5
9810,2024-12-24,2131.08,refunded,Food,North,17,5
9811,2024-12-24,2553.45,completed,Sports,Central,26,1
9812,2024-12-24,3766.95,completed,Home,North,42,1
9813,2024-12-24,1711.88,completed,Home,South,6,1
9814,2024-12-24,3227.32,pending,Books,North,9,4
9815,2024-12-24,4486.33,failed,Sports,East,16,5
9816,2024-12-24,1570.79,pending,Books,South,44,1
9817,2024-12-24,2575.56,pending,Books,West,26,4
9818,2024-12-24,1517.61,completed,Electronics,North,6,4
9819,2024-12-24,4152.43,completed,Food,Central,46,1
9820,2024-12-24,1458.25,completed,Food,North,41,1
9821,2024-12-24,4925.83,completed,Food,Central,6,3
9822,2024-12-24,341.67,completed,Food,South,14,4
9823,2024-12-24,4473.36,pending,Clothing,West,23,4
9824,2024-12-24,4012.18,completed,Electronics,South,3,2
9825,2024-12-24,780.09,completed,Food,West,30,3
9826,2024-12-24,3337.93,completed,Clothing,West,12,1
9827,2024-12-24,195.12,refunded,Sports,West,31,3
9828,2024-12-24,283.29,completed,Books,North,12,3
9829,2024-12-24,2841.81,completed,Sports,West,35,2
9830,2024-12-24,2938.06,refunded,Home,East,20,1
9831,2024-12-24,1557.41,completed,Sports,Central,17,2
9832,2024-12-24,4358.16,completed,Home,South,19,1
9833,2024-12-24,3029.72,completed,Home,East,46,1
9834,2024-12-24,3220.54,completed,Home,West,15,4
9835,2024-12-24,3040.68,completed,Home,Central,41,4
9836,2024-12-25,2026.91,completed,Food,North,45,3
9837,2024-12-25,353.96,completed,Food,Central,36,5
9838,2024-12-25,2825.44,refunded,Sports,East,36,4
9839,2024-12-25,4125.98,failed,Electronics,Central,32,5
9840,2024-12-25,4531.57,completed,Home,Central,14,1
9841,2024-12-25,689.17,pending,Food,West,41,2
9842,2024-12-25,3669.59,completed,Home,West,15,2
9843,2024-12-25,1057.97,completed,Books,North,43,4
9844,2024-12-25,1044.65,completed,Home,North,40,4
9845,2024-12-25,333.9,completed,Home,North,29,5
9846,2024-12-25,4862.81,completed,Electronics,South,1,5
9847,2024-12-25,3742.88,failed,Electronics,North,48,4
9848,2024-12-25,1700.22,completed,Home,West,37,3
9849,2024-12-25,4277.92,completed,Home,South,13,5
9850,2024-12-25,733.99,completed,Electronics,Central,25,3
9851,2024-12-25,1710.52,completed,Clothing,East,2,3
9852,2024-12-25,256.55,refunded,Books,South,43,2
9853,2024-12-25,2188.91,completed,Sports,Central,17,3
9854,2024-12-25,1278.44,pending,Sports,Central,48,4
9855,2024-12-25,4948.45,completed,Books,East,9,1
9856,2024-12-25,956.16,completed,Books,North,4,1
9857,2024-12-25,864.18,completed,Food,West,2,4
9858,2024-12-25,247.29,failed,Food,North,19,5
9859,2024-12-25,2526.78,completed,Electronics,East,21,4
9860,2024-12-25,405.23,completed,Sports,East,17,5
9861,2024-12-25,3817.7,completed,Books,South,28,4
9862,2024-12-25,2095.84,completed,Books,Central,42,2
9863,2024-12-25,4968.6,completed,Books,South,27,3
9864,2024-12-26,360.11,completed,Sports,Central,33,4
9865,2024-12-26,2222.15,pending,Sports,East,38,1
9866,2024-12-26,4853.63,refunded,Electronics,West,43,3
9867,2024-12-26,2157.22,completed,Food,East,28,3
9868,2024-12-26,1742.59,refunded,Electronics,South,16,2
9869,2024-12-26,690.06,completed,Electronics,East,40,1
9870,2024-12-26,3031.36,completed,Books,West,7,1
9871,2024-12-26,1573.27,completed,Books,West,2,5
9872,2024-12-26,2863.6,completed,Books,North,34,5
9873,2024-12-26,4606.94,completed,Sports,Central,42,4
9874,2024-12-26,2879.99,failed,Clothing,West,13,4
9875,2024-12-26,322.56,completed,Sports,North,18,4
9876,2024-12-26,2473.63,completed,Home,West,42,5
9877,2024-12-26,3537.89,completed,Home,South,27,4
9878,2024-12-26,2996.99,completed,Electronics,East,37,3
9879,2024-12-26,686.71,completed,Electronics,Central,48,4
9880,2024-12-26,2136.87,completed,Clothing,South,21,3
9881,2024-12-26,2660.26,completed,Home,West,19,1
9882,2024-12-26,1935.38,completed,Sports,East,10,5
9883,2024-12-26,4619.43,completed,Home,North,3,5
9884,2024-12-26,4925.09,failed,Food,West,17,3
9885,2024-12-26,3806.8,completed,Sports,Central,42,1
9886,2024-12-26,4608.07,completed,Food,Central,28,5
9887,2024-12-26,4689.03,completed,Clothing,North,6,5
9888,2024-12-26,1749.73,failed,Home,Central,23,4
9889,2024-12-26,1712.44,completed,Clothing,West,39,3
9890,2024-12-26,215.77,completed,Food,West,29,3
9891,2024-12-27,1088.55,completed,Electronics,East,31,1
9892,2024-12-27,780.36,pending,Electronics,South,47,5
9893,2024-12-27,847.04,completed,Home,North,41,1
9894,2024-12-27,800.23,completed,Home,West,46,2
9895,2024-12-27,1691.37,completed,Sports,East,11,1
9896,2024-12-27,3251.16,completed,Books,North,29,1
9897,2024-12-27,4319.76,completed,Sports,North,38,2
9898,2024-12-27,918.67,pending,Clothing,West,14,3
9899,2024-12-27,3251.02,pending,Electronics,North,17,5
9900,2024-12-27,2582.03,pending,Electronics,South,7,1
9901,2024-12-27,3239.17,completed,Food,South,1,1
9902,2024-12-27,43.8,completed,Food,West,3,1
9903,2024-12-27,4213.01,completed,Books,East,3,5
9904,2024-12-27,1960.91,completed,Home,West,9,1
9905,2024-12-27,3922.06,refunded,Electronics,North,44,2
9906,2024-12-27,1714.79,completed,Books,North,25,5
9907,2024-12-27,4811.09,completed,Electronics,East,43,4
9908,2024-12-27,3368.55,completed,Food,Central,5,3
9909,2024-12-27,4642.15,completed,Electronics,Central,33,5
9910,2024-12-27,2076.83,failed,Food,South,5,2
9911,2024-12-27,1491.29,completed,Clothing,Central,30,3
9912,2024-12-27,2273.49,completed,Clothing,South,31,5
9913,2024-12-27,727.35,pending,Sports,West,46,5
9914,2024-12-27,1114.64,failed,Food,North,10,2
9915,2024-12-27,1895.4,completed,Food,South,33,1
9916,2024-12-27,1701.78,completed,Electronics,West,20,1
9917,2024-12-27,220.75,completed,Home,East,39,1
9918,2024-12-28,1080.32,completed,Home,East,14,4
9919,2024-12-28,3089.59,completed,Home,North,16,1
9920,2024-12-28,4486.48,completed,Clothing,Central,23,1
9921,2024-12-28,1004.26,completed,Food,South,39,4
9922,2024-12-28,1067.2,completed,Clothing,South,41,5
9923,2024-12-28,3728.89,completed,Clothing,South,12,2
9924,2024-12-28,3193.63,failed,Books,North,41,4
9925,2024-12-28,4431.85,completed,Food,East,3,1
9926,2024-12-28,736.57,completed,Food,East,1,1
9927,2024-12-28,4512.18,pending,Clothing,South,20,1
9928,2024-12-28,1398.75,refunded,Home,West,13,5
9929,2024-12-28,1386.05,completed,Electronics,East,11,3
9930,2024-12-28,2109.48,completed,Electronics,South,31,2
9931,2024-12-28,4812.09,pending,Electronics,Central,28,1
9932,2024-12-28,523.7,failed,Clothing,South,25,1
9933,2024-12-28,3109.01,completed,Home,South,48,3
9934,2024-12-28,4251.49,pending,Food,Central,48,1
9935,2024-12-28,4728.19,failed,Food,North,37,5
9936,2024-12-28,3851.73,completed,Food,North,19,2
9937,2024-12-28,328.13,completed,Food,East,39,4
9938,2024-12-28,4109.89,completed,Home,Central,31,2
9939,2024-12-28,3888.88,completed,Sports,South,7,4
9940,2024-12-28,4731.55,completed,Clothing,West,21,2
9941,2024-12-28,909.24,completed,Home,South,17,2
9942,2024-12-28,2516.96,pending,Home,West,27,4
9943,2024-12-28,1984.33,completed,Food,North,25,2
9944,2024-12-28,3469.4,failed,Electronics,Central,6,2
9945,2024-12-28,812.51,completed,Clothing,West,23,5
9946,2024-12-29,222.14,completed,Sports,Central,25,3
9947,2024-12-29,1587.02,completed,Books,West,16,4
9948,2024-12-29,3613.35,completed,Sports,North,18,4
9949,2024-12-29,3197.35,completed,Clothing,Central,25,3
9950,2024-12-29,1497.1,pending,Clothing,North,11,3
9951,2024-12-29,2975.39,completed,Electronics,North,46,5
9952,2024-12-29,2660.27,completed,Electronics,West,22,2
9953,2024-12-29,1568.79,completed,Food,South,40,5
9954,2024-12-29,109.15,completed,Books,East,37,5
9955,2024-12-29,2527.86,completed,Food,North,15,2
9956,2024-12-29,57.09,completed,Sports,East,49,1
9957,2024-12-29,3541.6,completed,Food,Central,36,2
9958,2024-12-29,1078.29,completed,Home,West,42,3
9959,2024-12-29,1590.03,failed,Books,North,25,5
9960,2024-12-29,571.87,completed,Books,West,48,2
9961,2024-12-29,2798.63,completed,Sports,North,39,3
9962,2024-12-29,584.16,completed,Food,Central,15,4
9963,2024-12-29,2200.91,failed,Home,East,45,5
9964,2024-12-29,3332.48,completed,Home,West,35,5
9965,2024-12-29,4848.81,completed,Clothing,South,5,1
9966,2024-12-29,2567.26,failed,Food,Central,39,3
9967,2024-12-29,1146.1,completed,Clothing,Central,14,2
9968,2024-12-29,3431.28,completed,Clothing,North,12,3
9969,2024-12-29,1540.07,completed,Electronics,Central,28,1
9970,2024-12-29,1397.91,completed,Home,East,31,3
9971,2024-12-29,3175.97,failed,Food,Central,49,3
9972,2024-12-29,301.49,completed,Food,North,8,3
9973,2024-12-30,1950.46,completed,Clothing,North,3,5
9974,2024-12-30,1844.1,completed,Food,Central,47,4
9975,2024-12-30,772.99,completed,Home,South,1,1
9976,2024-12-30,3034.64,completed,Home,East,47,1
9977,2024-12-30,3864.78,failed,Electronics,East,7,2
9978,2024-12-30,1542.93,completed,Home,South,8,5
9979,2024-12-30,1873.91,refunded,Sports,East,12,5
9980,2024-12-30,1903.54,completed,Clothing,West,34,3
9981,2024-12-30,2917.96,completed,Home,West,43,1
9982,2024-12-30,3837.06,completed,Clothing,Central,48,3
9983,2024-12-30,732.33,completed,Home,North,12,4
9984,2024-12-30,86.58,completed,Books,North,4,5
9985,2024-12-30,3714.92,completed,Sports,West,19,1
9986,2024-12-30,1722.56,refunded,Books,East,39,1
9987,2024-12-30,2622.95,refunded,Home,East,20,5
9988,2024-12-30,3319.96,completed,Sports,Central,25,5
9989,2024-12-30,4964.21,pending,Clothing,Central,8,4
9990,2024-12-30,3826.57,pending,Home,West,17,1
9991,2024-12-30,1637.85,completed,Sports,South,7,2
9992,2024-12-30,929.79,pending,Electronics,North,18,3
9993,2024-12-30,2696.39,failed,Sports,West,8,5
9994,2024-12-30,2505.27,completed,Clothing,South,18,5
9995,2024-12-30,626.93,completed,Clothing,Central,8,3
9996,2024-12-30,2294.99,completed,Electronics,North,10,5
9997,2024-12-30,4820.11,completed,Clothing,North,40,3
9998,2024-12-30,2705.41,completed,Clothing,South,2,2
9999,2024-12-30,4953.98,completed,Books,East,30,4
10000,2024-12-31,993.5,failed,Clothing,East,27,1
